[0.000000] (-) TimerEvent: {}
[0.000244] (iris_interfaces) JobQueued: {'identifier': 'iris_interfaces', 'dependencies': OrderedDict()}
[0.000334] (test_tool_dummy) JobQueued: {'identifier': 'test_tool_dummy', 'dependencies': OrderedDict()}
[0.000397] (test_tool) JobQueued: {'identifier': 'test_tool', 'dependencies': OrderedDict([('iris_interfaces', '/home/maddy/iris_test_tool/install/iris_interfaces')])}
[0.000476] (iris_interfaces) JobStarted: {'identifier': 'iris_interfaces'}
[0.009946] (test_tool_dummy) JobStarted: {'identifier': 'test_tool_dummy'}
[0.019958] (iris_interfaces) JobProgress: {'identifier': 'iris_interfaces', 'progress': 'cmake'}
[0.020897] (iris_interfaces) JobProgress: {'identifier': 'iris_interfaces', 'progress': 'build'}
[0.022023] (iris_interfaces) Command: {'cmd': ['/usr/bin/cmake', '--build', '/home/maddy/iris_test_tool/build/iris_interfaces', '--', '-j8', '-l8'], 'cwd': '/home/maddy/iris_test_tool/build/iris_interfaces', 'env': OrderedDict([('TMUX', '/tmp/tmux-1000/default,3618,0'), ('USER', 'maddy'), ('LD_LIBRARY_PATH', '/home/maddy/iris_test_tool/install/iris_interfaces/lib:/usr/lib/x86_64-linux-gnu/gazebo-11/plugins:/opt/ros/humble/opt/rviz_ogre_vendor/lib:/opt/ros/humble/lib/x86_64-linux-gnu:/opt/ros/humble/lib'), ('SHLVL', '2'), ('HOME', '/home/maddy'), ('LESS', '-R'), ('OLDPWD', '/home/maddy/iris_test_tool'), ('TERM_PROGRAM_VERSION', '3.2a'), ('LSCOLORS', 'Gxfxcxdxbxegedabagacad'), ('PAGER', 'less'), ('ROS_PYTHON_VERSION', '3'), ('DBUS_SESSION_BUS_ADDRESS', 'unix:path=/run/user/1000/bus'), ('P9K_TTY', 'old'), ('WSL_DISTRO_NAME', 'Ubuntu-22.04'), ('COLCON_PREFIX_PATH', '/home/maddy/iris_test_tool/install'), ('ROS_DISTRO', 'humble'), ('WAYLAND_DISPLAY', 'wayland-0'), ('LOGNAME', 'maddy'), ('NAME', 'RMCCORPDE-DT024'), ('PULSE_SERVER', 'unix:/mnt/wslg/PulseServer'), ('WSL_INTEROP', '/run/WSL/351_interop'), ('_', '/usr/bin/colcon'), ('_P9K_SSH_TTY', '/dev/pts/2'), ('ROS_VERSION', '2'), ('TERM', 'screen-256color'), ('ROS_LOCALHOST_ONLY', '0'), ('PATH', '/opt/ros/humble/bin:/usr/local/sbin:/usr/local/bin:/usr/sbin:/usr/bin:/sbin:/bin:/usr/games:/usr/local/games:/usr/lib/wsl/lib:/mnt/c/Program Files/Common Files/Oracle/Java/javapath:/mnt/c/Program Files/Eclipse Adoptium/jdk-17.0.15.6-hotspot/bin:/mnt/c/Program Files (x86)/Common Files/Oracle/Java/java8path:/mnt/c/Program Files (x86)/Common Files/Oracle/Java/javapath:/mnt/c/Windows/system32:/mnt/c/Windows:/mnt/c/Windows/System32/Wbem:/mnt/c/Windows/System32/WindowsPowerShell/v1.0/:/mnt/c/Windows/System32/OpenSSH/:/mnt/c/Program Files/dotnet/:/mnt/c/Program Files/Git/cmd:/mnt/c/Program Files (x86)/Microsoft SQL Server/160/Tools/Binn/:/mnt/c/Program Files/Microsoft SQL Server/160/Tools/Binn/:/mnt/c/Program Files/Microsoft SQL Server/Client SDK/ODBC/170/Tools/Binn/:/mnt/c/Program Files/Microsoft SQL Server/160/DTS/Binn/:/mnt/c/Program Files (x86)/Windows Kits/10/Windows Performance Toolkit/:/mnt/c/Program Files/PostgreSQL/17/bin:/mnt/c/sonar-scanner-7.1.0.4889-windows-x64/bin:/mnt/c/msys64/mingw64/bin:/mnt/c/Program Files/CMake/bin:/mnt/c/Users/RMCPDEDT024/AppData/Local/Programs/Python/Python313/Scripts/:/mnt/c/Users/RMCPDEDT024/AppData/Local/Programs/Python/Python313/:/mnt/c/Users/RMCPDEDT024/AppData/Local/Programs/Python/Launcher/:/mnt/c/Users/RMCPDEDT024/AppData/Local/Microsoft/WindowsApps:/mnt/c/Users/RMCPDEDT024/AppData/Local/Programs/Microsoft VS Code/bin:/mnt/c/Users/RMCPDEDT024/AppData/Local/Python/bin'), ('XDG_RUNTIME_DIR', '/run/user/1000'), ('DISPLAY', ':0'), ('LANG', 'en_US.UTF-8'), ('LS_COLORS', 'rs=0:di=01;34:ln=01;36:mh=00:pi=40;33:so=01;35:do=01;35:bd=40;33;01:cd=40;33;01:or=40;31;01:mi=00:su=37;41:sg=30;43:ca=30;41:tw=30;42:ow=34;42:st=37;44:ex=01;32:*.tar=01;31:*.tgz=01;31:*.arc=01;31:*.arj=01;31:*.taz=01;31:*.lha=01;31:*.lz4=01;31:*.lzh=01;31:*.lzma=01;31:*.tlz=01;31:*.txz=01;31:*.tzo=01;31:*.t7z=01;31:*.zip=01;31:*.z=01;31:*.dz=01;31:*.gz=01;31:*.lrz=01;31:*.lz=01;31:*.lzo=01;31:*.xz=01;31:*.zst=01;31:*.tzst=01;31:*.bz2=01;31:*.bz=01;31:*.tbz=01;31:*.tbz2=01;31:*.tz=01;31:*.deb=01;31:*.rpm=01;31:*.jar=01;31:*.war=01;31:*.ear=01;31:*.sar=01;31:*.rar=01;31:*.alz=01;31:*.ace=01;31:*.zoo=01;31:*.cpio=01;31:*.7z=01;31:*.rz=01;31:*.cab=01;31:*.wim=01;31:*.swm=01;31:*.dwm=01;31:*.esd=01;31:*.jpg=01;35:*.jpeg=01;35:*.mjpg=01;35:*.mjpeg=01;35:*.gif=01;35:*.bmp=01;35:*.pbm=01;35:*.pgm=01;35:*.ppm=01;35:*.tga=01;35:*.xbm=01;35:*.xpm=01;35:*.tif=01;35:*.tiff=01;35:*.png=01;35:*.svg=01;35:*.svgz=01;35:*.mng=01;35:*.pcx=01;35:*.mov=01;35:*.mpg=01;35:*.mpeg=01;35:*.m2v=01;35:*.mkv=01;35:*.webm=01;35:*.webp=01;35:*.ogm=01;35:*.mp4=01;35:*.m4v=01;35:*.mp4v=01;35:*.vob=01;35:*.qt=01;35:*.nuv=01;35:*.wmv=01;35:*.asf=01;35:*.rm=01;35:*.rmvb=01;35:*.flc=01;35:*.avi=01;35:*.fli=01;35:*.flv=01;35:*.gl=01;35:*.dl=01;35:*.xcf=01;35:*.xwd=01;35:*.yuv=01;35:*.cgm=01;35:*.emf=01;35:*.ogv=01;35:*.ogx=01;35:*.aac=00;36:*.au=00;36:*.flac=00;36:*.m4a=00;36:*.mid=00;36:*.midi=00;36:*.mka=00;36:*.mp3=00;36:*.mpc=00;36:*.ogg=00;36:*.ra=00;36:*.wav=00;36:*.oga=00;36:*.opus=00;36:*.spx=00;36:*.xspf=00;36:'), ('TERM_PROGRAM', 'tmux'), ('AMENT_PREFIX_PATH', '/home/maddy/iris_test_tool/install/test_tool:/home/maddy/iris_test_tool/install/iris_interfaces:/opt/ros/humble'), ('SHELL', '/usr/bin/zsh'), ('P9K_SSH', '0'), ('PWD', '/home/maddy/iris_test_tool/build/iris_interfaces'), ('_P9K_TTY', '/dev/pts/2'), ('PYTHONPATH', '/home/maddy/iris_test_tool/install/test_tool_dummy/lib/python3.10/site-packages:/home/maddy/iris_test_tool/install/iris_interfaces/local/lib/python3.10/dist-packages:/opt/ros/humble/lib/python3.10/site-packages:/opt/ros/humble/local/lib/python3.10/dist-packages'), ('COLCON', '1'), ('HOSTTYPE', 'x86_64'), ('TMUX_PANE', '%0'), ('WSL2_GUI_APPS_ENABLED', '1'), ('CMAKE_PREFIX_PATH', '/home/maddy/iris_test_tool/install/test_tool:/home/maddy/iris_test_tool/install/iris_interfaces:/opt/ros/humble'), ('WSLENV', '')]), 'shell': False}
[0.098749] (-) TimerEvent: {}
[0.131861] (iris_interfaces) StdoutLine: {'line': b'[  0%] Built target iris_interfaces__cpp\n'}
[0.159440] (iris_interfaces) StdoutLine: {'line': b'[ 12%] Built target iris_interfaces__rosidl_generator_c\n'}
[0.197440] (iris_interfaces) StdoutLine: {'line': b'[ 12%] Built target ament_cmake_python_copy_iris_interfaces\n'}
[0.200878] (-) TimerEvent: {}
[0.221038] (iris_interfaces) StdoutLine: {'line': b'[ 25%] Built target iris_interfaces__rosidl_typesupport_introspection_cpp\n'}
[0.241828] (iris_interfaces) StdoutLine: {'line': b'[ 37%] Built target iris_interfaces__rosidl_typesupport_cpp\n'}
[0.251465] (iris_interfaces) StdoutLine: {'line': b'[ 49%] Built target iris_interfaces__rosidl_typesupport_fastrtps_cpp\n'}
[0.258436] (iris_interfaces) StdoutLine: {'line': b'[ 62%] Built target iris_interfaces__rosidl_typesupport_c\n'}
[0.268326] (iris_interfaces) StdoutLine: {'line': b'[ 75%] Built target iris_interfaces__rosidl_typesupport_fastrtps_c\n'}
[0.273271] (iris_interfaces) StdoutLine: {'line': b'[ 88%] Built target iris_interfaces__rosidl_typesupport_introspection_c\n'}
[0.301061] (-) TimerEvent: {}
[0.315336] (iris_interfaces) StdoutLine: {'line': b'[ 88%] Built target iris_interfaces\n'}
[0.360945] (iris_interfaces) StdoutLine: {'line': b'[ 88%] Built target iris_interfaces__py\n'}
[0.401412] (-) TimerEvent: {}
[0.431470] (iris_interfaces) StdoutLine: {'line': b'[100%] Built target iris_interfaces__rosidl_generator_py\n'}
[0.481506] (iris_interfaces) StdoutLine: {'line': b'[100%] Built target iris_interfaces__rosidl_typesupport_fastrtps_c__pyext\n'}
[0.482209] (iris_interfaces) StdoutLine: {'line': b'[100%] Built target iris_interfaces__rosidl_typesupport_introspection_c__pyext\n'}
[0.483722] (iris_interfaces) StdoutLine: {'line': b'[100%] Built target iris_interfaces__rosidl_typesupport_c__pyext\n'}
[0.501575] (-) TimerEvent: {}
[0.602047] (-) TimerEvent: {}
[0.702619] (-) TimerEvent: {}
[0.722572] (iris_interfaces) StdoutLine: {'line': b'running egg_info\n'}
[0.724295] (iris_interfaces) StdoutLine: {'line': b'writing iris_interfaces.egg-info/PKG-INFO\n'}
[0.724737] (iris_interfaces) StdoutLine: {'line': b'writing dependency_links to iris_interfaces.egg-info/dependency_links.txt\n'}
[0.725174] (iris_interfaces) StdoutLine: {'line': b'writing top-level names to iris_interfaces.egg-info/top_level.txt\n'}
[0.729917] (iris_interfaces) StdoutLine: {'line': b"reading manifest file 'iris_interfaces.egg-info/SOURCES.txt'\n"}
[0.732060] (iris_interfaces) StdoutLine: {'line': b"writing manifest file 'iris_interfaces.egg-info/SOURCES.txt'\n"}
[0.769556] (iris_interfaces) StdoutLine: {'line': b'[100%] Built target ament_cmake_python_build_iris_interfaces_egg\n'}
[0.796257] (iris_interfaces) CommandEnded: {'returncode': 0}
[0.797600] (iris_interfaces) JobProgress: {'identifier': 'iris_interfaces', 'progress': 'install'}
[0.802769] (-) TimerEvent: {}
[0.810071] (iris_interfaces) Command: {'cmd': ['/usr/bin/cmake', '--install', '/home/maddy/iris_test_tool/build/iris_interfaces'], 'cwd': '/home/maddy/iris_test_tool/build/iris_interfaces', 'env': OrderedDict([('TMUX', '/tmp/tmux-1000/default,3618,0'), ('USER', 'maddy'), ('LD_LIBRARY_PATH', '/home/maddy/iris_test_tool/install/iris_interfaces/lib:/usr/lib/x86_64-linux-gnu/gazebo-11/plugins:/opt/ros/humble/opt/rviz_ogre_vendor/lib:/opt/ros/humble/lib/x86_64-linux-gnu:/opt/ros/humble/lib'), ('SHLVL', '2'), ('HOME', '/home/maddy'), ('LESS', '-R'), ('OLDPWD', '/home/maddy/iris_test_tool'), ('TERM_PROGRAM_VERSION', '3.2a'), ('LSCOLORS', 'Gxfxcxdxbxegedabagacad'), ('PAGER', 'less'), ('ROS_PYTHON_VERSION', '3'), ('DBUS_SESSION_BUS_ADDRESS', 'unix:path=/run/user/1000/bus'), ('P9K_TTY', 'old'), ('WSL_DISTRO_NAME', 'Ubuntu-22.04'), ('COLCON_PREFIX_PATH', '/home/maddy/iris_test_tool/install'), ('ROS_DISTRO', 'humble'), ('WAYLAND_DISPLAY', 'wayland-0'), ('LOGNAME', 'maddy'), ('NAME', 'RMCCORPDE-DT024'), ('PULSE_SERVER', 'unix:/mnt/wslg/PulseServer'), ('WSL_INTEROP', '/run/WSL/351_interop'), ('_', '/usr/bin/colcon'), ('_P9K_SSH_TTY', '/dev/pts/2'), ('ROS_VERSION', '2'), ('TERM', 'screen-256color'), ('ROS_LOCALHOST_ONLY', '0'), ('PATH', '/opt/ros/humble/bin:/usr/local/sbin:/usr/local/bin:/usr/sbin:/usr/bin:/sbin:/bin:/usr/games:/usr/local/games:/usr/lib/wsl/lib:/mnt/c/Program Files/Common Files/Oracle/Java/javapath:/mnt/c/Program Files/Eclipse Adoptium/jdk-17.0.15.6-hotspot/bin:/mnt/c/Program Files (x86)/Common Files/Oracle/Java/java8path:/mnt/c/Program Files (x86)/Common Files/Oracle/Java/javapath:/mnt/c/Windows/system32:/mnt/c/Windows:/mnt/c/Windows/System32/Wbem:/mnt/c/Windows/System32/WindowsPowerShell/v1.0/:/mnt/c/Windows/System32/OpenSSH/:/mnt/c/Program Files/dotnet/:/mnt/c/Program Files/Git/cmd:/mnt/c/Program Files (x86)/Microsoft SQL Server/160/Tools/Binn/:/mnt/c/Program Files/Microsoft SQL Server/160/Tools/Binn/:/mnt/c/Program Files/Microsoft SQL Server/Client SDK/ODBC/170/Tools/Binn/:/mnt/c/Program Files/Microsoft SQL Server/160/DTS/Binn/:/mnt/c/Program Files (x86)/Windows Kits/10/Windows Performance Toolkit/:/mnt/c/Program Files/PostgreSQL/17/bin:/mnt/c/sonar-scanner-7.1.0.4889-windows-x64/bin:/mnt/c/msys64/mingw64/bin:/mnt/c/Program Files/CMake/bin:/mnt/c/Users/RMCPDEDT024/AppData/Local/Programs/Python/Python313/Scripts/:/mnt/c/Users/RMCPDEDT024/AppData/Local/Programs/Python/Python313/:/mnt/c/Users/RMCPDEDT024/AppData/Local/Programs/Python/Launcher/:/mnt/c/Users/RMCPDEDT024/AppData/Local/Microsoft/WindowsApps:/mnt/c/Users/RMCPDEDT024/AppData/Local/Programs/Microsoft VS Code/bin:/mnt/c/Users/RMCPDEDT024/AppData/Local/Python/bin'), ('XDG_RUNTIME_DIR', '/run/user/1000'), ('DISPLAY', ':0'), ('LANG', 'en_US.UTF-8'), ('LS_COLORS', 'rs=0:di=01;34:ln=01;36:mh=00:pi=40;33:so=01;35:do=01;35:bd=40;33;01:cd=40;33;01:or=40;31;01:mi=00:su=37;41:sg=30;43:ca=30;41:tw=30;42:ow=34;42:st=37;44:ex=01;32:*.tar=01;31:*.tgz=01;31:*.arc=01;31:*.arj=01;31:*.taz=01;31:*.lha=01;31:*.lz4=01;31:*.lzh=01;31:*.lzma=01;31:*.tlz=01;31:*.txz=01;31:*.tzo=01;31:*.t7z=01;31:*.zip=01;31:*.z=01;31:*.dz=01;31:*.gz=01;31:*.lrz=01;31:*.lz=01;31:*.lzo=01;31:*.xz=01;31:*.zst=01;31:*.tzst=01;31:*.bz2=01;31:*.bz=01;31:*.tbz=01;31:*.tbz2=01;31:*.tz=01;31:*.deb=01;31:*.rpm=01;31:*.jar=01;31:*.war=01;31:*.ear=01;31:*.sar=01;31:*.rar=01;31:*.alz=01;31:*.ace=01;31:*.zoo=01;31:*.cpio=01;31:*.7z=01;31:*.rz=01;31:*.cab=01;31:*.wim=01;31:*.swm=01;31:*.dwm=01;31:*.esd=01;31:*.jpg=01;35:*.jpeg=01;35:*.mjpg=01;35:*.mjpeg=01;35:*.gif=01;35:*.bmp=01;35:*.pbm=01;35:*.pgm=01;35:*.ppm=01;35:*.tga=01;35:*.xbm=01;35:*.xpm=01;35:*.tif=01;35:*.tiff=01;35:*.png=01;35:*.svg=01;35:*.svgz=01;35:*.mng=01;35:*.pcx=01;35:*.mov=01;35:*.mpg=01;35:*.mpeg=01;35:*.m2v=01;35:*.mkv=01;35:*.webm=01;35:*.webp=01;35:*.ogm=01;35:*.mp4=01;35:*.m4v=01;35:*.mp4v=01;35:*.vob=01;35:*.qt=01;35:*.nuv=01;35:*.wmv=01;35:*.asf=01;35:*.rm=01;35:*.rmvb=01;35:*.flc=01;35:*.avi=01;35:*.fli=01;35:*.flv=01;35:*.gl=01;35:*.dl=01;35:*.xcf=01;35:*.xwd=01;35:*.yuv=01;35:*.cgm=01;35:*.emf=01;35:*.ogv=01;35:*.ogx=01;35:*.aac=00;36:*.au=00;36:*.flac=00;36:*.m4a=00;36:*.mid=00;36:*.midi=00;36:*.mka=00;36:*.mp3=00;36:*.mpc=00;36:*.ogg=00;36:*.ra=00;36:*.wav=00;36:*.oga=00;36:*.opus=00;36:*.spx=00;36:*.xspf=00;36:'), ('TERM_PROGRAM', 'tmux'), ('AMENT_PREFIX_PATH', '/home/maddy/iris_test_tool/install/test_tool:/home/maddy/iris_test_tool/install/iris_interfaces:/opt/ros/humble'), ('SHELL', '/usr/bin/zsh'), ('P9K_SSH', '0'), ('PWD', '/home/maddy/iris_test_tool/build/iris_interfaces'), ('_P9K_TTY', '/dev/pts/2'), ('PYTHONPATH', '/home/maddy/iris_test_tool/install/test_tool_dummy/lib/python3.10/site-packages:/home/maddy/iris_test_tool/install/iris_interfaces/local/lib/python3.10/dist-packages:/opt/ros/humble/lib/python3.10/site-packages:/opt/ros/humble/local/lib/python3.10/dist-packages'), ('COLCON', '1'), ('HOSTTYPE', 'x86_64'), ('TMUX_PANE', '%0'), ('WSL2_GUI_APPS_ENABLED', '1'), ('CMAKE_PREFIX_PATH', '/home/maddy/iris_test_tool/install/test_tool:/home/maddy/iris_test_tool/install/iris_interfaces:/opt/ros/humble'), ('WSLENV', '')]), 'shell': False}
[0.827864] (iris_interfaces) StdoutLine: {'line': b'-- Install configuration: ""\n'}
[0.828323] (iris_interfaces) StdoutLine: {'line': b'-- Up-to-date: /home/maddy/iris_test_tool/install/iris_interfaces/share/ament_index/resource_index/rosidl_interfaces/iris_interfaces\n'}
[0.828640] (iris_interfaces) StdoutLine: {'line': b'-- Up-to-date: /home/maddy/iris_test_tool/install/iris_interfaces/include/iris_interfaces/iris_interfaces\n'}
[0.829360] (iris_interfaces) StdoutLine: {'line': b'-- Up-to-date: /home/maddy/iris_test_tool/install/iris_interfaces/include/iris_interfaces/iris_interfaces/srv\n'}
[0.829610] (iris_interfaces) StdoutLine: {'line': b'-- Up-to-date: /home/maddy/iris_test_tool/install/iris_interfaces/include/iris_interfaces/iris_interfaces/srv/reset_a2_faults.h\n'}
[0.829986] (iris_interfaces) StdoutLine: {'line': b'-- Up-to-date: /home/maddy/iris_test_tool/install/iris_interfaces/include/iris_interfaces/iris_interfaces/srv/update_motor_controller_parameters.h\n'}
[0.830358] (iris_interfaces) StdoutLine: {'line': b'-- Up-to-date: /home/maddy/iris_test_tool/install/iris_interfaces/include/iris_interfaces/iris_interfaces/srv/reset_wheel_encoders.h\n'}
[0.830714] (iris_interfaces) StdoutLine: {'line': b'-- Up-to-date: /home/maddy/iris_test_tool/install/iris_interfaces/include/iris_interfaces/iris_interfaces/srv/restart_motor_controller.h\n'}
[0.831204] (iris_interfaces) StdoutLine: {'line': b'-- Up-to-date: /home/maddy/iris_test_tool/install/iris_interfaces/include/iris_interfaces/iris_interfaces/srv/update_motor_controller_reference_source.h\n'}
[0.831708] (iris_interfaces) StdoutLine: {'line': b'-- Up-to-date: /home/maddy/iris_test_tool/install/iris_interfaces/include/iris_interfaces/iris_interfaces/srv/detail\n'}
[0.831957] (iris_interfaces) StdoutLine: {'line': b'-- Up-to-date: /home/maddy/iris_test_tool/install/iris_interfaces/include/iris_interfaces/iris_interfaces/srv/detail/reset_a2_faults__struct.h\n'}
[0.832196] (iris_interfaces) StdoutLine: {'line': b'-- Up-to-date: /home/maddy/iris_test_tool/install/iris_interfaces/include/iris_interfaces/iris_interfaces/srv/detail/process_manager__struct.h\n'}
[0.832433] (iris_interfaces) StdoutLine: {'line': b'-- Up-to-date: /home/maddy/iris_test_tool/install/iris_interfaces/include/iris_interfaces/iris_interfaces/srv/detail/get_wifi_status__functions.h\n'}
[0.832669] (iris_interfaces) StdoutLine: {'line': b'-- Up-to-date: /home/maddy/iris_test_tool/install/iris_interfaces/include/iris_interfaces/iris_interfaces/srv/detail/reset_wheel_encoders__struct.h\n'}
[0.832970] (iris_interfaces) StdoutLine: {'line': b'-- Up-to-date: /home/maddy/iris_test_tool/install/iris_interfaces/include/iris_interfaces/iris_interfaces/srv/detail/update_motor_controller_parameters__functions.c\n'}
[0.833439] (iris_interfaces) StdoutLine: {'line': b'-- Up-to-date: /home/maddy/iris_test_tool/install/iris_interfaces/include/iris_interfaces/iris_interfaces/srv/detail/update_motor_controller_parameters__functions.h\n'}
[0.833656] (iris_interfaces) StdoutLine: {'line': b'-- Up-to-date: /home/maddy/iris_test_tool/install/iris_interfaces/include/iris_interfaces/iris_interfaces/srv/detail/reset_wheel_encoders__functions.h\n'}
[0.833891] (iris_interfaces) StdoutLine: {'line': b'-- Up-to-date: /home/maddy/iris_test_tool/install/iris_interfaces/include/iris_interfaces/iris_interfaces/srv/detail/process_manager__functions.c\n'}
[0.834126] (iris_interfaces) StdoutLine: {'line': b'-- Up-to-date: /home/maddy/iris_test_tool/install/iris_interfaces/include/iris_interfaces/iris_interfaces/srv/detail/a2_command__functions.c\n'}
[0.834377] (iris_interfaces) StdoutLine: {'line': b'-- Up-to-date: /home/maddy/iris_test_tool/install/iris_interfaces/include/iris_interfaces/iris_interfaces/srv/detail/state_manager__functions.c\n'}
[0.834628] (iris_interfaces) StdoutLine: {'line': b'-- Up-to-date: /home/maddy/iris_test_tool/install/iris_interfaces/include/iris_interfaces/iris_interfaces/srv/detail/a2_command__type_support.h\n'}
[0.835099] (iris_interfaces) StdoutLine: {'line': b'-- Up-to-date: /home/maddy/iris_test_tool/install/iris_interfaces/include/iris_interfaces/iris_interfaces/srv/detail/reset_wheel_encoders__functions.c\n'}
[0.835350] (iris_interfaces) StdoutLine: {'line': b'-- Up-to-date: /home/maddy/iris_test_tool/install/iris_interfaces/include/iris_interfaces/iris_interfaces/srv/detail/update_motor_controller_reference_source__struct.h\n'}
[0.835600] (iris_interfaces) StdoutLine: {'line': b'-- Up-to-date: /home/maddy/iris_test_tool/install/iris_interfaces/include/iris_interfaces/iris_interfaces/srv/detail/update_motor_controller_parameters__type_support.h\n'}
[0.835802] (iris_interfaces) StdoutLine: {'line': b'-- Up-to-date: /home/maddy/iris_test_tool/install/iris_interfaces/include/iris_interfaces/iris_interfaces/srv/detail/restart_motor_controller__struct.h\n'}
[0.836003] (iris_interfaces) StdoutLine: {'line': b'-- Up-to-date: /home/maddy/iris_test_tool/install/iris_interfaces/include/iris_interfaces/iris_interfaces/srv/detail/state_manager__functions.h\n'}
[0.836235] (iris_interfaces) StdoutLine: {'line': b'-- Up-to-date: /home/maddy/iris_test_tool/install/iris_interfaces/include/iris_interfaces/iris_interfaces/srv/detail/state_manager__struct.h\n'}
[0.836465] (iris_interfaces) StdoutLine: {'line': b'-- Up-to-date: /home/maddy/iris_test_tool/install/iris_interfaces/include/iris_interfaces/iris_interfaces/srv/detail/a2_command__struct.h\n'}
[0.836699] (iris_interfaces) StdoutLine: {'line': b'-- Up-to-date: /home/maddy/iris_test_tool/install/iris_interfaces/include/iris_interfaces/iris_interfaces/srv/detail/reset_a2_faults__functions.c\n'}
[0.837209] (iris_interfaces) StdoutLine: {'line': b'-- Up-to-date: /home/maddy/iris_test_tool/install/iris_interfaces/include/iris_interfaces/iris_interfaces/srv/detail/update_motor_controller_parameters__struct.h\n'}
[0.837341] (iris_interfaces) StdoutLine: {'line': b'-- Up-to-date: /home/maddy/iris_test_tool/install/iris_interfaces/include/iris_interfaces/iris_interfaces/srv/detail/restart_motor_controller__functions.h\n'}
[0.837547] (iris_interfaces) StdoutLine: {'line': b'-- Up-to-date: /home/maddy/iris_test_tool/install/iris_interfaces/include/iris_interfaces/iris_interfaces/srv/detail/state_manager__type_support.h\n'}
[0.837902] (iris_interfaces) StdoutLine: {'line': b'-- Up-to-date: /home/maddy/iris_test_tool/install/iris_interfaces/include/iris_interfaces/iris_interfaces/srv/detail/restart_motor_controller__functions.c\n'}
[0.838249] (iris_interfaces) StdoutLine: {'line': b'-- Up-to-date: /home/maddy/iris_test_tool/install/iris_interfaces/include/iris_interfaces/iris_interfaces/srv/detail/update_motor_controller_reference_source__type_support.h\n'}
[0.838543] (iris_interfaces) StdoutLine: {'line': b'-- Up-to-date: /home/maddy/iris_test_tool/install/iris_interfaces/include/iris_interfaces/iris_interfaces/srv/detail/wifi_discovery__functions.c\n'}
[0.838717] (iris_interfaces) StdoutLine: {'line': b'-- Up-to-date: /home/maddy/iris_test_tool/install/iris_interfaces/include/iris_interfaces/iris_interfaces/srv/detail/reset_wheel_encoders__type_support.h\n'}
[0.838884] (iris_interfaces) StdoutLine: {'line': b'-- Up-to-date: /home/maddy/iris_test_tool/install/iris_interfaces/include/iris_interfaces/iris_interfaces/srv/detail/wifi_discovery__type_support.h\n'}
[0.839107] (iris_interfaces) StdoutLine: {'line': b'-- Up-to-date: /home/maddy/iris_test_tool/install/iris_interfaces/include/iris_interfaces/iris_interfaces/srv/detail/get_wifi_status__struct.h\n'}
[0.839352] (iris_interfaces) StdoutLine: {'line': b'-- Up-to-date: /home/maddy/iris_test_tool/install/iris_interfaces/include/iris_interfaces/iris_interfaces/srv/detail/disconnect_wifi__functions.c\n'}
[0.839585] (iris_interfaces) StdoutLine: {'line': b'-- Up-to-date: /home/maddy/iris_test_tool/install/iris_interfaces/include/iris_interfaces/iris_interfaces/srv/detail/disconnect_wifi__struct.h\n'}
[0.839824] (iris_interfaces) StdoutLine: {'line': b'-- Up-to-date: /home/maddy/iris_test_tool/install/iris_interfaces/include/iris_interfaces/iris_interfaces/srv/detail/wifi_discovery__functions.h\n'}
[0.840054] (iris_interfaces) StdoutLine: {'line': b'-- Up-to-date: /home/maddy/iris_test_tool/install/iris_interfaces/include/iris_interfaces/iris_interfaces/srv/detail/a2_command__functions.h\n'}
[0.840284] (iris_interfaces) StdoutLine: {'line': b'-- Up-to-date: /home/maddy/iris_test_tool/install/iris_interfaces/include/iris_interfaces/iris_interfaces/srv/detail/get_wifi_status__functions.c\n'}
[0.840513] (iris_interfaces) StdoutLine: {'line': b'-- Up-to-date: /home/maddy/iris_test_tool/install/iris_interfaces/include/iris_interfaces/iris_interfaces/srv/detail/disconnect_wifi__functions.h\n'}
[0.840746] (iris_interfaces) StdoutLine: {'line': b'-- Up-to-date: /home/maddy/iris_test_tool/install/iris_interfaces/include/iris_interfaces/iris_interfaces/srv/detail/reset_a2_faults__functions.h\n'}
[0.840977] (iris_interfaces) StdoutLine: {'line': b'-- Up-to-date: /home/maddy/iris_test_tool/install/iris_interfaces/include/iris_interfaces/iris_interfaces/srv/detail/wifi_discovery__struct.h\n'}
[0.841288] (iris_interfaces) StdoutLine: {'line': b'-- Up-to-date: /home/maddy/iris_test_tool/install/iris_interfaces/include/iris_interfaces/iris_interfaces/srv/detail/get_wifi_status__type_support.h\n'}
[0.841496] (iris_interfaces) StdoutLine: {'line': b'-- Up-to-date: /home/maddy/iris_test_tool/install/iris_interfaces/include/iris_interfaces/iris_interfaces/srv/detail/disconnect_wifi__type_support.h\n'}
[0.841727] (iris_interfaces) StdoutLine: {'line': b'-- Up-to-date: /home/maddy/iris_test_tool/install/iris_interfaces/include/iris_interfaces/iris_interfaces/srv/detail/connect_wifi__functions.c\n'}
[0.842276] (iris_interfaces) StdoutLine: {'line': b'-- Up-to-date: /home/maddy/iris_test_tool/install/iris_interfaces/include/iris_interfaces/iris_interfaces/srv/detail/reset_a2_faults__type_support.h\n'}
[0.842418] (iris_interfaces) StdoutLine: {'line': b'-- Up-to-date: /home/maddy/iris_test_tool/install/iris_interfaces/include/iris_interfaces/iris_interfaces/srv/detail/restart_motor_controller__type_support.h\n'}
[0.842623] (iris_interfaces) StdoutLine: {'line': b'-- Up-to-date: /home/maddy/iris_test_tool/install/iris_interfaces/include/iris_interfaces/iris_interfaces/srv/detail/connect_wifi__struct.h\n'}
[0.842854] (iris_interfaces) StdoutLine: {'line': b'-- Up-to-date: /home/maddy/iris_test_tool/install/iris_interfaces/include/iris_interfaces/iris_interfaces/srv/detail/process_manager__functions.h\n'}
[0.843085] (iris_interfaces) StdoutLine: {'line': b'-- Up-to-date: /home/maddy/iris_test_tool/install/iris_interfaces/include/iris_interfaces/iris_interfaces/srv/detail/connect_wifi__functions.h\n'}
[0.843322] (iris_interfaces) StdoutLine: {'line': b'-- Up-to-date: /home/maddy/iris_test_tool/install/iris_interfaces/include/iris_interfaces/iris_interfaces/srv/detail/update_motor_controller_reference_source__functions.c\n'}
[0.843536] (iris_interfaces) StdoutLine: {'line': b'-- Up-to-date: /home/maddy/iris_test_tool/install/iris_interfaces/include/iris_interfaces/iris_interfaces/srv/detail/update_motor_controller_reference_source__functions.h\n'}
[0.843739] (iris_interfaces) StdoutLine: {'line': b'-- Up-to-date: /home/maddy/iris_test_tool/install/iris_interfaces/include/iris_interfaces/iris_interfaces/srv/detail/process_manager__type_support.h\n'}
[0.843971] (iris_interfaces) StdoutLine: {'line': b'-- Up-to-date: /home/maddy/iris_test_tool/install/iris_interfaces/include/iris_interfaces/iris_interfaces/srv/detail/connect_wifi__type_support.h\n'}
[0.844190] (iris_interfaces) StdoutLine: {'line': b'-- Up-to-date: /home/maddy/iris_test_tool/install/iris_interfaces/include/iris_interfaces/iris_interfaces/srv/wifi_discovery.h\n'}
[0.844423] (iris_interfaces) StdoutLine: {'line': b'-- Up-to-date: /home/maddy/iris_test_tool/install/iris_interfaces/include/iris_interfaces/iris_interfaces/srv/get_wifi_status.h\n'}
[0.844654] (iris_interfaces) StdoutLine: {'line': b'-- Up-to-date: /home/maddy/iris_test_tool/install/iris_interfaces/include/iris_interfaces/iris_interfaces/srv/disconnect_wifi.h\n'}
[0.845224] (iris_interfaces) StdoutLine: {'line': b'-- Up-to-date: /home/maddy/iris_test_tool/install/iris_interfaces/include/iris_interfaces/iris_interfaces/srv/process_manager.h\n'}
[0.845628] (iris_interfaces) StdoutLine: {'line': b'-- Up-to-date: /home/maddy/iris_test_tool/install/iris_interfaces/include/iris_interfaces/iris_interfaces/srv/state_manager.h\n'}
[0.845817] (iris_interfaces) StdoutLine: {'line': b'-- Up-to-date: /home/maddy/iris_test_tool/install/iris_interfaces/include/iris_interfaces/iris_interfaces/srv/connect_wifi.h\n'}
[0.846029] (iris_interfaces) StdoutLine: {'line': b'-- Up-to-date: /home/maddy/iris_test_tool/install/iris_interfaces/include/iris_interfaces/iris_interfaces/srv/a2_command.h\n'}
[0.846267] (iris_interfaces) StdoutLine: {'line': b'-- Up-to-date: /home/maddy/iris_test_tool/install/iris_interfaces/include/iris_interfaces/iris_interfaces/action\n'}
[0.846632] (iris_interfaces) StdoutLine: {'line': b'-- Up-to-date: /home/maddy/iris_test_tool/install/iris_interfaces/include/iris_interfaces/iris_interfaces/action/navigate_path_coverage.h\n'}
[0.846943] (iris_interfaces) StdoutLine: {'line': b'-- Up-to-date: /home/maddy/iris_test_tool/install/iris_interfaces/include/iris_interfaces/iris_interfaces/action/path_coverage_controller.h\n'}
[0.847284] (iris_interfaces) StdoutLine: {'line': b'-- Up-to-date: /home/maddy/iris_test_tool/install/iris_interfaces/include/iris_interfaces/iris_interfaces/action/detail\n'}
[0.847471] (iris_interfaces) StdoutLine: {'line': b'-- Up-to-date: /home/maddy/iris_test_tool/install/iris_interfaces/include/iris_interfaces/iris_interfaces/action/detail/compute_path_coverage__functions.h\n'}
[0.847810] (iris_interfaces) StdoutLine: {'line': b'-- Up-to-date: /home/maddy/iris_test_tool/install/iris_interfaces/include/iris_interfaces/iris_interfaces/action/detail/compute_path_coverage__struct.h\n'}
[0.848756] (iris_interfaces) StdoutLine: {'line': b'-- Up-to-date: /home/maddy/iris_test_tool/install/iris_interfaces/include/iris_interfaces/iris_interfaces/action/detail/navigate_path_coverage__functions.h\n'}
[0.849069] (iris_interfaces) StdoutLine: {'line': b'-- Up-to-date: /home/maddy/iris_test_tool/install/iris_interfaces/include/iris_interfaces/iris_interfaces/action/detail/path_coverage_controller__type_support.h\n'}
[0.849419] (iris_interfaces) StdoutLine: {'line': b'-- Up-to-date: /home/maddy/iris_test_tool/install/iris_interfaces/include/iris_interfaces/iris_interfaces/action/detail/navigate_path_coverage__functions.c\n'}
[0.849728] (iris_interfaces) StdoutLine: {'line': b'-- Up-to-date: /home/maddy/iris_test_tool/install/iris_interfaces/include/iris_interfaces/iris_interfaces/action/detail/compute_path_coverage__type_support.h\n'}
[0.850044] (iris_interfaces) StdoutLine: {'line': b'-- Up-to-date: /home/maddy/iris_test_tool/install/iris_interfaces/include/iris_interfaces/iris_interfaces/action/detail/path_coverage_controller__functions.c\n'}
[0.850351] (iris_interfaces) StdoutLine: {'line': b'-- Up-to-date: /home/maddy/iris_test_tool/install/iris_interfaces/include/iris_interfaces/iris_interfaces/action/detail/navigate_path_coverage__type_support.h\n'}
[0.850679] (iris_interfaces) StdoutLine: {'line': b'-- Up-to-date: /home/maddy/iris_test_tool/install/iris_interfaces/include/iris_interfaces/iris_interfaces/action/detail/path_coverage_controller__struct.h\n'}
[0.851044] (iris_interfaces) StdoutLine: {'line': b'-- Up-to-date: /home/maddy/iris_test_tool/install/iris_interfaces/include/iris_interfaces/iris_interfaces/action/detail/compute_path_coverage__functions.c\n'}
[0.851437] (iris_interfaces) StdoutLine: {'line': b'-- Up-to-date: /home/maddy/iris_test_tool/install/iris_interfaces/include/iris_interfaces/iris_interfaces/action/detail/navigate_path_coverage__struct.h\n'}
[0.851789] (iris_interfaces) StdoutLine: {'line': b'-- Up-to-date: /home/maddy/iris_test_tool/install/iris_interfaces/include/iris_interfaces/iris_interfaces/action/detail/path_coverage_controller__functions.h\n'}
[0.852155] (iris_interfaces) StdoutLine: {'line': b'-- Up-to-date: /home/maddy/iris_test_tool/install/iris_interfaces/include/iris_interfaces/iris_interfaces/action/compute_path_coverage.h\n'}
[0.852500] (iris_interfaces) StdoutLine: {'line': b'-- Up-to-date: /home/maddy/iris_test_tool/install/iris_interfaces/include/iris_interfaces/iris_interfaces/msg\n'}
[0.852876] (iris_interfaces) StdoutLine: {'line': b'-- Up-to-date: /home/maddy/iris_test_tool/install/iris_interfaces/include/iris_interfaces/iris_interfaces/msg/headband_mode.h\n'}
[0.853316] (iris_interfaces) StdoutLine: {'line': b'-- Up-to-date: /home/maddy/iris_test_tool/install/iris_interfaces/include/iris_interfaces/iris_interfaces/msg/follow_path_result.h\n'}
[0.853686] (iris_interfaces) StdoutLine: {'line': b'-- Up-to-date: /home/maddy/iris_test_tool/install/iris_interfaces/include/iris_interfaces/iris_interfaces/msg/system_software_status.h\n'}
[0.854024] (iris_interfaces) StdoutLine: {'line': b'-- Up-to-date: /home/maddy/iris_test_tool/install/iris_interfaces/include/iris_interfaces/iris_interfaces/msg/mender_client_status.h\n'}
[0.854430] (iris_interfaces) StdoutLine: {'line': b'-- Up-to-date: /home/maddy/iris_test_tool/install/iris_interfaces/include/iris_interfaces/iris_interfaces/msg/rosidl_generator_c__visibility_control.h\n'}
[0.854774] (iris_interfaces) StdoutLine: {'line': b'-- Up-to-date: /home/maddy/iris_test_tool/install/iris_interfaces/include/iris_interfaces/iris_interfaces/msg/actuator_status.h\n'}
[0.855126] (iris_interfaces) StdoutLine: {'line': b'-- Up-to-date: /home/maddy/iris_test_tool/install/iris_interfaces/include/iris_interfaces/iris_interfaces/msg/ota_status.h\n'}
[0.855467] (iris_interfaces) StdoutLine: {'line': b'-- Up-to-date: /home/maddy/iris_test_tool/install/iris_interfaces/include/iris_interfaces/iris_interfaces/msg/navigation_mode.h\n'}
[0.855805] (iris_interfaces) StdoutLine: {'line': b'-- Up-to-date: /home/maddy/iris_test_tool/install/iris_interfaces/include/iris_interfaces/iris_interfaces/msg/brush_faults.h\n'}
[0.856146] (iris_interfaces) StdoutLine: {'line': b'-- Up-to-date: /home/maddy/iris_test_tool/install/iris_interfaces/include/iris_interfaces/iris_interfaces/msg/wheel_encoders.h\n'}
[0.856486] (iris_interfaces) StdoutLine: {'line': b'-- Up-to-date: /home/maddy/iris_test_tool/install/iris_interfaces/include/iris_interfaces/iris_interfaces/msg/a2_functional_status.h\n'}
[0.856828] (iris_interfaces) StdoutLine: {'line': b'-- Up-to-date: /home/maddy/iris_test_tool/install/iris_interfaces/include/iris_interfaces/iris_interfaces/msg/led_control.h\n'}
[0.857495] (iris_interfaces) StdoutLine: {'line': b'-- Up-to-date: /home/maddy/iris_test_tool/install/iris_interfaces/include/iris_interfaces/iris_interfaces/msg/a2_fault_status.h\n'}
[0.858589] (iris_interfaces) StdoutLine: {'line': b'-- Up-to-date: /home/maddy/iris_test_tool/install/iris_interfaces/include/iris_interfaces/iris_interfaces/msg/brush_status.h\n'}
[0.858945] (iris_interfaces) StdoutLine: {'line': b'-- Up-to-date: /home/maddy/iris_test_tool/install/iris_interfaces/include/iris_interfaces/iris_interfaces/msg/vacuum_status.h\n'}
[0.859298] (iris_interfaces) StdoutLine: {'line': b'-- Up-to-date: /home/maddy/iris_test_tool/install/iris_interfaces/include/iris_interfaces/iris_interfaces/msg/detail\n'}
[0.859659] (iris_interfaces) StdoutLine: {'line': b'-- Up-to-date: /home/maddy/iris_test_tool/install/iris_interfaces/include/iris_interfaces/iris_interfaces/msg/detail/navigation_mode__functions.h\n'}
[0.859999] (iris_interfaces) StdoutLine: {'line': b'-- Up-to-date: /home/maddy/iris_test_tool/install/iris_interfaces/include/iris_interfaces/iris_interfaces/msg/detail/a5_status__type_support.h\n'}
[0.860374] (iris_interfaces) StdoutLine: {'line': b'-- Up-to-date: /home/maddy/iris_test_tool/install/iris_interfaces/include/iris_interfaces/iris_interfaces/msg/detail/motor_status__functions.c\n'}
[0.860805] (iris_interfaces) StdoutLine: {'line': b'-- Up-to-date: /home/maddy/iris_test_tool/install/iris_interfaces/include/iris_interfaces/iris_interfaces/msg/detail/water_tank_levels__type_support.h\n'}
[0.861609] (iris_interfaces) StdoutLine: {'line': b'-- Up-to-date: /home/maddy/iris_test_tool/install/iris_interfaces/include/iris_interfaces/iris_interfaces/msg/detail/led_control__type_support.h\n'}
[0.862187] (iris_interfaces) StdoutLine: {'line': b'-- Up-to-date: /home/maddy/iris_test_tool/install/iris_interfaces/include/iris_interfaces/iris_interfaces/msg/detail/ota_status__type_support.h\n'}
[0.862508] (iris_interfaces) StdoutLine: {'line': b'-- Up-to-date: /home/maddy/iris_test_tool/install/iris_interfaces/include/iris_interfaces/iris_interfaces/msg/detail/headband_mode__type_support.h\n'}
[0.862788] (iris_interfaces) StdoutLine: {'line': b'-- Up-to-date: /home/maddy/iris_test_tool/install/iris_interfaces/include/iris_interfaces/iris_interfaces/msg/detail/ultrasonic_ranges__type_support.h\n'}
[0.863350] (iris_interfaces) StdoutLine: {'line': b'-- Up-to-date: /home/maddy/iris_test_tool/install/iris_interfaces/include/iris_interfaces/iris_interfaces/msg/detail/wheel_encoders__functions.h\n'}
[0.863683] (iris_interfaces) StdoutLine: {'line': b'-- Up-to-date: /home/maddy/iris_test_tool/install/iris_interfaces/include/iris_interfaces/iris_interfaces/msg/detail/a2_command__functions.c\n'}
[0.863987] (iris_interfaces) StdoutLine: {'line': b'-- Up-to-date: /home/maddy/iris_test_tool/install/iris_interfaces/include/iris_interfaces/iris_interfaces/msg/detail/wheel_command_speed__functions.h\n'}
[0.864277] (iris_interfaces) StdoutLine: {'line': b'-- Up-to-date: /home/maddy/iris_test_tool/install/iris_interfaces/include/iris_interfaces/iris_interfaces/msg/detail/a2_fault_status__type_support.h\n'}
[0.864442] (iris_interfaces) StdoutLine: {'line': b'-- Up-to-date: /home/maddy/iris_test_tool/install/iris_interfaces/include/iris_interfaces/iris_interfaces/msg/detail/ota_status__functions.h\n'}
[0.864736] (iris_interfaces) StdoutLine: {'line': b'-- Up-to-date: /home/maddy/iris_test_tool/install/iris_interfaces/include/iris_interfaces/iris_interfaces/msg/detail/a2_functional_status__functions.h\n'}
[0.865008] (iris_interfaces) StdoutLine: {'line': b'-- Up-to-date: /home/maddy/iris_test_tool/install/iris_interfaces/include/iris_interfaces/iris_interfaces/msg/detail/wheel_encoders__functions.c\n'}
[0.865447] (iris_interfaces) StdoutLine: {'line': b'-- Up-to-date: /home/maddy/iris_test_tool/install/iris_interfaces/include/iris_interfaces/iris_interfaces/msg/detail/wheel_command_speed__struct.h\n'}
[0.865567] (iris_interfaces) StdoutLine: {'line': b'-- Up-to-date: /home/maddy/iris_test_tool/install/iris_interfaces/include/iris_interfaces/iris_interfaces/msg/detail/navigation_mode__struct.h\n'}
[0.865789] (iris_interfaces) StdoutLine: {'line': b'-- Up-to-date: /home/maddy/iris_test_tool/install/iris_interfaces/include/iris_interfaces/iris_interfaces/msg/detail/mender_client_status__functions.h\n'}
[0.865929] (iris_interfaces) StdoutLine: {'line': b'-- Up-to-date: /home/maddy/iris_test_tool/install/iris_interfaces/include/iris_interfaces/iris_interfaces/msg/detail/brush_status__functions.h\n'}
[0.866037] (iris_interfaces) StdoutLine: {'line': b'-- Up-to-date: /home/maddy/iris_test_tool/install/iris_interfaces/include/iris_interfaces/iris_interfaces/msg/detail/a2_functional_status__struct.h\n'}
[0.866141] (iris_interfaces) StdoutLine: {'line': b'-- Up-to-date: /home/maddy/iris_test_tool/install/iris_interfaces/include/iris_interfaces/iris_interfaces/msg/detail/mender_client_status__functions.c\n'}
[0.866246] (iris_interfaces) StdoutLine: {'line': b'-- Up-to-date: /home/maddy/iris_test_tool/install/iris_interfaces/include/iris_interfaces/iris_interfaces/msg/detail/ota_status__functions.c\n'}
[0.866367] (iris_interfaces) StdoutLine: {'line': b'-- Up-to-date: /home/maddy/iris_test_tool/install/iris_interfaces/include/iris_interfaces/iris_interfaces/msg/detail/follow_path_result__struct.h\n'}
[0.866676] (iris_interfaces) StdoutLine: {'line': b'-- Up-to-date: /home/maddy/iris_test_tool/install/iris_interfaces/include/iris_interfaces/iris_interfaces/msg/detail/system_software_status__functions.c\n'}
[0.866881] (iris_interfaces) StdoutLine: {'line': b'-- Up-to-date: /home/maddy/iris_test_tool/install/iris_interfaces/include/iris_interfaces/iris_interfaces/msg/detail/a2_command__type_support.h\n'}
[0.867115] (iris_interfaces) StdoutLine: {'line': b'-- Up-to-date: /home/maddy/iris_test_tool/install/iris_interfaces/include/iris_interfaces/iris_interfaces/msg/detail/vacuum_status__type_support.h\n'}
[0.867346] (iris_interfaces) StdoutLine: {'line': b'-- Up-to-date: /home/maddy/iris_test_tool/install/iris_interfaces/include/iris_interfaces/iris_interfaces/msg/detail/mender_client_status__type_support.h\n'}
[0.867549] (iris_interfaces) StdoutLine: {'line': b'-- Up-to-date: /home/maddy/iris_test_tool/install/iris_interfaces/include/iris_interfaces/iris_interfaces/msg/detail/vacuum_faults__functions.c\n'}
[0.867778] (iris_interfaces) StdoutLine: {'line': b'-- Up-to-date: /home/maddy/iris_test_tool/install/iris_interfaces/include/iris_interfaces/iris_interfaces/msg/detail/a2_functional_status__type_support.h\n'}
[0.867981] (iris_interfaces) StdoutLine: {'line': b'-- Up-to-date: /home/maddy/iris_test_tool/install/iris_interfaces/include/iris_interfaces/iris_interfaces/msg/detail/follow_path_result__type_support.h\n'}
[0.868211] (iris_interfaces) StdoutLine: {'line': b'-- Up-to-date: /home/maddy/iris_test_tool/install/iris_interfaces/include/iris_interfaces/iris_interfaces/msg/detail/led_control__functions.h\n'}
[0.868440] (iris_interfaces) StdoutLine: {'line': b'-- Up-to-date: /home/maddy/iris_test_tool/install/iris_interfaces/include/iris_interfaces/iris_interfaces/msg/detail/actuator_status__type_support.h\n'}
[0.868641] (iris_interfaces) StdoutLine: {'line': b'-- Up-to-date: /home/maddy/iris_test_tool/install/iris_interfaces/include/iris_interfaces/iris_interfaces/msg/detail/wheel_encoders__struct.h\n'}
[0.868870] (iris_interfaces) StdoutLine: {'line': b'-- Up-to-date: /home/maddy/iris_test_tool/install/iris_interfaces/include/iris_interfaces/iris_interfaces/msg/detail/a5_status__functions.h\n'}
[0.869071] (iris_interfaces) StdoutLine: {'line': b'-- Up-to-date: /home/maddy/iris_test_tool/install/iris_interfaces/include/iris_interfaces/iris_interfaces/msg/detail/sensor_status__struct.h\n'}
[0.869334] (iris_interfaces) StdoutLine: {'line': b'-- Up-to-date: /home/maddy/iris_test_tool/install/iris_interfaces/include/iris_interfaces/iris_interfaces/msg/detail/vacuum_status__functions.h\n'}
[0.869576] (iris_interfaces) StdoutLine: {'line': b'-- Up-to-date: /home/maddy/iris_test_tool/install/iris_interfaces/include/iris_interfaces/iris_interfaces/msg/detail/a2_fault_status__functions.c\n'}
[0.869807] (iris_interfaces) StdoutLine: {'line': b'-- Up-to-date: /home/maddy/iris_test_tool/install/iris_interfaces/include/iris_interfaces/iris_interfaces/msg/detail/motor_status__functions.h\n'}
[0.870044] (iris_interfaces) StdoutLine: {'line': b'-- Up-to-date: /home/maddy/iris_test_tool/install/iris_interfaces/include/iris_interfaces/iris_interfaces/msg/detail/a2_command__struct.h\n'}
[0.870274] (iris_interfaces) StdoutLine: {'line': b'-- Up-to-date: /home/maddy/iris_test_tool/install/iris_interfaces/include/iris_interfaces/iris_interfaces/msg/detail/follow_path_result__functions.c\n'}
[0.870505] (iris_interfaces) StdoutLine: {'line': b'-- Up-to-date: /home/maddy/iris_test_tool/install/iris_interfaces/include/iris_interfaces/iris_interfaces/msg/detail/motor_controller_status__functions.c\n'}
[0.870708] (iris_interfaces) StdoutLine: {'line': b'-- Up-to-date: /home/maddy/iris_test_tool/install/iris_interfaces/include/iris_interfaces/iris_interfaces/msg/detail/sensor_status__functions.c\n'}
[0.870938] (iris_interfaces) StdoutLine: {'line': b'-- Up-to-date: /home/maddy/iris_test_tool/install/iris_interfaces/include/iris_interfaces/iris_interfaces/msg/detail/system_software_status__struct.h\n'}
[0.871240] (iris_interfaces) StdoutLine: {'line': b'-- Up-to-date: /home/maddy/iris_test_tool/install/iris_interfaces/include/iris_interfaces/iris_interfaces/msg/detail/sensor_status__functions.h\n'}
[0.871591] (iris_interfaces) StdoutLine: {'line': b'-- Up-to-date: /home/maddy/iris_test_tool/install/iris_interfaces/include/iris_interfaces/iris_interfaces/msg/detail/led_control__struct.h\n'}
[0.871900] (iris_interfaces) StdoutLine: {'line': b'-- Up-to-date: /home/maddy/iris_test_tool/install/iris_interfaces/include/iris_interfaces/iris_interfaces/msg/detail/water_tank_levels__struct.h\n'}
[0.872236] (iris_interfaces) StdoutLine: {'line': b'-- Up-to-date: /home/maddy/iris_test_tool/install/iris_interfaces/include/iris_interfaces/iris_interfaces/msg/detail/a2_fault_status__functions.h\n'}
[0.872504] (iris_interfaces) StdoutLine: {'line': b'-- Up-to-date: /home/maddy/iris_test_tool/install/iris_interfaces/include/iris_interfaces/iris_interfaces/msg/detail/actuator_status__functions.h\n'}
[0.872742] (iris_interfaces) StdoutLine: {'line': b'-- Up-to-date: /home/maddy/iris_test_tool/install/iris_interfaces/include/iris_interfaces/iris_interfaces/msg/detail/navigation_mode__functions.c\n'}
[0.873026] (iris_interfaces) StdoutLine: {'line': b'-- Up-to-date: /home/maddy/iris_test_tool/install/iris_interfaces/include/iris_interfaces/iris_interfaces/msg/detail/vacuum_status__functions.c\n'}
[0.874266] (iris_interfaces) StdoutLine: {'line': b'-- Up-to-date: /home/maddy/iris_test_tool/install/iris_interfaces/include/iris_interfaces/iris_interfaces/msg/detail/vacuum_faults__functions.h\n'}
[0.874725] (iris_interfaces) StdoutLine: {'line': b'-- Up-to-date: /home/maddy/iris_test_tool/install/iris_interfaces/include/iris_interfaces/iris_interfaces/msg/detail/brush_faults__functions.h\n'}
[0.874938] (iris_interfaces) StdoutLine: {'line': b'-- Up-to-date: /home/maddy/iris_test_tool/install/iris_interfaces/include/iris_interfaces/iris_interfaces/msg/detail/brush_status__struct.h\n'}
[0.875149] (iris_interfaces) StdoutLine: {'line': b'-- Up-to-date: /home/maddy/iris_test_tool/install/iris_interfaces/include/iris_interfaces/iris_interfaces/msg/detail/mender_client_status__struct.h\n'}
[0.875400] (iris_interfaces) StdoutLine: {'line': b'-- Up-to-date: /home/maddy/iris_test_tool/install/iris_interfaces/include/iris_interfaces/iris_interfaces/msg/detail/vacuum_faults__type_support.h\n'}
[0.875607] (iris_interfaces) StdoutLine: {'line': b'-- Up-to-date: /home/maddy/iris_test_tool/install/iris_interfaces/include/iris_interfaces/iris_interfaces/msg/detail/headband_mode__functions.c\n'}
[0.875813] (iris_interfaces) StdoutLine: {'line': b'-- Up-to-date: /home/maddy/iris_test_tool/install/iris_interfaces/include/iris_interfaces/iris_interfaces/msg/detail/navigation_mode__type_support.h\n'}
[0.876020] (iris_interfaces) StdoutLine: {'line': b'-- Up-to-date: /home/maddy/iris_test_tool/install/iris_interfaces/include/iris_interfaces/iris_interfaces/msg/detail/a2_command__functions.h\n'}
[0.876234] (iris_interfaces) StdoutLine: {'line': b'-- Up-to-date: /home/maddy/iris_test_tool/install/iris_interfaces/include/iris_interfaces/iris_interfaces/msg/detail/a2_fault_status__struct.h\n'}
[0.876440] (iris_interfaces) StdoutLine: {'line': b'-- Up-to-date: /home/maddy/iris_test_tool/install/iris_interfaces/include/iris_interfaces/iris_interfaces/msg/detail/motor_status__struct.h\n'}
[0.876949] (iris_interfaces) StdoutLine: {'line': b'-- Up-to-date: /home/maddy/iris_test_tool/install/iris_interfaces/include/iris_interfaces/iris_interfaces/msg/detail/a5_status__functions.c\n'}
[0.877221] (iris_interfaces) StdoutLine: {'line': b'-- Up-to-date: /home/maddy/iris_test_tool/install/iris_interfaces/include/iris_interfaces/iris_interfaces/msg/detail/motor_controller_status__struct.h\n'}
[0.877372] (iris_interfaces) StdoutLine: {'line': b'-- Up-to-date: /home/maddy/iris_test_tool/install/iris_interfaces/include/iris_interfaces/iris_interfaces/msg/detail/brush_faults__struct.h\n'}
[0.877580] (iris_interfaces) StdoutLine: {'line': b'-- Up-to-date: /home/maddy/iris_test_tool/install/iris_interfaces/include/iris_interfaces/iris_interfaces/msg/detail/brush_faults__type_support.h\n'}
[0.877827] (iris_interfaces) StdoutLine: {'line': b'-- Up-to-date: /home/maddy/iris_test_tool/install/iris_interfaces/include/iris_interfaces/iris_interfaces/msg/detail/wheel_encoders__type_support.h\n'}
[0.878030] (iris_interfaces) StdoutLine: {'line': b'-- Up-to-date: /home/maddy/iris_test_tool/install/iris_interfaces/include/iris_interfaces/iris_interfaces/msg/detail/motor_controller_status__type_support.h\n'}
[0.878266] (iris_interfaces) StdoutLine: {'line': b'-- Up-to-date: /home/maddy/iris_test_tool/install/iris_interfaces/include/iris_interfaces/iris_interfaces/msg/detail/water_tank_levels__functions.h\n'}
[0.878716] (iris_interfaces) StdoutLine: {'line': b'-- Up-to-date: /home/maddy/iris_test_tool/install/iris_interfaces/include/iris_interfaces/iris_interfaces/msg/detail/follow_path_result__functions.h\n'}
[0.878998] (iris_interfaces) StdoutLine: {'line': b'-- Up-to-date: /home/maddy/iris_test_tool/install/iris_interfaces/include/iris_interfaces/iris_interfaces/msg/detail/a2_functional_status__functions.c\n'}
[0.879293] (iris_interfaces) StdoutLine: {'line': b'-- Up-to-date: /home/maddy/iris_test_tool/install/iris_interfaces/include/iris_interfaces/iris_interfaces/msg/detail/a5_status__struct.h\n'}
[0.879764] (iris_interfaces) StdoutLine: {'line': b'-- Up-to-date: /home/maddy/iris_test_tool/install/iris_interfaces/include/iris_interfaces/iris_interfaces/msg/detail/ota_status__struct.h\n'}
[0.880167] (iris_interfaces) StdoutLine: {'line': b'-- Up-to-date: /home/maddy/iris_test_tool/install/iris_interfaces/include/iris_interfaces/iris_interfaces/msg/detail/sensor_status__type_support.h\n'}
[0.880384] (iris_interfaces) StdoutLine: {'line': b'-- Up-to-date: /home/maddy/iris_test_tool/install/iris_interfaces/include/iris_interfaces/iris_interfaces/msg/detail/headband_mode__functions.h\n'}
[0.880855] (iris_interfaces) StdoutLine: {'line': b'-- Up-to-date: /home/maddy/iris_test_tool/install/iris_interfaces/include/iris_interfaces/iris_interfaces/msg/detail/motor_controller_status__functions.h\n'}
[0.881044] (iris_interfaces) StdoutLine: {'line': b'-- Up-to-date: /home/maddy/iris_test_tool/install/iris_interfaces/include/iris_interfaces/iris_interfaces/msg/detail/wheel_command_speed__functions.c\n'}
[0.881543] (iris_interfaces) StdoutLine: {'line': b'-- Up-to-date: /home/maddy/iris_test_tool/install/iris_interfaces/include/iris_interfaces/iris_interfaces/msg/detail/actuator_status__functions.c\n'}
[0.882018] (iris_interfaces) StdoutLine: {'line': b'-- Up-to-date: /home/maddy/iris_test_tool/install/iris_interfaces/include/iris_interfaces/iris_interfaces/msg/detail/headband_mode__struct.h\n'}
[0.882283] (iris_interfaces) StdoutLine: {'line': b'-- Up-to-date: /home/maddy/iris_test_tool/install/iris_interfaces/include/iris_interfaces/iris_interfaces/msg/detail/actuator_status__struct.h\n'}
[0.882582] (iris_interfaces) StdoutLine: {'line': b'-- Up-to-date: /home/maddy/iris_test_tool/install/iris_interfaces/include/iris_interfaces/iris_interfaces/msg/detail/system_software_status__type_support.h\n'}
[0.882879] (iris_interfaces) StdoutLine: {'line': b'-- Up-to-date: /home/maddy/iris_test_tool/install/iris_interfaces/include/iris_interfaces/iris_interfaces/msg/detail/brush_status__functions.c\n'}
[0.883173] (iris_interfaces) StdoutLine: {'line': b'-- Up-to-date: /home/maddy/iris_test_tool/install/iris_interfaces/include/iris_interfaces/iris_interfaces/msg/detail/vacuum_status__struct.h\n'}
[0.883468] (iris_interfaces) StdoutLine: {'line': b'-- Up-to-date: /home/maddy/iris_test_tool/install/iris_interfaces/include/iris_interfaces/iris_interfaces/msg/detail/ultrasonic_ranges__struct.h\n'}
[0.883762] (iris_interfaces) StdoutLine: {'line': b'-- Up-to-date: /home/maddy/iris_test_tool/install/iris_interfaces/include/iris_interfaces/iris_interfaces/msg/detail/wheel_command_speed__type_support.h\n'}
[0.884029] (iris_interfaces) StdoutLine: {'line': b'-- Up-to-date: /home/maddy/iris_test_tool/install/iris_interfaces/include/iris_interfaces/iris_interfaces/msg/detail/brush_status__type_support.h\n'}
[0.884296] (iris_interfaces) StdoutLine: {'line': b'-- Up-to-date: /home/maddy/iris_test_tool/install/iris_interfaces/include/iris_interfaces/iris_interfaces/msg/detail/motor_status__type_support.h\n'}
[0.884571] (iris_interfaces) StdoutLine: {'line': b'-- Up-to-date: /home/maddy/iris_test_tool/install/iris_interfaces/include/iris_interfaces/iris_interfaces/msg/detail/ultrasonic_ranges__functions.h\n'}
[0.884862] (iris_interfaces) StdoutLine: {'line': b'-- Up-to-date: /home/maddy/iris_test_tool/install/iris_interfaces/include/iris_interfaces/iris_interfaces/msg/detail/system_software_status__functions.h\n'}
[0.885168] (iris_interfaces) StdoutLine: {'line': b'-- Up-to-date: /home/maddy/iris_test_tool/install/iris_interfaces/include/iris_interfaces/iris_interfaces/msg/detail/ultrasonic_ranges__functions.c\n'}
[0.885473] (iris_interfaces) StdoutLine: {'line': b'-- Up-to-date: /home/maddy/iris_test_tool/install/iris_interfaces/include/iris_interfaces/iris_interfaces/msg/detail/vacuum_faults__struct.h\n'}
[0.885767] (iris_interfaces) StdoutLine: {'line': b'-- Up-to-date: /home/maddy/iris_test_tool/install/iris_interfaces/include/iris_interfaces/iris_interfaces/msg/detail/brush_faults__functions.c\n'}
[0.886082] (iris_interfaces) StdoutLine: {'line': b'-- Up-to-date: /home/maddy/iris_test_tool/install/iris_interfaces/include/iris_interfaces/iris_interfaces/msg/detail/led_control__functions.c\n'}
[0.886367] (iris_interfaces) StdoutLine: {'line': b'-- Up-to-date: /home/maddy/iris_test_tool/install/iris_interfaces/include/iris_interfaces/iris_interfaces/msg/detail/water_tank_levels__functions.c\n'}
[0.886669] (iris_interfaces) StdoutLine: {'line': b'-- Up-to-date: /home/maddy/iris_test_tool/install/iris_interfaces/include/iris_interfaces/iris_interfaces/msg/wheel_command_speed.h\n'}
[0.886958] (iris_interfaces) StdoutLine: {'line': b'-- Up-to-date: /home/maddy/iris_test_tool/install/iris_interfaces/include/iris_interfaces/iris_interfaces/msg/motor_controller_status.h\n'}
[0.887263] (iris_interfaces) StdoutLine: {'line': b'-- Up-to-date: /home/maddy/iris_test_tool/install/iris_interfaces/include/iris_interfaces/iris_interfaces/msg/water_tank_levels.h\n'}
[0.887564] (iris_interfaces) StdoutLine: {'line': b'-- Up-to-date: /home/maddy/iris_test_tool/install/iris_interfaces/include/iris_interfaces/iris_interfaces/msg/a5_status.h\n'}
[0.887859] (iris_interfaces) StdoutLine: {'line': b'-- Up-to-date: /home/maddy/iris_test_tool/install/iris_interfaces/include/iris_interfaces/iris_interfaces/msg/ultrasonic_ranges.h\n'}
[0.888163] (iris_interfaces) StdoutLine: {'line': b'-- Up-to-date: /home/maddy/iris_test_tool/install/iris_interfaces/include/iris_interfaces/iris_interfaces/msg/vacuum_faults.h\n'}
[0.888459] (iris_interfaces) StdoutLine: {'line': b'-- Up-to-date: /home/maddy/iris_test_tool/install/iris_interfaces/include/iris_interfaces/iris_interfaces/msg/sensor_status.h\n'}
[0.888774] (iris_interfaces) StdoutLine: {'line': b'-- Up-to-date: /home/maddy/iris_test_tool/install/iris_interfaces/include/iris_interfaces/iris_interfaces/msg/a2_command.h\n'}
[0.889126] (iris_interfaces) StdoutLine: {'line': b'-- Up-to-date: /home/maddy/iris_test_tool/install/iris_interfaces/include/iris_interfaces/iris_interfaces/msg/motor_status.h\n'}
[0.889729] (iris_interfaces) StdoutLine: {'line': b'-- Up-to-date: /home/maddy/iris_test_tool/install/iris_interfaces/share/iris_interfaces/environment/library_path.sh\n'}
[0.889965] (iris_interfaces) StdoutLine: {'line': b'-- Up-to-date: /home/maddy/iris_test_tool/install/iris_interfaces/share/iris_interfaces/environment/library_path.dsv\n'}
[0.890646] (iris_interfaces) StdoutLine: {'line': b'-- Up-to-date: /home/maddy/iris_test_tool/install/iris_interfaces/lib/libiris_interfaces__rosidl_generator_c.so\n'}
[0.891028] (iris_interfaces) StdoutLine: {'line': b'-- Up-to-date: /home/maddy/iris_test_tool/install/iris_interfaces/include/iris_interfaces/iris_interfaces\n'}
[0.891321] (iris_interfaces) StdoutLine: {'line': b'-- Up-to-date: /home/maddy/iris_test_tool/install/iris_interfaces/include/iris_interfaces/iris_interfaces/srv\n'}
[0.891607] (iris_interfaces) StdoutLine: {'line': b'-- Up-to-date: /home/maddy/iris_test_tool/install/iris_interfaces/include/iris_interfaces/iris_interfaces/srv/detail\n'}
[0.891881] (iris_interfaces) StdoutLine: {'line': b'-- Up-to-date: /home/maddy/iris_test_tool/install/iris_interfaces/include/iris_interfaces/iris_interfaces/srv/detail/update_motor_controller_reference_source__rosidl_typesupport_fastrtps_c.h\n'}
[0.892185] (iris_interfaces) StdoutLine: {'line': b'-- Up-to-date: /home/maddy/iris_test_tool/install/iris_interfaces/include/iris_interfaces/iris_interfaces/srv/detail/wifi_discovery__rosidl_typesupport_fastrtps_c.h\n'}
[0.892459] (iris_interfaces) StdoutLine: {'line': b'-- Up-to-date: /home/maddy/iris_test_tool/install/iris_interfaces/include/iris_interfaces/iris_interfaces/srv/detail/get_wifi_status__rosidl_typesupport_fastrtps_c.h\n'}
[0.892728] (iris_interfaces) StdoutLine: {'line': b'-- Up-to-date: /home/maddy/iris_test_tool/install/iris_interfaces/include/iris_interfaces/iris_interfaces/srv/detail/reset_wheel_encoders__rosidl_typesupport_fastrtps_c.h\n'}
[0.893030] (iris_interfaces) StdoutLine: {'line': b'-- Up-to-date: /home/maddy/iris_test_tool/install/iris_interfaces/include/iris_interfaces/iris_interfaces/srv/detail/a2_command__rosidl_typesupport_fastrtps_c.h\n'}
[0.893423] (iris_interfaces) StdoutLine: {'line': b'-- Up-to-date: /home/maddy/iris_test_tool/install/iris_interfaces/include/iris_interfaces/iris_interfaces/srv/detail/disconnect_wifi__rosidl_typesupport_fastrtps_c.h\n'}
[0.893732] (iris_interfaces) StdoutLine: {'line': b'-- Up-to-date: /home/maddy/iris_test_tool/install/iris_interfaces/include/iris_interfaces/iris_interfaces/srv/detail/reset_a2_faults__rosidl_typesupport_fastrtps_c.h\n'}
[0.894031] (iris_interfaces) StdoutLine: {'line': b'-- Up-to-date: /home/maddy/iris_test_tool/install/iris_interfaces/include/iris_interfaces/iris_interfaces/srv/detail/process_manager__rosidl_typesupport_fastrtps_c.h\n'}
[0.894325] (iris_interfaces) StdoutLine: {'line': b'-- Up-to-date: /home/maddy/iris_test_tool/install/iris_interfaces/include/iris_interfaces/iris_interfaces/srv/detail/restart_motor_controller__rosidl_typesupport_fastrtps_c.h\n'}
[0.894620] (iris_interfaces) StdoutLine: {'line': b'-- Up-to-date: /home/maddy/iris_test_tool/install/iris_interfaces/include/iris_interfaces/iris_interfaces/srv/detail/state_manager__rosidl_typesupport_fastrtps_c.h\n'}
[0.894875] (iris_interfaces) StdoutLine: {'line': b'-- Up-to-date: /home/maddy/iris_test_tool/install/iris_interfaces/include/iris_interfaces/iris_interfaces/srv/detail/connect_wifi__rosidl_typesupport_fastrtps_c.h\n'}
[0.895103] (iris_interfaces) StdoutLine: {'line': b'-- Up-to-date: /home/maddy/iris_test_tool/install/iris_interfaces/include/iris_interfaces/iris_interfaces/srv/detail/update_motor_controller_parameters__rosidl_typesupport_fastrtps_c.h\n'}
[0.895647] (iris_interfaces) StdoutLine: {'line': b'-- Up-to-date: /home/maddy/iris_test_tool/install/iris_interfaces/include/iris_interfaces/iris_interfaces/action\n'}
[0.895851] (iris_interfaces) StdoutLine: {'line': b'-- Up-to-date: /home/maddy/iris_test_tool/install/iris_interfaces/include/iris_interfaces/iris_interfaces/action/detail\n'}
[0.896099] (iris_interfaces) StdoutLine: {'line': b'-- Up-to-date: /home/maddy/iris_test_tool/install/iris_interfaces/include/iris_interfaces/iris_interfaces/action/detail/compute_path_coverage__rosidl_typesupport_fastrtps_c.h\n'}
[0.896375] (iris_interfaces) StdoutLine: {'line': b'-- Up-to-date: /home/maddy/iris_test_tool/install/iris_interfaces/include/iris_interfaces/iris_interfaces/action/detail/navigate_path_coverage__rosidl_typesupport_fastrtps_c.h\n'}
[0.896667] (iris_interfaces) StdoutLine: {'line': b'-- Up-to-date: /home/maddy/iris_test_tool/install/iris_interfaces/include/iris_interfaces/iris_interfaces/action/detail/path_coverage_controller__rosidl_typesupport_fastrtps_c.h\n'}
[0.896968] (iris_interfaces) StdoutLine: {'line': b'-- Up-to-date: /home/maddy/iris_test_tool/install/iris_interfaces/include/iris_interfaces/iris_interfaces/msg\n'}
[0.897239] (iris_interfaces) StdoutLine: {'line': b'-- Up-to-date: /home/maddy/iris_test_tool/install/iris_interfaces/include/iris_interfaces/iris_interfaces/msg/rosidl_typesupport_fastrtps_c__visibility_control.h\n'}
[0.897540] (iris_interfaces) StdoutLine: {'line': b'-- Up-to-date: /home/maddy/iris_test_tool/install/iris_interfaces/include/iris_interfaces/iris_interfaces/msg/detail\n'}
[0.897821] (iris_interfaces) StdoutLine: {'line': b'-- Up-to-date: /home/maddy/iris_test_tool/install/iris_interfaces/include/iris_interfaces/iris_interfaces/msg/detail/a2_fault_status__rosidl_typesupport_fastrtps_c.h\n'}
[0.898108] (iris_interfaces) StdoutLine: {'line': b'-- Up-to-date: /home/maddy/iris_test_tool/install/iris_interfaces/include/iris_interfaces/iris_interfaces/msg/detail/motor_controller_status__rosidl_typesupport_fastrtps_c.h\n'}
[0.898413] (iris_interfaces) StdoutLine: {'line': b'-- Up-to-date: /home/maddy/iris_test_tool/install/iris_interfaces/include/iris_interfaces/iris_interfaces/msg/detail/headband_mode__rosidl_typesupport_fastrtps_c.h\n'}
[0.898681] (iris_interfaces) StdoutLine: {'line': b'-- Up-to-date: /home/maddy/iris_test_tool/install/iris_interfaces/include/iris_interfaces/iris_interfaces/msg/detail/sensor_status__rosidl_typesupport_fastrtps_c.h\n'}
[0.898972] (iris_interfaces) StdoutLine: {'line': b'-- Up-to-date: /home/maddy/iris_test_tool/install/iris_interfaces/include/iris_interfaces/iris_interfaces/msg/detail/follow_path_result__rosidl_typesupport_fastrtps_c.h\n'}
[0.899250] (iris_interfaces) StdoutLine: {'line': b'-- Up-to-date: /home/maddy/iris_test_tool/install/iris_interfaces/include/iris_interfaces/iris_interfaces/msg/detail/brush_faults__rosidl_typesupport_fastrtps_c.h\n'}
[0.899548] (iris_interfaces) StdoutLine: {'line': b'-- Up-to-date: /home/maddy/iris_test_tool/install/iris_interfaces/include/iris_interfaces/iris_interfaces/msg/detail/wheel_encoders__rosidl_typesupport_fastrtps_c.h\n'}
[0.899845] (iris_interfaces) StdoutLine: {'line': b'-- Up-to-date: /home/maddy/iris_test_tool/install/iris_interfaces/include/iris_interfaces/iris_interfaces/msg/detail/wheel_command_speed__rosidl_typesupport_fastrtps_c.h\n'}
[0.900088] (iris_interfaces) StdoutLine: {'line': b'-- Up-to-date: /home/maddy/iris_test_tool/install/iris_interfaces/include/iris_interfaces/iris_interfaces/msg/detail/actuator_status__rosidl_typesupport_fastrtps_c.h\n'}
[0.900411] (iris_interfaces) StdoutLine: {'line': b'-- Up-to-date: /home/maddy/iris_test_tool/install/iris_interfaces/include/iris_interfaces/iris_interfaces/msg/detail/a2_command__rosidl_typesupport_fastrtps_c.h\n'}
[0.900707] (iris_interfaces) StdoutLine: {'line': b'-- Up-to-date: /home/maddy/iris_test_tool/install/iris_interfaces/include/iris_interfaces/iris_interfaces/msg/detail/led_control__rosidl_typesupport_fastrtps_c.h\n'}
[0.901007] (iris_interfaces) StdoutLine: {'line': b'-- Up-to-date: /home/maddy/iris_test_tool/install/iris_interfaces/include/iris_interfaces/iris_interfaces/msg/detail/mender_client_status__rosidl_typesupport_fastrtps_c.h\n'}
[0.901342] (iris_interfaces) StdoutLine: {'line': b'-- Up-to-date: /home/maddy/iris_test_tool/install/iris_interfaces/include/iris_interfaces/iris_interfaces/msg/detail/brush_status__rosidl_typesupport_fastrtps_c.h\n'}
[0.901647] (iris_interfaces) StdoutLine: {'line': b'-- Up-to-date: /home/maddy/iris_test_tool/install/iris_interfaces/include/iris_interfaces/iris_interfaces/msg/detail/vacuum_status__rosidl_typesupport_fastrtps_c.h\n'}
[0.901942] (iris_interfaces) StdoutLine: {'line': b'-- Up-to-date: /home/maddy/iris_test_tool/install/iris_interfaces/include/iris_interfaces/iris_interfaces/msg/detail/ultrasonic_ranges__rosidl_typesupport_fastrtps_c.h\n'}
[0.902242] (iris_interfaces) StdoutLine: {'line': b'-- Up-to-date: /home/maddy/iris_test_tool/install/iris_interfaces/include/iris_interfaces/iris_interfaces/msg/detail/ota_status__rosidl_typesupport_fastrtps_c.h\n'}
[0.902539] (iris_interfaces) StdoutLine: {'line': b'-- Up-to-date: /home/maddy/iris_test_tool/install/iris_interfaces/include/iris_interfaces/iris_interfaces/msg/detail/motor_status__rosidl_typesupport_fastrtps_c.h\n'}
[0.902830] (-) TimerEvent: {}
[0.903687] (iris_interfaces) StdoutLine: {'line': b'-- Up-to-date: /home/maddy/iris_test_tool/install/iris_interfaces/include/iris_interfaces/iris_interfaces/msg/detail/water_tank_levels__rosidl_typesupport_fastrtps_c.h\n'}
[0.903999] (iris_interfaces) StdoutLine: {'line': b'-- Up-to-date: /home/maddy/iris_test_tool/install/iris_interfaces/include/iris_interfaces/iris_interfaces/msg/detail/navigation_mode__rosidl_typesupport_fastrtps_c.h\n'}
[0.904487] (iris_interfaces) StdoutLine: {'line': b'-- Up-to-date: /home/maddy/iris_test_tool/install/iris_interfaces/include/iris_interfaces/iris_interfaces/msg/detail/a5_status__rosidl_typesupport_fastrtps_c.h\n'}
[0.904816] (iris_interfaces) StdoutLine: {'line': b'-- Up-to-date: /home/maddy/iris_test_tool/install/iris_interfaces/include/iris_interfaces/iris_interfaces/msg/detail/a2_functional_status__rosidl_typesupport_fastrtps_c.h\n'}
[0.905335] (iris_interfaces) StdoutLine: {'line': b'-- Up-to-date: /home/maddy/iris_test_tool/install/iris_interfaces/include/iris_interfaces/iris_interfaces/msg/detail/vacuum_faults__rosidl_typesupport_fastrtps_c.h\n'}
[0.905519] (iris_interfaces) StdoutLine: {'line': b'-- Up-to-date: /home/maddy/iris_test_tool/install/iris_interfaces/include/iris_interfaces/iris_interfaces/msg/detail/system_software_status__rosidl_typesupport_fastrtps_c.h\n'}
[0.905682] (iris_interfaces) StdoutLine: {'line': b'-- Up-to-date: /home/maddy/iris_test_tool/install/iris_interfaces/lib/libiris_interfaces__rosidl_typesupport_fastrtps_c.so\n'}
[0.905872] (iris_interfaces) StdoutLine: {'line': b'-- Up-to-date: /home/maddy/iris_test_tool/install/iris_interfaces/include/iris_interfaces/iris_interfaces\n'}
[0.906174] (iris_interfaces) StdoutLine: {'line': b'-- Up-to-date: /home/maddy/iris_test_tool/install/iris_interfaces/include/iris_interfaces/iris_interfaces/srv\n'}
[0.906617] (iris_interfaces) StdoutLine: {'line': b'-- Up-to-date: /home/maddy/iris_test_tool/install/iris_interfaces/include/iris_interfaces/iris_interfaces/srv/detail\n'}
[0.906918] (iris_interfaces) StdoutLine: {'line': b'-- Up-to-date: /home/maddy/iris_test_tool/install/iris_interfaces/include/iris_interfaces/iris_interfaces/srv/detail/reset_a2_faults__rosidl_typesupport_introspection_c.h\n'}
[0.907217] (iris_interfaces) StdoutLine: {'line': b'-- Up-to-date: /home/maddy/iris_test_tool/install/iris_interfaces/include/iris_interfaces/iris_interfaces/srv/detail/update_motor_controller_reference_source__rosidl_typesupport_introspection_c.h\n'}
[0.907518] (iris_interfaces) StdoutLine: {'line': b'-- Up-to-date: /home/maddy/iris_test_tool/install/iris_interfaces/include/iris_interfaces/iris_interfaces/srv/detail/disconnect_wifi__rosidl_typesupport_introspection_c.h\n'}
[0.907823] (iris_interfaces) StdoutLine: {'line': b'-- Up-to-date: /home/maddy/iris_test_tool/install/iris_interfaces/include/iris_interfaces/iris_interfaces/srv/detail/disconnect_wifi__type_support.c\n'}
[0.908123] (iris_interfaces) StdoutLine: {'line': b'-- Up-to-date: /home/maddy/iris_test_tool/install/iris_interfaces/include/iris_interfaces/iris_interfaces/srv/detail/get_wifi_status__rosidl_typesupport_introspection_c.h\n'}
[0.908421] (iris_interfaces) StdoutLine: {'line': b'-- Up-to-date: /home/maddy/iris_test_tool/install/iris_interfaces/include/iris_interfaces/iris_interfaces/srv/detail/update_motor_controller_reference_source__type_support.c\n'}
[0.908720] (iris_interfaces) StdoutLine: {'line': b'-- Up-to-date: /home/maddy/iris_test_tool/install/iris_interfaces/include/iris_interfaces/iris_interfaces/srv/detail/restart_motor_controller__type_support.c\n'}
[0.909186] (iris_interfaces) StdoutLine: {'line': b'-- Up-to-date: /home/maddy/iris_test_tool/install/iris_interfaces/include/iris_interfaces/iris_interfaces/srv/detail/wifi_discovery__type_support.c\n'}
[0.909505] (iris_interfaces) StdoutLine: {'line': b'-- Up-to-date: /home/maddy/iris_test_tool/install/iris_interfaces/include/iris_interfaces/iris_interfaces/srv/detail/process_manager__type_support.c\n'}
[0.909804] (iris_interfaces) StdoutLine: {'line': b'-- Up-to-date: /home/maddy/iris_test_tool/install/iris_interfaces/include/iris_interfaces/iris_interfaces/srv/detail/connect_wifi__rosidl_typesupport_introspection_c.h\n'}
[0.910103] (iris_interfaces) StdoutLine: {'line': b'-- Up-to-date: /home/maddy/iris_test_tool/install/iris_interfaces/include/iris_interfaces/iris_interfaces/srv/detail/get_wifi_status__type_support.c\n'}
[0.910404] (iris_interfaces) StdoutLine: {'line': b'-- Up-to-date: /home/maddy/iris_test_tool/install/iris_interfaces/include/iris_interfaces/iris_interfaces/srv/detail/update_motor_controller_parameters__rosidl_typesupport_introspection_c.h\n'}
[0.910667] (iris_interfaces) StdoutLine: {'line': b'-- Up-to-date: /home/maddy/iris_test_tool/install/iris_interfaces/include/iris_interfaces/iris_interfaces/srv/detail/connect_wifi__type_support.c\n'}
[0.910966] (iris_interfaces) StdoutLine: {'line': b'-- Up-to-date: /home/maddy/iris_test_tool/install/iris_interfaces/include/iris_interfaces/iris_interfaces/srv/detail/reset_wheel_encoders__type_support.c\n'}
[0.911228] (iris_interfaces) StdoutLine: {'line': b'-- Up-to-date: /home/maddy/iris_test_tool/install/iris_interfaces/include/iris_interfaces/iris_interfaces/srv/detail/state_manager__type_support.c\n'}
[0.911532] (iris_interfaces) StdoutLine: {'line': b'-- Up-to-date: /home/maddy/iris_test_tool/install/iris_interfaces/include/iris_interfaces/iris_interfaces/srv/detail/process_manager__rosidl_typesupport_introspection_c.h\n'}
[0.911871] (iris_interfaces) StdoutLine: {'line': b'-- Up-to-date: /home/maddy/iris_test_tool/install/iris_interfaces/include/iris_interfaces/iris_interfaces/srv/detail/reset_wheel_encoders__rosidl_typesupport_introspection_c.h\n'}
[0.912172] (iris_interfaces) StdoutLine: {'line': b'-- Up-to-date: /home/maddy/iris_test_tool/install/iris_interfaces/include/iris_interfaces/iris_interfaces/srv/detail/update_motor_controller_parameters__type_support.c\n'}
[0.913283] (iris_interfaces) StdoutLine: {'line': b'-- Up-to-date: /home/maddy/iris_test_tool/install/iris_interfaces/include/iris_interfaces/iris_interfaces/srv/detail/wifi_discovery__rosidl_typesupport_introspection_c.h\n'}
[0.914037] (iris_interfaces) StdoutLine: {'line': b'-- Up-to-date: /home/maddy/iris_test_tool/install/iris_interfaces/include/iris_interfaces/iris_interfaces/srv/detail/restart_motor_controller__rosidl_typesupport_introspection_c.h\n'}
[0.914342] (iris_interfaces) StdoutLine: {'line': b'-- Up-to-date: /home/maddy/iris_test_tool/install/iris_interfaces/include/iris_interfaces/iris_interfaces/srv/detail/state_manager__rosidl_typesupport_introspection_c.h\n'}
[0.914649] (iris_interfaces) StdoutLine: {'line': b'-- Up-to-date: /home/maddy/iris_test_tool/install/iris_interfaces/include/iris_interfaces/iris_interfaces/srv/detail/a2_command__type_support.c\n'}
[0.915045] (iris_interfaces) StdoutLine: {'line': b'-- Up-to-date: /home/maddy/iris_test_tool/install/iris_interfaces/include/iris_interfaces/iris_interfaces/srv/detail/a2_command__rosidl_typesupport_introspection_c.h\n'}
[0.915210] (iris_interfaces) StdoutLine: {'line': b'-- Up-to-date: /home/maddy/iris_test_tool/install/iris_interfaces/include/iris_interfaces/iris_interfaces/srv/detail/reset_a2_faults__type_support.c\n'}
[0.915370] (iris_interfaces) StdoutLine: {'line': b'-- Up-to-date: /home/maddy/iris_test_tool/install/iris_interfaces/include/iris_interfaces/iris_interfaces/action\n'}
[0.915526] (iris_interfaces) StdoutLine: {'line': b'-- Up-to-date: /home/maddy/iris_test_tool/install/iris_interfaces/include/iris_interfaces/iris_interfaces/action/detail\n'}
[0.915681] (iris_interfaces) StdoutLine: {'line': b'-- Up-to-date: /home/maddy/iris_test_tool/install/iris_interfaces/include/iris_interfaces/iris_interfaces/action/detail/navigate_path_coverage__rosidl_typesupport_introspection_c.h\n'}
[0.915840] (iris_interfaces) StdoutLine: {'line': b'-- Up-to-date: /home/maddy/iris_test_tool/install/iris_interfaces/include/iris_interfaces/iris_interfaces/action/detail/navigate_path_coverage__type_support.c\n'}
[0.915995] (iris_interfaces) StdoutLine: {'line': b'-- Up-to-date: /home/maddy/iris_test_tool/install/iris_interfaces/include/iris_interfaces/iris_interfaces/action/detail/compute_path_coverage__rosidl_typesupport_introspection_c.h\n'}
[0.916149] (iris_interfaces) StdoutLine: {'line': b'-- Up-to-date: /home/maddy/iris_test_tool/install/iris_interfaces/include/iris_interfaces/iris_interfaces/action/detail/compute_path_coverage__type_support.c\n'}
[0.916312] (iris_interfaces) StdoutLine: {'line': b'-- Up-to-date: /home/maddy/iris_test_tool/install/iris_interfaces/include/iris_interfaces/iris_interfaces/action/detail/path_coverage_controller__type_support.c\n'}
[0.916467] (iris_interfaces) StdoutLine: {'line': b'-- Up-to-date: /home/maddy/iris_test_tool/install/iris_interfaces/include/iris_interfaces/iris_interfaces/action/detail/path_coverage_controller__rosidl_typesupport_introspection_c.h\n'}
[0.916620] (iris_interfaces) StdoutLine: {'line': b'-- Up-to-date: /home/maddy/iris_test_tool/install/iris_interfaces/include/iris_interfaces/iris_interfaces/msg\n'}
[0.916774] (iris_interfaces) StdoutLine: {'line': b'-- Up-to-date: /home/maddy/iris_test_tool/install/iris_interfaces/include/iris_interfaces/iris_interfaces/msg/detail\n'}
[0.916925] (iris_interfaces) StdoutLine: {'line': b'-- Up-to-date: /home/maddy/iris_test_tool/install/iris_interfaces/include/iris_interfaces/iris_interfaces/msg/detail/navigation_mode__type_support.c\n'}
[0.917096] (iris_interfaces) StdoutLine: {'line': b'-- Up-to-date: /home/maddy/iris_test_tool/install/iris_interfaces/include/iris_interfaces/iris_interfaces/msg/detail/a2_fault_status__rosidl_typesupport_introspection_c.h\n'}
[0.917279] (iris_interfaces) StdoutLine: {'line': b'-- Up-to-date: /home/maddy/iris_test_tool/install/iris_interfaces/include/iris_interfaces/iris_interfaces/msg/detail/vacuum_faults__rosidl_typesupport_introspection_c.h\n'}
[0.917438] (iris_interfaces) StdoutLine: {'line': b'-- Up-to-date: /home/maddy/iris_test_tool/install/iris_interfaces/include/iris_interfaces/iris_interfaces/msg/detail/follow_path_result__type_support.c\n'}
[0.917621] (iris_interfaces) StdoutLine: {'line': b'-- Up-to-date: /home/maddy/iris_test_tool/install/iris_interfaces/include/iris_interfaces/iris_interfaces/msg/detail/vacuum_status__type_support.c\n'}
[0.917776] (iris_interfaces) StdoutLine: {'line': b'-- Up-to-date: /home/maddy/iris_test_tool/install/iris_interfaces/include/iris_interfaces/iris_interfaces/msg/detail/ota_status__type_support.c\n'}
[0.917932] (iris_interfaces) StdoutLine: {'line': b'-- Up-to-date: /home/maddy/iris_test_tool/install/iris_interfaces/include/iris_interfaces/iris_interfaces/msg/detail/brush_status__rosidl_typesupport_introspection_c.h\n'}
[0.918086] (iris_interfaces) StdoutLine: {'line': b'-- Up-to-date: /home/maddy/iris_test_tool/install/iris_interfaces/include/iris_interfaces/iris_interfaces/msg/detail/sensor_status__type_support.c\n'}
[0.918247] (iris_interfaces) StdoutLine: {'line': b'-- Up-to-date: /home/maddy/iris_test_tool/install/iris_interfaces/include/iris_interfaces/iris_interfaces/msg/detail/water_tank_levels__rosidl_typesupport_introspection_c.h\n'}
[0.918401] (iris_interfaces) StdoutLine: {'line': b'-- Up-to-date: /home/maddy/iris_test_tool/install/iris_interfaces/include/iris_interfaces/iris_interfaces/msg/detail/brush_status__type_support.c\n'}
[0.918554] (iris_interfaces) StdoutLine: {'line': b'-- Up-to-date: /home/maddy/iris_test_tool/install/iris_interfaces/include/iris_interfaces/iris_interfaces/msg/detail/system_software_status__type_support.c\n'}
[0.918724] (iris_interfaces) StdoutLine: {'line': b'-- Up-to-date: /home/maddy/iris_test_tool/install/iris_interfaces/include/iris_interfaces/iris_interfaces/msg/detail/vacuum_status__rosidl_typesupport_introspection_c.h\n'}
[0.918879] (iris_interfaces) StdoutLine: {'line': b'-- Up-to-date: /home/maddy/iris_test_tool/install/iris_interfaces/include/iris_interfaces/iris_interfaces/msg/detail/actuator_status__rosidl_typesupport_introspection_c.h\n'}
[0.919034] (iris_interfaces) StdoutLine: {'line': b'-- Up-to-date: /home/maddy/iris_test_tool/install/iris_interfaces/include/iris_interfaces/iris_interfaces/msg/detail/a5_status__type_support.c\n'}
[0.919210] (iris_interfaces) StdoutLine: {'line': b'-- Up-to-date: /home/maddy/iris_test_tool/install/iris_interfaces/include/iris_interfaces/iris_interfaces/msg/detail/wheel_command_speed__rosidl_typesupport_introspection_c.h\n'}
[0.919362] (iris_interfaces) StdoutLine: {'line': b'-- Up-to-date: /home/maddy/iris_test_tool/install/iris_interfaces/include/iris_interfaces/iris_interfaces/msg/detail/actuator_status__type_support.c\n'}
[0.919514] (iris_interfaces) StdoutLine: {'line': b'-- Up-to-date: /home/maddy/iris_test_tool/install/iris_interfaces/include/iris_interfaces/iris_interfaces/msg/detail/wheel_encoders__type_support.c\n'}
[0.919664] (iris_interfaces) StdoutLine: {'line': b'-- Up-to-date: /home/maddy/iris_test_tool/install/iris_interfaces/include/iris_interfaces/iris_interfaces/msg/detail/mender_client_status__rosidl_typesupport_introspection_c.h\n'}
[0.919818] (iris_interfaces) StdoutLine: {'line': b'-- Up-to-date: /home/maddy/iris_test_tool/install/iris_interfaces/include/iris_interfaces/iris_interfaces/msg/detail/follow_path_result__rosidl_typesupport_introspection_c.h\n'}
[0.919977] (iris_interfaces) StdoutLine: {'line': b'-- Up-to-date: /home/maddy/iris_test_tool/install/iris_interfaces/include/iris_interfaces/iris_interfaces/msg/detail/headband_mode__rosidl_typesupport_introspection_c.h\n'}
[0.920129] (iris_interfaces) StdoutLine: {'line': b'-- Up-to-date: /home/maddy/iris_test_tool/install/iris_interfaces/include/iris_interfaces/iris_interfaces/msg/detail/wheel_encoders__rosidl_typesupport_introspection_c.h\n'}
[0.920284] (iris_interfaces) StdoutLine: {'line': b'-- Up-to-date: /home/maddy/iris_test_tool/install/iris_interfaces/include/iris_interfaces/iris_interfaces/msg/detail/vacuum_faults__type_support.c\n'}
[0.920438] (iris_interfaces) StdoutLine: {'line': b'-- Up-to-date: /home/maddy/iris_test_tool/install/iris_interfaces/include/iris_interfaces/iris_interfaces/msg/detail/motor_controller_status__type_support.c\n'}
[0.920590] (iris_interfaces) StdoutLine: {'line': b'-- Up-to-date: /home/maddy/iris_test_tool/install/iris_interfaces/include/iris_interfaces/iris_interfaces/msg/detail/wheel_command_speed__type_support.c\n'}
[0.920744] (iris_interfaces) StdoutLine: {'line': b'-- Up-to-date: /home/maddy/iris_test_tool/install/iris_interfaces/include/iris_interfaces/iris_interfaces/msg/detail/motor_status__rosidl_typesupport_introspection_c.h\n'}
[0.920894] (iris_interfaces) StdoutLine: {'line': b'-- Up-to-date: /home/maddy/iris_test_tool/install/iris_interfaces/include/iris_interfaces/iris_interfaces/msg/detail/brush_faults__rosidl_typesupport_introspection_c.h\n'}
[0.921048] (iris_interfaces) StdoutLine: {'line': b'-- Up-to-date: /home/maddy/iris_test_tool/install/iris_interfaces/include/iris_interfaces/iris_interfaces/msg/detail/motor_status__type_support.c\n'}
[0.921267] (iris_interfaces) StdoutLine: {'line': b'-- Up-to-date: /home/maddy/iris_test_tool/install/iris_interfaces/include/iris_interfaces/iris_interfaces/msg/detail/sensor_status__rosidl_typesupport_introspection_c.h\n'}
[0.921437] (iris_interfaces) StdoutLine: {'line': b'-- Up-to-date: /home/maddy/iris_test_tool/install/iris_interfaces/include/iris_interfaces/iris_interfaces/msg/detail/led_control__rosidl_typesupport_introspection_c.h\n'}
[0.921593] (iris_interfaces) StdoutLine: {'line': b'-- Up-to-date: /home/maddy/iris_test_tool/install/iris_interfaces/include/iris_interfaces/iris_interfaces/msg/detail/a2_fault_status__type_support.c\n'}
[0.921746] (iris_interfaces) StdoutLine: {'line': b'-- Up-to-date: /home/maddy/iris_test_tool/install/iris_interfaces/include/iris_interfaces/iris_interfaces/msg/detail/led_control__type_support.c\n'}
[0.921897] (iris_interfaces) StdoutLine: {'line': b'-- Up-to-date: /home/maddy/iris_test_tool/install/iris_interfaces/include/iris_interfaces/iris_interfaces/msg/detail/mender_client_status__type_support.c\n'}
[0.922048] (iris_interfaces) StdoutLine: {'line': b'-- Up-to-date: /home/maddy/iris_test_tool/install/iris_interfaces/include/iris_interfaces/iris_interfaces/msg/detail/water_tank_levels__type_support.c\n'}
[0.922198] (iris_interfaces) StdoutLine: {'line': b'-- Up-to-date: /home/maddy/iris_test_tool/install/iris_interfaces/include/iris_interfaces/iris_interfaces/msg/detail/brush_faults__type_support.c\n'}
[0.922392] (iris_interfaces) StdoutLine: {'line': b'-- Up-to-date: /home/maddy/iris_test_tool/install/iris_interfaces/include/iris_interfaces/iris_interfaces/msg/detail/ultrasonic_ranges__rosidl_typesupport_introspection_c.h\n'}
[0.922549] (iris_interfaces) StdoutLine: {'line': b'-- Up-to-date: /home/maddy/iris_test_tool/install/iris_interfaces/include/iris_interfaces/iris_interfaces/msg/detail/headband_mode__type_support.c\n'}
[0.922704] (iris_interfaces) StdoutLine: {'line': b'-- Up-to-date: /home/maddy/iris_test_tool/install/iris_interfaces/include/iris_interfaces/iris_interfaces/msg/detail/a2_command__type_support.c\n'}
[0.922876] (iris_interfaces) StdoutLine: {'line': b'-- Up-to-date: /home/maddy/iris_test_tool/install/iris_interfaces/include/iris_interfaces/iris_interfaces/msg/detail/navigation_mode__rosidl_typesupport_introspection_c.h\n'}
[0.923025] (iris_interfaces) StdoutLine: {'line': b'-- Up-to-date: /home/maddy/iris_test_tool/install/iris_interfaces/include/iris_interfaces/iris_interfaces/msg/detail/a2_functional_status__type_support.c\n'}
[0.923183] (iris_interfaces) StdoutLine: {'line': b'-- Up-to-date: /home/maddy/iris_test_tool/install/iris_interfaces/include/iris_interfaces/iris_interfaces/msg/detail/system_software_status__rosidl_typesupport_introspection_c.h\n'}
[0.923336] (iris_interfaces) StdoutLine: {'line': b'-- Up-to-date: /home/maddy/iris_test_tool/install/iris_interfaces/include/iris_interfaces/iris_interfaces/msg/detail/a2_functional_status__rosidl_typesupport_introspection_c.h\n'}
[0.923485] (iris_interfaces) StdoutLine: {'line': b'-- Up-to-date: /home/maddy/iris_test_tool/install/iris_interfaces/include/iris_interfaces/iris_interfaces/msg/detail/a2_command__rosidl_typesupport_introspection_c.h\n'}
[0.923643] (iris_interfaces) StdoutLine: {'line': b'-- Up-to-date: /home/maddy/iris_test_tool/install/iris_interfaces/include/iris_interfaces/iris_interfaces/msg/detail/ota_status__rosidl_typesupport_introspection_c.h\n'}
[0.923792] (iris_interfaces) StdoutLine: {'line': b'-- Up-to-date: /home/maddy/iris_test_tool/install/iris_interfaces/include/iris_interfaces/iris_interfaces/msg/detail/motor_controller_status__rosidl_typesupport_introspection_c.h\n'}
[0.923946] (iris_interfaces) StdoutLine: {'line': b'-- Up-to-date: /home/maddy/iris_test_tool/install/iris_interfaces/include/iris_interfaces/iris_interfaces/msg/detail/ultrasonic_ranges__type_support.c\n'}
[0.924097] (iris_interfaces) StdoutLine: {'line': b'-- Up-to-date: /home/maddy/iris_test_tool/install/iris_interfaces/include/iris_interfaces/iris_interfaces/msg/detail/a5_status__rosidl_typesupport_introspection_c.h\n'}
[0.924259] (iris_interfaces) StdoutLine: {'line': b'-- Up-to-date: /home/maddy/iris_test_tool/install/iris_interfaces/include/iris_interfaces/iris_interfaces/msg/rosidl_typesupport_introspection_c__visibility_control.h\n'}
[0.924413] (iris_interfaces) StdoutLine: {'line': b'-- Up-to-date: /home/maddy/iris_test_tool/install/iris_interfaces/lib/libiris_interfaces__rosidl_typesupport_introspection_c.so\n'}
[0.924562] (iris_interfaces) StdoutLine: {'line': b'-- Up-to-date: /home/maddy/iris_test_tool/install/iris_interfaces/lib/libiris_interfaces__rosidl_typesupport_c.so\n'}
[0.924715] (iris_interfaces) StdoutLine: {'line': b'-- Up-to-date: /home/maddy/iris_test_tool/install/iris_interfaces/include/iris_interfaces/iris_interfaces\n'}
[0.924869] (iris_interfaces) StdoutLine: {'line': b'-- Up-to-date: /home/maddy/iris_test_tool/install/iris_interfaces/include/iris_interfaces/iris_interfaces/srv\n'}
[0.925021] (iris_interfaces) StdoutLine: {'line': b'-- Up-to-date: /home/maddy/iris_test_tool/install/iris_interfaces/include/iris_interfaces/iris_interfaces/srv/reset_wheel_encoders.hpp\n'}
[0.925214] (iris_interfaces) StdoutLine: {'line': b'-- Up-to-date: /home/maddy/iris_test_tool/install/iris_interfaces/include/iris_interfaces/iris_interfaces/srv/update_motor_controller_parameters.hpp\n'}
[0.925372] (iris_interfaces) StdoutLine: {'line': b'-- Up-to-date: /home/maddy/iris_test_tool/install/iris_interfaces/include/iris_interfaces/iris_interfaces/srv/disconnect_wifi.hpp\n'}
[0.925523] (iris_interfaces) StdoutLine: {'line': b'-- Up-to-date: /home/maddy/iris_test_tool/install/iris_interfaces/include/iris_interfaces/iris_interfaces/srv/restart_motor_controller.hpp\n'}
[0.925676] (iris_interfaces) StdoutLine: {'line': b'-- Up-to-date: /home/maddy/iris_test_tool/install/iris_interfaces/include/iris_interfaces/iris_interfaces/srv/reset_a2_faults.hpp\n'}
[0.925825] (iris_interfaces) StdoutLine: {'line': b'-- Up-to-date: /home/maddy/iris_test_tool/install/iris_interfaces/include/iris_interfaces/iris_interfaces/srv/wifi_discovery.hpp\n'}
[0.925979] (iris_interfaces) StdoutLine: {'line': b'-- Up-to-date: /home/maddy/iris_test_tool/install/iris_interfaces/include/iris_interfaces/iris_interfaces/srv/get_wifi_status.hpp\n'}
[0.926128] (iris_interfaces) StdoutLine: {'line': b'-- Up-to-date: /home/maddy/iris_test_tool/install/iris_interfaces/include/iris_interfaces/iris_interfaces/srv/detail\n'}
[0.926283] (iris_interfaces) StdoutLine: {'line': b'-- Up-to-date: /home/maddy/iris_test_tool/install/iris_interfaces/include/iris_interfaces/iris_interfaces/srv/detail/disconnect_wifi__type_support.hpp\n'}
[0.926446] (iris_interfaces) StdoutLine: {'line': b'-- Up-to-date: /home/maddy/iris_test_tool/install/iris_interfaces/include/iris_interfaces/iris_interfaces/srv/detail/process_manager__struct.hpp\n'}
[0.926604] (iris_interfaces) StdoutLine: {'line': b'-- Up-to-date: /home/maddy/iris_test_tool/install/iris_interfaces/include/iris_interfaces/iris_interfaces/srv/detail/restart_motor_controller__struct.hpp\n'}
[0.926759] (iris_interfaces) StdoutLine: {'line': b'-- Up-to-date: /home/maddy/iris_test_tool/install/iris_interfaces/include/iris_interfaces/iris_interfaces/srv/detail/update_motor_controller_parameters__type_support.hpp\n'}
[0.926915] (iris_interfaces) StdoutLine: {'line': b'-- Up-to-date: /home/maddy/iris_test_tool/install/iris_interfaces/include/iris_interfaces/iris_interfaces/srv/detail/reset_wheel_encoders__builder.hpp\n'}
[0.927064] (iris_interfaces) StdoutLine: {'line': b'-- Up-to-date: /home/maddy/iris_test_tool/install/iris_interfaces/include/iris_interfaces/iris_interfaces/srv/detail/connect_wifi__builder.hpp\n'}
[0.927271] (iris_interfaces) StdoutLine: {'line': b'-- Up-to-date: /home/maddy/iris_test_tool/install/iris_interfaces/include/iris_interfaces/iris_interfaces/srv/detail/update_motor_controller_parameters__struct.hpp\n'}
[0.927424] (iris_interfaces) StdoutLine: {'line': b'-- Up-to-date: /home/maddy/iris_test_tool/install/iris_interfaces/include/iris_interfaces/iris_interfaces/srv/detail/process_manager__traits.hpp\n'}
[0.927589] (iris_interfaces) StdoutLine: {'line': b'-- Up-to-date: /home/maddy/iris_test_tool/install/iris_interfaces/include/iris_interfaces/iris_interfaces/srv/detail/restart_motor_controller__traits.hpp\n'}
[0.927800] (iris_interfaces) StdoutLine: {'line': b'-- Up-to-date: /home/maddy/iris_test_tool/install/iris_interfaces/include/iris_interfaces/iris_interfaces/srv/detail/update_motor_controller_parameters__traits.hpp\n'}
[0.928025] (iris_interfaces) StdoutLine: {'line': b'-- Up-to-date: /home/maddy/iris_test_tool/install/iris_interfaces/include/iris_interfaces/iris_interfaces/srv/detail/update_motor_controller_parameters__builder.hpp\n'}
[0.928188] (iris_interfaces) StdoutLine: {'line': b'-- Up-to-date: /home/maddy/iris_test_tool/install/iris_interfaces/include/iris_interfaces/iris_interfaces/srv/detail/reset_a2_faults__type_support.hpp\n'}
[0.928385] (iris_interfaces) StdoutLine: {'line': b'-- Up-to-date: /home/maddy/iris_test_tool/install/iris_interfaces/include/iris_interfaces/iris_interfaces/srv/detail/update_motor_controller_reference_source__builder.hpp\n'}
[0.928582] (iris_interfaces) StdoutLine: {'line': b'-- Up-to-date: /home/maddy/iris_test_tool/install/iris_interfaces/include/iris_interfaces/iris_interfaces/srv/detail/state_manager__struct.hpp\n'}
[0.928740] (iris_interfaces) StdoutLine: {'line': b'-- Up-to-date: /home/maddy/iris_test_tool/install/iris_interfaces/include/iris_interfaces/iris_interfaces/srv/detail/restart_motor_controller__builder.hpp\n'}
[0.928942] (iris_interfaces) StdoutLine: {'line': b'-- Up-to-date: /home/maddy/iris_test_tool/install/iris_interfaces/include/iris_interfaces/iris_interfaces/srv/detail/disconnect_wifi__struct.hpp\n'}
[0.929142] (iris_interfaces) StdoutLine: {'line': b'-- Up-to-date: /home/maddy/iris_test_tool/install/iris_interfaces/include/iris_interfaces/iris_interfaces/srv/detail/connect_wifi__type_support.hpp\n'}
[0.929327] (iris_interfaces) StdoutLine: {'line': b'-- Up-to-date: /home/maddy/iris_test_tool/install/iris_interfaces/include/iris_interfaces/iris_interfaces/srv/detail/update_motor_controller_reference_source__type_support.hpp\n'}
[0.929530] (iris_interfaces) StdoutLine: {'line': b'-- Up-to-date: /home/maddy/iris_test_tool/install/iris_interfaces/include/iris_interfaces/iris_interfaces/srv/detail/get_wifi_status__builder.hpp\n'}
[0.929706] (iris_interfaces) StdoutLine: {'line': b'-- Up-to-date: /home/maddy/iris_test_tool/install/iris_interfaces/include/iris_interfaces/iris_interfaces/srv/detail/state_manager__type_support.hpp\n'}
[0.929870] (iris_interfaces) StdoutLine: {'line': b'-- Up-to-date: /home/maddy/iris_test_tool/install/iris_interfaces/include/iris_interfaces/iris_interfaces/srv/detail/wifi_discovery__traits.hpp\n'}
[0.930082] (iris_interfaces) StdoutLine: {'line': b'-- Up-to-date: /home/maddy/iris_test_tool/install/iris_interfaces/include/iris_interfaces/iris_interfaces/srv/detail/reset_wheel_encoders__struct.hpp\n'}
[0.930234] (iris_interfaces) StdoutLine: {'line': b'-- Up-to-date: /home/maddy/iris_test_tool/install/iris_interfaces/include/iris_interfaces/iris_interfaces/srv/detail/get_wifi_status__struct.hpp\n'}
[0.930421] (iris_interfaces) StdoutLine: {'line': b'-- Up-to-date: /home/maddy/iris_test_tool/install/iris_interfaces/include/iris_interfaces/iris_interfaces/srv/detail/process_manager__type_support.hpp\n'}
[0.930624] (iris_interfaces) StdoutLine: {'line': b'-- Up-to-date: /home/maddy/iris_test_tool/install/iris_interfaces/include/iris_interfaces/iris_interfaces/srv/detail/a2_command__builder.hpp\n'}
[0.930775] (iris_interfaces) StdoutLine: {'line': b'-- Up-to-date: /home/maddy/iris_test_tool/install/iris_interfaces/include/iris_interfaces/iris_interfaces/srv/detail/wifi_discovery__builder.hpp\n'}
[0.930977] (iris_interfaces) StdoutLine: {'line': b'-- Up-to-date: /home/maddy/iris_test_tool/install/iris_interfaces/include/iris_interfaces/iris_interfaces/srv/detail/restart_motor_controller__type_support.hpp\n'}
[0.931174] (iris_interfaces) StdoutLine: {'line': b'-- Up-to-date: /home/maddy/iris_test_tool/install/iris_interfaces/include/iris_interfaces/iris_interfaces/srv/detail/disconnect_wifi__traits.hpp\n'}
[0.931334] (iris_interfaces) StdoutLine: {'line': b'-- Up-to-date: /home/maddy/iris_test_tool/install/iris_interfaces/include/iris_interfaces/iris_interfaces/srv/detail/disconnect_wifi__builder.hpp\n'}
[0.931537] (iris_interfaces) StdoutLine: {'line': b'-- Up-to-date: /home/maddy/iris_test_tool/install/iris_interfaces/include/iris_interfaces/iris_interfaces/srv/detail/connect_wifi__struct.hpp\n'}
[0.931737] (iris_interfaces) StdoutLine: {'line': b'-- Up-to-date: /home/maddy/iris_test_tool/install/iris_interfaces/include/iris_interfaces/iris_interfaces/srv/detail/get_wifi_status__traits.hpp\n'}
[0.931900] (iris_interfaces) StdoutLine: {'line': b'-- Up-to-date: /home/maddy/iris_test_tool/install/iris_interfaces/include/iris_interfaces/iris_interfaces/srv/detail/process_manager__builder.hpp\n'}
[0.932120] (iris_interfaces) StdoutLine: {'line': b'-- Up-to-date: /home/maddy/iris_test_tool/install/iris_interfaces/include/iris_interfaces/iris_interfaces/srv/detail/reset_a2_faults__struct.hpp\n'}
[0.932258] (iris_interfaces) StdoutLine: {'line': b'-- Up-to-date: /home/maddy/iris_test_tool/install/iris_interfaces/include/iris_interfaces/iris_interfaces/srv/detail/reset_wheel_encoders__traits.hpp\n'}
[0.932461] (iris_interfaces) StdoutLine: {'line': b'-- Up-to-date: /home/maddy/iris_test_tool/install/iris_interfaces/include/iris_interfaces/iris_interfaces/srv/detail/update_motor_controller_reference_source__traits.hpp\n'}
[0.932620] (iris_interfaces) StdoutLine: {'line': b'-- Up-to-date: /home/maddy/iris_test_tool/install/iris_interfaces/include/iris_interfaces/iris_interfaces/srv/detail/get_wifi_status__type_support.hpp\n'}
[0.932798] (iris_interfaces) StdoutLine: {'line': b'-- Up-to-date: /home/maddy/iris_test_tool/install/iris_interfaces/include/iris_interfaces/iris_interfaces/srv/detail/reset_wheel_encoders__type_support.hpp\n'}
[0.933001] (iris_interfaces) StdoutLine: {'line': b'-- Up-to-date: /home/maddy/iris_test_tool/install/iris_interfaces/include/iris_interfaces/iris_interfaces/srv/detail/a2_command__type_support.hpp\n'}
[0.933216] (iris_interfaces) StdoutLine: {'line': b'-- Up-to-date: /home/maddy/iris_test_tool/install/iris_interfaces/include/iris_interfaces/iris_interfaces/srv/detail/connect_wifi__traits.hpp\n'}
[0.933413] (iris_interfaces) StdoutLine: {'line': b'-- Up-to-date: /home/maddy/iris_test_tool/install/iris_interfaces/include/iris_interfaces/iris_interfaces/srv/detail/state_manager__traits.hpp\n'}
[0.933620] (iris_interfaces) StdoutLine: {'line': b'-- Up-to-date: /home/maddy/iris_test_tool/install/iris_interfaces/include/iris_interfaces/iris_interfaces/srv/detail/state_manager__builder.hpp\n'}
[0.933763] (iris_interfaces) StdoutLine: {'line': b'-- Up-to-date: /home/maddy/iris_test_tool/install/iris_interfaces/include/iris_interfaces/iris_interfaces/srv/detail/reset_a2_faults__builder.hpp\n'}
[0.933965] (iris_interfaces) StdoutLine: {'line': b'-- Up-to-date: /home/maddy/iris_test_tool/install/iris_interfaces/include/iris_interfaces/iris_interfaces/srv/detail/a2_command__traits.hpp\n'}
[0.934132] (iris_interfaces) StdoutLine: {'line': b'-- Up-to-date: /home/maddy/iris_test_tool/install/iris_interfaces/include/iris_interfaces/iris_interfaces/srv/detail/a2_command__struct.hpp\n'}
[0.934300] (iris_interfaces) StdoutLine: {'line': b'-- Up-to-date: /home/maddy/iris_test_tool/install/iris_interfaces/include/iris_interfaces/iris_interfaces/srv/detail/reset_a2_faults__traits.hpp\n'}
[0.934506] (iris_interfaces) StdoutLine: {'line': b'-- Up-to-date: /home/maddy/iris_test_tool/install/iris_interfaces/include/iris_interfaces/iris_interfaces/srv/detail/wifi_discovery__type_support.hpp\n'}
[0.934660] (iris_interfaces) StdoutLine: {'line': b'-- Up-to-date: /home/maddy/iris_test_tool/install/iris_interfaces/include/iris_interfaces/iris_interfaces/srv/detail/update_motor_controller_reference_source__struct.hpp\n'}
[0.934858] (iris_interfaces) StdoutLine: {'line': b'-- Up-to-date: /home/maddy/iris_test_tool/install/iris_interfaces/include/iris_interfaces/iris_interfaces/srv/detail/wifi_discovery__struct.hpp\n'}
[0.935059] (iris_interfaces) StdoutLine: {'line': b'-- Up-to-date: /home/maddy/iris_test_tool/install/iris_interfaces/include/iris_interfaces/iris_interfaces/srv/process_manager.hpp\n'}
[0.935209] (iris_interfaces) StdoutLine: {'line': b'-- Up-to-date: /home/maddy/iris_test_tool/install/iris_interfaces/include/iris_interfaces/iris_interfaces/srv/state_manager.hpp\n'}
[0.935402] (iris_interfaces) StdoutLine: {'line': b'-- Up-to-date: /home/maddy/iris_test_tool/install/iris_interfaces/include/iris_interfaces/iris_interfaces/srv/connect_wifi.hpp\n'}
[0.935515] (iris_interfaces) StdoutLine: {'line': b'-- Up-to-date: /home/maddy/iris_test_tool/install/iris_interfaces/include/iris_interfaces/iris_interfaces/srv/a2_command.hpp\n'}
[0.935621] (iris_interfaces) StdoutLine: {'line': b'-- Up-to-date: /home/maddy/iris_test_tool/install/iris_interfaces/include/iris_interfaces/iris_interfaces/srv/update_motor_controller_reference_source.hpp\n'}
[0.935727] (iris_interfaces) StdoutLine: {'line': b'-- Up-to-date: /home/maddy/iris_test_tool/install/iris_interfaces/include/iris_interfaces/iris_interfaces/action\n'}
[0.935833] (iris_interfaces) StdoutLine: {'line': b'-- Up-to-date: /home/maddy/iris_test_tool/install/iris_interfaces/include/iris_interfaces/iris_interfaces/action/path_coverage_controller.hpp\n'}
[0.935938] (iris_interfaces) StdoutLine: {'line': b'-- Up-to-date: /home/maddy/iris_test_tool/install/iris_interfaces/include/iris_interfaces/iris_interfaces/action/compute_path_coverage.hpp\n'}
[0.936047] (iris_interfaces) StdoutLine: {'line': b'-- Up-to-date: /home/maddy/iris_test_tool/install/iris_interfaces/include/iris_interfaces/iris_interfaces/action/navigate_path_coverage.hpp\n'}
[0.936152] (iris_interfaces) StdoutLine: {'line': b'-- Up-to-date: /home/maddy/iris_test_tool/install/iris_interfaces/include/iris_interfaces/iris_interfaces/action/detail\n'}
[0.936257] (iris_interfaces) StdoutLine: {'line': b'-- Up-to-date: /home/maddy/iris_test_tool/install/iris_interfaces/include/iris_interfaces/iris_interfaces/action/detail/path_coverage_controller__struct.hpp\n'}
[0.936370] (iris_interfaces) StdoutLine: {'line': b'-- Up-to-date: /home/maddy/iris_test_tool/install/iris_interfaces/include/iris_interfaces/iris_interfaces/action/detail/compute_path_coverage__type_support.hpp\n'}
[0.936477] (iris_interfaces) StdoutLine: {'line': b'-- Up-to-date: /home/maddy/iris_test_tool/install/iris_interfaces/include/iris_interfaces/iris_interfaces/action/detail/navigate_path_coverage__builder.hpp\n'}
[0.936712] (iris_interfaces) StdoutLine: {'line': b'-- Up-to-date: /home/maddy/iris_test_tool/install/iris_interfaces/include/iris_interfaces/iris_interfaces/action/detail/compute_path_coverage__traits.hpp\n'}
[0.936877] (iris_interfaces) StdoutLine: {'line': b'-- Up-to-date: /home/maddy/iris_test_tool/install/iris_interfaces/include/iris_interfaces/iris_interfaces/action/detail/path_coverage_controller__traits.hpp\n'}
[0.936989] (iris_interfaces) StdoutLine: {'line': b'-- Up-to-date: /home/maddy/iris_test_tool/install/iris_interfaces/include/iris_interfaces/iris_interfaces/action/detail/navigate_path_coverage__struct.hpp\n'}
[0.937136] (iris_interfaces) StdoutLine: {'line': b'-- Up-to-date: /home/maddy/iris_test_tool/install/iris_interfaces/include/iris_interfaces/iris_interfaces/action/detail/path_coverage_controller__type_support.hpp\n'}
[0.937366] (iris_interfaces) StdoutLine: {'line': b'-- Up-to-date: /home/maddy/iris_test_tool/install/iris_interfaces/include/iris_interfaces/iris_interfaces/action/detail/navigate_path_coverage__type_support.hpp\n'}
[0.937573] (iris_interfaces) StdoutLine: {'line': b'-- Up-to-date: /home/maddy/iris_test_tool/install/iris_interfaces/include/iris_interfaces/iris_interfaces/action/detail/navigate_path_coverage__traits.hpp\n'}
[0.937765] (iris_interfaces) StdoutLine: {'line': b'-- Up-to-date: /home/maddy/iris_test_tool/install/iris_interfaces/include/iris_interfaces/iris_interfaces/action/detail/compute_path_coverage__builder.hpp\n'}
[0.937967] (iris_interfaces) StdoutLine: {'line': b'-- Up-to-date: /home/maddy/iris_test_tool/install/iris_interfaces/include/iris_interfaces/iris_interfaces/action/detail/path_coverage_controller__builder.hpp\n'}
[0.938139] (iris_interfaces) StdoutLine: {'line': b'-- Up-to-date: /home/maddy/iris_test_tool/install/iris_interfaces/include/iris_interfaces/iris_interfaces/action/detail/compute_path_coverage__struct.hpp\n'}
[0.938329] (iris_interfaces) StdoutLine: {'line': b'-- Up-to-date: /home/maddy/iris_test_tool/install/iris_interfaces/include/iris_interfaces/iris_interfaces/msg\n'}
[0.938496] (iris_interfaces) StdoutLine: {'line': b'-- Up-to-date: /home/maddy/iris_test_tool/install/iris_interfaces/include/iris_interfaces/iris_interfaces/msg/motor_controller_status.hpp\n'}
[0.938673] (iris_interfaces) StdoutLine: {'line': b'-- Up-to-date: /home/maddy/iris_test_tool/install/iris_interfaces/include/iris_interfaces/iris_interfaces/msg/wheel_command_speed.hpp\n'}
[0.938862] (iris_interfaces) StdoutLine: {'line': b'-- Up-to-date: /home/maddy/iris_test_tool/install/iris_interfaces/include/iris_interfaces/iris_interfaces/msg/follow_path_result.hpp\n'}
[0.939075] (iris_interfaces) StdoutLine: {'line': b'-- Up-to-date: /home/maddy/iris_test_tool/install/iris_interfaces/include/iris_interfaces/iris_interfaces/msg/vacuum_status.hpp\n'}
[0.939259] (iris_interfaces) StdoutLine: {'line': b'-- Up-to-date: /home/maddy/iris_test_tool/install/iris_interfaces/include/iris_interfaces/iris_interfaces/msg/actuator_status.hpp\n'}
[0.939445] (iris_interfaces) StdoutLine: {'line': b'-- Up-to-date: /home/maddy/iris_test_tool/install/iris_interfaces/include/iris_interfaces/iris_interfaces/msg/ota_status.hpp\n'}
[0.939623] (iris_interfaces) StdoutLine: {'line': b'-- Up-to-date: /home/maddy/iris_test_tool/install/iris_interfaces/include/iris_interfaces/iris_interfaces/msg/brush_status.hpp\n'}
[0.939821] (iris_interfaces) StdoutLine: {'line': b'-- Up-to-date: /home/maddy/iris_test_tool/install/iris_interfaces/include/iris_interfaces/iris_interfaces/msg/vacuum_faults.hpp\n'}
[0.940021] (iris_interfaces) StdoutLine: {'line': b'-- Up-to-date: /home/maddy/iris_test_tool/install/iris_interfaces/include/iris_interfaces/iris_interfaces/msg/ultrasonic_ranges.hpp\n'}
[0.940134] (iris_interfaces) StdoutLine: {'line': b'-- Up-to-date: /home/maddy/iris_test_tool/install/iris_interfaces/include/iris_interfaces/iris_interfaces/msg/detail\n'}
[0.940240] (iris_interfaces) StdoutLine: {'line': b'-- Up-to-date: /home/maddy/iris_test_tool/install/iris_interfaces/include/iris_interfaces/iris_interfaces/msg/detail/mender_client_status__type_support.hpp\n'}
[0.940347] (iris_interfaces) StdoutLine: {'line': b'-- Up-to-date: /home/maddy/iris_test_tool/install/iris_interfaces/include/iris_interfaces/iris_interfaces/msg/detail/sensor_status__builder.hpp\n'}
[0.940452] (iris_interfaces) StdoutLine: {'line': b'-- Up-to-date: /home/maddy/iris_test_tool/install/iris_interfaces/include/iris_interfaces/iris_interfaces/msg/detail/a2_fault_status__struct.hpp\n'}
[0.940557] (iris_interfaces) StdoutLine: {'line': b'-- Up-to-date: /home/maddy/iris_test_tool/install/iris_interfaces/include/iris_interfaces/iris_interfaces/msg/detail/a5_status__builder.hpp\n'}
[0.940662] (iris_interfaces) StdoutLine: {'line': b'-- Up-to-date: /home/maddy/iris_test_tool/install/iris_interfaces/include/iris_interfaces/iris_interfaces/msg/detail/brush_faults__struct.hpp\n'}
[0.940780] (iris_interfaces) StdoutLine: {'line': b'-- Up-to-date: /home/maddy/iris_test_tool/install/iris_interfaces/include/iris_interfaces/iris_interfaces/msg/detail/navigation_mode__builder.hpp\n'}
[0.940886] (iris_interfaces) StdoutLine: {'line': b'-- Up-to-date: /home/maddy/iris_test_tool/install/iris_interfaces/include/iris_interfaces/iris_interfaces/msg/detail/a2_functional_status__traits.hpp\n'}
[0.940996] (iris_interfaces) StdoutLine: {'line': b'-- Up-to-date: /home/maddy/iris_test_tool/install/iris_interfaces/include/iris_interfaces/iris_interfaces/msg/detail/vacuum_status__struct.hpp\n'}
[0.941166] (iris_interfaces) StdoutLine: {'line': b'-- Up-to-date: /home/maddy/iris_test_tool/install/iris_interfaces/include/iris_interfaces/iris_interfaces/msg/detail/ultrasonic_ranges__struct.hpp\n'}
[0.941410] (iris_interfaces) StdoutLine: {'line': b'-- Up-to-date: /home/maddy/iris_test_tool/install/iris_interfaces/include/iris_interfaces/iris_interfaces/msg/detail/follow_path_result__builder.hpp\n'}
[0.941614] (iris_interfaces) StdoutLine: {'line': b'-- Up-to-date: /home/maddy/iris_test_tool/install/iris_interfaces/include/iris_interfaces/iris_interfaces/msg/detail/vacuum_status__traits.hpp\n'}
[0.941883] (iris_interfaces) StdoutLine: {'line': b'-- Up-to-date: /home/maddy/iris_test_tool/install/iris_interfaces/include/iris_interfaces/iris_interfaces/msg/detail/a2_functional_status__type_support.hpp\n'}
[0.942097] (iris_interfaces) StdoutLine: {'line': b'-- Up-to-date: /home/maddy/iris_test_tool/install/iris_interfaces/include/iris_interfaces/iris_interfaces/msg/detail/navigation_mode__struct.hpp\n'}
[0.942309] (iris_interfaces) StdoutLine: {'line': b'-- Up-to-date: /home/maddy/iris_test_tool/install/iris_interfaces/include/iris_interfaces/iris_interfaces/msg/detail/motor_controller_status__struct.hpp\n'}
[0.942493] (iris_interfaces) StdoutLine: {'line': b'-- Up-to-date: /home/maddy/iris_test_tool/install/iris_interfaces/include/iris_interfaces/iris_interfaces/msg/detail/ota_status__type_support.hpp\n'}
[0.942662] (iris_interfaces) StdoutLine: {'line': b'-- Up-to-date: /home/maddy/iris_test_tool/install/iris_interfaces/include/iris_interfaces/iris_interfaces/msg/detail/system_software_status__traits.hpp\n'}
[0.942831] (iris_interfaces) StdoutLine: {'line': b'-- Up-to-date: /home/maddy/iris_test_tool/install/iris_interfaces/include/iris_interfaces/iris_interfaces/msg/detail/ota_status__struct.hpp\n'}
[0.943035] (iris_interfaces) StdoutLine: {'line': b'-- Up-to-date: /home/maddy/iris_test_tool/install/iris_interfaces/include/iris_interfaces/iris_interfaces/msg/detail/ultrasonic_ranges__builder.hpp\n'}
[0.943280] (iris_interfaces) StdoutLine: {'line': b'-- Up-to-date: /home/maddy/iris_test_tool/install/iris_interfaces/include/iris_interfaces/iris_interfaces/msg/detail/headband_mode__builder.hpp\n'}
[0.943520] (iris_interfaces) StdoutLine: {'line': b'-- Up-to-date: /home/maddy/iris_test_tool/install/iris_interfaces/include/iris_interfaces/iris_interfaces/msg/detail/brush_status__struct.hpp\n'}
[0.943708] (iris_interfaces) StdoutLine: {'line': b'-- Up-to-date: /home/maddy/iris_test_tool/install/iris_interfaces/include/iris_interfaces/iris_interfaces/msg/detail/ultrasonic_ranges__type_support.hpp\n'}
[0.943909] (iris_interfaces) StdoutLine: {'line': b'-- Up-to-date: /home/maddy/iris_test_tool/install/iris_interfaces/include/iris_interfaces/iris_interfaces/msg/detail/system_software_status__type_support.hpp\n'}
[0.944119] (iris_interfaces) StdoutLine: {'line': b'-- Up-to-date: /home/maddy/iris_test_tool/install/iris_interfaces/include/iris_interfaces/iris_interfaces/msg/detail/follow_path_result__struct.hpp\n'}
[0.944320] (iris_interfaces) StdoutLine: {'line': b'-- Up-to-date: /home/maddy/iris_test_tool/install/iris_interfaces/include/iris_interfaces/iris_interfaces/msg/detail/wheel_command_speed__type_support.hpp\n'}
[0.944519] (iris_interfaces) StdoutLine: {'line': b'-- Up-to-date: /home/maddy/iris_test_tool/install/iris_interfaces/include/iris_interfaces/iris_interfaces/msg/detail/wheel_command_speed__struct.hpp\n'}
[0.944717] (iris_interfaces) StdoutLine: {'line': b'-- Up-to-date: /home/maddy/iris_test_tool/install/iris_interfaces/include/iris_interfaces/iris_interfaces/msg/detail/navigation_mode__traits.hpp\n'}
[0.944906] (iris_interfaces) StdoutLine: {'line': b'-- Up-to-date: /home/maddy/iris_test_tool/install/iris_interfaces/include/iris_interfaces/iris_interfaces/msg/detail/mender_client_status__builder.hpp\n'}
[0.945133] (iris_interfaces) StdoutLine: {'line': b'-- Up-to-date: /home/maddy/iris_test_tool/install/iris_interfaces/include/iris_interfaces/iris_interfaces/msg/detail/water_tank_levels__traits.hpp\n'}
[0.945372] (iris_interfaces) StdoutLine: {'line': b'-- Up-to-date: /home/maddy/iris_test_tool/install/iris_interfaces/include/iris_interfaces/iris_interfaces/msg/detail/actuator_status__builder.hpp\n'}
[0.945581] (iris_interfaces) StdoutLine: {'line': b'-- Up-to-date: /home/maddy/iris_test_tool/install/iris_interfaces/include/iris_interfaces/iris_interfaces/msg/detail/system_software_status__struct.hpp\n'}
[0.945784] (iris_interfaces) StdoutLine: {'line': b'-- Up-to-date: /home/maddy/iris_test_tool/install/iris_interfaces/include/iris_interfaces/iris_interfaces/msg/detail/wheel_command_speed__builder.hpp\n'}
[0.946002] (iris_interfaces) StdoutLine: {'line': b'-- Up-to-date: /home/maddy/iris_test_tool/install/iris_interfaces/include/iris_interfaces/iris_interfaces/msg/detail/led_control__traits.hpp\n'}
[0.946128] (iris_interfaces) StdoutLine: {'line': b'-- Up-to-date: /home/maddy/iris_test_tool/install/iris_interfaces/include/iris_interfaces/iris_interfaces/msg/detail/wheel_encoders__builder.hpp\n'}
[0.946236] (iris_interfaces) StdoutLine: {'line': b'-- Up-to-date: /home/maddy/iris_test_tool/install/iris_interfaces/include/iris_interfaces/iris_interfaces/msg/detail/mender_client_status__struct.hpp\n'}
[0.946343] (iris_interfaces) StdoutLine: {'line': b'-- Up-to-date: /home/maddy/iris_test_tool/install/iris_interfaces/include/iris_interfaces/iris_interfaces/msg/detail/sensor_status__struct.hpp\n'}
[0.946449] (iris_interfaces) StdoutLine: {'line': b'-- Up-to-date: /home/maddy/iris_test_tool/install/iris_interfaces/include/iris_interfaces/iris_interfaces/msg/detail/a2_fault_status__builder.hpp\n'}
[0.946555] (iris_interfaces) StdoutLine: {'line': b'-- Up-to-date: /home/maddy/iris_test_tool/install/iris_interfaces/include/iris_interfaces/iris_interfaces/msg/detail/vacuum_faults__struct.hpp\n'}
[0.946675] (iris_interfaces) StdoutLine: {'line': b'-- Up-to-date: /home/maddy/iris_test_tool/install/iris_interfaces/include/iris_interfaces/iris_interfaces/msg/detail/ultrasonic_ranges__traits.hpp\n'}
[0.946780] (iris_interfaces) StdoutLine: {'line': b'-- Up-to-date: /home/maddy/iris_test_tool/install/iris_interfaces/include/iris_interfaces/iris_interfaces/msg/detail/headband_mode__traits.hpp\n'}
[0.946920] (iris_interfaces) StdoutLine: {'line': b'-- Up-to-date: /home/maddy/iris_test_tool/install/iris_interfaces/include/iris_interfaces/iris_interfaces/msg/detail/brush_faults__builder.hpp\n'}
[0.947026] (iris_interfaces) StdoutLine: {'line': b'-- Up-to-date: /home/maddy/iris_test_tool/install/iris_interfaces/include/iris_interfaces/iris_interfaces/msg/detail/a5_status__type_support.hpp\n'}
[0.947132] (iris_interfaces) StdoutLine: {'line': b'-- Up-to-date: /home/maddy/iris_test_tool/install/iris_interfaces/include/iris_interfaces/iris_interfaces/msg/detail/vacuum_faults__traits.hpp\n'}
[0.947238] (iris_interfaces) StdoutLine: {'line': b'-- Up-to-date: /home/maddy/iris_test_tool/install/iris_interfaces/include/iris_interfaces/iris_interfaces/msg/detail/a2_command__builder.hpp\n'}
[0.947343] (iris_interfaces) StdoutLine: {'line': b'-- Up-to-date: /home/maddy/iris_test_tool/install/iris_interfaces/include/iris_interfaces/iris_interfaces/msg/detail/headband_mode__struct.hpp\n'}
[0.947447] (iris_interfaces) StdoutLine: {'line': b'-- Up-to-date: /home/maddy/iris_test_tool/install/iris_interfaces/include/iris_interfaces/iris_interfaces/msg/detail/water_tank_levels__struct.hpp\n'}
[0.947552] (iris_interfaces) StdoutLine: {'line': b'-- Up-to-date: /home/maddy/iris_test_tool/install/iris_interfaces/include/iris_interfaces/iris_interfaces/msg/detail/led_control__builder.hpp\n'}
[0.947658] (iris_interfaces) StdoutLine: {'line': b'-- Up-to-date: /home/maddy/iris_test_tool/install/iris_interfaces/include/iris_interfaces/iris_interfaces/msg/detail/follow_path_result__traits.hpp\n'}
[0.947763] (iris_interfaces) StdoutLine: {'line': b'-- Up-to-date: /home/maddy/iris_test_tool/install/iris_interfaces/include/iris_interfaces/iris_interfaces/msg/detail/motor_controller_status__traits.hpp\n'}
[0.947875] (iris_interfaces) StdoutLine: {'line': b'-- Up-to-date: /home/maddy/iris_test_tool/install/iris_interfaces/include/iris_interfaces/iris_interfaces/msg/detail/brush_status__type_support.hpp\n'}
[0.947981] (iris_interfaces) StdoutLine: {'line': b'-- Up-to-date: /home/maddy/iris_test_tool/install/iris_interfaces/include/iris_interfaces/iris_interfaces/msg/detail/actuator_status__struct.hpp\n'}
[0.948086] (iris_interfaces) StdoutLine: {'line': b'-- Up-to-date: /home/maddy/iris_test_tool/install/iris_interfaces/include/iris_interfaces/iris_interfaces/msg/detail/actuator_status__traits.hpp\n'}
[0.948191] (iris_interfaces) StdoutLine: {'line': b'-- Up-to-date: /home/maddy/iris_test_tool/install/iris_interfaces/include/iris_interfaces/iris_interfaces/msg/detail/brush_faults__type_support.hpp\n'}
[0.948295] (iris_interfaces) StdoutLine: {'line': b'-- Up-to-date: /home/maddy/iris_test_tool/install/iris_interfaces/include/iris_interfaces/iris_interfaces/msg/detail/a2_functional_status__builder.hpp\n'}
[0.948400] (iris_interfaces) StdoutLine: {'line': b'-- Up-to-date: /home/maddy/iris_test_tool/install/iris_interfaces/include/iris_interfaces/iris_interfaces/msg/detail/a5_status__traits.hpp\n'}
[0.948504] (iris_interfaces) StdoutLine: {'line': b'-- Up-to-date: /home/maddy/iris_test_tool/install/iris_interfaces/include/iris_interfaces/iris_interfaces/msg/detail/vacuum_faults__type_support.hpp\n'}
[0.948612] (iris_interfaces) StdoutLine: {'line': b'-- Up-to-date: /home/maddy/iris_test_tool/install/iris_interfaces/include/iris_interfaces/iris_interfaces/msg/detail/motor_controller_status__type_support.hpp\n'}
[0.948718] (iris_interfaces) StdoutLine: {'line': b'-- Up-to-date: /home/maddy/iris_test_tool/install/iris_interfaces/include/iris_interfaces/iris_interfaces/msg/detail/vacuum_status__builder.hpp\n'}
[0.948828] (iris_interfaces) StdoutLine: {'line': b'-- Up-to-date: /home/maddy/iris_test_tool/install/iris_interfaces/include/iris_interfaces/iris_interfaces/msg/detail/mender_client_status__traits.hpp\n'}
[0.948933] (iris_interfaces) StdoutLine: {'line': b'-- Up-to-date: /home/maddy/iris_test_tool/install/iris_interfaces/include/iris_interfaces/iris_interfaces/msg/detail/a2_fault_status__type_support.hpp\n'}
[0.949037] (iris_interfaces) StdoutLine: {'line': b'-- Up-to-date: /home/maddy/iris_test_tool/install/iris_interfaces/include/iris_interfaces/iris_interfaces/msg/detail/system_software_status__builder.hpp\n'}
[0.949253] (iris_interfaces) StdoutLine: {'line': b'-- Up-to-date: /home/maddy/iris_test_tool/install/iris_interfaces/include/iris_interfaces/iris_interfaces/msg/detail/wheel_encoders__struct.hpp\n'}
[0.949381] (iris_interfaces) StdoutLine: {'line': b'-- Up-to-date: /home/maddy/iris_test_tool/install/iris_interfaces/include/iris_interfaces/iris_interfaces/msg/detail/water_tank_levels__builder.hpp\n'}
[0.949487] (iris_interfaces) StdoutLine: {'line': b'-- Up-to-date: /home/maddy/iris_test_tool/install/iris_interfaces/include/iris_interfaces/iris_interfaces/msg/detail/motor_status__builder.hpp\n'}
[0.949592] (iris_interfaces) StdoutLine: {'line': b'-- Up-to-date: /home/maddy/iris_test_tool/install/iris_interfaces/include/iris_interfaces/iris_interfaces/msg/detail/sensor_status__traits.hpp\n'}
[0.949697] (iris_interfaces) StdoutLine: {'line': b'-- Up-to-date: /home/maddy/iris_test_tool/install/iris_interfaces/include/iris_interfaces/iris_interfaces/msg/detail/sensor_status__type_support.hpp\n'}
[0.949816] (iris_interfaces) StdoutLine: {'line': b'-- Up-to-date: /home/maddy/iris_test_tool/install/iris_interfaces/include/iris_interfaces/iris_interfaces/msg/detail/brush_status__traits.hpp\n'}
[0.949920] (iris_interfaces) StdoutLine: {'line': b'-- Up-to-date: /home/maddy/iris_test_tool/install/iris_interfaces/include/iris_interfaces/iris_interfaces/msg/detail/a2_fault_status__traits.hpp\n'}
[0.950025] (iris_interfaces) StdoutLine: {'line': b'-- Up-to-date: /home/maddy/iris_test_tool/install/iris_interfaces/include/iris_interfaces/iris_interfaces/msg/detail/wheel_encoders__type_support.hpp\n'}
[0.950130] (iris_interfaces) StdoutLine: {'line': b'-- Up-to-date: /home/maddy/iris_test_tool/install/iris_interfaces/include/iris_interfaces/iris_interfaces/msg/detail/brush_status__builder.hpp\n'}
[0.950243] (iris_interfaces) StdoutLine: {'line': b'-- Up-to-date: /home/maddy/iris_test_tool/install/iris_interfaces/include/iris_interfaces/iris_interfaces/msg/detail/vacuum_faults__builder.hpp\n'}
[0.950348] (iris_interfaces) StdoutLine: {'line': b'-- Up-to-date: /home/maddy/iris_test_tool/install/iris_interfaces/include/iris_interfaces/iris_interfaces/msg/detail/ota_status__traits.hpp\n'}
[0.950456] (iris_interfaces) StdoutLine: {'line': b'-- Up-to-date: /home/maddy/iris_test_tool/install/iris_interfaces/include/iris_interfaces/iris_interfaces/msg/detail/motor_status__traits.hpp\n'}
[0.950560] (iris_interfaces) StdoutLine: {'line': b'-- Up-to-date: /home/maddy/iris_test_tool/install/iris_interfaces/include/iris_interfaces/iris_interfaces/msg/detail/led_control__type_support.hpp\n'}
[0.950665] (iris_interfaces) StdoutLine: {'line': b'-- Up-to-date: /home/maddy/iris_test_tool/install/iris_interfaces/include/iris_interfaces/iris_interfaces/msg/detail/a2_command__type_support.hpp\n'}
[0.950769] (iris_interfaces) StdoutLine: {'line': b'-- Up-to-date: /home/maddy/iris_test_tool/install/iris_interfaces/include/iris_interfaces/iris_interfaces/msg/detail/a5_status__struct.hpp\n'}
[0.950873] (iris_interfaces) StdoutLine: {'line': b'-- Up-to-date: /home/maddy/iris_test_tool/install/iris_interfaces/include/iris_interfaces/iris_interfaces/msg/detail/led_control__struct.hpp\n'}
[0.950978] (iris_interfaces) StdoutLine: {'line': b'-- Up-to-date: /home/maddy/iris_test_tool/install/iris_interfaces/include/iris_interfaces/iris_interfaces/msg/detail/ota_status__builder.hpp\n'}
[0.951082] (iris_interfaces) StdoutLine: {'line': b'-- Up-to-date: /home/maddy/iris_test_tool/install/iris_interfaces/include/iris_interfaces/iris_interfaces/msg/detail/motor_status__struct.hpp\n'}
[0.951186] (iris_interfaces) StdoutLine: {'line': b'-- Up-to-date: /home/maddy/iris_test_tool/install/iris_interfaces/include/iris_interfaces/iris_interfaces/msg/detail/actuator_status__type_support.hpp\n'}
[0.951291] (iris_interfaces) StdoutLine: {'line': b'-- Up-to-date: /home/maddy/iris_test_tool/install/iris_interfaces/include/iris_interfaces/iris_interfaces/msg/detail/wheel_encoders__traits.hpp\n'}
[0.951396] (iris_interfaces) StdoutLine: {'line': b'-- Up-to-date: /home/maddy/iris_test_tool/install/iris_interfaces/include/iris_interfaces/iris_interfaces/msg/detail/a2_functional_status__struct.hpp\n'}
[0.951500] (iris_interfaces) StdoutLine: {'line': b'-- Up-to-date: /home/maddy/iris_test_tool/install/iris_interfaces/include/iris_interfaces/iris_interfaces/msg/detail/vacuum_status__type_support.hpp\n'}
[0.951605] (iris_interfaces) StdoutLine: {'line': b'-- Up-to-date: /home/maddy/iris_test_tool/install/iris_interfaces/include/iris_interfaces/iris_interfaces/msg/detail/a2_command__traits.hpp\n'}
[0.951709] (iris_interfaces) StdoutLine: {'line': b'-- Up-to-date: /home/maddy/iris_test_tool/install/iris_interfaces/include/iris_interfaces/iris_interfaces/msg/detail/motor_status__type_support.hpp\n'}
[0.951819] (iris_interfaces) StdoutLine: {'line': b'-- Up-to-date: /home/maddy/iris_test_tool/install/iris_interfaces/include/iris_interfaces/iris_interfaces/msg/detail/follow_path_result__type_support.hpp\n'}
[0.951956] (iris_interfaces) StdoutLine: {'line': b'-- Up-to-date: /home/maddy/iris_test_tool/install/iris_interfaces/include/iris_interfaces/iris_interfaces/msg/detail/wheel_command_speed__traits.hpp\n'}
[0.952062] (iris_interfaces) StdoutLine: {'line': b'-- Up-to-date: /home/maddy/iris_test_tool/install/iris_interfaces/include/iris_interfaces/iris_interfaces/msg/detail/water_tank_levels__type_support.hpp\n'}
[0.952171] (iris_interfaces) StdoutLine: {'line': b'-- Up-to-date: /home/maddy/iris_test_tool/install/iris_interfaces/include/iris_interfaces/iris_interfaces/msg/detail/motor_controller_status__builder.hpp\n'}
[0.952276] (iris_interfaces) StdoutLine: {'line': b'-- Up-to-date: /home/maddy/iris_test_tool/install/iris_interfaces/include/iris_interfaces/iris_interfaces/msg/detail/headband_mode__type_support.hpp\n'}
[0.952388] (iris_interfaces) StdoutLine: {'line': b'-- Up-to-date: /home/maddy/iris_test_tool/install/iris_interfaces/include/iris_interfaces/iris_interfaces/msg/detail/a2_command__struct.hpp\n'}
[0.952492] (iris_interfaces) StdoutLine: {'line': b'-- Up-to-date: /home/maddy/iris_test_tool/install/iris_interfaces/include/iris_interfaces/iris_interfaces/msg/detail/navigation_mode__type_support.hpp\n'}
[0.952597] (iris_interfaces) StdoutLine: {'line': b'-- Up-to-date: /home/maddy/iris_test_tool/install/iris_interfaces/include/iris_interfaces/iris_interfaces/msg/detail/brush_faults__traits.hpp\n'}
[0.952702] (iris_interfaces) StdoutLine: {'line': b'-- Up-to-date: /home/maddy/iris_test_tool/install/iris_interfaces/include/iris_interfaces/iris_interfaces/msg/system_software_status.hpp\n'}
[0.952819] (iris_interfaces) StdoutLine: {'line': b'-- Up-to-date: /home/maddy/iris_test_tool/install/iris_interfaces/include/iris_interfaces/iris_interfaces/msg/a5_status.hpp\n'}
[0.952967] (iris_interfaces) StdoutLine: {'line': b'-- Up-to-date: /home/maddy/iris_test_tool/install/iris_interfaces/include/iris_interfaces/iris_interfaces/msg/rosidl_generator_cpp__visibility_control.hpp\n'}
[0.953217] (iris_interfaces) StdoutLine: {'line': b'-- Up-to-date: /home/maddy/iris_test_tool/install/iris_interfaces/include/iris_interfaces/iris_interfaces/msg/brush_faults.hpp\n'}
[0.953451] (iris_interfaces) StdoutLine: {'line': b'-- Up-to-date: /home/maddy/iris_test_tool/install/iris_interfaces/include/iris_interfaces/iris_interfaces/msg/navigation_mode.hpp\n'}
[0.953621] (iris_interfaces) StdoutLine: {'line': b'-- Up-to-date: /home/maddy/iris_test_tool/install/iris_interfaces/include/iris_interfaces/iris_interfaces/msg/a2_command.hpp\n'}
[0.953821] (iris_interfaces) StdoutLine: {'line': b'-- Up-to-date: /home/maddy/iris_test_tool/install/iris_interfaces/include/iris_interfaces/iris_interfaces/msg/mender_client_status.hpp\n'}
[0.954026] (iris_interfaces) StdoutLine: {'line': b'-- Up-to-date: /home/maddy/iris_test_tool/install/iris_interfaces/include/iris_interfaces/iris_interfaces/msg/motor_status.hpp\n'}
[0.954232] (iris_interfaces) StdoutLine: {'line': b'-- Up-to-date: /home/maddy/iris_test_tool/install/iris_interfaces/include/iris_interfaces/iris_interfaces/msg/led_control.hpp\n'}
[0.954441] (iris_interfaces) StdoutLine: {'line': b'-- Up-to-date: /home/maddy/iris_test_tool/install/iris_interfaces/include/iris_interfaces/iris_interfaces/msg/water_tank_levels.hpp\n'}
[0.954625] (iris_interfaces) StdoutLine: {'line': b'-- Up-to-date: /home/maddy/iris_test_tool/install/iris_interfaces/include/iris_interfaces/iris_interfaces/msg/a2_fault_status.hpp\n'}
[0.954797] (iris_interfaces) StdoutLine: {'line': b'-- Up-to-date: /home/maddy/iris_test_tool/install/iris_interfaces/include/iris_interfaces/iris_interfaces/msg/wheel_encoders.hpp\n'}
[0.954965] (iris_interfaces) StdoutLine: {'line': b'-- Up-to-date: /home/maddy/iris_test_tool/install/iris_interfaces/include/iris_interfaces/iris_interfaces/msg/headband_mode.hpp\n'}
[0.955190] (iris_interfaces) StdoutLine: {'line': b'-- Up-to-date: /home/maddy/iris_test_tool/install/iris_interfaces/include/iris_interfaces/iris_interfaces/msg/a2_functional_status.hpp\n'}
[0.955314] (iris_interfaces) StdoutLine: {'line': b'-- Up-to-date: /home/maddy/iris_test_tool/install/iris_interfaces/include/iris_interfaces/iris_interfaces/msg/sensor_status.hpp\n'}
[0.955419] (iris_interfaces) StdoutLine: {'line': b'-- Up-to-date: /home/maddy/iris_test_tool/install/iris_interfaces/include/iris_interfaces/iris_interfaces\n'}
[0.955524] (iris_interfaces) StdoutLine: {'line': b'-- Up-to-date: /home/maddy/iris_test_tool/install/iris_interfaces/include/iris_interfaces/iris_interfaces/srv\n'}
[0.955628] (iris_interfaces) StdoutLine: {'line': b'-- Up-to-date: /home/maddy/iris_test_tool/install/iris_interfaces/include/iris_interfaces/iris_interfaces/srv/detail\n'}
[0.955733] (iris_interfaces) StdoutLine: {'line': b'-- Up-to-date: /home/maddy/iris_test_tool/install/iris_interfaces/include/iris_interfaces/iris_interfaces/srv/detail/dds_fastrtps\n'}
[0.955851] (iris_interfaces) StdoutLine: {'line': b'-- Up-to-date: /home/maddy/iris_test_tool/install/iris_interfaces/include/iris_interfaces/iris_interfaces/srv/detail/update_motor_controller_parameters__rosidl_typesupport_fastrtps_cpp.hpp\n'}
[0.955963] (iris_interfaces) StdoutLine: {'line': b'-- Up-to-date: /home/maddy/iris_test_tool/install/iris_interfaces/include/iris_interfaces/iris_interfaces/srv/detail/reset_a2_faults__rosidl_typesupport_fastrtps_cpp.hpp\n'}
[0.956069] (iris_interfaces) StdoutLine: {'line': b'-- Up-to-date: /home/maddy/iris_test_tool/install/iris_interfaces/include/iris_interfaces/iris_interfaces/srv/detail/state_manager__rosidl_typesupport_fastrtps_cpp.hpp\n'}
[0.956173] (iris_interfaces) StdoutLine: {'line': b'-- Up-to-date: /home/maddy/iris_test_tool/install/iris_interfaces/include/iris_interfaces/iris_interfaces/srv/detail/reset_wheel_encoders__rosidl_typesupport_fastrtps_cpp.hpp\n'}
[0.956325] (iris_interfaces) StdoutLine: {'line': b'-- Up-to-date: /home/maddy/iris_test_tool/install/iris_interfaces/include/iris_interfaces/iris_interfaces/srv/detail/connect_wifi__rosidl_typesupport_fastrtps_cpp.hpp\n'}
[0.956532] (iris_interfaces) StdoutLine: {'line': b'-- Up-to-date: /home/maddy/iris_test_tool/install/iris_interfaces/include/iris_interfaces/iris_interfaces/srv/detail/update_motor_controller_reference_source__rosidl_typesupport_fastrtps_cpp.hpp\n'}
[0.956640] (iris_interfaces) StdoutLine: {'line': b'-- Up-to-date: /home/maddy/iris_test_tool/install/iris_interfaces/include/iris_interfaces/iris_interfaces/srv/detail/get_wifi_status__rosidl_typesupport_fastrtps_cpp.hpp\n'}
[0.956746] (iris_interfaces) StdoutLine: {'line': b'-- Up-to-date: /home/maddy/iris_test_tool/install/iris_interfaces/include/iris_interfaces/iris_interfaces/srv/detail/process_manager__rosidl_typesupport_fastrtps_cpp.hpp\n'}
[0.956856] (iris_interfaces) StdoutLine: {'line': b'-- Up-to-date: /home/maddy/iris_test_tool/install/iris_interfaces/include/iris_interfaces/iris_interfaces/srv/detail/disconnect_wifi__rosidl_typesupport_fastrtps_cpp.hpp\n'}
[0.956961] (iris_interfaces) StdoutLine: {'line': b'-- Up-to-date: /home/maddy/iris_test_tool/install/iris_interfaces/include/iris_interfaces/iris_interfaces/srv/detail/a2_command__rosidl_typesupport_fastrtps_cpp.hpp\n'}
[0.957116] (iris_interfaces) StdoutLine: {'line': b'-- Up-to-date: /home/maddy/iris_test_tool/install/iris_interfaces/include/iris_interfaces/iris_interfaces/srv/detail/restart_motor_controller__rosidl_typesupport_fastrtps_cpp.hpp\n'}
[0.957270] (iris_interfaces) StdoutLine: {'line': b'-- Up-to-date: /home/maddy/iris_test_tool/install/iris_interfaces/include/iris_interfaces/iris_interfaces/srv/detail/wifi_discovery__rosidl_typesupport_fastrtps_cpp.hpp\n'}
[0.957377] (iris_interfaces) StdoutLine: {'line': b'-- Up-to-date: /home/maddy/iris_test_tool/install/iris_interfaces/include/iris_interfaces/iris_interfaces/action\n'}
[0.957482] (iris_interfaces) StdoutLine: {'line': b'-- Up-to-date: /home/maddy/iris_test_tool/install/iris_interfaces/include/iris_interfaces/iris_interfaces/action/detail\n'}
[0.957632] (iris_interfaces) StdoutLine: {'line': b'-- Up-to-date: /home/maddy/iris_test_tool/install/iris_interfaces/include/iris_interfaces/iris_interfaces/action/detail/compute_path_coverage__rosidl_typesupport_fastrtps_cpp.hpp\n'}
[0.957739] (iris_interfaces) StdoutLine: {'line': b'-- Up-to-date: /home/maddy/iris_test_tool/install/iris_interfaces/include/iris_interfaces/iris_interfaces/action/detail/dds_fastrtps\n'}
[0.957844] (iris_interfaces) StdoutLine: {'line': b'-- Up-to-date: /home/maddy/iris_test_tool/install/iris_interfaces/include/iris_interfaces/iris_interfaces/action/detail/navigate_path_coverage__rosidl_typesupport_fastrtps_cpp.hpp\n'}
[0.957949] (iris_interfaces) StdoutLine: {'line': b'-- Up-to-date: /home/maddy/iris_test_tool/install/iris_interfaces/include/iris_interfaces/iris_interfaces/action/detail/path_coverage_controller__rosidl_typesupport_fastrtps_cpp.hpp\n'}
[0.958064] (iris_interfaces) StdoutLine: {'line': b'-- Up-to-date: /home/maddy/iris_test_tool/install/iris_interfaces/include/iris_interfaces/iris_interfaces/msg\n'}
[0.958168] (iris_interfaces) StdoutLine: {'line': b'-- Up-to-date: /home/maddy/iris_test_tool/install/iris_interfaces/include/iris_interfaces/iris_interfaces/msg/rosidl_typesupport_fastrtps_cpp__visibility_control.h\n'}
[0.958273] (iris_interfaces) StdoutLine: {'line': b'-- Up-to-date: /home/maddy/iris_test_tool/install/iris_interfaces/include/iris_interfaces/iris_interfaces/msg/detail\n'}
[0.958377] (iris_interfaces) StdoutLine: {'line': b'-- Up-to-date: /home/maddy/iris_test_tool/install/iris_interfaces/include/iris_interfaces/iris_interfaces/msg/detail/follow_path_result__rosidl_typesupport_fastrtps_cpp.hpp\n'}
[0.958483] (iris_interfaces) StdoutLine: {'line': b'-- Up-to-date: /home/maddy/iris_test_tool/install/iris_interfaces/include/iris_interfaces/iris_interfaces/msg/detail/dds_fastrtps\n'}
[0.958674] (iris_interfaces) StdoutLine: {'line': b'-- Up-to-date: /home/maddy/iris_test_tool/install/iris_interfaces/include/iris_interfaces/iris_interfaces/msg/detail/system_software_status__rosidl_typesupport_fastrtps_cpp.hpp\n'}
[0.958909] (iris_interfaces) StdoutLine: {'line': b'-- Up-to-date: /home/maddy/iris_test_tool/install/iris_interfaces/include/iris_interfaces/iris_interfaces/msg/detail/navigation_mode__rosidl_typesupport_fastrtps_cpp.hpp\n'}
[0.959156] (iris_interfaces) StdoutLine: {'line': b'-- Up-to-date: /home/maddy/iris_test_tool/install/iris_interfaces/include/iris_interfaces/iris_interfaces/msg/detail/vacuum_faults__rosidl_typesupport_fastrtps_cpp.hpp\n'}
[0.959354] (iris_interfaces) StdoutLine: {'line': b'-- Up-to-date: /home/maddy/iris_test_tool/install/iris_interfaces/include/iris_interfaces/iris_interfaces/msg/detail/sensor_status__rosidl_typesupport_fastrtps_cpp.hpp\n'}
[0.959519] (iris_interfaces) StdoutLine: {'line': b'-- Up-to-date: /home/maddy/iris_test_tool/install/iris_interfaces/include/iris_interfaces/iris_interfaces/msg/detail/vacuum_status__rosidl_typesupport_fastrtps_cpp.hpp\n'}
[0.959718] (iris_interfaces) StdoutLine: {'line': b'-- Up-to-date: /home/maddy/iris_test_tool/install/iris_interfaces/include/iris_interfaces/iris_interfaces/msg/detail/a2_fault_status__rosidl_typesupport_fastrtps_cpp.hpp\n'}
[0.959885] (iris_interfaces) StdoutLine: {'line': b'-- Up-to-date: /home/maddy/iris_test_tool/install/iris_interfaces/include/iris_interfaces/iris_interfaces/msg/detail/motor_status__rosidl_typesupport_fastrtps_cpp.hpp\n'}
[0.960102] (iris_interfaces) StdoutLine: {'line': b'-- Up-to-date: /home/maddy/iris_test_tool/install/iris_interfaces/include/iris_interfaces/iris_interfaces/msg/detail/ultrasonic_ranges__rosidl_typesupport_fastrtps_cpp.hpp\n'}
[0.960304] (iris_interfaces) StdoutLine: {'line': b'-- Up-to-date: /home/maddy/iris_test_tool/install/iris_interfaces/include/iris_interfaces/iris_interfaces/msg/detail/mender_client_status__rosidl_typesupport_fastrtps_cpp.hpp\n'}
[0.960520] (iris_interfaces) StdoutLine: {'line': b'-- Up-to-date: /home/maddy/iris_test_tool/install/iris_interfaces/include/iris_interfaces/iris_interfaces/msg/detail/ota_status__rosidl_typesupport_fastrtps_cpp.hpp\n'}
[0.960691] (iris_interfaces) StdoutLine: {'line': b'-- Up-to-date: /home/maddy/iris_test_tool/install/iris_interfaces/include/iris_interfaces/iris_interfaces/msg/detail/brush_faults__rosidl_typesupport_fastrtps_cpp.hpp\n'}
[0.960840] (iris_interfaces) StdoutLine: {'line': b'-- Up-to-date: /home/maddy/iris_test_tool/install/iris_interfaces/include/iris_interfaces/iris_interfaces/msg/detail/headband_mode__rosidl_typesupport_fastrtps_cpp.hpp\n'}
[0.961109] (iris_interfaces) StdoutLine: {'line': b'-- Up-to-date: /home/maddy/iris_test_tool/install/iris_interfaces/include/iris_interfaces/iris_interfaces/msg/detail/wheel_encoders__rosidl_typesupport_fastrtps_cpp.hpp\n'}
[0.961311] (iris_interfaces) StdoutLine: {'line': b'-- Up-to-date: /home/maddy/iris_test_tool/install/iris_interfaces/include/iris_interfaces/iris_interfaces/msg/detail/motor_controller_status__rosidl_typesupport_fastrtps_cpp.hpp\n'}
[0.961519] (iris_interfaces) StdoutLine: {'line': b'-- Up-to-date: /home/maddy/iris_test_tool/install/iris_interfaces/include/iris_interfaces/iris_interfaces/msg/detail/actuator_status__rosidl_typesupport_fastrtps_cpp.hpp\n'}
[0.961689] (iris_interfaces) StdoutLine: {'line': b'-- Up-to-date: /home/maddy/iris_test_tool/install/iris_interfaces/include/iris_interfaces/iris_interfaces/msg/detail/brush_status__rosidl_typesupport_fastrtps_cpp.hpp\n'}
[0.961896] (iris_interfaces) StdoutLine: {'line': b'-- Up-to-date: /home/maddy/iris_test_tool/install/iris_interfaces/include/iris_interfaces/iris_interfaces/msg/detail/wheel_command_speed__rosidl_typesupport_fastrtps_cpp.hpp\n'}
[0.962117] (iris_interfaces) StdoutLine: {'line': b'-- Up-to-date: /home/maddy/iris_test_tool/install/iris_interfaces/include/iris_interfaces/iris_interfaces/msg/detail/a2_command__rosidl_typesupport_fastrtps_cpp.hpp\n'}
[0.962323] (iris_interfaces) StdoutLine: {'line': b'-- Up-to-date: /home/maddy/iris_test_tool/install/iris_interfaces/include/iris_interfaces/iris_interfaces/msg/detail/led_control__rosidl_typesupport_fastrtps_cpp.hpp\n'}
[0.962505] (iris_interfaces) StdoutLine: {'line': b'-- Up-to-date: /home/maddy/iris_test_tool/install/iris_interfaces/include/iris_interfaces/iris_interfaces/msg/detail/a5_status__rosidl_typesupport_fastrtps_cpp.hpp\n'}
[0.962702] (iris_interfaces) StdoutLine: {'line': b'-- Up-to-date: /home/maddy/iris_test_tool/install/iris_interfaces/include/iris_interfaces/iris_interfaces/msg/detail/water_tank_levels__rosidl_typesupport_fastrtps_cpp.hpp\n'}
[0.962894] (iris_interfaces) StdoutLine: {'line': b'-- Up-to-date: /home/maddy/iris_test_tool/install/iris_interfaces/include/iris_interfaces/iris_interfaces/msg/detail/a2_functional_status__rosidl_typesupport_fastrtps_cpp.hpp\n'}
[0.963074] (iris_interfaces) StdoutLine: {'line': b'-- Up-to-date: /home/maddy/iris_test_tool/install/iris_interfaces/lib/libiris_interfaces__rosidl_typesupport_fastrtps_cpp.so\n'}
[0.963183] (iris_interfaces) StdoutLine: {'line': b'-- Up-to-date: /home/maddy/iris_test_tool/install/iris_interfaces/include/iris_interfaces/iris_interfaces\n'}
[0.963372] (iris_interfaces) StdoutLine: {'line': b'-- Up-to-date: /home/maddy/iris_test_tool/install/iris_interfaces/include/iris_interfaces/iris_interfaces/srv\n'}
[0.963517] (iris_interfaces) StdoutLine: {'line': b'-- Up-to-date: /home/maddy/iris_test_tool/install/iris_interfaces/include/iris_interfaces/iris_interfaces/srv/detail\n'}
[0.963723] (iris_interfaces) StdoutLine: {'line': b'-- Up-to-date: /home/maddy/iris_test_tool/install/iris_interfaces/include/iris_interfaces/iris_interfaces/srv/detail/restart_motor_controller__type_support.cpp\n'}
[0.963917] (iris_interfaces) StdoutLine: {'line': b'-- Up-to-date: /home/maddy/iris_test_tool/install/iris_interfaces/include/iris_interfaces/iris_interfaces/srv/detail/update_motor_controller_reference_source__rosidl_typesupport_introspection_cpp.hpp\n'}
[0.964119] (iris_interfaces) StdoutLine: {'line': b'-- Up-to-date: /home/maddy/iris_test_tool/install/iris_interfaces/include/iris_interfaces/iris_interfaces/srv/detail/reset_wheel_encoders__type_support.cpp\n'}
[0.964321] (iris_interfaces) StdoutLine: {'line': b'-- Up-to-date: /home/maddy/iris_test_tool/install/iris_interfaces/include/iris_interfaces/iris_interfaces/srv/detail/update_motor_controller_reference_source__type_support.cpp\n'}
[0.964511] (iris_interfaces) StdoutLine: {'line': b'-- Up-to-date: /home/maddy/iris_test_tool/install/iris_interfaces/include/iris_interfaces/iris_interfaces/srv/detail/process_manager__rosidl_typesupport_introspection_cpp.hpp\n'}
[0.964712] (iris_interfaces) StdoutLine: {'line': b'-- Up-to-date: /home/maddy/iris_test_tool/install/iris_interfaces/include/iris_interfaces/iris_interfaces/srv/detail/update_motor_controller_parameters__type_support.cpp\n'}
[0.964917] (iris_interfaces) StdoutLine: {'line': b'-- Up-to-date: /home/maddy/iris_test_tool/install/iris_interfaces/include/iris_interfaces/iris_interfaces/srv/detail/reset_a2_faults__type_support.cpp\n'}
[0.965179] (iris_interfaces) StdoutLine: {'line': b'-- Up-to-date: /home/maddy/iris_test_tool/install/iris_interfaces/include/iris_interfaces/iris_interfaces/srv/detail/update_motor_controller_parameters__rosidl_typesupport_introspection_cpp.hpp\n'}
[0.965430] (iris_interfaces) StdoutLine: {'line': b'-- Up-to-date: /home/maddy/iris_test_tool/install/iris_interfaces/include/iris_interfaces/iris_interfaces/srv/detail/state_manager__rosidl_typesupport_introspection_cpp.hpp\n'}
[0.965643] (iris_interfaces) StdoutLine: {'line': b'-- Up-to-date: /home/maddy/iris_test_tool/install/iris_interfaces/include/iris_interfaces/iris_interfaces/srv/detail/wifi_discovery__type_support.cpp\n'}
[0.965845] (iris_interfaces) StdoutLine: {'line': b'-- Up-to-date: /home/maddy/iris_test_tool/install/iris_interfaces/include/iris_interfaces/iris_interfaces/srv/detail/process_manager__type_support.cpp\n'}
[0.966038] (iris_interfaces) StdoutLine: {'line': b'-- Up-to-date: /home/maddy/iris_test_tool/install/iris_interfaces/include/iris_interfaces/iris_interfaces/srv/detail/connect_wifi__type_support.cpp\n'}
[0.966239] (iris_interfaces) StdoutLine: {'line': b'-- Up-to-date: /home/maddy/iris_test_tool/install/iris_interfaces/include/iris_interfaces/iris_interfaces/srv/detail/state_manager__type_support.cpp\n'}
[0.966465] (iris_interfaces) StdoutLine: {'line': b'-- Up-to-date: /home/maddy/iris_test_tool/install/iris_interfaces/include/iris_interfaces/iris_interfaces/srv/detail/disconnect_wifi__rosidl_typesupport_introspection_cpp.hpp\n'}
[0.966670] (iris_interfaces) StdoutLine: {'line': b'-- Up-to-date: /home/maddy/iris_test_tool/install/iris_interfaces/include/iris_interfaces/iris_interfaces/srv/detail/wifi_discovery__rosidl_typesupport_introspection_cpp.hpp\n'}
[0.966872] (iris_interfaces) StdoutLine: {'line': b'-- Up-to-date: /home/maddy/iris_test_tool/install/iris_interfaces/include/iris_interfaces/iris_interfaces/srv/detail/connect_wifi__rosidl_typesupport_introspection_cpp.hpp\n'}
[0.967011] (iris_interfaces) StdoutLine: {'line': b'-- Up-to-date: /home/maddy/iris_test_tool/install/iris_interfaces/include/iris_interfaces/iris_interfaces/srv/detail/get_wifi_status__type_support.cpp\n'}
[0.967196] (iris_interfaces) StdoutLine: {'line': b'-- Up-to-date: /home/maddy/iris_test_tool/install/iris_interfaces/include/iris_interfaces/iris_interfaces/srv/detail/reset_wheel_encoders__rosidl_typesupport_introspection_cpp.hpp\n'}
[0.967368] (iris_interfaces) StdoutLine: {'line': b'-- Up-to-date: /home/maddy/iris_test_tool/install/iris_interfaces/include/iris_interfaces/iris_interfaces/srv/detail/get_wifi_status__rosidl_typesupport_introspection_cpp.hpp\n'}
[0.967565] (iris_interfaces) StdoutLine: {'line': b'-- Up-to-date: /home/maddy/iris_test_tool/install/iris_interfaces/include/iris_interfaces/iris_interfaces/srv/detail/a2_command__rosidl_typesupport_introspection_cpp.hpp\n'}
[0.967758] (iris_interfaces) StdoutLine: {'line': b'-- Up-to-date: /home/maddy/iris_test_tool/install/iris_interfaces/include/iris_interfaces/iris_interfaces/srv/detail/disconnect_wifi__type_support.cpp\n'}
[0.967953] (iris_interfaces) StdoutLine: {'line': b'-- Up-to-date: /home/maddy/iris_test_tool/install/iris_interfaces/include/iris_interfaces/iris_interfaces/srv/detail/reset_a2_faults__rosidl_typesupport_introspection_cpp.hpp\n'}
[0.968146] (iris_interfaces) StdoutLine: {'line': b'-- Up-to-date: /home/maddy/iris_test_tool/install/iris_interfaces/include/iris_interfaces/iris_interfaces/srv/detail/restart_motor_controller__rosidl_typesupport_introspection_cpp.hpp\n'}
[0.968341] (iris_interfaces) StdoutLine: {'line': b'-- Up-to-date: /home/maddy/iris_test_tool/install/iris_interfaces/include/iris_interfaces/iris_interfaces/srv/detail/a2_command__type_support.cpp\n'}
[0.968549] (iris_interfaces) StdoutLine: {'line': b'-- Up-to-date: /home/maddy/iris_test_tool/install/iris_interfaces/include/iris_interfaces/iris_interfaces/action\n'}
[0.968731] (iris_interfaces) StdoutLine: {'line': b'-- Up-to-date: /home/maddy/iris_test_tool/install/iris_interfaces/include/iris_interfaces/iris_interfaces/action/detail\n'}
[0.968908] (iris_interfaces) StdoutLine: {'line': b'-- Up-to-date: /home/maddy/iris_test_tool/install/iris_interfaces/include/iris_interfaces/iris_interfaces/action/detail/path_coverage_controller__type_support.cpp\n'}
[0.969103] (iris_interfaces) StdoutLine: {'line': b'-- Up-to-date: /home/maddy/iris_test_tool/install/iris_interfaces/include/iris_interfaces/iris_interfaces/action/detail/compute_path_coverage__type_support.cpp\n'}
[0.969317] (iris_interfaces) StdoutLine: {'line': b'-- Up-to-date: /home/maddy/iris_test_tool/install/iris_interfaces/include/iris_interfaces/iris_interfaces/action/detail/compute_path_coverage__rosidl_typesupport_introspection_cpp.hpp\n'}
[0.969495] (iris_interfaces) StdoutLine: {'line': b'-- Up-to-date: /home/maddy/iris_test_tool/install/iris_interfaces/include/iris_interfaces/iris_interfaces/action/detail/path_coverage_controller__rosidl_typesupport_introspection_cpp.hpp\n'}
[0.969666] (iris_interfaces) StdoutLine: {'line': b'-- Up-to-date: /home/maddy/iris_test_tool/install/iris_interfaces/include/iris_interfaces/iris_interfaces/action/detail/navigate_path_coverage__type_support.cpp\n'}
[0.969838] (iris_interfaces) StdoutLine: {'line': b'-- Up-to-date: /home/maddy/iris_test_tool/install/iris_interfaces/include/iris_interfaces/iris_interfaces/action/detail/navigate_path_coverage__rosidl_typesupport_introspection_cpp.hpp\n'}
[0.970043] (iris_interfaces) StdoutLine: {'line': b'-- Up-to-date: /home/maddy/iris_test_tool/install/iris_interfaces/include/iris_interfaces/iris_interfaces/msg\n'}
[0.970219] (iris_interfaces) StdoutLine: {'line': b'-- Up-to-date: /home/maddy/iris_test_tool/install/iris_interfaces/include/iris_interfaces/iris_interfaces/msg/detail\n'}
[0.970388] (iris_interfaces) StdoutLine: {'line': b'-- Up-to-date: /home/maddy/iris_test_tool/install/iris_interfaces/include/iris_interfaces/iris_interfaces/msg/detail/ultrasonic_ranges__rosidl_typesupport_introspection_cpp.hpp\n'}
[0.970566] (iris_interfaces) StdoutLine: {'line': b'-- Up-to-date: /home/maddy/iris_test_tool/install/iris_interfaces/include/iris_interfaces/iris_interfaces/msg/detail/motor_controller_status__rosidl_typesupport_introspection_cpp.hpp\n'}
[0.970745] (iris_interfaces) StdoutLine: {'line': b'-- Up-to-date: /home/maddy/iris_test_tool/install/iris_interfaces/include/iris_interfaces/iris_interfaces/msg/detail/actuator_status__type_support.cpp\n'}
[0.970932] (iris_interfaces) StdoutLine: {'line': b'-- Up-to-date: /home/maddy/iris_test_tool/install/iris_interfaces/include/iris_interfaces/iris_interfaces/msg/detail/navigation_mode__type_support.cpp\n'}
[0.971135] (iris_interfaces) StdoutLine: {'line': b'-- Up-to-date: /home/maddy/iris_test_tool/install/iris_interfaces/include/iris_interfaces/iris_interfaces/msg/detail/a2_fault_status__rosidl_typesupport_introspection_cpp.hpp\n'}
[0.971300] (iris_interfaces) StdoutLine: {'line': b'-- Up-to-date: /home/maddy/iris_test_tool/install/iris_interfaces/include/iris_interfaces/iris_interfaces/msg/detail/vacuum_faults__type_support.cpp\n'}
[0.971478] (iris_interfaces) StdoutLine: {'line': b'-- Up-to-date: /home/maddy/iris_test_tool/install/iris_interfaces/include/iris_interfaces/iris_interfaces/msg/detail/navigation_mode__rosidl_typesupport_introspection_cpp.hpp\n'}
[0.971648] (iris_interfaces) StdoutLine: {'line': b'-- Up-to-date: /home/maddy/iris_test_tool/install/iris_interfaces/include/iris_interfaces/iris_interfaces/msg/detail/headband_mode__type_support.cpp\n'}
[0.971827] (iris_interfaces) StdoutLine: {'line': b'-- Up-to-date: /home/maddy/iris_test_tool/install/iris_interfaces/include/iris_interfaces/iris_interfaces/msg/detail/wheel_command_speed__type_support.cpp\n'}
[0.972005] (iris_interfaces) StdoutLine: {'line': b'-- Up-to-date: /home/maddy/iris_test_tool/install/iris_interfaces/include/iris_interfaces/iris_interfaces/msg/detail/motor_status__rosidl_typesupport_introspection_cpp.hpp\n'}
[0.972185] (iris_interfaces) StdoutLine: {'line': b'-- Up-to-date: /home/maddy/iris_test_tool/install/iris_interfaces/include/iris_interfaces/iris_interfaces/msg/detail/sensor_status__type_support.cpp\n'}
[0.972367] (iris_interfaces) StdoutLine: {'line': b'-- Up-to-date: /home/maddy/iris_test_tool/install/iris_interfaces/include/iris_interfaces/iris_interfaces/msg/detail/motor_controller_status__type_support.cpp\n'}
[0.972542] (iris_interfaces) StdoutLine: {'line': b'-- Up-to-date: /home/maddy/iris_test_tool/install/iris_interfaces/include/iris_interfaces/iris_interfaces/msg/detail/vacuum_status__type_support.cpp\n'}
[0.972721] (iris_interfaces) StdoutLine: {'line': b'-- Up-to-date: /home/maddy/iris_test_tool/install/iris_interfaces/include/iris_interfaces/iris_interfaces/msg/detail/follow_path_result__type_support.cpp\n'}
[0.972905] (iris_interfaces) StdoutLine: {'line': b'-- Up-to-date: /home/maddy/iris_test_tool/install/iris_interfaces/include/iris_interfaces/iris_interfaces/msg/detail/headband_mode__rosidl_typesupport_introspection_cpp.hpp\n'}
[0.973105] (iris_interfaces) StdoutLine: {'line': b'-- Up-to-date: /home/maddy/iris_test_tool/install/iris_interfaces/include/iris_interfaces/iris_interfaces/msg/detail/wheel_encoders__rosidl_typesupport_introspection_cpp.hpp\n'}
[0.973316] (iris_interfaces) StdoutLine: {'line': b'-- Up-to-date: /home/maddy/iris_test_tool/install/iris_interfaces/include/iris_interfaces/iris_interfaces/msg/detail/water_tank_levels__rosidl_typesupport_introspection_cpp.hpp\n'}
[0.973562] (iris_interfaces) StdoutLine: {'line': b'-- Up-to-date: /home/maddy/iris_test_tool/install/iris_interfaces/include/iris_interfaces/iris_interfaces/msg/detail/motor_status__type_support.cpp\n'}
[0.973745] (iris_interfaces) StdoutLine: {'line': b'-- Up-to-date: /home/maddy/iris_test_tool/install/iris_interfaces/include/iris_interfaces/iris_interfaces/msg/detail/a5_status__rosidl_typesupport_introspection_cpp.hpp\n'}
[0.973932] (iris_interfaces) StdoutLine: {'line': b'-- Up-to-date: /home/maddy/iris_test_tool/install/iris_interfaces/include/iris_interfaces/iris_interfaces/msg/detail/wheel_command_speed__rosidl_typesupport_introspection_cpp.hpp\n'}
[0.974130] (iris_interfaces) StdoutLine: {'line': b'-- Up-to-date: /home/maddy/iris_test_tool/install/iris_interfaces/include/iris_interfaces/iris_interfaces/msg/detail/a2_fault_status__type_support.cpp\n'}
[0.974305] (iris_interfaces) StdoutLine: {'line': b'-- Up-to-date: /home/maddy/iris_test_tool/install/iris_interfaces/include/iris_interfaces/iris_interfaces/msg/detail/vacuum_status__rosidl_typesupport_introspection_cpp.hpp\n'}
[0.974477] (iris_interfaces) StdoutLine: {'line': b'-- Up-to-date: /home/maddy/iris_test_tool/install/iris_interfaces/include/iris_interfaces/iris_interfaces/msg/detail/ota_status__rosidl_typesupport_introspection_cpp.hpp\n'}
[0.974696] (iris_interfaces) StdoutLine: {'line': b'-- Up-to-date: /home/maddy/iris_test_tool/install/iris_interfaces/include/iris_interfaces/iris_interfaces/msg/detail/brush_faults__type_support.cpp\n'}
[0.974909] (iris_interfaces) StdoutLine: {'line': b'-- Up-to-date: /home/maddy/iris_test_tool/install/iris_interfaces/include/iris_interfaces/iris_interfaces/msg/detail/mender_client_status__type_support.cpp\n'}
[0.975103] (iris_interfaces) StdoutLine: {'line': b'-- Up-to-date: /home/maddy/iris_test_tool/install/iris_interfaces/include/iris_interfaces/iris_interfaces/msg/detail/ota_status__type_support.cpp\n'}
[0.975304] (iris_interfaces) StdoutLine: {'line': b'-- Up-to-date: /home/maddy/iris_test_tool/install/iris_interfaces/include/iris_interfaces/iris_interfaces/msg/detail/a5_status__type_support.cpp\n'}
[0.975504] (iris_interfaces) StdoutLine: {'line': b'-- Up-to-date: /home/maddy/iris_test_tool/install/iris_interfaces/include/iris_interfaces/iris_interfaces/msg/detail/a2_command__rosidl_typesupport_introspection_cpp.hpp\n'}
[0.975703] (iris_interfaces) StdoutLine: {'line': b'-- Up-to-date: /home/maddy/iris_test_tool/install/iris_interfaces/include/iris_interfaces/iris_interfaces/msg/detail/a2_functional_status__rosidl_typesupport_introspection_cpp.hpp\n'}
[0.975905] (iris_interfaces) StdoutLine: {'line': b'-- Up-to-date: /home/maddy/iris_test_tool/install/iris_interfaces/include/iris_interfaces/iris_interfaces/msg/detail/ultrasonic_ranges__type_support.cpp\n'}
[0.976126] (iris_interfaces) StdoutLine: {'line': b'-- Up-to-date: /home/maddy/iris_test_tool/install/iris_interfaces/include/iris_interfaces/iris_interfaces/msg/detail/wheel_encoders__type_support.cpp\n'}
[0.976380] (iris_interfaces) StdoutLine: {'line': b'-- Up-to-date: /home/maddy/iris_test_tool/install/iris_interfaces/include/iris_interfaces/iris_interfaces/msg/detail/sensor_status__rosidl_typesupport_introspection_cpp.hpp\n'}
[0.976576] (iris_interfaces) StdoutLine: {'line': b'-- Up-to-date: /home/maddy/iris_test_tool/install/iris_interfaces/include/iris_interfaces/iris_interfaces/msg/detail/vacuum_faults__rosidl_typesupport_introspection_cpp.hpp\n'}
[0.976777] (iris_interfaces) StdoutLine: {'line': b'-- Up-to-date: /home/maddy/iris_test_tool/install/iris_interfaces/include/iris_interfaces/iris_interfaces/msg/detail/led_control__type_support.cpp\n'}
[0.976975] (iris_interfaces) StdoutLine: {'line': b'-- Up-to-date: /home/maddy/iris_test_tool/install/iris_interfaces/include/iris_interfaces/iris_interfaces/msg/detail/a2_functional_status__type_support.cpp\n'}
[0.977252] (iris_interfaces) StdoutLine: {'line': b'-- Up-to-date: /home/maddy/iris_test_tool/install/iris_interfaces/include/iris_interfaces/iris_interfaces/msg/detail/brush_status__rosidl_typesupport_introspection_cpp.hpp\n'}
[0.977458] (iris_interfaces) StdoutLine: {'line': b'-- Up-to-date: /home/maddy/iris_test_tool/install/iris_interfaces/include/iris_interfaces/iris_interfaces/msg/detail/actuator_status__rosidl_typesupport_introspection_cpp.hpp\n'}
[0.977643] (iris_interfaces) StdoutLine: {'line': b'-- Up-to-date: /home/maddy/iris_test_tool/install/iris_interfaces/include/iris_interfaces/iris_interfaces/msg/detail/a2_command__type_support.cpp\n'}
[0.977838] (iris_interfaces) StdoutLine: {'line': b'-- Up-to-date: /home/maddy/iris_test_tool/install/iris_interfaces/include/iris_interfaces/iris_interfaces/msg/detail/brush_faults__rosidl_typesupport_introspection_cpp.hpp\n'}
[0.978026] (iris_interfaces) StdoutLine: {'line': b'-- Up-to-date: /home/maddy/iris_test_tool/install/iris_interfaces/include/iris_interfaces/iris_interfaces/msg/detail/follow_path_result__rosidl_typesupport_introspection_cpp.hpp\n'}
[0.978208] (iris_interfaces) StdoutLine: {'line': b'-- Up-to-date: /home/maddy/iris_test_tool/install/iris_interfaces/include/iris_interfaces/iris_interfaces/msg/detail/brush_status__type_support.cpp\n'}
[0.978439] (iris_interfaces) StdoutLine: {'line': b'-- Up-to-date: /home/maddy/iris_test_tool/install/iris_interfaces/include/iris_interfaces/iris_interfaces/msg/detail/system_software_status__type_support.cpp\n'}
[0.978631] (iris_interfaces) StdoutLine: {'line': b'-- Up-to-date: /home/maddy/iris_test_tool/install/iris_interfaces/include/iris_interfaces/iris_interfaces/msg/detail/system_software_status__rosidl_typesupport_introspection_cpp.hpp\n'}
[0.978822] (iris_interfaces) StdoutLine: {'line': b'-- Up-to-date: /home/maddy/iris_test_tool/install/iris_interfaces/include/iris_interfaces/iris_interfaces/msg/detail/mender_client_status__rosidl_typesupport_introspection_cpp.hpp\n'}
[0.979027] (iris_interfaces) StdoutLine: {'line': b'-- Up-to-date: /home/maddy/iris_test_tool/install/iris_interfaces/include/iris_interfaces/iris_interfaces/msg/detail/led_control__rosidl_typesupport_introspection_cpp.hpp\n'}
[0.979236] (iris_interfaces) StdoutLine: {'line': b'-- Up-to-date: /home/maddy/iris_test_tool/install/iris_interfaces/include/iris_interfaces/iris_interfaces/msg/detail/water_tank_levels__type_support.cpp\n'}
[0.979448] (iris_interfaces) StdoutLine: {'line': b'-- Up-to-date: /home/maddy/iris_test_tool/install/iris_interfaces/lib/libiris_interfaces__rosidl_typesupport_introspection_cpp.so\n'}
[0.979655] (iris_interfaces) StdoutLine: {'line': b'-- Up-to-date: /home/maddy/iris_test_tool/install/iris_interfaces/lib/libiris_interfaces__rosidl_typesupport_cpp.so\n'}
[0.979860] (iris_interfaces) StdoutLine: {'line': b'-- Up-to-date: /home/maddy/iris_test_tool/install/iris_interfaces/share/iris_interfaces/environment/pythonpath.sh\n'}
[0.980070] (iris_interfaces) StdoutLine: {'line': b'-- Up-to-date: /home/maddy/iris_test_tool/install/iris_interfaces/share/iris_interfaces/environment/pythonpath.dsv\n'}
[0.980266] (iris_interfaces) StdoutLine: {'line': b'-- Up-to-date: /home/maddy/iris_test_tool/install/iris_interfaces/local/lib/python3.10/dist-packages/iris_interfaces-0.5.13-py3.10.egg-info\n'}
[0.980465] (iris_interfaces) StdoutLine: {'line': b'-- Installing: /home/maddy/iris_test_tool/install/iris_interfaces/local/lib/python3.10/dist-packages/iris_interfaces-0.5.13-py3.10.egg-info/top_level.txt\n'}
[0.980671] (iris_interfaces) StdoutLine: {'line': b'-- Installing: /home/maddy/iris_test_tool/install/iris_interfaces/local/lib/python3.10/dist-packages/iris_interfaces-0.5.13-py3.10.egg-info/dependency_links.txt\n'}
[0.980869] (iris_interfaces) StdoutLine: {'line': b'-- Installing: /home/maddy/iris_test_tool/install/iris_interfaces/local/lib/python3.10/dist-packages/iris_interfaces-0.5.13-py3.10.egg-info/PKG-INFO\n'}
[0.981098] (iris_interfaces) StdoutLine: {'line': b'-- Installing: /home/maddy/iris_test_tool/install/iris_interfaces/local/lib/python3.10/dist-packages/iris_interfaces-0.5.13-py3.10.egg-info/SOURCES.txt\n'}
[0.981329] (iris_interfaces) StdoutLine: {'line': b'-- Up-to-date: /home/maddy/iris_test_tool/install/iris_interfaces/local/lib/python3.10/dist-packages/iris_interfaces\n'}
[0.981560] (iris_interfaces) StdoutLine: {'line': b'-- Up-to-date: /home/maddy/iris_test_tool/install/iris_interfaces/local/lib/python3.10/dist-packages/iris_interfaces/_iris_interfaces_s.ep.rosidl_typesupport_fastrtps_c.c\n'}
[0.981763] (iris_interfaces) StdoutLine: {'line': b'-- Up-to-date: /home/maddy/iris_test_tool/install/iris_interfaces/local/lib/python3.10/dist-packages/iris_interfaces/srv\n'}
[0.981960] (iris_interfaces) StdoutLine: {'line': b'-- Up-to-date: /home/maddy/iris_test_tool/install/iris_interfaces/local/lib/python3.10/dist-packages/iris_interfaces/srv/_get_wifi_status_s.c\n'}
[0.982162] (iris_interfaces) StdoutLine: {'line': b'-- Up-to-date: /home/maddy/iris_test_tool/install/iris_interfaces/local/lib/python3.10/dist-packages/iris_interfaces/srv/_update_motor_controller_parameters.py\n'}
[0.982363] (iris_interfaces) StdoutLine: {'line': b'-- Up-to-date: /home/maddy/iris_test_tool/install/iris_interfaces/local/lib/python3.10/dist-packages/iris_interfaces/srv/_connect_wifi_s.c\n'}
[0.982596] (iris_interfaces) StdoutLine: {'line': b'-- Up-to-date: /home/maddy/iris_test_tool/install/iris_interfaces/local/lib/python3.10/dist-packages/iris_interfaces/srv/_connect_wifi.py\n'}
[0.982805] (iris_interfaces) StdoutLine: {'line': b'-- Up-to-date: /home/maddy/iris_test_tool/install/iris_interfaces/local/lib/python3.10/dist-packages/iris_interfaces/srv/_update_motor_controller_reference_source_s.c\n'}
[0.983017] (iris_interfaces) StdoutLine: {'line': b'-- Up-to-date: /home/maddy/iris_test_tool/install/iris_interfaces/local/lib/python3.10/dist-packages/iris_interfaces/srv/_process_manager.py\n'}
[0.983231] (iris_interfaces) StdoutLine: {'line': b'-- Up-to-date: /home/maddy/iris_test_tool/install/iris_interfaces/local/lib/python3.10/dist-packages/iris_interfaces/srv/_restart_motor_controller.py\n'}
[0.983435] (iris_interfaces) StdoutLine: {'line': b'-- Up-to-date: /home/maddy/iris_test_tool/install/iris_interfaces/local/lib/python3.10/dist-packages/iris_interfaces/srv/_wifi_discovery.py\n'}
[0.983636] (iris_interfaces) StdoutLine: {'line': b'-- Up-to-date: /home/maddy/iris_test_tool/install/iris_interfaces/local/lib/python3.10/dist-packages/iris_interfaces/srv/_get_wifi_status.py\n'}
[0.983839] (iris_interfaces) StdoutLine: {'line': b'-- Up-to-date: /home/maddy/iris_test_tool/install/iris_interfaces/local/lib/python3.10/dist-packages/iris_interfaces/srv/_reset_a2_faults_s.c\n'}
[0.984038] (iris_interfaces) StdoutLine: {'line': b'-- Up-to-date: /home/maddy/iris_test_tool/install/iris_interfaces/local/lib/python3.10/dist-packages/iris_interfaces/srv/_wifi_discovery_s.c\n'}
[0.984238] (iris_interfaces) StdoutLine: {'line': b'-- Up-to-date: /home/maddy/iris_test_tool/install/iris_interfaces/local/lib/python3.10/dist-packages/iris_interfaces/srv/_disconnect_wifi.py\n'}
[0.984447] (iris_interfaces) StdoutLine: {'line': b'-- Up-to-date: /home/maddy/iris_test_tool/install/iris_interfaces/local/lib/python3.10/dist-packages/iris_interfaces/srv/_state_manager_s.c\n'}
[0.984647] (iris_interfaces) StdoutLine: {'line': b'-- Up-to-date: /home/maddy/iris_test_tool/install/iris_interfaces/local/lib/python3.10/dist-packages/iris_interfaces/srv/_update_motor_controller_parameters_s.c\n'}
[0.984851] (iris_interfaces) StdoutLine: {'line': b'-- Up-to-date: /home/maddy/iris_test_tool/install/iris_interfaces/local/lib/python3.10/dist-packages/iris_interfaces/srv/_process_manager_s.c\n'}
[0.985053] (iris_interfaces) StdoutLine: {'line': b'-- Up-to-date: /home/maddy/iris_test_tool/install/iris_interfaces/local/lib/python3.10/dist-packages/iris_interfaces/srv/_reset_a2_faults.py\n'}
[0.985308] (iris_interfaces) StdoutLine: {'line': b'-- Up-to-date: /home/maddy/iris_test_tool/install/iris_interfaces/local/lib/python3.10/dist-packages/iris_interfaces/srv/_a2_command_s.c\n'}
[0.985519] (iris_interfaces) StdoutLine: {'line': b'-- Up-to-date: /home/maddy/iris_test_tool/install/iris_interfaces/local/lib/python3.10/dist-packages/iris_interfaces/srv/_disconnect_wifi_s.c\n'}
[0.985719] (iris_interfaces) StdoutLine: {'line': b'-- Up-to-date: /home/maddy/iris_test_tool/install/iris_interfaces/local/lib/python3.10/dist-packages/iris_interfaces/srv/__init__.py\n'}
[0.985922] (iris_interfaces) StdoutLine: {'line': b'-- Up-to-date: /home/maddy/iris_test_tool/install/iris_interfaces/local/lib/python3.10/dist-packages/iris_interfaces/srv/_reset_wheel_encoders.py\n'}
[0.986118] (iris_interfaces) StdoutLine: {'line': b'-- Up-to-date: /home/maddy/iris_test_tool/install/iris_interfaces/local/lib/python3.10/dist-packages/iris_interfaces/srv/_a2_command.py\n'}
[0.986315] (iris_interfaces) StdoutLine: {'line': b'-- Up-to-date: /home/maddy/iris_test_tool/install/iris_interfaces/local/lib/python3.10/dist-packages/iris_interfaces/srv/_update_motor_controller_reference_source.py\n'}
[0.986519] (iris_interfaces) StdoutLine: {'line': b'-- Up-to-date: /home/maddy/iris_test_tool/install/iris_interfaces/local/lib/python3.10/dist-packages/iris_interfaces/srv/_state_manager.py\n'}
[0.986719] (iris_interfaces) StdoutLine: {'line': b'-- Up-to-date: /home/maddy/iris_test_tool/install/iris_interfaces/local/lib/python3.10/dist-packages/iris_interfaces/srv/_restart_motor_controller_s.c\n'}
[0.986949] (iris_interfaces) StdoutLine: {'line': b'-- Up-to-date: /home/maddy/iris_test_tool/install/iris_interfaces/local/lib/python3.10/dist-packages/iris_interfaces/srv/_reset_wheel_encoders_s.c\n'}
[0.987150] (iris_interfaces) StdoutLine: {'line': b'-- Up-to-date: /home/maddy/iris_test_tool/install/iris_interfaces/local/lib/python3.10/dist-packages/iris_interfaces/action\n'}
[0.987349] (iris_interfaces) StdoutLine: {'line': b'-- Up-to-date: /home/maddy/iris_test_tool/install/iris_interfaces/local/lib/python3.10/dist-packages/iris_interfaces/action/_compute_path_coverage_s.c\n'}
[0.987576] (iris_interfaces) StdoutLine: {'line': b'-- Up-to-date: /home/maddy/iris_test_tool/install/iris_interfaces/local/lib/python3.10/dist-packages/iris_interfaces/action/_navigate_path_coverage_s.c\n'}
[0.987777] (iris_interfaces) StdoutLine: {'line': b'-- Up-to-date: /home/maddy/iris_test_tool/install/iris_interfaces/local/lib/python3.10/dist-packages/iris_interfaces/action/_navigate_path_coverage.py\n'}
[0.987978] (iris_interfaces) StdoutLine: {'line': b'-- Up-to-date: /home/maddy/iris_test_tool/install/iris_interfaces/local/lib/python3.10/dist-packages/iris_interfaces/action/__init__.py\n'}
[0.988178] (iris_interfaces) StdoutLine: {'line': b'-- Up-to-date: /home/maddy/iris_test_tool/install/iris_interfaces/local/lib/python3.10/dist-packages/iris_interfaces/action/_compute_path_coverage.py\n'}
[0.988380] (iris_interfaces) StdoutLine: {'line': b'-- Up-to-date: /home/maddy/iris_test_tool/install/iris_interfaces/local/lib/python3.10/dist-packages/iris_interfaces/action/_path_coverage_controller_s.c\n'}
[0.988578] (iris_interfaces) StdoutLine: {'line': b'-- Up-to-date: /home/maddy/iris_test_tool/install/iris_interfaces/local/lib/python3.10/dist-packages/iris_interfaces/action/_path_coverage_controller.py\n'}
[0.988763] (iris_interfaces) StdoutLine: {'line': b'-- Up-to-date: /home/maddy/iris_test_tool/install/iris_interfaces/local/lib/python3.10/dist-packages/iris_interfaces/__init__.py\n'}
[0.988936] (iris_interfaces) StdoutLine: {'line': b'-- Up-to-date: /home/maddy/iris_test_tool/install/iris_interfaces/local/lib/python3.10/dist-packages/iris_interfaces/iris_interfaces_s__rosidl_typesupport_c.cpython-310-x86_64-linux-gnu.so\n'}
[0.989135] (iris_interfaces) StdoutLine: {'line': b'-- Up-to-date: /home/maddy/iris_test_tool/install/iris_interfaces/local/lib/python3.10/dist-packages/iris_interfaces/iris_interfaces_s__rosidl_typesupport_introspection_c.cpython-310-x86_64-linux-gnu.so\n'}
[0.989532] (iris_interfaces) StdoutLine: {'line': b'-- Up-to-date: /home/maddy/iris_test_tool/install/iris_interfaces/local/lib/python3.10/dist-packages/iris_interfaces/libiris_interfaces__rosidl_generator_py.so\n'}
[0.989701] (iris_interfaces) StdoutLine: {'line': b'-- Up-to-date: /home/maddy/iris_test_tool/install/iris_interfaces/local/lib/python3.10/dist-packages/iris_interfaces/msg\n'}
[0.989861] (iris_interfaces) StdoutLine: {'line': b'-- Up-to-date: /home/maddy/iris_test_tool/install/iris_interfaces/local/lib/python3.10/dist-packages/iris_interfaces/msg/_water_tank_levels_s.c\n'}
[0.990020] (iris_interfaces) StdoutLine: {'line': b'-- Up-to-date: /home/maddy/iris_test_tool/install/iris_interfaces/local/lib/python3.10/dist-packages/iris_interfaces/msg/_vacuum_status.py\n'}
[0.990188] (iris_interfaces) StdoutLine: {'line': b'-- Up-to-date: /home/maddy/iris_test_tool/install/iris_interfaces/local/lib/python3.10/dist-packages/iris_interfaces/msg/_a2_fault_status_s.c\n'}
[0.990345] (iris_interfaces) StdoutLine: {'line': b'-- Up-to-date: /home/maddy/iris_test_tool/install/iris_interfaces/local/lib/python3.10/dist-packages/iris_interfaces/msg/_wheel_command_speed.py\n'}
[0.990495] (iris_interfaces) StdoutLine: {'line': b'-- Up-to-date: /home/maddy/iris_test_tool/install/iris_interfaces/local/lib/python3.10/dist-packages/iris_interfaces/msg/_headband_mode.py\n'}
[0.990663] (iris_interfaces) StdoutLine: {'line': b'-- Up-to-date: /home/maddy/iris_test_tool/install/iris_interfaces/local/lib/python3.10/dist-packages/iris_interfaces/msg/_motor_status.py\n'}
[0.990821] (iris_interfaces) StdoutLine: {'line': b'-- Up-to-date: /home/maddy/iris_test_tool/install/iris_interfaces/local/lib/python3.10/dist-packages/iris_interfaces/msg/_a2_functional_status_s.c\n'}
[0.991009] (iris_interfaces) StdoutLine: {'line': b'-- Up-to-date: /home/maddy/iris_test_tool/install/iris_interfaces/local/lib/python3.10/dist-packages/iris_interfaces/msg/_system_software_status_s.c\n'}
[0.991165] (iris_interfaces) StdoutLine: {'line': b'-- Up-to-date: /home/maddy/iris_test_tool/install/iris_interfaces/local/lib/python3.10/dist-packages/iris_interfaces/msg/_mender_client_status_s.c\n'}
[0.991321] (iris_interfaces) StdoutLine: {'line': b'-- Up-to-date: /home/maddy/iris_test_tool/install/iris_interfaces/local/lib/python3.10/dist-packages/iris_interfaces/msg/_sensor_status.py\n'}
[0.991476] (iris_interfaces) StdoutLine: {'line': b'-- Up-to-date: /home/maddy/iris_test_tool/install/iris_interfaces/local/lib/python3.10/dist-packages/iris_interfaces/msg/_motor_controller_status.py\n'}
[0.991626] (iris_interfaces) StdoutLine: {'line': b'-- Up-to-date: /home/maddy/iris_test_tool/install/iris_interfaces/local/lib/python3.10/dist-packages/iris_interfaces/msg/_headband_mode_s.c\n'}
[0.991782] (iris_interfaces) StdoutLine: {'line': b'-- Up-to-date: /home/maddy/iris_test_tool/install/iris_interfaces/local/lib/python3.10/dist-packages/iris_interfaces/msg/_wheel_encoders.py\n'}
[0.991933] (iris_interfaces) StdoutLine: {'line': b'-- Up-to-date: /home/maddy/iris_test_tool/install/iris_interfaces/local/lib/python3.10/dist-packages/iris_interfaces/msg/_a5_status.py\n'}
[0.992103] (iris_interfaces) StdoutLine: {'line': b'-- Up-to-date: /home/maddy/iris_test_tool/install/iris_interfaces/local/lib/python3.10/dist-packages/iris_interfaces/msg/_ultrasonic_ranges_s.c\n'}
[0.992258] (iris_interfaces) StdoutLine: {'line': b'-- Up-to-date: /home/maddy/iris_test_tool/install/iris_interfaces/local/lib/python3.10/dist-packages/iris_interfaces/msg/_led_control_s.c\n'}
[0.992411] (iris_interfaces) StdoutLine: {'line': b'-- Up-to-date: /home/maddy/iris_test_tool/install/iris_interfaces/local/lib/python3.10/dist-packages/iris_interfaces/msg/_motor_controller_status_s.c\n'}
[0.992582] (iris_interfaces) StdoutLine: {'line': b'-- Up-to-date: /home/maddy/iris_test_tool/install/iris_interfaces/local/lib/python3.10/dist-packages/iris_interfaces/msg/_brush_status_s.c\n'}
[0.992756] (iris_interfaces) StdoutLine: {'line': b'-- Up-to-date: /home/maddy/iris_test_tool/install/iris_interfaces/local/lib/python3.10/dist-packages/iris_interfaces/msg/_ultrasonic_ranges.py\n'}
[0.992913] (iris_interfaces) StdoutLine: {'line': b'-- Up-to-date: /home/maddy/iris_test_tool/install/iris_interfaces/local/lib/python3.10/dist-packages/iris_interfaces/msg/_a2_command_s.c\n'}
[0.993066] (iris_interfaces) StdoutLine: {'line': b'-- Up-to-date: /home/maddy/iris_test_tool/install/iris_interfaces/local/lib/python3.10/dist-packages/iris_interfaces/msg/_ota_status.py\n'}
[0.993290] (iris_interfaces) StdoutLine: {'line': b'-- Up-to-date: /home/maddy/iris_test_tool/install/iris_interfaces/local/lib/python3.10/dist-packages/iris_interfaces/msg/_vacuum_faults.py\n'}
[0.993447] (iris_interfaces) StdoutLine: {'line': b'-- Up-to-date: /home/maddy/iris_test_tool/install/iris_interfaces/local/lib/python3.10/dist-packages/iris_interfaces/msg/_a2_functional_status.py\n'}
[0.993601] (iris_interfaces) StdoutLine: {'line': b'-- Up-to-date: /home/maddy/iris_test_tool/install/iris_interfaces/local/lib/python3.10/dist-packages/iris_interfaces/msg/_actuator_status.py\n'}
[0.993763] (iris_interfaces) StdoutLine: {'line': b'-- Up-to-date: /home/maddy/iris_test_tool/install/iris_interfaces/local/lib/python3.10/dist-packages/iris_interfaces/msg/_follow_path_result.py\n'}
[0.993912] (iris_interfaces) StdoutLine: {'line': b'-- Up-to-date: /home/maddy/iris_test_tool/install/iris_interfaces/local/lib/python3.10/dist-packages/iris_interfaces/msg/_motor_status_s.c\n'}
[0.994091] (iris_interfaces) StdoutLine: {'line': b'-- Up-to-date: /home/maddy/iris_test_tool/install/iris_interfaces/local/lib/python3.10/dist-packages/iris_interfaces/msg/_vacuum_faults_s.c\n'}
[0.994246] (iris_interfaces) StdoutLine: {'line': b'-- Up-to-date: /home/maddy/iris_test_tool/install/iris_interfaces/local/lib/python3.10/dist-packages/iris_interfaces/msg/_wheel_command_speed_s.c\n'}
[0.994400] (iris_interfaces) StdoutLine: {'line': b'-- Up-to-date: /home/maddy/iris_test_tool/install/iris_interfaces/local/lib/python3.10/dist-packages/iris_interfaces/msg/_brush_faults_s.c\n'}
[0.994552] (iris_interfaces) StdoutLine: {'line': b'-- Up-to-date: /home/maddy/iris_test_tool/install/iris_interfaces/local/lib/python3.10/dist-packages/iris_interfaces/msg/__init__.py\n'}
[0.994705] (iris_interfaces) StdoutLine: {'line': b'-- Up-to-date: /home/maddy/iris_test_tool/install/iris_interfaces/local/lib/python3.10/dist-packages/iris_interfaces/msg/_wheel_encoders_s.c\n'}
[0.994856] (iris_interfaces) StdoutLine: {'line': b'-- Up-to-date: /home/maddy/iris_test_tool/install/iris_interfaces/local/lib/python3.10/dist-packages/iris_interfaces/msg/_follow_path_result_s.c\n'}
[0.995019] (iris_interfaces) StdoutLine: {'line': b'-- Up-to-date: /home/maddy/iris_test_tool/install/iris_interfaces/local/lib/python3.10/dist-packages/iris_interfaces/msg/_sensor_status_s.c\n'}
[0.995175] (iris_interfaces) StdoutLine: {'line': b'-- Up-to-date: /home/maddy/iris_test_tool/install/iris_interfaces/local/lib/python3.10/dist-packages/iris_interfaces/msg/_a2_command.py\n'}
[0.995329] (iris_interfaces) StdoutLine: {'line': b'-- Up-to-date: /home/maddy/iris_test_tool/install/iris_interfaces/local/lib/python3.10/dist-packages/iris_interfaces/msg/_navigation_mode_s.c\n'}
[0.995498] (iris_interfaces) StdoutLine: {'line': b'-- Up-to-date: /home/maddy/iris_test_tool/install/iris_interfaces/local/lib/python3.10/dist-packages/iris_interfaces/msg/_water_tank_levels.py\n'}
[0.995837] (iris_interfaces) StdoutLine: {'line': b'-- Up-to-date: /home/maddy/iris_test_tool/install/iris_interfaces/local/lib/python3.10/dist-packages/iris_interfaces/msg/_ota_status_s.c\n'}
[0.996173] (iris_interfaces) StdoutLine: {'line': b'-- Up-to-date: /home/maddy/iris_test_tool/install/iris_interfaces/local/lib/python3.10/dist-packages/iris_interfaces/msg/_vacuum_status_s.c\n'}
[0.996409] (iris_interfaces) StdoutLine: {'line': b'-- Up-to-date: /home/maddy/iris_test_tool/install/iris_interfaces/local/lib/python3.10/dist-packages/iris_interfaces/msg/_led_control.py\n'}
[0.996547] (iris_interfaces) StdoutLine: {'line': b'-- Up-to-date: /home/maddy/iris_test_tool/install/iris_interfaces/local/lib/python3.10/dist-packages/iris_interfaces/msg/_navigation_mode.py\n'}
[0.996764] (iris_interfaces) StdoutLine: {'line': b'-- Up-to-date: /home/maddy/iris_test_tool/install/iris_interfaces/local/lib/python3.10/dist-packages/iris_interfaces/msg/_mender_client_status.py\n'}
[0.996966] (iris_interfaces) StdoutLine: {'line': b'-- Up-to-date: /home/maddy/iris_test_tool/install/iris_interfaces/local/lib/python3.10/dist-packages/iris_interfaces/msg/_a2_fault_status.py\n'}
[0.997224] (iris_interfaces) StdoutLine: {'line': b'-- Up-to-date: /home/maddy/iris_test_tool/install/iris_interfaces/local/lib/python3.10/dist-packages/iris_interfaces/msg/_actuator_status_s.c\n'}
[0.997450] (iris_interfaces) StdoutLine: {'line': b'-- Up-to-date: /home/maddy/iris_test_tool/install/iris_interfaces/local/lib/python3.10/dist-packages/iris_interfaces/msg/_a5_status_s.c\n'}
[0.997652] (iris_interfaces) StdoutLine: {'line': b'-- Up-to-date: /home/maddy/iris_test_tool/install/iris_interfaces/local/lib/python3.10/dist-packages/iris_interfaces/msg/_brush_faults.py\n'}
[0.997977] (iris_interfaces) StdoutLine: {'line': b'-- Up-to-date: /home/maddy/iris_test_tool/install/iris_interfaces/local/lib/python3.10/dist-packages/iris_interfaces/msg/_brush_status.py\n'}
[0.998098] (iris_interfaces) StdoutLine: {'line': b'-- Up-to-date: /home/maddy/iris_test_tool/install/iris_interfaces/local/lib/python3.10/dist-packages/iris_interfaces/msg/_system_software_status.py\n'}
[0.998201] (iris_interfaces) StdoutLine: {'line': b'-- Up-to-date: /home/maddy/iris_test_tool/install/iris_interfaces/local/lib/python3.10/dist-packages/iris_interfaces/_iris_interfaces_s.ep.rosidl_typesupport_c.c\n'}
[0.998305] (iris_interfaces) StdoutLine: {'line': b'-- Up-to-date: /home/maddy/iris_test_tool/install/iris_interfaces/local/lib/python3.10/dist-packages/iris_interfaces/_iris_interfaces_s.ep.rosidl_typesupport_introspection_c.c\n'}
[0.998605] (iris_interfaces) StdoutLine: {'line': b'-- Up-to-date: /home/maddy/iris_test_tool/install/iris_interfaces/local/lib/python3.10/dist-packages/iris_interfaces/iris_interfaces_s__rosidl_typesupport_fastrtps_c.cpython-310-x86_64-linux-gnu.so\n'}
[0.998715] (iris_interfaces) StdoutLine: {'line': b"Listing '/home/maddy/iris_test_tool/install/iris_interfaces/local/lib/python3.10/dist-packages/iris_interfaces'...\n"}
[0.998817] (iris_interfaces) StdoutLine: {'line': b"Listing '/home/maddy/iris_test_tool/install/iris_interfaces/local/lib/python3.10/dist-packages/iris_interfaces/action'...\n"}
[0.999035] (iris_interfaces) StdoutLine: {'line': b"Listing '/home/maddy/iris_test_tool/install/iris_interfaces/local/lib/python3.10/dist-packages/iris_interfaces/msg'...\n"}
[0.999141] (iris_interfaces) StdoutLine: {'line': b"Listing '/home/maddy/iris_test_tool/install/iris_interfaces/local/lib/python3.10/dist-packages/iris_interfaces/srv'...\n"}
[0.999410] (iris_interfaces) StdoutLine: {'line': b'-- Up-to-date: /home/maddy/iris_test_tool/install/iris_interfaces/local/lib/python3.10/dist-packages/iris_interfaces/iris_interfaces_s__rosidl_typesupport_fastrtps_c.cpython-310-x86_64-linux-gnu.so\n'}
[0.999638] (iris_interfaces) StdoutLine: {'line': b'-- Up-to-date: /home/maddy/iris_test_tool/install/iris_interfaces/local/lib/python3.10/dist-packages/iris_interfaces/iris_interfaces_s__rosidl_typesupport_introspection_c.cpython-310-x86_64-linux-gnu.so\n'}
[0.999869] (iris_interfaces) StdoutLine: {'line': b'-- Up-to-date: /home/maddy/iris_test_tool/install/iris_interfaces/local/lib/python3.10/dist-packages/iris_interfaces/iris_interfaces_s__rosidl_typesupport_c.cpython-310-x86_64-linux-gnu.so\n'}
[1.000250] (iris_interfaces) StdoutLine: {'line': b'-- Up-to-date: /home/maddy/iris_test_tool/install/iris_interfaces/lib/libiris_interfaces__rosidl_generator_py.so\n'}
[1.000461] (iris_interfaces) StdoutLine: {'line': b'-- Up-to-date: /home/maddy/iris_test_tool/install/iris_interfaces/share/iris_interfaces/msg/WheelCommandSpeed.idl\n'}
[1.000569] (iris_interfaces) StdoutLine: {'line': b'-- Up-to-date: /home/maddy/iris_test_tool/install/iris_interfaces/share/iris_interfaces/msg/WheelEncoders.idl\n'}
[1.000802] (iris_interfaces) StdoutLine: {'line': b'-- Up-to-date: /home/maddy/iris_test_tool/install/iris_interfaces/share/iris_interfaces/msg/SensorStatus.idl\n'}
[1.001006] (iris_interfaces) StdoutLine: {'line': b'-- Up-to-date: /home/maddy/iris_test_tool/install/iris_interfaces/share/iris_interfaces/msg/MotorStatus.idl\n'}
[1.001334] (iris_interfaces) StdoutLine: {'line': b'-- Up-to-date: /home/maddy/iris_test_tool/install/iris_interfaces/share/iris_interfaces/msg/MotorControllerStatus.idl\n'}
[1.001708] (iris_interfaces) StdoutLine: {'line': b'-- Up-to-date: /home/maddy/iris_test_tool/install/iris_interfaces/share/iris_interfaces/msg/UltrasonicRanges.idl\n'}
[1.001923] (iris_interfaces) StdoutLine: {'line': b'-- Up-to-date: /home/maddy/iris_test_tool/install/iris_interfaces/share/iris_interfaces/msg/WaterTankLevels.idl\n'}
[1.002143] (iris_interfaces) StdoutLine: {'line': b'-- Up-to-date: /home/maddy/iris_test_tool/install/iris_interfaces/share/iris_interfaces/msg/HeadbandMode.idl\n'}
[1.002484] (iris_interfaces) StdoutLine: {'line': b'-- Up-to-date: /home/maddy/iris_test_tool/install/iris_interfaces/share/iris_interfaces/msg/NavigationMode.idl\n'}
[1.002805] (iris_interfaces) StdoutLine: {'line': b'-- Up-to-date: /home/maddy/iris_test_tool/install/iris_interfaces/share/iris_interfaces/msg/FollowPathResult.idl\n'}
[1.002904] (-) TimerEvent: {}
[1.003291] (iris_interfaces) StdoutLine: {'line': b'-- Up-to-date: /home/maddy/iris_test_tool/install/iris_interfaces/share/iris_interfaces/msg/OTAStatus.idl\n'}
[1.003595] (iris_interfaces) StdoutLine: {'line': b'-- Up-to-date: /home/maddy/iris_test_tool/install/iris_interfaces/share/iris_interfaces/msg/SystemSoftwareStatus.idl\n'}
[1.003941] (iris_interfaces) StdoutLine: {'line': b'-- Up-to-date: /home/maddy/iris_test_tool/install/iris_interfaces/share/iris_interfaces/msg/MenderClientStatus.idl\n'}
[1.004151] (iris_interfaces) StdoutLine: {'line': b'-- Up-to-date: /home/maddy/iris_test_tool/install/iris_interfaces/share/iris_interfaces/msg/A5Status.idl\n'}
[1.004535] (iris_interfaces) StdoutLine: {'line': b'-- Up-to-date: /home/maddy/iris_test_tool/install/iris_interfaces/share/iris_interfaces/msg/LedControl.idl\n'}
[1.004750] (iris_interfaces) StdoutLine: {'line': b'-- Up-to-date: /home/maddy/iris_test_tool/install/iris_interfaces/share/iris_interfaces/msg/A2FunctionalStatus.idl\n'}
[1.005066] (iris_interfaces) StdoutLine: {'line': b'-- Up-to-date: /home/maddy/iris_test_tool/install/iris_interfaces/share/iris_interfaces/msg/A2Command.idl\n'}
[1.005435] (iris_interfaces) StdoutLine: {'line': b'-- Up-to-date: /home/maddy/iris_test_tool/install/iris_interfaces/share/iris_interfaces/msg/VacuumStatus.idl\n'}
[1.005799] (iris_interfaces) StdoutLine: {'line': b'-- Up-to-date: /home/maddy/iris_test_tool/install/iris_interfaces/share/iris_interfaces/msg/VacuumFaults.idl\n'}
[1.006236] (iris_interfaces) StdoutLine: {'line': b'-- Up-to-date: /home/maddy/iris_test_tool/install/iris_interfaces/share/iris_interfaces/msg/BrushStatus.idl\n'}
[1.006791] (iris_interfaces) StdoutLine: {'line': b'-- Up-to-date: /home/maddy/iris_test_tool/install/iris_interfaces/share/iris_interfaces/msg/BrushFaults.idl\n'}
[1.007336] (iris_interfaces) StdoutLine: {'line': b'-- Up-to-date: /home/maddy/iris_test_tool/install/iris_interfaces/share/iris_interfaces/msg/A2FaultStatus.idl\n'}
[1.007670] (iris_interfaces) StdoutLine: {'line': b'-- Up-to-date: /home/maddy/iris_test_tool/install/iris_interfaces/share/iris_interfaces/msg/ActuatorStatus.idl\n'}
[1.008014] (iris_interfaces) StdoutLine: {'line': b'-- Up-to-date: /home/maddy/iris_test_tool/install/iris_interfaces/share/iris_interfaces/srv/UpdateMotorControllerParameters.idl\n'}
[1.008258] (iris_interfaces) StdoutLine: {'line': b'-- Up-to-date: /home/maddy/iris_test_tool/install/iris_interfaces/share/iris_interfaces/srv/RestartMotorController.idl\n'}
[1.008420] (iris_interfaces) StdoutLine: {'line': b'-- Up-to-date: /home/maddy/iris_test_tool/install/iris_interfaces/share/iris_interfaces/srv/GetWifiStatus.idl\n'}
[1.008628] (iris_interfaces) StdoutLine: {'line': b'-- Up-to-date: /home/maddy/iris_test_tool/install/iris_interfaces/share/iris_interfaces/srv/WifiDiscovery.idl\n'}
[1.008789] (iris_interfaces) StdoutLine: {'line': b'-- Up-to-date: /home/maddy/iris_test_tool/install/iris_interfaces/share/iris_interfaces/srv/ConnectWifi.idl\n'}
[1.009007] (iris_interfaces) StdoutLine: {'line': b'-- Up-to-date: /home/maddy/iris_test_tool/install/iris_interfaces/share/iris_interfaces/srv/DisconnectWifi.idl\n'}
[1.009274] (iris_interfaces) StdoutLine: {'line': b'-- Up-to-date: /home/maddy/iris_test_tool/install/iris_interfaces/share/iris_interfaces/srv/ProcessManager.idl\n'}
[1.009510] (iris_interfaces) StdoutLine: {'line': b'-- Up-to-date: /home/maddy/iris_test_tool/install/iris_interfaces/share/iris_interfaces/srv/StateManager.idl\n'}
[1.010126] (iris_interfaces) StdoutLine: {'line': b'-- Up-to-date: /home/maddy/iris_test_tool/install/iris_interfaces/share/iris_interfaces/srv/ResetWheelEncoders.idl\n'}
[1.010339] (iris_interfaces) StdoutLine: {'line': b'-- Up-to-date: /home/maddy/iris_test_tool/install/iris_interfaces/share/iris_interfaces/srv/UpdateMotorControllerReferenceSource.idl\n'}
[1.010669] (iris_interfaces) StdoutLine: {'line': b'-- Up-to-date: /home/maddy/iris_test_tool/install/iris_interfaces/share/iris_interfaces/srv/A2Command.idl\n'}
[1.011018] (iris_interfaces) StdoutLine: {'line': b'-- Up-to-date: /home/maddy/iris_test_tool/install/iris_interfaces/share/iris_interfaces/srv/ResetA2Faults.idl\n'}
[1.011360] (iris_interfaces) StdoutLine: {'line': b'-- Up-to-date: /home/maddy/iris_test_tool/install/iris_interfaces/share/iris_interfaces/action/ComputePathCoverage.idl\n'}
[1.011706] (iris_interfaces) StdoutLine: {'line': b'-- Up-to-date: /home/maddy/iris_test_tool/install/iris_interfaces/share/iris_interfaces/action/NavigatePathCoverage.idl\n'}
[1.012046] (iris_interfaces) StdoutLine: {'line': b'-- Up-to-date: /home/maddy/iris_test_tool/install/iris_interfaces/share/iris_interfaces/action/PathCoverageController.idl\n'}
[1.012875] (iris_interfaces) StdoutLine: {'line': b'-- Up-to-date: /home/maddy/iris_test_tool/install/iris_interfaces/share/iris_interfaces/msg/WheelCommandSpeed.msg\n'}
[1.013242] (iris_interfaces) StdoutLine: {'line': b'-- Up-to-date: /home/maddy/iris_test_tool/install/iris_interfaces/share/iris_interfaces/msg/WheelEncoders.msg\n'}
[1.013550] (iris_interfaces) StdoutLine: {'line': b'-- Up-to-date: /home/maddy/iris_test_tool/install/iris_interfaces/share/iris_interfaces/msg/SensorStatus.msg\n'}
[1.013922] (iris_interfaces) StdoutLine: {'line': b'-- Up-to-date: /home/maddy/iris_test_tool/install/iris_interfaces/share/iris_interfaces/msg/MotorStatus.msg\n'}
[1.014379] (iris_interfaces) StdoutLine: {'line': b'-- Up-to-date: /home/maddy/iris_test_tool/install/iris_interfaces/share/iris_interfaces/msg/MotorControllerStatus.msg\n'}
[1.014749] (iris_interfaces) StdoutLine: {'line': b'-- Up-to-date: /home/maddy/iris_test_tool/install/iris_interfaces/share/iris_interfaces/msg/UltrasonicRanges.msg\n'}
[1.015122] (iris_interfaces) StdoutLine: {'line': b'-- Up-to-date: /home/maddy/iris_test_tool/install/iris_interfaces/share/iris_interfaces/msg/WaterTankLevels.msg\n'}
[1.015732] (iris_interfaces) StdoutLine: {'line': b'-- Up-to-date: /home/maddy/iris_test_tool/install/iris_interfaces/share/iris_interfaces/msg/HeadbandMode.msg\n'}
[1.016016] (iris_interfaces) StdoutLine: {'line': b'-- Up-to-date: /home/maddy/iris_test_tool/install/iris_interfaces/share/iris_interfaces/msg/NavigationMode.msg\n'}
[1.016392] (iris_interfaces) StdoutLine: {'line': b'-- Up-to-date: /home/maddy/iris_test_tool/install/iris_interfaces/share/iris_interfaces/msg/FollowPathResult.msg\n'}
[1.016726] (iris_interfaces) StdoutLine: {'line': b'-- Up-to-date: /home/maddy/iris_test_tool/install/iris_interfaces/share/iris_interfaces/msg/OTAStatus.msg\n'}
[1.017062] (iris_interfaces) StdoutLine: {'line': b'-- Up-to-date: /home/maddy/iris_test_tool/install/iris_interfaces/share/iris_interfaces/msg/SystemSoftwareStatus.msg\n'}
[1.017772] (iris_interfaces) StdoutLine: {'line': b'-- Up-to-date: /home/maddy/iris_test_tool/install/iris_interfaces/share/iris_interfaces/msg/MenderClientStatus.msg\n'}
[1.018113] (iris_interfaces) StdoutLine: {'line': b'-- Up-to-date: /home/maddy/iris_test_tool/install/iris_interfaces/share/iris_interfaces/msg/A5Status.msg\n'}
[1.018448] (iris_interfaces) StdoutLine: {'line': b'-- Up-to-date: /home/maddy/iris_test_tool/install/iris_interfaces/share/iris_interfaces/msg/LedControl.msg\n'}
[1.018778] (iris_interfaces) StdoutLine: {'line': b'-- Up-to-date: /home/maddy/iris_test_tool/install/iris_interfaces/share/iris_interfaces/msg/A2FunctionalStatus.msg\n'}
[1.019115] (iris_interfaces) StdoutLine: {'line': b'-- Up-to-date: /home/maddy/iris_test_tool/install/iris_interfaces/share/iris_interfaces/msg/A2Command.msg\n'}
[1.019668] (iris_interfaces) StdoutLine: {'line': b'-- Up-to-date: /home/maddy/iris_test_tool/install/iris_interfaces/share/iris_interfaces/msg/VacuumStatus.msg\n'}
[1.019887] (iris_interfaces) StdoutLine: {'line': b'-- Up-to-date: /home/maddy/iris_test_tool/install/iris_interfaces/share/iris_interfaces/msg/VacuumFaults.msg\n'}
[1.020221] (iris_interfaces) StdoutLine: {'line': b'-- Up-to-date: /home/maddy/iris_test_tool/install/iris_interfaces/share/iris_interfaces/msg/BrushStatus.msg\n'}
[1.020545] (iris_interfaces) StdoutLine: {'line': b'-- Up-to-date: /home/maddy/iris_test_tool/install/iris_interfaces/share/iris_interfaces/msg/BrushFaults.msg\n'}
[1.020878] (iris_interfaces) StdoutLine: {'line': b'-- Up-to-date: /home/maddy/iris_test_tool/install/iris_interfaces/share/iris_interfaces/msg/A2FaultStatus.msg\n'}
[1.021514] (iris_interfaces) StdoutLine: {'line': b'-- Up-to-date: /home/maddy/iris_test_tool/install/iris_interfaces/share/iris_interfaces/msg/ActuatorStatus.msg\n'}
[1.021865] (iris_interfaces) StdoutLine: {'line': b'-- Up-to-date: /home/maddy/iris_test_tool/install/iris_interfaces/share/iris_interfaces/srv/UpdateMotorControllerParameters.srv\n'}
[1.022505] (iris_interfaces) StdoutLine: {'line': b'-- Up-to-date: /home/maddy/iris_test_tool/install/iris_interfaces/share/iris_interfaces/srv/UpdateMotorControllerParameters_Request.msg\n'}
[1.022907] (iris_interfaces) StdoutLine: {'line': b'-- Up-to-date: /home/maddy/iris_test_tool/install/iris_interfaces/share/iris_interfaces/srv/UpdateMotorControllerParameters_Response.msg\n'}
[1.023778] (iris_interfaces) StdoutLine: {'line': b'-- Up-to-date: /home/maddy/iris_test_tool/install/iris_interfaces/share/iris_interfaces/srv/RestartMotorController.srv\n'}
[1.024065] (iris_interfaces) StdoutLine: {'line': b'-- Up-to-date: /home/maddy/iris_test_tool/install/iris_interfaces/share/iris_interfaces/srv/RestartMotorController_Request.msg\n'}
[1.024276] (iris_interfaces) StdoutLine: {'line': b'-- Up-to-date: /home/maddy/iris_test_tool/install/iris_interfaces/share/iris_interfaces/srv/RestartMotorController_Response.msg\n'}
[1.024483] (iris_interfaces) StdoutLine: {'line': b'-- Up-to-date: /home/maddy/iris_test_tool/install/iris_interfaces/share/iris_interfaces/srv/GetWifiStatus.srv\n'}
[1.024833] (iris_interfaces) StdoutLine: {'line': b'-- Up-to-date: /home/maddy/iris_test_tool/install/iris_interfaces/share/iris_interfaces/srv/GetWifiStatus_Request.msg\n'}
[1.025356] (iris_interfaces) StdoutLine: {'line': b'-- Up-to-date: /home/maddy/iris_test_tool/install/iris_interfaces/share/iris_interfaces/srv/GetWifiStatus_Response.msg\n'}
[1.025642] (iris_interfaces) StdoutLine: {'line': b'-- Up-to-date: /home/maddy/iris_test_tool/install/iris_interfaces/share/iris_interfaces/srv/WifiDiscovery.srv\n'}
[1.025921] (iris_interfaces) StdoutLine: {'line': b'-- Up-to-date: /home/maddy/iris_test_tool/install/iris_interfaces/share/iris_interfaces/srv/WifiDiscovery_Request.msg\n'}
[1.026213] (iris_interfaces) StdoutLine: {'line': b'-- Up-to-date: /home/maddy/iris_test_tool/install/iris_interfaces/share/iris_interfaces/srv/WifiDiscovery_Response.msg\n'}
[1.026485] (iris_interfaces) StdoutLine: {'line': b'-- Up-to-date: /home/maddy/iris_test_tool/install/iris_interfaces/share/iris_interfaces/srv/ConnectWifi.srv\n'}
[1.026809] (iris_interfaces) StdoutLine: {'line': b'-- Up-to-date: /home/maddy/iris_test_tool/install/iris_interfaces/share/iris_interfaces/srv/ConnectWifi_Request.msg\n'}
[1.027153] (iris_interfaces) StdoutLine: {'line': b'-- Up-to-date: /home/maddy/iris_test_tool/install/iris_interfaces/share/iris_interfaces/srv/ConnectWifi_Response.msg\n'}
[1.027692] (iris_interfaces) StdoutLine: {'line': b'-- Up-to-date: /home/maddy/iris_test_tool/install/iris_interfaces/share/iris_interfaces/srv/DisconnectWifi.srv\n'}
[1.028049] (iris_interfaces) StdoutLine: {'line': b'-- Up-to-date: /home/maddy/iris_test_tool/install/iris_interfaces/share/iris_interfaces/srv/DisconnectWifi_Request.msg\n'}
[1.028391] (iris_interfaces) StdoutLine: {'line': b'-- Up-to-date: /home/maddy/iris_test_tool/install/iris_interfaces/share/iris_interfaces/srv/DisconnectWifi_Response.msg\n'}
[1.028613] (iris_interfaces) StdoutLine: {'line': b'-- Up-to-date: /home/maddy/iris_test_tool/install/iris_interfaces/share/iris_interfaces/srv/ProcessManager.srv\n'}
[1.028982] (iris_interfaces) StdoutLine: {'line': b'-- Up-to-date: /home/maddy/iris_test_tool/install/iris_interfaces/share/iris_interfaces/srv/ProcessManager_Request.msg\n'}
[1.029593] (iris_interfaces) StdoutLine: {'line': b'-- Up-to-date: /home/maddy/iris_test_tool/install/iris_interfaces/share/iris_interfaces/srv/ProcessManager_Response.msg\n'}
[1.029926] (iris_interfaces) StdoutLine: {'line': b'-- Up-to-date: /home/maddy/iris_test_tool/install/iris_interfaces/share/iris_interfaces/srv/StateManager.srv\n'}
[1.030230] (iris_interfaces) StdoutLine: {'line': b'-- Up-to-date: /home/maddy/iris_test_tool/install/iris_interfaces/share/iris_interfaces/srv/StateManager_Request.msg\n'}
[1.030501] (iris_interfaces) StdoutLine: {'line': b'-- Up-to-date: /home/maddy/iris_test_tool/install/iris_interfaces/share/iris_interfaces/srv/StateManager_Response.msg\n'}
[1.030969] (iris_interfaces) StdoutLine: {'line': b'-- Up-to-date: /home/maddy/iris_test_tool/install/iris_interfaces/share/iris_interfaces/srv/ResetWheelEncoders.srv\n'}
[1.031137] (iris_interfaces) StdoutLine: {'line': b'-- Up-to-date: /home/maddy/iris_test_tool/install/iris_interfaces/share/iris_interfaces/srv/ResetWheelEncoders_Request.msg\n'}
[1.031590] (iris_interfaces) StdoutLine: {'line': b'-- Up-to-date: /home/maddy/iris_test_tool/install/iris_interfaces/share/iris_interfaces/srv/ResetWheelEncoders_Response.msg\n'}
[1.031906] (iris_interfaces) StdoutLine: {'line': b'-- Up-to-date: /home/maddy/iris_test_tool/install/iris_interfaces/share/iris_interfaces/srv/UpdateMotorControllerReferenceSource.srv\n'}
[1.032357] (iris_interfaces) StdoutLine: {'line': b'-- Up-to-date: /home/maddy/iris_test_tool/install/iris_interfaces/share/iris_interfaces/srv/UpdateMotorControllerReferenceSource_Request.msg\n'}
[1.032735] (iris_interfaces) StdoutLine: {'line': b'-- Up-to-date: /home/maddy/iris_test_tool/install/iris_interfaces/share/iris_interfaces/srv/UpdateMotorControllerReferenceSource_Response.msg\n'}
[1.033554] (iris_interfaces) StdoutLine: {'line': b'-- Up-to-date: /home/maddy/iris_test_tool/install/iris_interfaces/share/iris_interfaces/srv/A2Command.srv\n'}
[1.033811] (iris_interfaces) StdoutLine: {'line': b'-- Up-to-date: /home/maddy/iris_test_tool/install/iris_interfaces/share/iris_interfaces/srv/A2Command_Request.msg\n'}
[1.034020] (iris_interfaces) StdoutLine: {'line': b'-- Up-to-date: /home/maddy/iris_test_tool/install/iris_interfaces/share/iris_interfaces/srv/A2Command_Response.msg\n'}
[1.034325] (iris_interfaces) StdoutLine: {'line': b'-- Up-to-date: /home/maddy/iris_test_tool/install/iris_interfaces/share/iris_interfaces/srv/ResetA2Faults.srv\n'}
[1.034648] (iris_interfaces) StdoutLine: {'line': b'-- Up-to-date: /home/maddy/iris_test_tool/install/iris_interfaces/share/iris_interfaces/srv/ResetA2Faults_Request.msg\n'}
[1.034965] (iris_interfaces) StdoutLine: {'line': b'-- Up-to-date: /home/maddy/iris_test_tool/install/iris_interfaces/share/iris_interfaces/srv/ResetA2Faults_Response.msg\n'}
[1.035231] (iris_interfaces) StdoutLine: {'line': b'-- Up-to-date: /home/maddy/iris_test_tool/install/iris_interfaces/share/iris_interfaces/action/ComputePathCoverage.action\n'}
[1.035473] (iris_interfaces) StdoutLine: {'line': b'-- Up-to-date: /home/maddy/iris_test_tool/install/iris_interfaces/share/iris_interfaces/action/NavigatePathCoverage.action\n'}
[1.035673] (iris_interfaces) StdoutLine: {'line': b'-- Up-to-date: /home/maddy/iris_test_tool/install/iris_interfaces/share/iris_interfaces/action/PathCoverageController.action\n'}
[1.036076] (iris_interfaces) StdoutLine: {'line': b'-- Up-to-date: /home/maddy/iris_test_tool/install/iris_interfaces/share/ament_index/resource_index/package_run_dependencies/iris_interfaces\n'}
[1.036286] (iris_interfaces) StdoutLine: {'line': b'-- Up-to-date: /home/maddy/iris_test_tool/install/iris_interfaces/share/ament_index/resource_index/parent_prefix_path/iris_interfaces\n'}
[1.036502] (iris_interfaces) StdoutLine: {'line': b'-- Up-to-date: /home/maddy/iris_test_tool/install/iris_interfaces/share/iris_interfaces/environment/ament_prefix_path.sh\n'}
[1.036728] (iris_interfaces) StdoutLine: {'line': b'-- Up-to-date: /home/maddy/iris_test_tool/install/iris_interfaces/share/iris_interfaces/environment/ament_prefix_path.dsv\n'}
[1.037183] (iris_interfaces) StdoutLine: {'line': b'-- Up-to-date: /home/maddy/iris_test_tool/install/iris_interfaces/share/iris_interfaces/environment/path.sh\n'}
[1.037600] (iris_interfaces) StdoutLine: {'line': b'-- Up-to-date: /home/maddy/iris_test_tool/install/iris_interfaces/share/iris_interfaces/environment/path.dsv\n'}
[1.038042] (iris_interfaces) StdoutLine: {'line': b'-- Up-to-date: /home/maddy/iris_test_tool/install/iris_interfaces/share/iris_interfaces/local_setup.bash\n'}
[1.038899] (iris_interfaces) StdoutLine: {'line': b'-- Up-to-date: /home/maddy/iris_test_tool/install/iris_interfaces/share/iris_interfaces/local_setup.sh\n'}
[1.039141] (iris_interfaces) StdoutLine: {'line': b'-- Up-to-date: /home/maddy/iris_test_tool/install/iris_interfaces/share/iris_interfaces/local_setup.zsh\n'}
[1.039338] (iris_interfaces) StdoutLine: {'line': b'-- Up-to-date: /home/maddy/iris_test_tool/install/iris_interfaces/share/iris_interfaces/local_setup.dsv\n'}
[1.039707] (iris_interfaces) StdoutLine: {'line': b'-- Installing: /home/maddy/iris_test_tool/install/iris_interfaces/share/iris_interfaces/package.dsv\n'}
[1.040079] (iris_interfaces) StdoutLine: {'line': b'-- Up-to-date: /home/maddy/iris_test_tool/install/iris_interfaces/share/ament_index/resource_index/packages/iris_interfaces\n'}
[1.040471] (iris_interfaces) StdoutLine: {'line': b'-- Up-to-date: /home/maddy/iris_test_tool/install/iris_interfaces/share/iris_interfaces/cmake/export_iris_interfaces__rosidl_generator_cExport.cmake\n'}
[1.040778] (iris_interfaces) StdoutLine: {'line': b'-- Up-to-date: /home/maddy/iris_test_tool/install/iris_interfaces/share/iris_interfaces/cmake/export_iris_interfaces__rosidl_generator_cExport-noconfig.cmake\n'}
[1.041148] (iris_interfaces) StdoutLine: {'line': b'-- Up-to-date: /home/maddy/iris_test_tool/install/iris_interfaces/share/iris_interfaces/cmake/export_iris_interfaces__rosidl_typesupport_fastrtps_cExport.cmake\n'}
[1.041620] (iris_interfaces) StdoutLine: {'line': b'-- Up-to-date: /home/maddy/iris_test_tool/install/iris_interfaces/share/iris_interfaces/cmake/export_iris_interfaces__rosidl_typesupport_fastrtps_cExport-noconfig.cmake\n'}
[1.041770] (iris_interfaces) StdoutLine: {'line': b'-- Up-to-date: /home/maddy/iris_test_tool/install/iris_interfaces/share/iris_interfaces/cmake/iris_interfaces__rosidl_typesupport_introspection_cExport.cmake\n'}
[1.042017] (iris_interfaces) StdoutLine: {'line': b'-- Up-to-date: /home/maddy/iris_test_tool/install/iris_interfaces/share/iris_interfaces/cmake/iris_interfaces__rosidl_typesupport_introspection_cExport-noconfig.cmake\n'}
[1.042149] (iris_interfaces) StdoutLine: {'line': b'-- Up-to-date: /home/maddy/iris_test_tool/install/iris_interfaces/share/iris_interfaces/cmake/iris_interfaces__rosidl_typesupport_cExport.cmake\n'}
[1.042481] (iris_interfaces) StdoutLine: {'line': b'-- Up-to-date: /home/maddy/iris_test_tool/install/iris_interfaces/share/iris_interfaces/cmake/iris_interfaces__rosidl_typesupport_cExport-noconfig.cmake\n'}
[1.042902] (iris_interfaces) StdoutLine: {'line': b'-- Up-to-date: /home/maddy/iris_test_tool/install/iris_interfaces/share/iris_interfaces/cmake/export_iris_interfaces__rosidl_generator_cppExport.cmake\n'}
[1.043208] (iris_interfaces) StdoutLine: {'line': b'-- Up-to-date: /home/maddy/iris_test_tool/install/iris_interfaces/share/iris_interfaces/cmake/export_iris_interfaces__rosidl_typesupport_fastrtps_cppExport.cmake\n'}
[1.043435] (iris_interfaces) StdoutLine: {'line': b'-- Up-to-date: /home/maddy/iris_test_tool/install/iris_interfaces/share/iris_interfaces/cmake/export_iris_interfaces__rosidl_typesupport_fastrtps_cppExport-noconfig.cmake\n'}
[1.043803] (iris_interfaces) StdoutLine: {'line': b'-- Up-to-date: /home/maddy/iris_test_tool/install/iris_interfaces/share/iris_interfaces/cmake/iris_interfaces__rosidl_typesupport_introspection_cppExport.cmake\n'}
[1.044308] (iris_interfaces) StdoutLine: {'line': b'-- Up-to-date: /home/maddy/iris_test_tool/install/iris_interfaces/share/iris_interfaces/cmake/iris_interfaces__rosidl_typesupport_introspection_cppExport-noconfig.cmake\n'}
[1.044662] (iris_interfaces) StdoutLine: {'line': b'-- Up-to-date: /home/maddy/iris_test_tool/install/iris_interfaces/share/iris_interfaces/cmake/iris_interfaces__rosidl_typesupport_cppExport.cmake\n'}
[1.045034] (iris_interfaces) StdoutLine: {'line': b'-- Up-to-date: /home/maddy/iris_test_tool/install/iris_interfaces/share/iris_interfaces/cmake/iris_interfaces__rosidl_typesupport_cppExport-noconfig.cmake\n'}
[1.045425] (iris_interfaces) StdoutLine: {'line': b'-- Up-to-date: /home/maddy/iris_test_tool/install/iris_interfaces/share/iris_interfaces/cmake/export_iris_interfaces__rosidl_generator_pyExport.cmake\n'}
[1.045645] (iris_interfaces) StdoutLine: {'line': b'-- Up-to-date: /home/maddy/iris_test_tool/install/iris_interfaces/share/iris_interfaces/cmake/export_iris_interfaces__rosidl_generator_pyExport-noconfig.cmake\n'}
[1.045856] (iris_interfaces) StdoutLine: {'line': b'-- Up-to-date: /home/maddy/iris_test_tool/install/iris_interfaces/share/iris_interfaces/cmake/rosidl_cmake-extras.cmake\n'}
[1.046090] (iris_interfaces) StdoutLine: {'line': b'-- Up-to-date: /home/maddy/iris_test_tool/install/iris_interfaces/share/iris_interfaces/cmake/ament_cmake_export_dependencies-extras.cmake\n'}
[1.046302] (iris_interfaces) StdoutLine: {'line': b'-- Up-to-date: /home/maddy/iris_test_tool/install/iris_interfaces/share/iris_interfaces/cmake/ament_cmake_export_include_directories-extras.cmake\n'}
[1.046509] (iris_interfaces) StdoutLine: {'line': b'-- Up-to-date: /home/maddy/iris_test_tool/install/iris_interfaces/share/iris_interfaces/cmake/ament_cmake_export_libraries-extras.cmake\n'}
[1.046714] (iris_interfaces) StdoutLine: {'line': b'-- Up-to-date: /home/maddy/iris_test_tool/install/iris_interfaces/share/iris_interfaces/cmake/ament_cmake_export_targets-extras.cmake\n'}
[1.046924] (iris_interfaces) StdoutLine: {'line': b'-- Up-to-date: /home/maddy/iris_test_tool/install/iris_interfaces/share/iris_interfaces/cmake/rosidl_cmake_export_typesupport_targets-extras.cmake\n'}
[1.047144] (iris_interfaces) StdoutLine: {'line': b'-- Up-to-date: /home/maddy/iris_test_tool/install/iris_interfaces/share/iris_interfaces/cmake/rosidl_cmake_export_typesupport_libraries-extras.cmake\n'}
[1.047515] (iris_interfaces) StdoutLine: {'line': b'-- Up-to-date: /home/maddy/iris_test_tool/install/iris_interfaces/share/iris_interfaces/cmake/iris_interfacesConfig.cmake\n'}
[1.047880] (iris_interfaces) StdoutLine: {'line': b'-- Up-to-date: /home/maddy/iris_test_tool/install/iris_interfaces/share/iris_interfaces/cmake/iris_interfacesConfig-version.cmake\n'}
[1.048721] (iris_interfaces) StdoutLine: {'line': b'-- Up-to-date: /home/maddy/iris_test_tool/install/iris_interfaces/share/iris_interfaces/package.xml\n'}
[1.050511] (iris_interfaces) CommandEnded: {'returncode': 0}
[1.091780] (iris_interfaces) JobEnded: {'identifier': 'iris_interfaces', 'rc': 0}
[1.093949] (test_tool) JobStarted: {'identifier': 'test_tool'}
[1.103078] (-) TimerEvent: {}
[1.203553] (-) TimerEvent: {}
[1.267622] (test_tool) JobProgress: {'identifier': 'test_tool', 'progress': 'cmake'}
[1.268826] (test_tool) JobProgress: {'identifier': 'test_tool', 'progress': 'build'}
[1.270438] (test_tool) Command: {'cmd': ['/usr/bin/cmake', '--build', '/home/maddy/iris_test_tool/build/test_tool', '--', '-j8', '-l8'], 'cwd': '/home/maddy/iris_test_tool/build/test_tool', 'env': OrderedDict([('TMUX', '/tmp/tmux-1000/default,3618,0'), ('USER', 'maddy'), ('LD_LIBRARY_PATH', '/home/maddy/iris_test_tool/install/iris_interfaces/lib:/usr/lib/x86_64-linux-gnu/gazebo-11/plugins:/opt/ros/humble/opt/rviz_ogre_vendor/lib:/opt/ros/humble/lib/x86_64-linux-gnu:/opt/ros/humble/lib'), ('SHLVL', '2'), ('HOME', '/home/maddy'), ('LESS', '-R'), ('OLDPWD', '/home/maddy/iris_test_tool'), ('TERM_PROGRAM_VERSION', '3.2a'), ('LSCOLORS', 'Gxfxcxdxbxegedabagacad'), ('PAGER', 'less'), ('ROS_PYTHON_VERSION', '3'), ('DBUS_SESSION_BUS_ADDRESS', 'unix:path=/run/user/1000/bus'), ('P9K_TTY', 'old'), ('WSL_DISTRO_NAME', 'Ubuntu-22.04'), ('COLCON_PREFIX_PATH', '/home/maddy/iris_test_tool/install'), ('ROS_DISTRO', 'humble'), ('WAYLAND_DISPLAY', 'wayland-0'), ('LOGNAME', 'maddy'), ('NAME', 'RMCCORPDE-DT024'), ('PULSE_SERVER', 'unix:/mnt/wslg/PulseServer'), ('WSL_INTEROP', '/run/WSL/351_interop'), ('_', '/usr/bin/colcon'), ('_P9K_SSH_TTY', '/dev/pts/2'), ('ROS_VERSION', '2'), ('TERM', 'screen-256color'), ('ROS_LOCALHOST_ONLY', '0'), ('PATH', '/opt/ros/humble/bin:/usr/local/sbin:/usr/local/bin:/usr/sbin:/usr/bin:/sbin:/bin:/usr/games:/usr/local/games:/usr/lib/wsl/lib:/mnt/c/Program Files/Common Files/Oracle/Java/javapath:/mnt/c/Program Files/Eclipse Adoptium/jdk-17.0.15.6-hotspot/bin:/mnt/c/Program Files (x86)/Common Files/Oracle/Java/java8path:/mnt/c/Program Files (x86)/Common Files/Oracle/Java/javapath:/mnt/c/Windows/system32:/mnt/c/Windows:/mnt/c/Windows/System32/Wbem:/mnt/c/Windows/System32/WindowsPowerShell/v1.0/:/mnt/c/Windows/System32/OpenSSH/:/mnt/c/Program Files/dotnet/:/mnt/c/Program Files/Git/cmd:/mnt/c/Program Files (x86)/Microsoft SQL Server/160/Tools/Binn/:/mnt/c/Program Files/Microsoft SQL Server/160/Tools/Binn/:/mnt/c/Program Files/Microsoft SQL Server/Client SDK/ODBC/170/Tools/Binn/:/mnt/c/Program Files/Microsoft SQL Server/160/DTS/Binn/:/mnt/c/Program Files (x86)/Windows Kits/10/Windows Performance Toolkit/:/mnt/c/Program Files/PostgreSQL/17/bin:/mnt/c/sonar-scanner-7.1.0.4889-windows-x64/bin:/mnt/c/msys64/mingw64/bin:/mnt/c/Program Files/CMake/bin:/mnt/c/Users/RMCPDEDT024/AppData/Local/Programs/Python/Python313/Scripts/:/mnt/c/Users/RMCPDEDT024/AppData/Local/Programs/Python/Python313/:/mnt/c/Users/RMCPDEDT024/AppData/Local/Programs/Python/Launcher/:/mnt/c/Users/RMCPDEDT024/AppData/Local/Microsoft/WindowsApps:/mnt/c/Users/RMCPDEDT024/AppData/Local/Programs/Microsoft VS Code/bin:/mnt/c/Users/RMCPDEDT024/AppData/Local/Python/bin'), ('XDG_RUNTIME_DIR', '/run/user/1000'), ('DISPLAY', ':0'), ('LANG', 'en_US.UTF-8'), ('LS_COLORS', 'rs=0:di=01;34:ln=01;36:mh=00:pi=40;33:so=01;35:do=01;35:bd=40;33;01:cd=40;33;01:or=40;31;01:mi=00:su=37;41:sg=30;43:ca=30;41:tw=30;42:ow=34;42:st=37;44:ex=01;32:*.tar=01;31:*.tgz=01;31:*.arc=01;31:*.arj=01;31:*.taz=01;31:*.lha=01;31:*.lz4=01;31:*.lzh=01;31:*.lzma=01;31:*.tlz=01;31:*.txz=01;31:*.tzo=01;31:*.t7z=01;31:*.zip=01;31:*.z=01;31:*.dz=01;31:*.gz=01;31:*.lrz=01;31:*.lz=01;31:*.lzo=01;31:*.xz=01;31:*.zst=01;31:*.tzst=01;31:*.bz2=01;31:*.bz=01;31:*.tbz=01;31:*.tbz2=01;31:*.tz=01;31:*.deb=01;31:*.rpm=01;31:*.jar=01;31:*.war=01;31:*.ear=01;31:*.sar=01;31:*.rar=01;31:*.alz=01;31:*.ace=01;31:*.zoo=01;31:*.cpio=01;31:*.7z=01;31:*.rz=01;31:*.cab=01;31:*.wim=01;31:*.swm=01;31:*.dwm=01;31:*.esd=01;31:*.jpg=01;35:*.jpeg=01;35:*.mjpg=01;35:*.mjpeg=01;35:*.gif=01;35:*.bmp=01;35:*.pbm=01;35:*.pgm=01;35:*.ppm=01;35:*.tga=01;35:*.xbm=01;35:*.xpm=01;35:*.tif=01;35:*.tiff=01;35:*.png=01;35:*.svg=01;35:*.svgz=01;35:*.mng=01;35:*.pcx=01;35:*.mov=01;35:*.mpg=01;35:*.mpeg=01;35:*.m2v=01;35:*.mkv=01;35:*.webm=01;35:*.webp=01;35:*.ogm=01;35:*.mp4=01;35:*.m4v=01;35:*.mp4v=01;35:*.vob=01;35:*.qt=01;35:*.nuv=01;35:*.wmv=01;35:*.asf=01;35:*.rm=01;35:*.rmvb=01;35:*.flc=01;35:*.avi=01;35:*.fli=01;35:*.flv=01;35:*.gl=01;35:*.dl=01;35:*.xcf=01;35:*.xwd=01;35:*.yuv=01;35:*.cgm=01;35:*.emf=01;35:*.ogv=01;35:*.ogx=01;35:*.aac=00;36:*.au=00;36:*.flac=00;36:*.m4a=00;36:*.mid=00;36:*.midi=00;36:*.mka=00;36:*.mp3=00;36:*.mpc=00;36:*.ogg=00;36:*.ra=00;36:*.wav=00;36:*.oga=00;36:*.opus=00;36:*.spx=00;36:*.xspf=00;36:'), ('TERM_PROGRAM', 'tmux'), ('AMENT_PREFIX_PATH', '/home/maddy/iris_test_tool/install/test_tool:/home/maddy/iris_test_tool/install/iris_interfaces:/opt/ros/humble'), ('SHELL', '/usr/bin/zsh'), ('P9K_SSH', '0'), ('PWD', '/home/maddy/iris_test_tool/build/test_tool'), ('_P9K_TTY', '/dev/pts/2'), ('PYTHONPATH', '/home/maddy/iris_test_tool/install/test_tool_dummy/lib/python3.10/site-packages:/home/maddy/iris_test_tool/install/iris_interfaces/local/lib/python3.10/dist-packages:/opt/ros/humble/lib/python3.10/site-packages:/opt/ros/humble/local/lib/python3.10/dist-packages'), ('COLCON', '1'), ('HOSTTYPE', 'x86_64'), ('TMUX_PANE', '%0'), ('WSL2_GUI_APPS_ENABLED', '1'), ('CMAKE_PREFIX_PATH', '/home/maddy/iris_test_tool/install/iris_interfaces:/home/maddy/iris_test_tool/install/test_tool:/opt/ros/humble'), ('WSLENV', '')]), 'shell': False}
[1.303767] (-) TimerEvent: {}
[1.365470] (test_tool_dummy) Command: {'cmd': ['/usr/bin/python3', '-W', 'ignore:setup.py install is deprecated', '-W', 'ignore:easy_install command is deprecated', 'setup.py', 'egg_info', '--egg-base', '../../build/test_tool_dummy', 'build', '--build-base', '/home/maddy/iris_test_tool/build/test_tool_dummy/build', 'install', '--record', '/home/maddy/iris_test_tool/build/test_tool_dummy/install.log', '--install-scripts', '$base/lib/test_tool_dummy', '--single-version-externally-managed'], 'cwd': '/home/maddy/iris_test_tool/src/test_tool_dummy', 'env': {'TMUX': '/tmp/tmux-1000/default,3618,0', 'USER': 'maddy', 'LD_LIBRARY_PATH': '/home/maddy/iris_test_tool/install/iris_interfaces/lib:/usr/lib/x86_64-linux-gnu/gazebo-11/plugins:/opt/ros/humble/opt/rviz_ogre_vendor/lib:/opt/ros/humble/lib/x86_64-linux-gnu:/opt/ros/humble/lib', 'SHLVL': '2', 'HOME': '/home/maddy', 'LESS': '-R', 'OLDPWD': '/home/maddy/iris_test_tool', 'TERM_PROGRAM_VERSION': '3.2a', 'LSCOLORS': 'Gxfxcxdxbxegedabagacad', 'PAGER': 'less', 'ROS_PYTHON_VERSION': '3', 'DBUS_SESSION_BUS_ADDRESS': 'unix:path=/run/user/1000/bus', 'P9K_TTY': 'old', 'WSL_DISTRO_NAME': 'Ubuntu-22.04', 'COLCON_PREFIX_PATH': '/home/maddy/iris_test_tool/install', 'ROS_DISTRO': 'humble', 'WAYLAND_DISPLAY': 'wayland-0', 'LOGNAME': 'maddy', 'NAME': 'RMCCORPDE-DT024', 'PULSE_SERVER': 'unix:/mnt/wslg/PulseServer', 'WSL_INTEROP': '/run/WSL/351_interop', '_': '/usr/bin/colcon', '_P9K_SSH_TTY': '/dev/pts/2', 'ROS_VERSION': '2', 'TERM': 'screen-256color', 'ROS_LOCALHOST_ONLY': '0', 'PATH': '/opt/ros/humble/bin:/usr/local/sbin:/usr/local/bin:/usr/sbin:/usr/bin:/sbin:/bin:/usr/games:/usr/local/games:/usr/lib/wsl/lib:/mnt/c/Program Files/Common Files/Oracle/Java/javapath:/mnt/c/Program Files/Eclipse Adoptium/jdk-17.0.15.6-hotspot/bin:/mnt/c/Program Files (x86)/Common Files/Oracle/Java/java8path:/mnt/c/Program Files (x86)/Common Files/Oracle/Java/javapath:/mnt/c/Windows/system32:/mnt/c/Windows:/mnt/c/Windows/System32/Wbem:/mnt/c/Windows/System32/WindowsPowerShell/v1.0/:/mnt/c/Windows/System32/OpenSSH/:/mnt/c/Program Files/dotnet/:/mnt/c/Program Files/Git/cmd:/mnt/c/Program Files (x86)/Microsoft SQL Server/160/Tools/Binn/:/mnt/c/Program Files/Microsoft SQL Server/160/Tools/Binn/:/mnt/c/Program Files/Microsoft SQL Server/Client SDK/ODBC/170/Tools/Binn/:/mnt/c/Program Files/Microsoft SQL Server/160/DTS/Binn/:/mnt/c/Program Files (x86)/Windows Kits/10/Windows Performance Toolkit/:/mnt/c/Program Files/PostgreSQL/17/bin:/mnt/c/sonar-scanner-7.1.0.4889-windows-x64/bin:/mnt/c/msys64/mingw64/bin:/mnt/c/Program Files/CMake/bin:/mnt/c/Users/RMCPDEDT024/AppData/Local/Programs/Python/Python313/Scripts/:/mnt/c/Users/RMCPDEDT024/AppData/Local/Programs/Python/Python313/:/mnt/c/Users/RMCPDEDT024/AppData/Local/Programs/Python/Launcher/:/mnt/c/Users/RMCPDEDT024/AppData/Local/Microsoft/WindowsApps:/mnt/c/Users/RMCPDEDT024/AppData/Local/Programs/Microsoft VS Code/bin:/mnt/c/Users/RMCPDEDT024/AppData/Local/Python/bin', 'XDG_RUNTIME_DIR': '/run/user/1000', 'DISPLAY': ':0', 'LANG': 'en_US.UTF-8', 'LS_COLORS': 'rs=0:di=01;34:ln=01;36:mh=00:pi=40;33:so=01;35:do=01;35:bd=40;33;01:cd=40;33;01:or=40;31;01:mi=00:su=37;41:sg=30;43:ca=30;41:tw=30;42:ow=34;42:st=37;44:ex=01;32:*.tar=01;31:*.tgz=01;31:*.arc=01;31:*.arj=01;31:*.taz=01;31:*.lha=01;31:*.lz4=01;31:*.lzh=01;31:*.lzma=01;31:*.tlz=01;31:*.txz=01;31:*.tzo=01;31:*.t7z=01;31:*.zip=01;31:*.z=01;31:*.dz=01;31:*.gz=01;31:*.lrz=01;31:*.lz=01;31:*.lzo=01;31:*.xz=01;31:*.zst=01;31:*.tzst=01;31:*.bz2=01;31:*.bz=01;31:*.tbz=01;31:*.tbz2=01;31:*.tz=01;31:*.deb=01;31:*.rpm=01;31:*.jar=01;31:*.war=01;31:*.ear=01;31:*.sar=01;31:*.rar=01;31:*.alz=01;31:*.ace=01;31:*.zoo=01;31:*.cpio=01;31:*.7z=01;31:*.rz=01;31:*.cab=01;31:*.wim=01;31:*.swm=01;31:*.dwm=01;31:*.esd=01;31:*.jpg=01;35:*.jpeg=01;35:*.mjpg=01;35:*.mjpeg=01;35:*.gif=01;35:*.bmp=01;35:*.pbm=01;35:*.pgm=01;35:*.ppm=01;35:*.tga=01;35:*.xbm=01;35:*.xpm=01;35:*.tif=01;35:*.tiff=01;35:*.png=01;35:*.svg=01;35:*.svgz=01;35:*.mng=01;35:*.pcx=01;35:*.mov=01;35:*.mpg=01;35:*.mpeg=01;35:*.m2v=01;35:*.mkv=01;35:*.webm=01;35:*.webp=01;35:*.ogm=01;35:*.mp4=01;35:*.m4v=01;35:*.mp4v=01;35:*.vob=01;35:*.qt=01;35:*.nuv=01;35:*.wmv=01;35:*.asf=01;35:*.rm=01;35:*.rmvb=01;35:*.flc=01;35:*.avi=01;35:*.fli=01;35:*.flv=01;35:*.gl=01;35:*.dl=01;35:*.xcf=01;35:*.xwd=01;35:*.yuv=01;35:*.cgm=01;35:*.emf=01;35:*.ogv=01;35:*.ogx=01;35:*.aac=00;36:*.au=00;36:*.flac=00;36:*.m4a=00;36:*.mid=00;36:*.midi=00;36:*.mka=00;36:*.mp3=00;36:*.mpc=00;36:*.ogg=00;36:*.ra=00;36:*.wav=00;36:*.oga=00;36:*.opus=00;36:*.spx=00;36:*.xspf=00;36:', 'TERM_PROGRAM': 'tmux', 'AMENT_PREFIX_PATH': '/home/maddy/iris_test_tool/install/test_tool:/home/maddy/iris_test_tool/install/iris_interfaces:/opt/ros/humble', 'SHELL': '/usr/bin/zsh', 'P9K_SSH': '0', 'PWD': '/home/maddy/iris_test_tool/build/test_tool_dummy', '_P9K_TTY': '/dev/pts/2', 'PYTHONPATH': '/home/maddy/iris_test_tool/build/test_tool_dummy/prefix_override:/usr/lib/python3/dist-packages/colcon_core/task/python/colcon_distutils_commands:/home/maddy/iris_test_tool/install/test_tool_dummy/lib/python3.10/site-packages:/home/maddy/iris_test_tool/install/test_tool_dummy/lib/python3.10/site-packages:/home/maddy/iris_test_tool/install/iris_interfaces/local/lib/python3.10/dist-packages:/opt/ros/humble/lib/python3.10/site-packages:/opt/ros/humble/local/lib/python3.10/dist-packages', 'COLCON': '1', 'HOSTTYPE': 'x86_64', 'TMUX_PANE': '%0', 'WSL2_GUI_APPS_ENABLED': '1', 'CMAKE_PREFIX_PATH': '/home/maddy/iris_test_tool/install/test_tool:/home/maddy/iris_test_tool/install/iris_interfaces', 'WSLENV': ''}, 'shell': False}
[1.367339] (test_tool) StdoutLine: {'line': b'[  6%] \x1b[34m\x1b[1mAutomatic MOC and UIC for target test_tool_node\x1b[0m\n'}
[1.367589] (test_tool) StdoutLine: {'line': b'[ 20%] \x1b[34m\x1b[1mAutomatic MOC and UIC for target dummy_test_1\x1b[0m\n'}
[1.367753] (test_tool) StdoutLine: {'line': b'[ 20%] \x1b[34m\x1b[1mAutomatic MOC and UIC for target dummy_test\x1b[0m\n'}
[1.403969] (-) TimerEvent: {}
[1.412198] (test_tool) StdoutLine: {'line': b'[ 20%] Built target dummy_test_autogen\n'}
[1.414135] (test_tool) StdoutLine: {'line': b'[ 20%] Built target dummy_test_1_autogen\n'}
[1.426988] (test_tool) StdoutLine: {'line': b'[ 20%] Built target test_tool_node_autogen\n'}
[1.458762] (test_tool) StdoutLine: {'line': b'[ 40%] Built target dummy_test_1\n'}
[1.460843] (test_tool) StdoutLine: {'line': b'[ 60%] Built target dummy_test\n'}
[1.463589] (test_tool) StdoutLine: {'line': b'\x1b[35m\x1b[1mConsolidate compiler generated dependencies of target test_tool_node\x1b[0m\n'}
[1.504115] (-) TimerEvent: {}
[1.527778] (test_tool) StdoutLine: {'line': b'[ 66%] \x1b[32mBuilding CXX object CMakeFiles/test_tool_node.dir/src/iris_tool/A2/a2_service.cpp.o\x1b[0m\n'}
[1.604318] (-) TimerEvent: {}
[1.704804] (-) TimerEvent: {}
[1.774553] (test_tool_dummy) StderrLine: {'line': b"/usr/lib/python3/dist-packages/setuptools/dist.py:723: UserWarning: Usage of dash-separated 'script-dir' will not be supported in future versions. Please use the underscore name 'script_dir' instead\n"}
[1.774866] (test_tool_dummy) StderrLine: {'line': b'  warnings.warn(\n'}
[1.784056] (test_tool_dummy) StdoutLine: {'line': b'running egg_info\n'}
[1.785185] (test_tool_dummy) StdoutLine: {'line': b'writing ../../build/test_tool_dummy/test_tool_dummy.egg-info/PKG-INFO\n'}
[1.785749] (test_tool_dummy) StdoutLine: {'line': b'writing dependency_links to ../../build/test_tool_dummy/test_tool_dummy.egg-info/dependency_links.txt\n'}
[1.786199] (test_tool_dummy) StdoutLine: {'line': b'writing entry points to ../../build/test_tool_dummy/test_tool_dummy.egg-info/entry_points.txt\n'}
[1.786445] (test_tool_dummy) StdoutLine: {'line': b'writing requirements to ../../build/test_tool_dummy/test_tool_dummy.egg-info/requires.txt\n'}
[1.786865] (test_tool_dummy) StdoutLine: {'line': b'writing top-level names to ../../build/test_tool_dummy/test_tool_dummy.egg-info/top_level.txt\n'}
[1.789272] (test_tool_dummy) StdoutLine: {'line': b"reading manifest file '../../build/test_tool_dummy/test_tool_dummy.egg-info/SOURCES.txt'\n"}
[1.791747] (test_tool_dummy) StdoutLine: {'line': b"writing manifest file '../../build/test_tool_dummy/test_tool_dummy.egg-info/SOURCES.txt'\n"}
[1.792083] (test_tool_dummy) StdoutLine: {'line': b'running build\n'}
[1.792211] (test_tool_dummy) StdoutLine: {'line': b'running build_py\n'}
[1.792757] (test_tool_dummy) StdoutLine: {'line': b'running install\n'}
[1.793422] (test_tool_dummy) StdoutLine: {'line': b'running install_lib\n'}
[1.795939] (test_tool_dummy) StdoutLine: {'line': b'running install_egg_info\n'}
[1.798587] (test_tool_dummy) StdoutLine: {'line': b"removing '/home/maddy/iris_test_tool/install/test_tool_dummy/lib/python3.10/site-packages/test_tool_dummy-0.0.0-py3.10.egg-info' (and everything under it)\n"}
[1.799496] (test_tool_dummy) StdoutLine: {'line': b'Copying ../../build/test_tool_dummy/test_tool_dummy.egg-info to /home/maddy/iris_test_tool/install/test_tool_dummy/lib/python3.10/site-packages/test_tool_dummy-0.0.0-py3.10.egg-info\n'}
[1.802337] (test_tool_dummy) StdoutLine: {'line': b'running install_scripts\n'}
[1.804928] (-) TimerEvent: {}
[1.841317] (test_tool_dummy) StdoutLine: {'line': b'Installing a2_dummy script to /home/maddy/iris_test_tool/install/test_tool_dummy/lib/test_tool_dummy\n'}
[1.842148] (test_tool_dummy) StdoutLine: {'line': b"writing list of installed files to '/home/maddy/iris_test_tool/build/test_tool_dummy/install.log'\n"}
[1.881121] (test_tool_dummy) CommandEnded: {'returncode': 0}
[1.892023] (test_tool_dummy) JobEnded: {'identifier': 'test_tool_dummy', 'rc': 0}
[1.905232] (-) TimerEvent: {}
[2.005740] (-) TimerEvent: {}
[2.106297] (-) TimerEvent: {}
[2.206758] (-) TimerEvent: {}
[2.307324] (-) TimerEvent: {}
[2.407802] (-) TimerEvent: {}
[2.508339] (-) TimerEvent: {}
[2.608803] (-) TimerEvent: {}
[2.709355] (-) TimerEvent: {}
[2.809861] (-) TimerEvent: {}
[2.910392] (-) TimerEvent: {}
[3.010931] (-) TimerEvent: {}
[3.111459] (-) TimerEvent: {}
[3.211940] (-) TimerEvent: {}
[3.312489] (-) TimerEvent: {}
[3.413060] (-) TimerEvent: {}
[3.513597] (-) TimerEvent: {}
[3.614141] (-) TimerEvent: {}
[3.714702] (-) TimerEvent: {}
[3.815217] (-) TimerEvent: {}
[3.915707] (-) TimerEvent: {}
[4.016192] (-) TimerEvent: {}
[4.116700] (-) TimerEvent: {}
[4.217203] (-) TimerEvent: {}
[4.317688] (-) TimerEvent: {}
[4.418186] (-) TimerEvent: {}
[4.518694] (-) TimerEvent: {}
[4.619138] (-) TimerEvent: {}
[4.719649] (-) TimerEvent: {}
[4.820262] (-) TimerEvent: {}
[4.920801] (-) TimerEvent: {}
[5.021344] (-) TimerEvent: {}
[5.121835] (-) TimerEvent: {}
[5.222325] (-) TimerEvent: {}
[5.322874] (-) TimerEvent: {}
[5.423333] (-) TimerEvent: {}
[5.523809] (-) TimerEvent: {}
[5.624471] (-) TimerEvent: {}
[5.724993] (-) TimerEvent: {}
[5.825546] (-) TimerEvent: {}
[5.928592] (-) TimerEvent: {}
[6.029238] (-) TimerEvent: {}
[6.129827] (-) TimerEvent: {}
[6.230548] (-) TimerEvent: {}
[6.331051] (-) TimerEvent: {}
[6.431648] (-) TimerEvent: {}
[6.532186] (-) TimerEvent: {}
[6.632844] (-) TimerEvent: {}
[6.733367] (-) TimerEvent: {}
[6.833930] (-) TimerEvent: {}
[6.934394] (-) TimerEvent: {}
[7.034854] (-) TimerEvent: {}
[7.135372] (-) TimerEvent: {}
[7.236027] (-) TimerEvent: {}
[7.336596] (-) TimerEvent: {}
[7.437198] (-) TimerEvent: {}
[7.537792] (-) TimerEvent: {}
[7.638263] (-) TimerEvent: {}
[7.738758] (-) TimerEvent: {}
[7.839231] (-) TimerEvent: {}
[7.939717] (-) TimerEvent: {}
[8.040179] (-) TimerEvent: {}
[8.140663] (-) TimerEvent: {}
[8.241187] (-) TimerEvent: {}
[8.341699] (-) TimerEvent: {}
[8.442350] (-) TimerEvent: {}
[8.543005] (-) TimerEvent: {}
[8.643602] (-) TimerEvent: {}
[8.744086] (-) TimerEvent: {}
[8.844563] (-) TimerEvent: {}
[8.945054] (-) TimerEvent: {}
[9.045637] (-) TimerEvent: {}
[9.146157] (-) TimerEvent: {}
[9.246658] (-) TimerEvent: {}
[9.347279] (-) TimerEvent: {}
[9.447914] (-) TimerEvent: {}
[9.548532] (-) TimerEvent: {}
[9.649155] (-) TimerEvent: {}
[9.749647] (-) TimerEvent: {}
[9.850150] (-) TimerEvent: {}
[9.950692] (-) TimerEvent: {}
[10.051161] (-) TimerEvent: {}
[10.151642] (-) TimerEvent: {}
[10.252161] (-) TimerEvent: {}
[10.352765] (-) TimerEvent: {}
[10.453260] (-) TimerEvent: {}
[10.553763] (-) TimerEvent: {}
[10.654236] (-) TimerEvent: {}
[10.754883] (-) TimerEvent: {}
[10.855364] (-) TimerEvent: {}
[10.955905] (-) TimerEvent: {}
[11.056379] (-) TimerEvent: {}
[11.156922] (-) TimerEvent: {}
[11.257547] (-) TimerEvent: {}
[11.358102] (-) TimerEvent: {}
[11.458559] (-) TimerEvent: {}
[11.559036] (-) TimerEvent: {}
[11.659530] (-) TimerEvent: {}
[11.760001] (-) TimerEvent: {}
[11.860552] (-) TimerEvent: {}
[11.961071] (-) TimerEvent: {}
[12.061562] (-) TimerEvent: {}
[12.162032] (-) TimerEvent: {}
[12.262499] (-) TimerEvent: {}
[12.363050] (-) TimerEvent: {}
[12.463598] (-) TimerEvent: {}
[12.564106] (-) TimerEvent: {}
[12.664631] (-) TimerEvent: {}
[12.765186] (-) TimerEvent: {}
[12.865695] (-) TimerEvent: {}
[12.966190] (-) TimerEvent: {}
[13.066704] (-) TimerEvent: {}
[13.167179] (-) TimerEvent: {}
[13.267682] (-) TimerEvent: {}
[13.368171] (-) TimerEvent: {}
[13.468696] (-) TimerEvent: {}
[13.569213] (-) TimerEvent: {}
[13.669695] (-) TimerEvent: {}
[13.770250] (-) TimerEvent: {}
[13.870763] (-) TimerEvent: {}
[13.971335] (-) TimerEvent: {}
[14.071816] (-) TimerEvent: {}
[14.172291] (-) TimerEvent: {}
[14.272762] (-) TimerEvent: {}
[14.373387] (-) TimerEvent: {}
[14.473859] (-) TimerEvent: {}
[14.574343] (-) TimerEvent: {}
[14.674878] (-) TimerEvent: {}
[14.775364] (-) TimerEvent: {}
[14.875924] (-) TimerEvent: {}
[14.976582] (-) TimerEvent: {}
[15.077093] (-) TimerEvent: {}
[15.177601] (-) TimerEvent: {}
[15.278078] (-) TimerEvent: {}
[15.378593] (-) TimerEvent: {}
[15.479078] (-) TimerEvent: {}
[15.579559] (-) TimerEvent: {}
[15.680067] (-) TimerEvent: {}
[15.780632] (-) TimerEvent: {}
[15.881155] (-) TimerEvent: {}
[15.981679] (-) TimerEvent: {}
[16.082190] (-) TimerEvent: {}
[16.182814] (-) TimerEvent: {}
[16.283333] (-) TimerEvent: {}
[16.383855] (-) TimerEvent: {}
[16.484334] (-) TimerEvent: {}
[16.584802] (-) TimerEvent: {}
[16.685317] (-) TimerEvent: {}
[16.785808] (-) TimerEvent: {}
[16.886377] (-) TimerEvent: {}
[16.986876] (-) TimerEvent: {}
[17.087393] (-) TimerEvent: {}
[17.187973] (-) TimerEvent: {}
[17.288481] (-) TimerEvent: {}
[17.389016] (-) TimerEvent: {}
[17.489761] (-) TimerEvent: {}
[17.590261] (-) TimerEvent: {}
[17.690758] (-) TimerEvent: {}
[17.791212] (-) TimerEvent: {}
[17.891661] (-) TimerEvent: {}
[17.992166] (-) TimerEvent: {}
[18.092664] (-) TimerEvent: {}
[18.193195] (-) TimerEvent: {}
[18.293689] (-) TimerEvent: {}
[18.394178] (-) TimerEvent: {}
[18.494791] (-) TimerEvent: {}
[18.595252] (-) TimerEvent: {}
[18.695792] (-) TimerEvent: {}
[18.796275] (-) TimerEvent: {}
[18.896755] (-) TimerEvent: {}
[18.997273] (-) TimerEvent: {}
[19.097817] (-) TimerEvent: {}
[19.198296] (-) TimerEvent: {}
[19.298825] (-) TimerEvent: {}
[19.399387] (-) TimerEvent: {}
[19.499978] (-) TimerEvent: {}
[19.600487] (-) TimerEvent: {}
[19.700977] (-) TimerEvent: {}
[19.801503] (-) TimerEvent: {}
[19.902000] (-) TimerEvent: {}
[20.002524] (-) TimerEvent: {}
[20.103047] (-) TimerEvent: {}
[20.203523] (-) TimerEvent: {}
[20.303990] (-) TimerEvent: {}
[20.404462] (-) TimerEvent: {}
[20.504941] (-) TimerEvent: {}
[20.605433] (-) TimerEvent: {}
[20.705891] (-) TimerEvent: {}
[20.806332] (-) TimerEvent: {}
[20.906793] (-) TimerEvent: {}
[21.007279] (-) TimerEvent: {}
[21.107774] (-) TimerEvent: {}
[21.208313] (-) TimerEvent: {}
[21.308829] (-) TimerEvent: {}
[21.409415] (-) TimerEvent: {}
[21.509899] (-) TimerEvent: {}
[21.610386] (-) TimerEvent: {}
[21.710990] (-) TimerEvent: {}
[21.811479] (-) TimerEvent: {}
[21.911941] (-) TimerEvent: {}
[22.012497] (-) TimerEvent: {}
[22.112998] (-) TimerEvent: {}
[22.213539] (-) TimerEvent: {}
[22.314170] (-) TimerEvent: {}
[22.414674] (-) TimerEvent: {}
[22.515190] (-) TimerEvent: {}
[22.615667] (-) TimerEvent: {}
[22.716165] (-) TimerEvent: {}
[22.816653] (-) TimerEvent: {}
[22.917173] (-) TimerEvent: {}
[23.017665] (-) TimerEvent: {}
[23.118209] (-) TimerEvent: {}
[23.218693] (-) TimerEvent: {}
[23.319260] (-) TimerEvent: {}
[23.419775] (-) TimerEvent: {}
[23.520274] (-) TimerEvent: {}
[23.620776] (-) TimerEvent: {}
[23.721378] (-) TimerEvent: {}
[23.821868] (-) TimerEvent: {}
[23.922383] (-) TimerEvent: {}
[24.022966] (-) TimerEvent: {}
[24.123544] (-) TimerEvent: {}
[24.224124] (-) TimerEvent: {}
[24.324753] (-) TimerEvent: {}
[24.425443] (-) TimerEvent: {}
[24.488532] (test_tool) StdoutLine: {'line': b'[ 73%] \x1b[32m\x1b[1mLinking CXX executable test_tool_node\x1b[0m\n'}
[24.525610] (-) TimerEvent: {}
[24.626115] (-) TimerEvent: {}
[24.726595] (-) TimerEvent: {}
[24.827139] (-) TimerEvent: {}
[24.927754] (-) TimerEvent: {}
[25.028451] (-) TimerEvent: {}
[25.129216] (-) TimerEvent: {}
[25.229845] (-) TimerEvent: {}
[25.330463] (-) TimerEvent: {}
[25.431210] (-) TimerEvent: {}
[25.532252] (-) TimerEvent: {}
[25.632945] (-) TimerEvent: {}
[25.733693] (-) TimerEvent: {}
[25.834309] (-) TimerEvent: {}
[25.935005] (-) TimerEvent: {}
[26.035670] (-) TimerEvent: {}
[26.136403] (-) TimerEvent: {}
[26.237006] (-) TimerEvent: {}
[26.337710] (-) TimerEvent: {}
[26.438399] (-) TimerEvent: {}
[26.539029] (-) TimerEvent: {}
[26.639687] (-) TimerEvent: {}
[26.740380] (-) TimerEvent: {}
[26.841131] (-) TimerEvent: {}
[26.941737] (-) TimerEvent: {}
[27.042368] (-) TimerEvent: {}
[27.142963] (-) TimerEvent: {}
[27.243561] (-) TimerEvent: {}
[27.344187] (-) TimerEvent: {}
[27.444840] (-) TimerEvent: {}
[27.545478] (-) TimerEvent: {}
[27.646098] (-) TimerEvent: {}
[27.746657] (-) TimerEvent: {}
[27.847301] (-) TimerEvent: {}
[27.947960] (-) TimerEvent: {}
[28.048633] (-) TimerEvent: {}
[28.149226] (-) TimerEvent: {}
[28.249831] (-) TimerEvent: {}
[28.350501] (-) TimerEvent: {}
[28.451225] (-) TimerEvent: {}
[28.551889] (-) TimerEvent: {}
[28.652467] (-) TimerEvent: {}
[28.752959] (-) TimerEvent: {}
[28.853566] (-) TimerEvent: {}
[28.954060] (-) TimerEvent: {}
[29.054581] (-) TimerEvent: {}
[29.155208] (-) TimerEvent: {}
[29.255725] (-) TimerEvent: {}
[29.356354] (-) TimerEvent: {}
[29.456998] (-) TimerEvent: {}
[29.557517] (-) TimerEvent: {}
[29.624215] (test_tool) StdoutLine: {'line': b'[100%] Built target test_tool_node\n'}
[29.649154] (test_tool) CommandEnded: {'returncode': 0}
[29.650750] (test_tool) JobProgress: {'identifier': 'test_tool', 'progress': 'install'}
[29.651466] (test_tool) Command: {'cmd': ['/usr/bin/cmake', '--install', '/home/maddy/iris_test_tool/build/test_tool'], 'cwd': '/home/maddy/iris_test_tool/build/test_tool', 'env': OrderedDict([('TMUX', '/tmp/tmux-1000/default,3618,0'), ('USER', 'maddy'), ('LD_LIBRARY_PATH', '/home/maddy/iris_test_tool/install/iris_interfaces/lib:/usr/lib/x86_64-linux-gnu/gazebo-11/plugins:/opt/ros/humble/opt/rviz_ogre_vendor/lib:/opt/ros/humble/lib/x86_64-linux-gnu:/opt/ros/humble/lib'), ('SHLVL', '2'), ('HOME', '/home/maddy'), ('LESS', '-R'), ('OLDPWD', '/home/maddy/iris_test_tool'), ('TERM_PROGRAM_VERSION', '3.2a'), ('LSCOLORS', 'Gxfxcxdxbxegedabagacad'), ('PAGER', 'less'), ('ROS_PYTHON_VERSION', '3'), ('DBUS_SESSION_BUS_ADDRESS', 'unix:path=/run/user/1000/bus'), ('P9K_TTY', 'old'), ('WSL_DISTRO_NAME', 'Ubuntu-22.04'), ('COLCON_PREFIX_PATH', '/home/maddy/iris_test_tool/install'), ('ROS_DISTRO', 'humble'), ('WAYLAND_DISPLAY', 'wayland-0'), ('LOGNAME', 'maddy'), ('NAME', 'RMCCORPDE-DT024'), ('PULSE_SERVER', 'unix:/mnt/wslg/PulseServer'), ('WSL_INTEROP', '/run/WSL/351_interop'), ('_', '/usr/bin/colcon'), ('_P9K_SSH_TTY', '/dev/pts/2'), ('ROS_VERSION', '2'), ('TERM', 'screen-256color'), ('ROS_LOCALHOST_ONLY', '0'), ('PATH', '/opt/ros/humble/bin:/usr/local/sbin:/usr/local/bin:/usr/sbin:/usr/bin:/sbin:/bin:/usr/games:/usr/local/games:/usr/lib/wsl/lib:/mnt/c/Program Files/Common Files/Oracle/Java/javapath:/mnt/c/Program Files/Eclipse Adoptium/jdk-17.0.15.6-hotspot/bin:/mnt/c/Program Files (x86)/Common Files/Oracle/Java/java8path:/mnt/c/Program Files (x86)/Common Files/Oracle/Java/javapath:/mnt/c/Windows/system32:/mnt/c/Windows:/mnt/c/Windows/System32/Wbem:/mnt/c/Windows/System32/WindowsPowerShell/v1.0/:/mnt/c/Windows/System32/OpenSSH/:/mnt/c/Program Files/dotnet/:/mnt/c/Program Files/Git/cmd:/mnt/c/Program Files (x86)/Microsoft SQL Server/160/Tools/Binn/:/mnt/c/Program Files/Microsoft SQL Server/160/Tools/Binn/:/mnt/c/Program Files/Microsoft SQL Server/Client SDK/ODBC/170/Tools/Binn/:/mnt/c/Program Files/Microsoft SQL Server/160/DTS/Binn/:/mnt/c/Program Files (x86)/Windows Kits/10/Windows Performance Toolkit/:/mnt/c/Program Files/PostgreSQL/17/bin:/mnt/c/sonar-scanner-7.1.0.4889-windows-x64/bin:/mnt/c/msys64/mingw64/bin:/mnt/c/Program Files/CMake/bin:/mnt/c/Users/RMCPDEDT024/AppData/Local/Programs/Python/Python313/Scripts/:/mnt/c/Users/RMCPDEDT024/AppData/Local/Programs/Python/Python313/:/mnt/c/Users/RMCPDEDT024/AppData/Local/Programs/Python/Launcher/:/mnt/c/Users/RMCPDEDT024/AppData/Local/Microsoft/WindowsApps:/mnt/c/Users/RMCPDEDT024/AppData/Local/Programs/Microsoft VS Code/bin:/mnt/c/Users/RMCPDEDT024/AppData/Local/Python/bin'), ('XDG_RUNTIME_DIR', '/run/user/1000'), ('DISPLAY', ':0'), ('LANG', 'en_US.UTF-8'), ('LS_COLORS', 'rs=0:di=01;34:ln=01;36:mh=00:pi=40;33:so=01;35:do=01;35:bd=40;33;01:cd=40;33;01:or=40;31;01:mi=00:su=37;41:sg=30;43:ca=30;41:tw=30;42:ow=34;42:st=37;44:ex=01;32:*.tar=01;31:*.tgz=01;31:*.arc=01;31:*.arj=01;31:*.taz=01;31:*.lha=01;31:*.lz4=01;31:*.lzh=01;31:*.lzma=01;31:*.tlz=01;31:*.txz=01;31:*.tzo=01;31:*.t7z=01;31:*.zip=01;31:*.z=01;31:*.dz=01;31:*.gz=01;31:*.lrz=01;31:*.lz=01;31:*.lzo=01;31:*.xz=01;31:*.zst=01;31:*.tzst=01;31:*.bz2=01;31:*.bz=01;31:*.tbz=01;31:*.tbz2=01;31:*.tz=01;31:*.deb=01;31:*.rpm=01;31:*.jar=01;31:*.war=01;31:*.ear=01;31:*.sar=01;31:*.rar=01;31:*.alz=01;31:*.ace=01;31:*.zoo=01;31:*.cpio=01;31:*.7z=01;31:*.rz=01;31:*.cab=01;31:*.wim=01;31:*.swm=01;31:*.dwm=01;31:*.esd=01;31:*.jpg=01;35:*.jpeg=01;35:*.mjpg=01;35:*.mjpeg=01;35:*.gif=01;35:*.bmp=01;35:*.pbm=01;35:*.pgm=01;35:*.ppm=01;35:*.tga=01;35:*.xbm=01;35:*.xpm=01;35:*.tif=01;35:*.tiff=01;35:*.png=01;35:*.svg=01;35:*.svgz=01;35:*.mng=01;35:*.pcx=01;35:*.mov=01;35:*.mpg=01;35:*.mpeg=01;35:*.m2v=01;35:*.mkv=01;35:*.webm=01;35:*.webp=01;35:*.ogm=01;35:*.mp4=01;35:*.m4v=01;35:*.mp4v=01;35:*.vob=01;35:*.qt=01;35:*.nuv=01;35:*.wmv=01;35:*.asf=01;35:*.rm=01;35:*.rmvb=01;35:*.flc=01;35:*.avi=01;35:*.fli=01;35:*.flv=01;35:*.gl=01;35:*.dl=01;35:*.xcf=01;35:*.xwd=01;35:*.yuv=01;35:*.cgm=01;35:*.emf=01;35:*.ogv=01;35:*.ogx=01;35:*.aac=00;36:*.au=00;36:*.flac=00;36:*.m4a=00;36:*.mid=00;36:*.midi=00;36:*.mka=00;36:*.mp3=00;36:*.mpc=00;36:*.ogg=00;36:*.ra=00;36:*.wav=00;36:*.oga=00;36:*.opus=00;36:*.spx=00;36:*.xspf=00;36:'), ('TERM_PROGRAM', 'tmux'), ('AMENT_PREFIX_PATH', '/home/maddy/iris_test_tool/install/test_tool:/home/maddy/iris_test_tool/install/iris_interfaces:/opt/ros/humble'), ('SHELL', '/usr/bin/zsh'), ('P9K_SSH', '0'), ('PWD', '/home/maddy/iris_test_tool/build/test_tool'), ('_P9K_TTY', '/dev/pts/2'), ('PYTHONPATH', '/home/maddy/iris_test_tool/install/test_tool_dummy/lib/python3.10/site-packages:/home/maddy/iris_test_tool/install/iris_interfaces/local/lib/python3.10/dist-packages:/opt/ros/humble/lib/python3.10/site-packages:/opt/ros/humble/local/lib/python3.10/dist-packages'), ('COLCON', '1'), ('HOSTTYPE', 'x86_64'), ('TMUX_PANE', '%0'), ('WSL2_GUI_APPS_ENABLED', '1'), ('CMAKE_PREFIX_PATH', '/home/maddy/iris_test_tool/install/iris_interfaces:/home/maddy/iris_test_tool/install/test_tool:/opt/ros/humble'), ('WSLENV', '')]), 'shell': False}
[29.657700] (-) TimerEvent: {}
[29.673537] (test_tool) StdoutLine: {'line': b'-- Install configuration: ""\n'}
[29.674048] (test_tool) StdoutLine: {'line': b'-- Installing: /home/maddy/iris_test_tool/install/test_tool/lib/test_tool/test_tool_node\n'}
[29.696442] (test_tool) StdoutLine: {'line': b'-- Set runtime path of "/home/maddy/iris_test_tool/install/test_tool/lib/test_tool/test_tool_node" to ""\n'}
[29.696889] (test_tool) StdoutLine: {'line': b'-- Up-to-date: /home/maddy/iris_test_tool/install/test_tool/lib/test_tool/dummy_test\n'}
[29.697729] (test_tool) StdoutLine: {'line': b'-- Up-to-date: /home/maddy/iris_test_tool/install/test_tool/lib/test_tool/dummy_test_1\n'}
[29.698380] (test_tool) StdoutLine: {'line': b'-- Up-to-date: /home/maddy/iris_test_tool/install/test_tool/share/test_tool/launch\n'}
[29.698636] (test_tool) StdoutLine: {'line': b'-- Up-to-date: /home/maddy/iris_test_tool/install/test_tool/share/test_tool/launch/turtle_bot.py\n'}
[29.699031] (test_tool) StdoutLine: {'line': b'-- Up-to-date: /home/maddy/iris_test_tool/install/test_tool/share/test_tool/launch/test_nodes.py\n'}
[29.699227] (test_tool) StdoutLine: {'line': b'-- Up-to-date: /home/maddy/iris_test_tool/install/test_tool/share/ament_index/resource_index/package_run_dependencies/test_tool\n'}
[29.699700] (test_tool) StdoutLine: {'line': b'-- Up-to-date: /home/maddy/iris_test_tool/install/test_tool/share/ament_index/resource_index/parent_prefix_path/test_tool\n'}
[29.700026] (test_tool) StdoutLine: {'line': b'-- Up-to-date: /home/maddy/iris_test_tool/install/test_tool/share/test_tool/environment/ament_prefix_path.sh\n'}
[29.700453] (test_tool) StdoutLine: {'line': b'-- Up-to-date: /home/maddy/iris_test_tool/install/test_tool/share/test_tool/environment/ament_prefix_path.dsv\n'}
[29.700750] (test_tool) StdoutLine: {'line': b'-- Up-to-date: /home/maddy/iris_test_tool/install/test_tool/share/test_tool/environment/path.sh\n'}
[29.701321] (test_tool) StdoutLine: {'line': b'-- Up-to-date: /home/maddy/iris_test_tool/install/test_tool/share/test_tool/environment/path.dsv\n'}
[29.701508] (test_tool) StdoutLine: {'line': b'-- Up-to-date: /home/maddy/iris_test_tool/install/test_tool/share/test_tool/local_setup.bash\n'}
[29.701800] (test_tool) StdoutLine: {'line': b'-- Up-to-date: /home/maddy/iris_test_tool/install/test_tool/share/test_tool/local_setup.sh\n'}
[29.702054] (test_tool) StdoutLine: {'line': b'-- Up-to-date: /home/maddy/iris_test_tool/install/test_tool/share/test_tool/local_setup.zsh\n'}
[29.702411] (test_tool) StdoutLine: {'line': b'-- Up-to-date: /home/maddy/iris_test_tool/install/test_tool/share/test_tool/local_setup.dsv\n'}
[29.702722] (test_tool) StdoutLine: {'line': b'-- Installing: /home/maddy/iris_test_tool/install/test_tool/share/test_tool/package.dsv\n'}
[29.703087] (test_tool) StdoutLine: {'line': b'-- Up-to-date: /home/maddy/iris_test_tool/install/test_tool/share/ament_index/resource_index/packages/test_tool\n'}
[29.703338] (test_tool) StdoutLine: {'line': b'-- Up-to-date: /home/maddy/iris_test_tool/install/test_tool/share/test_tool/cmake/ament_cmake_export_dependencies-extras.cmake\n'}
[29.703483] (test_tool) StdoutLine: {'line': b'-- Up-to-date: /home/maddy/iris_test_tool/install/test_tool/share/test_tool/cmake/test_toolConfig.cmake\n'}
[29.703668] (test_tool) StdoutLine: {'line': b'-- Up-to-date: /home/maddy/iris_test_tool/install/test_tool/share/test_tool/cmake/test_toolConfig-version.cmake\n'}
[29.703865] (test_tool) StdoutLine: {'line': b'-- Up-to-date: /home/maddy/iris_test_tool/install/test_tool/share/test_tool/package.xml\n'}
[29.706058] (test_tool) CommandEnded: {'returncode': 0}
[29.734188] (test_tool) JobEnded: {'identifier': 'test_tool', 'rc': 0}
[29.736277] (-) EventReactorShutdown: {}
