[0.000000] (-) TimerEvent: {}
[0.000294] (iris_interfaces) JobQueued: {'identifier': 'iris_interfaces', 'dependencies': OrderedDict()}
[0.000431] (test_tool_dummy) JobQueued: {'identifier': 'test_tool_dummy', 'dependencies': OrderedDict()}
[0.000517] (test_tool) JobQueued: {'identifier': 'test_tool', 'dependencies': OrderedDict([('iris_interfaces', '/home/maddy/iris_test_tool/install/iris_interfaces')])}
[0.000622] (iris_interfaces) JobStarted: {'identifier': 'iris_interfaces'}
[0.009237] (test_tool_dummy) JobStarted: {'identifier': 'test_tool_dummy'}
[0.016814] (iris_interfaces) JobProgress: {'identifier': 'iris_interfaces', 'progress': 'cmake'}
[0.018162] (iris_interfaces) JobProgress: {'identifier': 'iris_interfaces', 'progress': 'build'}
[0.019313] (iris_interfaces) Command: {'cmd': ['/usr/bin/cmake', '--build', '/home/maddy/iris_test_tool/build/iris_interfaces', '--', '-j8', '-l8'], 'cwd': '/home/maddy/iris_test_tool/build/iris_interfaces', 'env': OrderedDict([('TMUX', '/tmp/tmux-1000/default,3618,0'), ('USER', 'maddy'), ('LD_LIBRARY_PATH', '/home/maddy/iris_test_tool/install/iris_interfaces/lib:/usr/lib/x86_64-linux-gnu/gazebo-11/plugins:/opt/ros/humble/opt/rviz_ogre_vendor/lib:/opt/ros/humble/lib/x86_64-linux-gnu:/opt/ros/humble/lib'), ('SHLVL', '2'), ('HOME', '/home/maddy'), ('LESS', '-R'), ('OLDPWD', '/home/maddy/iris_test_tool'), ('TERM_PROGRAM_VERSION', '3.2a'), ('LSCOLORS', 'Gxfxcxdxbxegedabagacad'), ('PAGER', 'less'), ('ROS_PYTHON_VERSION', '3'), ('DBUS_SESSION_BUS_ADDRESS', 'unix:path=/run/user/1000/bus'), ('P9K_TTY', 'old'), ('WSL_DISTRO_NAME', 'Ubuntu-22.04'), ('COLCON_PREFIX_PATH', '/home/maddy/iris_test_tool/install'), ('ROS_DISTRO', 'humble'), ('WAYLAND_DISPLAY', 'wayland-0'), ('LOGNAME', 'maddy'), ('NAME', 'RMCCORPDE-DT024'), ('PULSE_SERVER', 'unix:/mnt/wslg/PulseServer'), ('WSL_INTEROP', '/run/WSL/351_interop'), ('_', '/usr/bin/colcon'), ('_P9K_SSH_TTY', '/dev/pts/2'), ('ROS_VERSION', '2'), ('TERM', 'screen-256color'), ('ROS_LOCALHOST_ONLY', '0'), ('PATH', '/opt/ros/humble/bin:/usr/local/sbin:/usr/local/bin:/usr/sbin:/usr/bin:/sbin:/bin:/usr/games:/usr/local/games:/usr/lib/wsl/lib:/mnt/c/Program Files/Common Files/Oracle/Java/javapath:/mnt/c/Program Files/Eclipse Adoptium/jdk-17.0.15.6-hotspot/bin:/mnt/c/Program Files (x86)/Common Files/Oracle/Java/java8path:/mnt/c/Program Files (x86)/Common Files/Oracle/Java/javapath:/mnt/c/Windows/system32:/mnt/c/Windows:/mnt/c/Windows/System32/Wbem:/mnt/c/Windows/System32/WindowsPowerShell/v1.0/:/mnt/c/Windows/System32/OpenSSH/:/mnt/c/Program Files/dotnet/:/mnt/c/Program Files/Git/cmd:/mnt/c/Program Files (x86)/Microsoft SQL Server/160/Tools/Binn/:/mnt/c/Program Files/Microsoft SQL Server/160/Tools/Binn/:/mnt/c/Program Files/Microsoft SQL Server/Client SDK/ODBC/170/Tools/Binn/:/mnt/c/Program Files/Microsoft SQL Server/160/DTS/Binn/:/mnt/c/Program Files (x86)/Windows Kits/10/Windows Performance Toolkit/:/mnt/c/Program Files/PostgreSQL/17/bin:/mnt/c/sonar-scanner-7.1.0.4889-windows-x64/bin:/mnt/c/msys64/mingw64/bin:/mnt/c/Program Files/CMake/bin:/mnt/c/Users/RMCPDEDT024/AppData/Local/Programs/Python/Python313/Scripts/:/mnt/c/Users/RMCPDEDT024/AppData/Local/Programs/Python/Python313/:/mnt/c/Users/RMCPDEDT024/AppData/Local/Programs/Python/Launcher/:/mnt/c/Users/RMCPDEDT024/AppData/Local/Microsoft/WindowsApps:/mnt/c/Users/RMCPDEDT024/AppData/Local/Programs/Microsoft VS Code/bin:/mnt/c/Users/RMCPDEDT024/AppData/Local/Python/bin'), ('XDG_RUNTIME_DIR', '/run/user/1000'), ('DISPLAY', ':0'), ('LANG', 'en_US.UTF-8'), ('LS_COLORS', 'rs=0:di=01;34:ln=01;36:mh=00:pi=40;33:so=01;35:do=01;35:bd=40;33;01:cd=40;33;01:or=40;31;01:mi=00:su=37;41:sg=30;43:ca=30;41:tw=30;42:ow=34;42:st=37;44:ex=01;32:*.tar=01;31:*.tgz=01;31:*.arc=01;31:*.arj=01;31:*.taz=01;31:*.lha=01;31:*.lz4=01;31:*.lzh=01;31:*.lzma=01;31:*.tlz=01;31:*.txz=01;31:*.tzo=01;31:*.t7z=01;31:*.zip=01;31:*.z=01;31:*.dz=01;31:*.gz=01;31:*.lrz=01;31:*.lz=01;31:*.lzo=01;31:*.xz=01;31:*.zst=01;31:*.tzst=01;31:*.bz2=01;31:*.bz=01;31:*.tbz=01;31:*.tbz2=01;31:*.tz=01;31:*.deb=01;31:*.rpm=01;31:*.jar=01;31:*.war=01;31:*.ear=01;31:*.sar=01;31:*.rar=01;31:*.alz=01;31:*.ace=01;31:*.zoo=01;31:*.cpio=01;31:*.7z=01;31:*.rz=01;31:*.cab=01;31:*.wim=01;31:*.swm=01;31:*.dwm=01;31:*.esd=01;31:*.jpg=01;35:*.jpeg=01;35:*.mjpg=01;35:*.mjpeg=01;35:*.gif=01;35:*.bmp=01;35:*.pbm=01;35:*.pgm=01;35:*.ppm=01;35:*.tga=01;35:*.xbm=01;35:*.xpm=01;35:*.tif=01;35:*.tiff=01;35:*.png=01;35:*.svg=01;35:*.svgz=01;35:*.mng=01;35:*.pcx=01;35:*.mov=01;35:*.mpg=01;35:*.mpeg=01;35:*.m2v=01;35:*.mkv=01;35:*.webm=01;35:*.webp=01;35:*.ogm=01;35:*.mp4=01;35:*.m4v=01;35:*.mp4v=01;35:*.vob=01;35:*.qt=01;35:*.nuv=01;35:*.wmv=01;35:*.asf=01;35:*.rm=01;35:*.rmvb=01;35:*.flc=01;35:*.avi=01;35:*.fli=01;35:*.flv=01;35:*.gl=01;35:*.dl=01;35:*.xcf=01;35:*.xwd=01;35:*.yuv=01;35:*.cgm=01;35:*.emf=01;35:*.ogv=01;35:*.ogx=01;35:*.aac=00;36:*.au=00;36:*.flac=00;36:*.m4a=00;36:*.mid=00;36:*.midi=00;36:*.mka=00;36:*.mp3=00;36:*.mpc=00;36:*.ogg=00;36:*.ra=00;36:*.wav=00;36:*.oga=00;36:*.opus=00;36:*.spx=00;36:*.xspf=00;36:'), ('TERM_PROGRAM', 'tmux'), ('AMENT_PREFIX_PATH', '/home/maddy/iris_test_tool/install/test_tool:/home/maddy/iris_test_tool/install/iris_interfaces:/opt/ros/humble'), ('SHELL', '/usr/bin/zsh'), ('P9K_SSH', '0'), ('PWD', '/home/maddy/iris_test_tool/build/iris_interfaces'), ('_P9K_TTY', '/dev/pts/2'), ('PYTHONPATH', '/home/maddy/iris_test_tool/install/test_tool_dummy/lib/python3.10/site-packages:/home/maddy/iris_test_tool/install/iris_interfaces/local/lib/python3.10/dist-packages:/opt/ros/humble/lib/python3.10/site-packages:/opt/ros/humble/local/lib/python3.10/dist-packages'), ('COLCON', '1'), ('HOSTTYPE', 'x86_64'), ('TMUX_PANE', '%0'), ('WSL2_GUI_APPS_ENABLED', '1'), ('CMAKE_PREFIX_PATH', '/home/maddy/iris_test_tool/install/test_tool:/home/maddy/iris_test_tool/install/iris_interfaces:/opt/ros/humble'), ('WSLENV', '')]), 'shell': False}
[0.098509] (-) TimerEvent: {}
[0.140401] (iris_interfaces) StdoutLine: {'line': b'[  0%] Built target iris_interfaces__cpp\n'}
[0.150604] (iris_interfaces) StdoutLine: {'line': b'[ 12%] Built target iris_interfaces__rosidl_generator_c\n'}
[0.181959] (iris_interfaces) StdoutLine: {'line': b'[ 12%] Built target ament_cmake_python_copy_iris_interfaces\n'}
[0.200791] (-) TimerEvent: {}
[0.234180] (iris_interfaces) StdoutLine: {'line': b'[ 36%] Built target iris_interfaces__rosidl_typesupport_cpp\n'}
[0.234507] (iris_interfaces) StdoutLine: {'line': b'[ 37%] Built target iris_interfaces__rosidl_typesupport_introspection_cpp\n'}
[0.234800] (iris_interfaces) StdoutLine: {'line': b'[ 50%] Built target iris_interfaces__rosidl_typesupport_c\n'}
[0.238235] (iris_interfaces) StdoutLine: {'line': b'[ 63%] Built target iris_interfaces__rosidl_typesupport_introspection_c\n'}
[0.245771] (iris_interfaces) StdoutLine: {'line': b'[ 75%] Built target iris_interfaces__rosidl_typesupport_fastrtps_cpp\n'}
[0.249814] (iris_interfaces) StdoutLine: {'line': b'[ 88%] Built target iris_interfaces__rosidl_typesupport_fastrtps_c\n'}
[0.287750] (iris_interfaces) StdoutLine: {'line': b'[ 88%] Built target iris_interfaces\n'}
[0.300981] (-) TimerEvent: {}
[0.324875] (iris_interfaces) StdoutLine: {'line': b'[ 88%] Built target iris_interfaces__py\n'}
[0.399406] (iris_interfaces) StdoutLine: {'line': b'[100%] Built target iris_interfaces__rosidl_generator_py\n'}
[0.401104] (-) TimerEvent: {}
[0.446859] (iris_interfaces) StdoutLine: {'line': b'[100%] Built target iris_interfaces__rosidl_typesupport_fastrtps_c__pyext\n'}
[0.449331] (iris_interfaces) StdoutLine: {'line': b'[100%] Built target iris_interfaces__rosidl_typesupport_c__pyext\n'}
[0.450561] (iris_interfaces) StdoutLine: {'line': b'[100%] Built target iris_interfaces__rosidl_typesupport_introspection_c__pyext\n'}
[0.501250] (-) TimerEvent: {}
[0.601643] (-) TimerEvent: {}
[0.641885] (iris_interfaces) StdoutLine: {'line': b'running egg_info\n'}
[0.643192] (iris_interfaces) StdoutLine: {'line': b'writing iris_interfaces.egg-info/PKG-INFO\n'}
[0.643574] (iris_interfaces) StdoutLine: {'line': b'writing dependency_links to iris_interfaces.egg-info/dependency_links.txt\n'}
[0.643930] (iris_interfaces) StdoutLine: {'line': b'writing top-level names to iris_interfaces.egg-info/top_level.txt\n'}
[0.647534] (iris_interfaces) StdoutLine: {'line': b"reading manifest file 'iris_interfaces.egg-info/SOURCES.txt'\n"}
[0.649319] (iris_interfaces) StdoutLine: {'line': b"writing manifest file 'iris_interfaces.egg-info/SOURCES.txt'\n"}
[0.684819] (iris_interfaces) StdoutLine: {'line': b'[100%] Built target ament_cmake_python_build_iris_interfaces_egg\n'}
[0.701240] (iris_interfaces) CommandEnded: {'returncode': 0}
[0.701968] (-) TimerEvent: {}
[0.702844] (iris_interfaces) JobProgress: {'identifier': 'iris_interfaces', 'progress': 'install'}
[0.723035] (iris_interfaces) Command: {'cmd': ['/usr/bin/cmake', '--install', '/home/maddy/iris_test_tool/build/iris_interfaces'], 'cwd': '/home/maddy/iris_test_tool/build/iris_interfaces', 'env': OrderedDict([('TMUX', '/tmp/tmux-1000/default,3618,0'), ('USER', 'maddy'), ('LD_LIBRARY_PATH', '/home/maddy/iris_test_tool/install/iris_interfaces/lib:/usr/lib/x86_64-linux-gnu/gazebo-11/plugins:/opt/ros/humble/opt/rviz_ogre_vendor/lib:/opt/ros/humble/lib/x86_64-linux-gnu:/opt/ros/humble/lib'), ('SHLVL', '2'), ('HOME', '/home/maddy'), ('LESS', '-R'), ('OLDPWD', '/home/maddy/iris_test_tool'), ('TERM_PROGRAM_VERSION', '3.2a'), ('LSCOLORS', 'Gxfxcxdxbxegedabagacad'), ('PAGER', 'less'), ('ROS_PYTHON_VERSION', '3'), ('DBUS_SESSION_BUS_ADDRESS', 'unix:path=/run/user/1000/bus'), ('P9K_TTY', 'old'), ('WSL_DISTRO_NAME', 'Ubuntu-22.04'), ('COLCON_PREFIX_PATH', '/home/maddy/iris_test_tool/install'), ('ROS_DISTRO', 'humble'), ('WAYLAND_DISPLAY', 'wayland-0'), ('LOGNAME', 'maddy'), ('NAME', 'RMCCORPDE-DT024'), ('PULSE_SERVER', 'unix:/mnt/wslg/PulseServer'), ('WSL_INTEROP', '/run/WSL/351_interop'), ('_', '/usr/bin/colcon'), ('_P9K_SSH_TTY', '/dev/pts/2'), ('ROS_VERSION', '2'), ('TERM', 'screen-256color'), ('ROS_LOCALHOST_ONLY', '0'), ('PATH', '/opt/ros/humble/bin:/usr/local/sbin:/usr/local/bin:/usr/sbin:/usr/bin:/sbin:/bin:/usr/games:/usr/local/games:/usr/lib/wsl/lib:/mnt/c/Program Files/Common Files/Oracle/Java/javapath:/mnt/c/Program Files/Eclipse Adoptium/jdk-17.0.15.6-hotspot/bin:/mnt/c/Program Files (x86)/Common Files/Oracle/Java/java8path:/mnt/c/Program Files (x86)/Common Files/Oracle/Java/javapath:/mnt/c/Windows/system32:/mnt/c/Windows:/mnt/c/Windows/System32/Wbem:/mnt/c/Windows/System32/WindowsPowerShell/v1.0/:/mnt/c/Windows/System32/OpenSSH/:/mnt/c/Program Files/dotnet/:/mnt/c/Program Files/Git/cmd:/mnt/c/Program Files (x86)/Microsoft SQL Server/160/Tools/Binn/:/mnt/c/Program Files/Microsoft SQL Server/160/Tools/Binn/:/mnt/c/Program Files/Microsoft SQL Server/Client SDK/ODBC/170/Tools/Binn/:/mnt/c/Program Files/Microsoft SQL Server/160/DTS/Binn/:/mnt/c/Program Files (x86)/Windows Kits/10/Windows Performance Toolkit/:/mnt/c/Program Files/PostgreSQL/17/bin:/mnt/c/sonar-scanner-7.1.0.4889-windows-x64/bin:/mnt/c/msys64/mingw64/bin:/mnt/c/Program Files/CMake/bin:/mnt/c/Users/RMCPDEDT024/AppData/Local/Programs/Python/Python313/Scripts/:/mnt/c/Users/RMCPDEDT024/AppData/Local/Programs/Python/Python313/:/mnt/c/Users/RMCPDEDT024/AppData/Local/Programs/Python/Launcher/:/mnt/c/Users/RMCPDEDT024/AppData/Local/Microsoft/WindowsApps:/mnt/c/Users/RMCPDEDT024/AppData/Local/Programs/Microsoft VS Code/bin:/mnt/c/Users/RMCPDEDT024/AppData/Local/Python/bin'), ('XDG_RUNTIME_DIR', '/run/user/1000'), ('DISPLAY', ':0'), ('LANG', 'en_US.UTF-8'), ('LS_COLORS', 'rs=0:di=01;34:ln=01;36:mh=00:pi=40;33:so=01;35:do=01;35:bd=40;33;01:cd=40;33;01:or=40;31;01:mi=00:su=37;41:sg=30;43:ca=30;41:tw=30;42:ow=34;42:st=37;44:ex=01;32:*.tar=01;31:*.tgz=01;31:*.arc=01;31:*.arj=01;31:*.taz=01;31:*.lha=01;31:*.lz4=01;31:*.lzh=01;31:*.lzma=01;31:*.tlz=01;31:*.txz=01;31:*.tzo=01;31:*.t7z=01;31:*.zip=01;31:*.z=01;31:*.dz=01;31:*.gz=01;31:*.lrz=01;31:*.lz=01;31:*.lzo=01;31:*.xz=01;31:*.zst=01;31:*.tzst=01;31:*.bz2=01;31:*.bz=01;31:*.tbz=01;31:*.tbz2=01;31:*.tz=01;31:*.deb=01;31:*.rpm=01;31:*.jar=01;31:*.war=01;31:*.ear=01;31:*.sar=01;31:*.rar=01;31:*.alz=01;31:*.ace=01;31:*.zoo=01;31:*.cpio=01;31:*.7z=01;31:*.rz=01;31:*.cab=01;31:*.wim=01;31:*.swm=01;31:*.dwm=01;31:*.esd=01;31:*.jpg=01;35:*.jpeg=01;35:*.mjpg=01;35:*.mjpeg=01;35:*.gif=01;35:*.bmp=01;35:*.pbm=01;35:*.pgm=01;35:*.ppm=01;35:*.tga=01;35:*.xbm=01;35:*.xpm=01;35:*.tif=01;35:*.tiff=01;35:*.png=01;35:*.svg=01;35:*.svgz=01;35:*.mng=01;35:*.pcx=01;35:*.mov=01;35:*.mpg=01;35:*.mpeg=01;35:*.m2v=01;35:*.mkv=01;35:*.webm=01;35:*.webp=01;35:*.ogm=01;35:*.mp4=01;35:*.m4v=01;35:*.mp4v=01;35:*.vob=01;35:*.qt=01;35:*.nuv=01;35:*.wmv=01;35:*.asf=01;35:*.rm=01;35:*.rmvb=01;35:*.flc=01;35:*.avi=01;35:*.fli=01;35:*.flv=01;35:*.gl=01;35:*.dl=01;35:*.xcf=01;35:*.xwd=01;35:*.yuv=01;35:*.cgm=01;35:*.emf=01;35:*.ogv=01;35:*.ogx=01;35:*.aac=00;36:*.au=00;36:*.flac=00;36:*.m4a=00;36:*.mid=00;36:*.midi=00;36:*.mka=00;36:*.mp3=00;36:*.mpc=00;36:*.ogg=00;36:*.ra=00;36:*.wav=00;36:*.oga=00;36:*.opus=00;36:*.spx=00;36:*.xspf=00;36:'), ('TERM_PROGRAM', 'tmux'), ('AMENT_PREFIX_PATH', '/home/maddy/iris_test_tool/install/test_tool:/home/maddy/iris_test_tool/install/iris_interfaces:/opt/ros/humble'), ('SHELL', '/usr/bin/zsh'), ('P9K_SSH', '0'), ('PWD', '/home/maddy/iris_test_tool/build/iris_interfaces'), ('_P9K_TTY', '/dev/pts/2'), ('PYTHONPATH', '/home/maddy/iris_test_tool/install/test_tool_dummy/lib/python3.10/site-packages:/home/maddy/iris_test_tool/install/iris_interfaces/local/lib/python3.10/dist-packages:/opt/ros/humble/lib/python3.10/site-packages:/opt/ros/humble/local/lib/python3.10/dist-packages'), ('COLCON', '1'), ('HOSTTYPE', 'x86_64'), ('TMUX_PANE', '%0'), ('WSL2_GUI_APPS_ENABLED', '1'), ('CMAKE_PREFIX_PATH', '/home/maddy/iris_test_tool/install/test_tool:/home/maddy/iris_test_tool/install/iris_interfaces:/opt/ros/humble'), ('WSLENV', '')]), 'shell': False}
[0.741912] (iris_interfaces) StdoutLine: {'line': b'-- Install configuration: ""\n'}
[0.742596] (iris_interfaces) StdoutLine: {'line': b'-- Up-to-date: /home/maddy/iris_test_tool/install/iris_interfaces/share/ament_index/resource_index/rosidl_interfaces/iris_interfaces\n'}
[0.743258] (iris_interfaces) StdoutLine: {'line': b'-- Up-to-date: /home/maddy/iris_test_tool/install/iris_interfaces/include/iris_interfaces/iris_interfaces\n'}
[0.743690] (iris_interfaces) StdoutLine: {'line': b'-- Up-to-date: /home/maddy/iris_test_tool/install/iris_interfaces/include/iris_interfaces/iris_interfaces/srv\n'}
[0.744051] (iris_interfaces) StdoutLine: {'line': b'-- Up-to-date: /home/maddy/iris_test_tool/install/iris_interfaces/include/iris_interfaces/iris_interfaces/srv/reset_a2_faults.h\n'}
[0.744575] (iris_interfaces) StdoutLine: {'line': b'-- Up-to-date: /home/maddy/iris_test_tool/install/iris_interfaces/include/iris_interfaces/iris_interfaces/srv/update_motor_controller_parameters.h\n'}
[0.745281] (iris_interfaces) StdoutLine: {'line': b'-- Up-to-date: /home/maddy/iris_test_tool/install/iris_interfaces/include/iris_interfaces/iris_interfaces/srv/reset_wheel_encoders.h\n'}
[0.745586] (iris_interfaces) StdoutLine: {'line': b'-- Up-to-date: /home/maddy/iris_test_tool/install/iris_interfaces/include/iris_interfaces/iris_interfaces/srv/restart_motor_controller.h\n'}
[0.746142] (iris_interfaces) StdoutLine: {'line': b'-- Up-to-date: /home/maddy/iris_test_tool/install/iris_interfaces/include/iris_interfaces/iris_interfaces/srv/update_motor_controller_reference_source.h\n'}
[0.746643] (iris_interfaces) StdoutLine: {'line': b'-- Up-to-date: /home/maddy/iris_test_tool/install/iris_interfaces/include/iris_interfaces/iris_interfaces/srv/detail\n'}
[0.746893] (iris_interfaces) StdoutLine: {'line': b'-- Up-to-date: /home/maddy/iris_test_tool/install/iris_interfaces/include/iris_interfaces/iris_interfaces/srv/detail/reset_a2_faults__struct.h\n'}
[0.747177] (iris_interfaces) StdoutLine: {'line': b'-- Up-to-date: /home/maddy/iris_test_tool/install/iris_interfaces/include/iris_interfaces/iris_interfaces/srv/detail/process_manager__struct.h\n'}
[0.747660] (iris_interfaces) StdoutLine: {'line': b'-- Up-to-date: /home/maddy/iris_test_tool/install/iris_interfaces/include/iris_interfaces/iris_interfaces/srv/detail/get_wifi_status__functions.h\n'}
[0.747973] (iris_interfaces) StdoutLine: {'line': b'-- Up-to-date: /home/maddy/iris_test_tool/install/iris_interfaces/include/iris_interfaces/iris_interfaces/srv/detail/reset_wheel_encoders__struct.h\n'}
[0.748481] (iris_interfaces) StdoutLine: {'line': b'-- Up-to-date: /home/maddy/iris_test_tool/install/iris_interfaces/include/iris_interfaces/iris_interfaces/srv/detail/update_motor_controller_parameters__functions.c\n'}
[0.748696] (iris_interfaces) StdoutLine: {'line': b'-- Up-to-date: /home/maddy/iris_test_tool/install/iris_interfaces/include/iris_interfaces/iris_interfaces/srv/detail/update_motor_controller_parameters__functions.h\n'}
[0.748859] (iris_interfaces) StdoutLine: {'line': b'-- Up-to-date: /home/maddy/iris_test_tool/install/iris_interfaces/include/iris_interfaces/iris_interfaces/srv/detail/reset_wheel_encoders__functions.h\n'}
[0.749077] (iris_interfaces) StdoutLine: {'line': b'-- Up-to-date: /home/maddy/iris_test_tool/install/iris_interfaces/include/iris_interfaces/iris_interfaces/srv/detail/process_manager__functions.c\n'}
[0.749317] (iris_interfaces) StdoutLine: {'line': b'-- Up-to-date: /home/maddy/iris_test_tool/install/iris_interfaces/include/iris_interfaces/iris_interfaces/srv/detail/a2_command__functions.c\n'}
[0.749684] (iris_interfaces) StdoutLine: {'line': b'-- Up-to-date: /home/maddy/iris_test_tool/install/iris_interfaces/include/iris_interfaces/iris_interfaces/srv/detail/state_manager__functions.c\n'}
[0.749946] (iris_interfaces) StdoutLine: {'line': b'-- Up-to-date: /home/maddy/iris_test_tool/install/iris_interfaces/include/iris_interfaces/iris_interfaces/srv/detail/a2_command__type_support.h\n'}
[0.750513] (iris_interfaces) StdoutLine: {'line': b'-- Up-to-date: /home/maddy/iris_test_tool/install/iris_interfaces/include/iris_interfaces/iris_interfaces/srv/detail/reset_wheel_encoders__functions.c\n'}
[0.750826] (iris_interfaces) StdoutLine: {'line': b'-- Up-to-date: /home/maddy/iris_test_tool/install/iris_interfaces/include/iris_interfaces/iris_interfaces/srv/detail/update_motor_controller_reference_source__struct.h\n'}
[0.751142] (iris_interfaces) StdoutLine: {'line': b'-- Up-to-date: /home/maddy/iris_test_tool/install/iris_interfaces/include/iris_interfaces/iris_interfaces/srv/detail/update_motor_controller_parameters__type_support.h\n'}
[0.751456] (iris_interfaces) StdoutLine: {'line': b'-- Up-to-date: /home/maddy/iris_test_tool/install/iris_interfaces/include/iris_interfaces/iris_interfaces/srv/detail/restart_motor_controller__struct.h\n'}
[0.751773] (iris_interfaces) StdoutLine: {'line': b'-- Up-to-date: /home/maddy/iris_test_tool/install/iris_interfaces/include/iris_interfaces/iris_interfaces/srv/detail/state_manager__functions.h\n'}
[0.752087] (iris_interfaces) StdoutLine: {'line': b'-- Up-to-date: /home/maddy/iris_test_tool/install/iris_interfaces/include/iris_interfaces/iris_interfaces/srv/detail/state_manager__struct.h\n'}
[0.752402] (iris_interfaces) StdoutLine: {'line': b'-- Up-to-date: /home/maddy/iris_test_tool/install/iris_interfaces/include/iris_interfaces/iris_interfaces/srv/detail/a2_command__struct.h\n'}
[0.752717] (iris_interfaces) StdoutLine: {'line': b'-- Up-to-date: /home/maddy/iris_test_tool/install/iris_interfaces/include/iris_interfaces/iris_interfaces/srv/detail/reset_a2_faults__functions.c\n'}
[0.753022] (iris_interfaces) StdoutLine: {'line': b'-- Up-to-date: /home/maddy/iris_test_tool/install/iris_interfaces/include/iris_interfaces/iris_interfaces/srv/detail/update_motor_controller_parameters__struct.h\n'}
[0.753323] (iris_interfaces) StdoutLine: {'line': b'-- Up-to-date: /home/maddy/iris_test_tool/install/iris_interfaces/include/iris_interfaces/iris_interfaces/srv/detail/restart_motor_controller__functions.h\n'}
[0.753618] (iris_interfaces) StdoutLine: {'line': b'-- Up-to-date: /home/maddy/iris_test_tool/install/iris_interfaces/include/iris_interfaces/iris_interfaces/srv/detail/state_manager__type_support.h\n'}
[0.753934] (iris_interfaces) StdoutLine: {'line': b'-- Up-to-date: /home/maddy/iris_test_tool/install/iris_interfaces/include/iris_interfaces/iris_interfaces/srv/detail/restart_motor_controller__functions.c\n'}
[0.754266] (iris_interfaces) StdoutLine: {'line': b'-- Up-to-date: /home/maddy/iris_test_tool/install/iris_interfaces/include/iris_interfaces/iris_interfaces/srv/detail/update_motor_controller_reference_source__type_support.h\n'}
[0.754591] (iris_interfaces) StdoutLine: {'line': b'-- Up-to-date: /home/maddy/iris_test_tool/install/iris_interfaces/include/iris_interfaces/iris_interfaces/srv/detail/wifi_discovery__functions.c\n'}
[0.754903] (iris_interfaces) StdoutLine: {'line': b'-- Up-to-date: /home/maddy/iris_test_tool/install/iris_interfaces/include/iris_interfaces/iris_interfaces/srv/detail/reset_wheel_encoders__type_support.h\n'}
[0.755217] (iris_interfaces) StdoutLine: {'line': b'-- Up-to-date: /home/maddy/iris_test_tool/install/iris_interfaces/include/iris_interfaces/iris_interfaces/srv/detail/wifi_discovery__type_support.h\n'}
[0.755527] (iris_interfaces) StdoutLine: {'line': b'-- Up-to-date: /home/maddy/iris_test_tool/install/iris_interfaces/include/iris_interfaces/iris_interfaces/srv/detail/get_wifi_status__struct.h\n'}
[0.755849] (iris_interfaces) StdoutLine: {'line': b'-- Up-to-date: /home/maddy/iris_test_tool/install/iris_interfaces/include/iris_interfaces/iris_interfaces/srv/detail/disconnect_wifi__functions.c\n'}
[0.756112] (iris_interfaces) StdoutLine: {'line': b'-- Up-to-date: /home/maddy/iris_test_tool/install/iris_interfaces/include/iris_interfaces/iris_interfaces/srv/detail/disconnect_wifi__struct.h\n'}
[0.756409] (iris_interfaces) StdoutLine: {'line': b'-- Up-to-date: /home/maddy/iris_test_tool/install/iris_interfaces/include/iris_interfaces/iris_interfaces/srv/detail/wifi_discovery__functions.h\n'}
[0.756739] (iris_interfaces) StdoutLine: {'line': b'-- Up-to-date: /home/maddy/iris_test_tool/install/iris_interfaces/include/iris_interfaces/iris_interfaces/srv/detail/a2_command__functions.h\n'}
[0.757003] (iris_interfaces) StdoutLine: {'line': b'-- Up-to-date: /home/maddy/iris_test_tool/install/iris_interfaces/include/iris_interfaces/iris_interfaces/srv/detail/get_wifi_status__functions.c\n'}
[0.757295] (iris_interfaces) StdoutLine: {'line': b'-- Up-to-date: /home/maddy/iris_test_tool/install/iris_interfaces/include/iris_interfaces/iris_interfaces/srv/detail/disconnect_wifi__functions.h\n'}
[0.757577] (iris_interfaces) StdoutLine: {'line': b'-- Up-to-date: /home/maddy/iris_test_tool/install/iris_interfaces/include/iris_interfaces/iris_interfaces/srv/detail/reset_a2_faults__functions.h\n'}
[0.757919] (iris_interfaces) StdoutLine: {'line': b'-- Up-to-date: /home/maddy/iris_test_tool/install/iris_interfaces/include/iris_interfaces/iris_interfaces/srv/detail/wifi_discovery__struct.h\n'}
[0.758260] (iris_interfaces) StdoutLine: {'line': b'-- Up-to-date: /home/maddy/iris_test_tool/install/iris_interfaces/include/iris_interfaces/iris_interfaces/srv/detail/get_wifi_status__type_support.h\n'}
[0.758531] (iris_interfaces) StdoutLine: {'line': b'-- Up-to-date: /home/maddy/iris_test_tool/install/iris_interfaces/include/iris_interfaces/iris_interfaces/srv/detail/disconnect_wifi__type_support.h\n'}
[0.758804] (iris_interfaces) StdoutLine: {'line': b'-- Up-to-date: /home/maddy/iris_test_tool/install/iris_interfaces/include/iris_interfaces/iris_interfaces/srv/detail/connect_wifi__functions.c\n'}
[0.759230] (iris_interfaces) StdoutLine: {'line': b'-- Up-to-date: /home/maddy/iris_test_tool/install/iris_interfaces/include/iris_interfaces/iris_interfaces/srv/detail/reset_a2_faults__type_support.h\n'}
[0.759698] (iris_interfaces) StdoutLine: {'line': b'-- Up-to-date: /home/maddy/iris_test_tool/install/iris_interfaces/include/iris_interfaces/iris_interfaces/srv/detail/restart_motor_controller__type_support.h\n'}
[0.760023] (iris_interfaces) StdoutLine: {'line': b'-- Up-to-date: /home/maddy/iris_test_tool/install/iris_interfaces/include/iris_interfaces/iris_interfaces/srv/detail/connect_wifi__struct.h\n'}
[0.760331] (iris_interfaces) StdoutLine: {'line': b'-- Up-to-date: /home/maddy/iris_test_tool/install/iris_interfaces/include/iris_interfaces/iris_interfaces/srv/detail/process_manager__functions.h\n'}
[0.760591] (iris_interfaces) StdoutLine: {'line': b'-- Up-to-date: /home/maddy/iris_test_tool/install/iris_interfaces/include/iris_interfaces/iris_interfaces/srv/detail/connect_wifi__functions.h\n'}
[0.760946] (iris_interfaces) StdoutLine: {'line': b'-- Up-to-date: /home/maddy/iris_test_tool/install/iris_interfaces/include/iris_interfaces/iris_interfaces/srv/detail/update_motor_controller_reference_source__functions.c\n'}
[0.761295] (iris_interfaces) StdoutLine: {'line': b'-- Up-to-date: /home/maddy/iris_test_tool/install/iris_interfaces/include/iris_interfaces/iris_interfaces/srv/detail/update_motor_controller_reference_source__functions.h\n'}
[0.761633] (iris_interfaces) StdoutLine: {'line': b'-- Up-to-date: /home/maddy/iris_test_tool/install/iris_interfaces/include/iris_interfaces/iris_interfaces/srv/detail/process_manager__type_support.h\n'}
[0.762000] (iris_interfaces) StdoutLine: {'line': b'-- Up-to-date: /home/maddy/iris_test_tool/install/iris_interfaces/include/iris_interfaces/iris_interfaces/srv/detail/connect_wifi__type_support.h\n'}
[0.762355] (iris_interfaces) StdoutLine: {'line': b'-- Up-to-date: /home/maddy/iris_test_tool/install/iris_interfaces/include/iris_interfaces/iris_interfaces/srv/wifi_discovery.h\n'}
[0.762691] (iris_interfaces) StdoutLine: {'line': b'-- Up-to-date: /home/maddy/iris_test_tool/install/iris_interfaces/include/iris_interfaces/iris_interfaces/srv/get_wifi_status.h\n'}
[0.762963] (iris_interfaces) StdoutLine: {'line': b'-- Up-to-date: /home/maddy/iris_test_tool/install/iris_interfaces/include/iris_interfaces/iris_interfaces/srv/disconnect_wifi.h\n'}
[0.763234] (iris_interfaces) StdoutLine: {'line': b'-- Up-to-date: /home/maddy/iris_test_tool/install/iris_interfaces/include/iris_interfaces/iris_interfaces/srv/process_manager.h\n'}
[0.763541] (iris_interfaces) StdoutLine: {'line': b'-- Up-to-date: /home/maddy/iris_test_tool/install/iris_interfaces/include/iris_interfaces/iris_interfaces/srv/state_manager.h\n'}
[0.764129] (iris_interfaces) StdoutLine: {'line': b'-- Up-to-date: /home/maddy/iris_test_tool/install/iris_interfaces/include/iris_interfaces/iris_interfaces/srv/connect_wifi.h\n'}
[0.764484] (iris_interfaces) StdoutLine: {'line': b'-- Up-to-date: /home/maddy/iris_test_tool/install/iris_interfaces/include/iris_interfaces/iris_interfaces/srv/a2_command.h\n'}
[0.764801] (iris_interfaces) StdoutLine: {'line': b'-- Up-to-date: /home/maddy/iris_test_tool/install/iris_interfaces/include/iris_interfaces/iris_interfaces/action\n'}
[0.765034] (iris_interfaces) StdoutLine: {'line': b'-- Up-to-date: /home/maddy/iris_test_tool/install/iris_interfaces/include/iris_interfaces/iris_interfaces/action/navigate_path_coverage.h\n'}
[0.765230] (iris_interfaces) StdoutLine: {'line': b'-- Up-to-date: /home/maddy/iris_test_tool/install/iris_interfaces/include/iris_interfaces/iris_interfaces/action/path_coverage_controller.h\n'}
[0.765514] (iris_interfaces) StdoutLine: {'line': b'-- Up-to-date: /home/maddy/iris_test_tool/install/iris_interfaces/include/iris_interfaces/iris_interfaces/action/detail\n'}
[0.765710] (iris_interfaces) StdoutLine: {'line': b'-- Up-to-date: /home/maddy/iris_test_tool/install/iris_interfaces/include/iris_interfaces/iris_interfaces/action/detail/compute_path_coverage__functions.h\n'}
[0.765932] (iris_interfaces) StdoutLine: {'line': b'-- Up-to-date: /home/maddy/iris_test_tool/install/iris_interfaces/include/iris_interfaces/iris_interfaces/action/detail/compute_path_coverage__struct.h\n'}
[0.766135] (iris_interfaces) StdoutLine: {'line': b'-- Up-to-date: /home/maddy/iris_test_tool/install/iris_interfaces/include/iris_interfaces/iris_interfaces/action/detail/navigate_path_coverage__functions.h\n'}
[0.767022] (iris_interfaces) StdoutLine: {'line': b'-- Up-to-date: /home/maddy/iris_test_tool/install/iris_interfaces/include/iris_interfaces/iris_interfaces/action/detail/path_coverage_controller__type_support.h\n'}
[0.767227] (iris_interfaces) StdoutLine: {'line': b'-- Up-to-date: /home/maddy/iris_test_tool/install/iris_interfaces/include/iris_interfaces/iris_interfaces/action/detail/navigate_path_coverage__functions.c\n'}
[0.767422] (iris_interfaces) StdoutLine: {'line': b'-- Up-to-date: /home/maddy/iris_test_tool/install/iris_interfaces/include/iris_interfaces/iris_interfaces/action/detail/compute_path_coverage__type_support.h\n'}
[0.767900] (iris_interfaces) StdoutLine: {'line': b'-- Up-to-date: /home/maddy/iris_test_tool/install/iris_interfaces/include/iris_interfaces/iris_interfaces/action/detail/path_coverage_controller__functions.c\n'}
[0.768169] (iris_interfaces) StdoutLine: {'line': b'-- Up-to-date: /home/maddy/iris_test_tool/install/iris_interfaces/include/iris_interfaces/iris_interfaces/action/detail/navigate_path_coverage__type_support.h\n'}
[0.768389] (iris_interfaces) StdoutLine: {'line': b'-- Up-to-date: /home/maddy/iris_test_tool/install/iris_interfaces/include/iris_interfaces/iris_interfaces/action/detail/path_coverage_controller__struct.h\n'}
[0.768584] (iris_interfaces) StdoutLine: {'line': b'-- Up-to-date: /home/maddy/iris_test_tool/install/iris_interfaces/include/iris_interfaces/iris_interfaces/action/detail/compute_path_coverage__functions.c\n'}
[0.768775] (iris_interfaces) StdoutLine: {'line': b'-- Up-to-date: /home/maddy/iris_test_tool/install/iris_interfaces/include/iris_interfaces/iris_interfaces/action/detail/navigate_path_coverage__struct.h\n'}
[0.768949] (iris_interfaces) StdoutLine: {'line': b'-- Up-to-date: /home/maddy/iris_test_tool/install/iris_interfaces/include/iris_interfaces/iris_interfaces/action/detail/path_coverage_controller__functions.h\n'}
[0.769108] (iris_interfaces) StdoutLine: {'line': b'-- Up-to-date: /home/maddy/iris_test_tool/install/iris_interfaces/include/iris_interfaces/iris_interfaces/action/compute_path_coverage.h\n'}
[0.769436] (iris_interfaces) StdoutLine: {'line': b'-- Up-to-date: /home/maddy/iris_test_tool/install/iris_interfaces/include/iris_interfaces/iris_interfaces/msg\n'}
[0.769761] (iris_interfaces) StdoutLine: {'line': b'-- Up-to-date: /home/maddy/iris_test_tool/install/iris_interfaces/include/iris_interfaces/iris_interfaces/msg/headband_mode.h\n'}
[0.770125] (iris_interfaces) StdoutLine: {'line': b'-- Up-to-date: /home/maddy/iris_test_tool/install/iris_interfaces/include/iris_interfaces/iris_interfaces/msg/follow_path_result.h\n'}
[0.770374] (iris_interfaces) StdoutLine: {'line': b'-- Up-to-date: /home/maddy/iris_test_tool/install/iris_interfaces/include/iris_interfaces/iris_interfaces/msg/system_software_status.h\n'}
[0.770562] (iris_interfaces) StdoutLine: {'line': b'-- Up-to-date: /home/maddy/iris_test_tool/install/iris_interfaces/include/iris_interfaces/iris_interfaces/msg/mender_client_status.h\n'}
[0.770750] (iris_interfaces) StdoutLine: {'line': b'-- Up-to-date: /home/maddy/iris_test_tool/install/iris_interfaces/include/iris_interfaces/iris_interfaces/msg/rosidl_generator_c__visibility_control.h\n'}
[0.770943] (iris_interfaces) StdoutLine: {'line': b'-- Up-to-date: /home/maddy/iris_test_tool/install/iris_interfaces/include/iris_interfaces/iris_interfaces/msg/actuator_status.h\n'}
[0.771119] (iris_interfaces) StdoutLine: {'line': b'-- Up-to-date: /home/maddy/iris_test_tool/install/iris_interfaces/include/iris_interfaces/iris_interfaces/msg/ota_status.h\n'}
[0.771309] (iris_interfaces) StdoutLine: {'line': b'-- Up-to-date: /home/maddy/iris_test_tool/install/iris_interfaces/include/iris_interfaces/iris_interfaces/msg/navigation_mode.h\n'}
[0.771537] (iris_interfaces) StdoutLine: {'line': b'-- Up-to-date: /home/maddy/iris_test_tool/install/iris_interfaces/include/iris_interfaces/iris_interfaces/msg/brush_faults.h\n'}
[0.771725] (iris_interfaces) StdoutLine: {'line': b'-- Up-to-date: /home/maddy/iris_test_tool/install/iris_interfaces/include/iris_interfaces/iris_interfaces/msg/wheel_encoders.h\n'}
[0.771918] (iris_interfaces) StdoutLine: {'line': b'-- Up-to-date: /home/maddy/iris_test_tool/install/iris_interfaces/include/iris_interfaces/iris_interfaces/msg/a2_functional_status.h\n'}
[0.772111] (iris_interfaces) StdoutLine: {'line': b'-- Up-to-date: /home/maddy/iris_test_tool/install/iris_interfaces/include/iris_interfaces/iris_interfaces/msg/led_control.h\n'}
[0.772314] (iris_interfaces) StdoutLine: {'line': b'-- Up-to-date: /home/maddy/iris_test_tool/install/iris_interfaces/include/iris_interfaces/iris_interfaces/msg/a2_fault_status.h\n'}
[0.772516] (iris_interfaces) StdoutLine: {'line': b'-- Up-to-date: /home/maddy/iris_test_tool/install/iris_interfaces/include/iris_interfaces/iris_interfaces/msg/brush_status.h\n'}
[0.772696] (iris_interfaces) StdoutLine: {'line': b'-- Up-to-date: /home/maddy/iris_test_tool/install/iris_interfaces/include/iris_interfaces/iris_interfaces/msg/vacuum_status.h\n'}
[0.772886] (iris_interfaces) StdoutLine: {'line': b'-- Up-to-date: /home/maddy/iris_test_tool/install/iris_interfaces/include/iris_interfaces/iris_interfaces/msg/detail\n'}
[0.773077] (iris_interfaces) StdoutLine: {'line': b'-- Up-to-date: /home/maddy/iris_test_tool/install/iris_interfaces/include/iris_interfaces/iris_interfaces/msg/detail/navigation_mode__functions.h\n'}
[0.773267] (iris_interfaces) StdoutLine: {'line': b'-- Up-to-date: /home/maddy/iris_test_tool/install/iris_interfaces/include/iris_interfaces/iris_interfaces/msg/detail/a5_status__type_support.h\n'}
[0.773457] (iris_interfaces) StdoutLine: {'line': b'-- Up-to-date: /home/maddy/iris_test_tool/install/iris_interfaces/include/iris_interfaces/iris_interfaces/msg/detail/motor_status__functions.c\n'}
[0.773651] (iris_interfaces) StdoutLine: {'line': b'-- Up-to-date: /home/maddy/iris_test_tool/install/iris_interfaces/include/iris_interfaces/iris_interfaces/msg/detail/water_tank_levels__type_support.h\n'}
[0.773836] (iris_interfaces) StdoutLine: {'line': b'-- Up-to-date: /home/maddy/iris_test_tool/install/iris_interfaces/include/iris_interfaces/iris_interfaces/msg/detail/led_control__type_support.h\n'}
[0.774360] (iris_interfaces) StdoutLine: {'line': b'-- Up-to-date: /home/maddy/iris_test_tool/install/iris_interfaces/include/iris_interfaces/iris_interfaces/msg/detail/ota_status__type_support.h\n'}
[0.774719] (iris_interfaces) StdoutLine: {'line': b'-- Up-to-date: /home/maddy/iris_test_tool/install/iris_interfaces/include/iris_interfaces/iris_interfaces/msg/detail/headband_mode__type_support.h\n'}
[0.775055] (iris_interfaces) StdoutLine: {'line': b'-- Up-to-date: /home/maddy/iris_test_tool/install/iris_interfaces/include/iris_interfaces/iris_interfaces/msg/detail/ultrasonic_ranges__type_support.h\n'}
[0.775509] (iris_interfaces) StdoutLine: {'line': b'-- Up-to-date: /home/maddy/iris_test_tool/install/iris_interfaces/include/iris_interfaces/iris_interfaces/msg/detail/wheel_encoders__functions.h\n'}
[0.776030] (iris_interfaces) StdoutLine: {'line': b'-- Up-to-date: /home/maddy/iris_test_tool/install/iris_interfaces/include/iris_interfaces/iris_interfaces/msg/detail/a2_command__functions.c\n'}
[0.776340] (iris_interfaces) StdoutLine: {'line': b'-- Up-to-date: /home/maddy/iris_test_tool/install/iris_interfaces/include/iris_interfaces/iris_interfaces/msg/detail/wheel_command_speed__functions.h\n'}
[0.776539] (iris_interfaces) StdoutLine: {'line': b'-- Up-to-date: /home/maddy/iris_test_tool/install/iris_interfaces/include/iris_interfaces/iris_interfaces/msg/detail/a2_fault_status__type_support.h\n'}
[0.776744] (iris_interfaces) StdoutLine: {'line': b'-- Up-to-date: /home/maddy/iris_test_tool/install/iris_interfaces/include/iris_interfaces/iris_interfaces/msg/detail/ota_status__functions.h\n'}
[0.777000] (iris_interfaces) StdoutLine: {'line': b'-- Up-to-date: /home/maddy/iris_test_tool/install/iris_interfaces/include/iris_interfaces/iris_interfaces/msg/detail/a2_functional_status__functions.h\n'}
[0.777231] (iris_interfaces) StdoutLine: {'line': b'-- Up-to-date: /home/maddy/iris_test_tool/install/iris_interfaces/include/iris_interfaces/iris_interfaces/msg/detail/wheel_encoders__functions.c\n'}
[0.777596] (iris_interfaces) StdoutLine: {'line': b'-- Up-to-date: /home/maddy/iris_test_tool/install/iris_interfaces/include/iris_interfaces/iris_interfaces/msg/detail/wheel_command_speed__struct.h\n'}
[0.777808] (iris_interfaces) StdoutLine: {'line': b'-- Up-to-date: /home/maddy/iris_test_tool/install/iris_interfaces/include/iris_interfaces/iris_interfaces/msg/detail/navigation_mode__struct.h\n'}
[0.778250] (iris_interfaces) StdoutLine: {'line': b'-- Up-to-date: /home/maddy/iris_test_tool/install/iris_interfaces/include/iris_interfaces/iris_interfaces/msg/detail/mender_client_status__functions.h\n'}
[0.778463] (iris_interfaces) StdoutLine: {'line': b'-- Up-to-date: /home/maddy/iris_test_tool/install/iris_interfaces/include/iris_interfaces/iris_interfaces/msg/detail/brush_status__functions.h\n'}
[0.778663] (iris_interfaces) StdoutLine: {'line': b'-- Up-to-date: /home/maddy/iris_test_tool/install/iris_interfaces/include/iris_interfaces/iris_interfaces/msg/detail/a2_functional_status__struct.h\n'}
[0.778866] (iris_interfaces) StdoutLine: {'line': b'-- Up-to-date: /home/maddy/iris_test_tool/install/iris_interfaces/include/iris_interfaces/iris_interfaces/msg/detail/mender_client_status__functions.c\n'}
[0.779403] (iris_interfaces) StdoutLine: {'line': b'-- Up-to-date: /home/maddy/iris_test_tool/install/iris_interfaces/include/iris_interfaces/iris_interfaces/msg/detail/ota_status__functions.c\n'}
[0.779860] (iris_interfaces) StdoutLine: {'line': b'-- Up-to-date: /home/maddy/iris_test_tool/install/iris_interfaces/include/iris_interfaces/iris_interfaces/msg/detail/follow_path_result__struct.h\n'}
[0.780368] (iris_interfaces) StdoutLine: {'line': b'-- Up-to-date: /home/maddy/iris_test_tool/install/iris_interfaces/include/iris_interfaces/iris_interfaces/msg/detail/system_software_status__functions.c\n'}
[0.780943] (iris_interfaces) StdoutLine: {'line': b'-- Up-to-date: /home/maddy/iris_test_tool/install/iris_interfaces/include/iris_interfaces/iris_interfaces/msg/detail/a2_command__type_support.h\n'}
[0.781119] (iris_interfaces) StdoutLine: {'line': b'-- Up-to-date: /home/maddy/iris_test_tool/install/iris_interfaces/include/iris_interfaces/iris_interfaces/msg/detail/vacuum_status__type_support.h\n'}
[0.781316] (iris_interfaces) StdoutLine: {'line': b'-- Up-to-date: /home/maddy/iris_test_tool/install/iris_interfaces/include/iris_interfaces/iris_interfaces/msg/detail/mender_client_status__type_support.h\n'}
[0.781610] (iris_interfaces) StdoutLine: {'line': b'-- Up-to-date: /home/maddy/iris_test_tool/install/iris_interfaces/include/iris_interfaces/iris_interfaces/msg/detail/vacuum_faults__functions.c\n'}
[0.781784] (iris_interfaces) StdoutLine: {'line': b'-- Up-to-date: /home/maddy/iris_test_tool/install/iris_interfaces/include/iris_interfaces/iris_interfaces/msg/detail/a2_functional_status__type_support.h\n'}
[0.781979] (iris_interfaces) StdoutLine: {'line': b'-- Up-to-date: /home/maddy/iris_test_tool/install/iris_interfaces/include/iris_interfaces/iris_interfaces/msg/detail/follow_path_result__type_support.h\n'}
[0.782149] (iris_interfaces) StdoutLine: {'line': b'-- Up-to-date: /home/maddy/iris_test_tool/install/iris_interfaces/include/iris_interfaces/iris_interfaces/msg/detail/led_control__functions.h\n'}
[0.782315] (iris_interfaces) StdoutLine: {'line': b'-- Up-to-date: /home/maddy/iris_test_tool/install/iris_interfaces/include/iris_interfaces/iris_interfaces/msg/detail/actuator_status__type_support.h\n'}
[0.782499] (iris_interfaces) StdoutLine: {'line': b'-- Up-to-date: /home/maddy/iris_test_tool/install/iris_interfaces/include/iris_interfaces/iris_interfaces/msg/detail/wheel_encoders__struct.h\n'}
[0.782723] (iris_interfaces) StdoutLine: {'line': b'-- Up-to-date: /home/maddy/iris_test_tool/install/iris_interfaces/include/iris_interfaces/iris_interfaces/msg/detail/a5_status__functions.h\n'}
[0.782973] (iris_interfaces) StdoutLine: {'line': b'-- Up-to-date: /home/maddy/iris_test_tool/install/iris_interfaces/include/iris_interfaces/iris_interfaces/msg/detail/sensor_status__struct.h\n'}
[0.783163] (iris_interfaces) StdoutLine: {'line': b'-- Up-to-date: /home/maddy/iris_test_tool/install/iris_interfaces/include/iris_interfaces/iris_interfaces/msg/detail/vacuum_status__functions.h\n'}
[0.783382] (iris_interfaces) StdoutLine: {'line': b'-- Up-to-date: /home/maddy/iris_test_tool/install/iris_interfaces/include/iris_interfaces/iris_interfaces/msg/detail/a2_fault_status__functions.c\n'}
[0.783576] (iris_interfaces) StdoutLine: {'line': b'-- Up-to-date: /home/maddy/iris_test_tool/install/iris_interfaces/include/iris_interfaces/iris_interfaces/msg/detail/motor_status__functions.h\n'}
[0.783778] (iris_interfaces) StdoutLine: {'line': b'-- Up-to-date: /home/maddy/iris_test_tool/install/iris_interfaces/include/iris_interfaces/iris_interfaces/msg/detail/a2_command__struct.h\n'}
[0.783969] (iris_interfaces) StdoutLine: {'line': b'-- Up-to-date: /home/maddy/iris_test_tool/install/iris_interfaces/include/iris_interfaces/iris_interfaces/msg/detail/follow_path_result__functions.c\n'}
[0.784178] (iris_interfaces) StdoutLine: {'line': b'-- Up-to-date: /home/maddy/iris_test_tool/install/iris_interfaces/include/iris_interfaces/iris_interfaces/msg/detail/motor_controller_status__functions.c\n'}
[0.784372] (iris_interfaces) StdoutLine: {'line': b'-- Up-to-date: /home/maddy/iris_test_tool/install/iris_interfaces/include/iris_interfaces/iris_interfaces/msg/detail/sensor_status__functions.c\n'}
[0.784563] (iris_interfaces) StdoutLine: {'line': b'-- Up-to-date: /home/maddy/iris_test_tool/install/iris_interfaces/include/iris_interfaces/iris_interfaces/msg/detail/system_software_status__struct.h\n'}
[0.784760] (iris_interfaces) StdoutLine: {'line': b'-- Up-to-date: /home/maddy/iris_test_tool/install/iris_interfaces/include/iris_interfaces/iris_interfaces/msg/detail/sensor_status__functions.h\n'}
[0.784956] (iris_interfaces) StdoutLine: {'line': b'-- Up-to-date: /home/maddy/iris_test_tool/install/iris_interfaces/include/iris_interfaces/iris_interfaces/msg/detail/led_control__struct.h\n'}
[0.785147] (iris_interfaces) StdoutLine: {'line': b'-- Up-to-date: /home/maddy/iris_test_tool/install/iris_interfaces/include/iris_interfaces/iris_interfaces/msg/detail/water_tank_levels__struct.h\n'}
[0.785339] (iris_interfaces) StdoutLine: {'line': b'-- Up-to-date: /home/maddy/iris_test_tool/install/iris_interfaces/include/iris_interfaces/iris_interfaces/msg/detail/a2_fault_status__functions.h\n'}
[0.785532] (iris_interfaces) StdoutLine: {'line': b'-- Up-to-date: /home/maddy/iris_test_tool/install/iris_interfaces/include/iris_interfaces/iris_interfaces/msg/detail/actuator_status__functions.h\n'}
[0.785723] (iris_interfaces) StdoutLine: {'line': b'-- Up-to-date: /home/maddy/iris_test_tool/install/iris_interfaces/include/iris_interfaces/iris_interfaces/msg/detail/navigation_mode__functions.c\n'}
[0.786770] (iris_interfaces) StdoutLine: {'line': b'-- Up-to-date: /home/maddy/iris_test_tool/install/iris_interfaces/include/iris_interfaces/iris_interfaces/msg/detail/vacuum_status__functions.c\n'}
[0.787121] (iris_interfaces) StdoutLine: {'line': b'-- Up-to-date: /home/maddy/iris_test_tool/install/iris_interfaces/include/iris_interfaces/iris_interfaces/msg/detail/vacuum_faults__functions.h\n'}
[0.787352] (iris_interfaces) StdoutLine: {'line': b'-- Up-to-date: /home/maddy/iris_test_tool/install/iris_interfaces/include/iris_interfaces/iris_interfaces/msg/detail/brush_faults__functions.h\n'}
[0.787639] (iris_interfaces) StdoutLine: {'line': b'-- Up-to-date: /home/maddy/iris_test_tool/install/iris_interfaces/include/iris_interfaces/iris_interfaces/msg/detail/brush_status__struct.h\n'}
[0.787887] (iris_interfaces) StdoutLine: {'line': b'-- Up-to-date: /home/maddy/iris_test_tool/install/iris_interfaces/include/iris_interfaces/iris_interfaces/msg/detail/mender_client_status__struct.h\n'}
[0.788169] (iris_interfaces) StdoutLine: {'line': b'-- Up-to-date: /home/maddy/iris_test_tool/install/iris_interfaces/include/iris_interfaces/iris_interfaces/msg/detail/vacuum_faults__type_support.h\n'}
[0.788435] (iris_interfaces) StdoutLine: {'line': b'-- Up-to-date: /home/maddy/iris_test_tool/install/iris_interfaces/include/iris_interfaces/iris_interfaces/msg/detail/headband_mode__functions.c\n'}
[0.788720] (iris_interfaces) StdoutLine: {'line': b'-- Up-to-date: /home/maddy/iris_test_tool/install/iris_interfaces/include/iris_interfaces/iris_interfaces/msg/detail/navigation_mode__type_support.h\n'}
[0.788978] (iris_interfaces) StdoutLine: {'line': b'-- Up-to-date: /home/maddy/iris_test_tool/install/iris_interfaces/include/iris_interfaces/iris_interfaces/msg/detail/a2_command__functions.h\n'}
[0.789234] (iris_interfaces) StdoutLine: {'line': b'-- Up-to-date: /home/maddy/iris_test_tool/install/iris_interfaces/include/iris_interfaces/iris_interfaces/msg/detail/a2_fault_status__struct.h\n'}
[0.789521] (iris_interfaces) StdoutLine: {'line': b'-- Up-to-date: /home/maddy/iris_test_tool/install/iris_interfaces/include/iris_interfaces/iris_interfaces/msg/detail/motor_status__struct.h\n'}
[0.789759] (iris_interfaces) StdoutLine: {'line': b'-- Up-to-date: /home/maddy/iris_test_tool/install/iris_interfaces/include/iris_interfaces/iris_interfaces/msg/detail/a5_status__functions.c\n'}
[0.790031] (iris_interfaces) StdoutLine: {'line': b'-- Up-to-date: /home/maddy/iris_test_tool/install/iris_interfaces/include/iris_interfaces/iris_interfaces/msg/detail/motor_controller_status__struct.h\n'}
[0.790315] (iris_interfaces) StdoutLine: {'line': b'-- Up-to-date: /home/maddy/iris_test_tool/install/iris_interfaces/include/iris_interfaces/iris_interfaces/msg/detail/brush_faults__struct.h\n'}
[0.790600] (iris_interfaces) StdoutLine: {'line': b'-- Up-to-date: /home/maddy/iris_test_tool/install/iris_interfaces/include/iris_interfaces/iris_interfaces/msg/detail/brush_faults__type_support.h\n'}
[0.791295] (iris_interfaces) StdoutLine: {'line': b'-- Up-to-date: /home/maddy/iris_test_tool/install/iris_interfaces/include/iris_interfaces/iris_interfaces/msg/detail/wheel_encoders__type_support.h\n'}
[0.791631] (iris_interfaces) StdoutLine: {'line': b'-- Up-to-date: /home/maddy/iris_test_tool/install/iris_interfaces/include/iris_interfaces/iris_interfaces/msg/detail/motor_controller_status__type_support.h\n'}
[0.791907] (iris_interfaces) StdoutLine: {'line': b'-- Up-to-date: /home/maddy/iris_test_tool/install/iris_interfaces/include/iris_interfaces/iris_interfaces/msg/detail/water_tank_levels__functions.h\n'}
[0.792183] (iris_interfaces) StdoutLine: {'line': b'-- Up-to-date: /home/maddy/iris_test_tool/install/iris_interfaces/include/iris_interfaces/iris_interfaces/msg/detail/follow_path_result__functions.h\n'}
[0.792428] (iris_interfaces) StdoutLine: {'line': b'-- Up-to-date: /home/maddy/iris_test_tool/install/iris_interfaces/include/iris_interfaces/iris_interfaces/msg/detail/a2_functional_status__functions.c\n'}
[0.792940] (iris_interfaces) StdoutLine: {'line': b'-- Up-to-date: /home/maddy/iris_test_tool/install/iris_interfaces/include/iris_interfaces/iris_interfaces/msg/detail/a5_status__struct.h\n'}
[0.793207] (iris_interfaces) StdoutLine: {'line': b'-- Up-to-date: /home/maddy/iris_test_tool/install/iris_interfaces/include/iris_interfaces/iris_interfaces/msg/detail/ota_status__struct.h\n'}
[0.793471] (iris_interfaces) StdoutLine: {'line': b'-- Up-to-date: /home/maddy/iris_test_tool/install/iris_interfaces/include/iris_interfaces/iris_interfaces/msg/detail/sensor_status__type_support.h\n'}
[0.793743] (iris_interfaces) StdoutLine: {'line': b'-- Up-to-date: /home/maddy/iris_test_tool/install/iris_interfaces/include/iris_interfaces/iris_interfaces/msg/detail/headband_mode__functions.h\n'}
[0.794040] (iris_interfaces) StdoutLine: {'line': b'-- Up-to-date: /home/maddy/iris_test_tool/install/iris_interfaces/include/iris_interfaces/iris_interfaces/msg/detail/motor_controller_status__functions.h\n'}
[0.794505] (iris_interfaces) StdoutLine: {'line': b'-- Up-to-date: /home/maddy/iris_test_tool/install/iris_interfaces/include/iris_interfaces/iris_interfaces/msg/detail/wheel_command_speed__functions.c\n'}
[0.794804] (iris_interfaces) StdoutLine: {'line': b'-- Up-to-date: /home/maddy/iris_test_tool/install/iris_interfaces/include/iris_interfaces/iris_interfaces/msg/detail/actuator_status__functions.c\n'}
[0.795275] (iris_interfaces) StdoutLine: {'line': b'-- Up-to-date: /home/maddy/iris_test_tool/install/iris_interfaces/include/iris_interfaces/iris_interfaces/msg/detail/headband_mode__struct.h\n'}
[0.795582] (iris_interfaces) StdoutLine: {'line': b'-- Up-to-date: /home/maddy/iris_test_tool/install/iris_interfaces/include/iris_interfaces/iris_interfaces/msg/detail/actuator_status__struct.h\n'}
[0.795857] (iris_interfaces) StdoutLine: {'line': b'-- Up-to-date: /home/maddy/iris_test_tool/install/iris_interfaces/include/iris_interfaces/iris_interfaces/msg/detail/system_software_status__type_support.h\n'}
[0.796134] (iris_interfaces) StdoutLine: {'line': b'-- Up-to-date: /home/maddy/iris_test_tool/install/iris_interfaces/include/iris_interfaces/iris_interfaces/msg/detail/brush_status__functions.c\n'}
[0.796399] (iris_interfaces) StdoutLine: {'line': b'-- Up-to-date: /home/maddy/iris_test_tool/install/iris_interfaces/include/iris_interfaces/iris_interfaces/msg/detail/vacuum_status__struct.h\n'}
[0.796649] (iris_interfaces) StdoutLine: {'line': b'-- Up-to-date: /home/maddy/iris_test_tool/install/iris_interfaces/include/iris_interfaces/iris_interfaces/msg/detail/ultrasonic_ranges__struct.h\n'}
[0.796931] (iris_interfaces) StdoutLine: {'line': b'-- Up-to-date: /home/maddy/iris_test_tool/install/iris_interfaces/include/iris_interfaces/iris_interfaces/msg/detail/wheel_command_speed__type_support.h\n'}
[0.797283] (iris_interfaces) StdoutLine: {'line': b'-- Up-to-date: /home/maddy/iris_test_tool/install/iris_interfaces/include/iris_interfaces/iris_interfaces/msg/detail/brush_status__type_support.h\n'}
[0.797636] (iris_interfaces) StdoutLine: {'line': b'-- Up-to-date: /home/maddy/iris_test_tool/install/iris_interfaces/include/iris_interfaces/iris_interfaces/msg/detail/motor_status__type_support.h\n'}
[0.798294] (iris_interfaces) StdoutLine: {'line': b'-- Up-to-date: /home/maddy/iris_test_tool/install/iris_interfaces/include/iris_interfaces/iris_interfaces/msg/detail/ultrasonic_ranges__functions.h\n'}
[0.798621] (iris_interfaces) StdoutLine: {'line': b'-- Up-to-date: /home/maddy/iris_test_tool/install/iris_interfaces/include/iris_interfaces/iris_interfaces/msg/detail/system_software_status__functions.h\n'}
[0.798919] (iris_interfaces) StdoutLine: {'line': b'-- Up-to-date: /home/maddy/iris_test_tool/install/iris_interfaces/include/iris_interfaces/iris_interfaces/msg/detail/ultrasonic_ranges__functions.c\n'}
[0.799193] (iris_interfaces) StdoutLine: {'line': b'-- Up-to-date: /home/maddy/iris_test_tool/install/iris_interfaces/include/iris_interfaces/iris_interfaces/msg/detail/vacuum_faults__struct.h\n'}
[0.799512] (iris_interfaces) StdoutLine: {'line': b'-- Up-to-date: /home/maddy/iris_test_tool/install/iris_interfaces/include/iris_interfaces/iris_interfaces/msg/detail/brush_faults__functions.c\n'}
[0.799875] (iris_interfaces) StdoutLine: {'line': b'-- Up-to-date: /home/maddy/iris_test_tool/install/iris_interfaces/include/iris_interfaces/iris_interfaces/msg/detail/led_control__functions.c\n'}
[0.800580] (iris_interfaces) StdoutLine: {'line': b'-- Up-to-date: /home/maddy/iris_test_tool/install/iris_interfaces/include/iris_interfaces/iris_interfaces/msg/detail/water_tank_levels__functions.c\n'}
[0.801068] (iris_interfaces) StdoutLine: {'line': b'-- Up-to-date: /home/maddy/iris_test_tool/install/iris_interfaces/include/iris_interfaces/iris_interfaces/msg/wheel_command_speed.h\n'}
[0.801405] (iris_interfaces) StdoutLine: {'line': b'-- Up-to-date: /home/maddy/iris_test_tool/install/iris_interfaces/include/iris_interfaces/iris_interfaces/msg/motor_controller_status.h\n'}
[0.801745] (iris_interfaces) StdoutLine: {'line': b'-- Up-to-date: /home/maddy/iris_test_tool/install/iris_interfaces/include/iris_interfaces/iris_interfaces/msg/water_tank_levels.h\n'}
[0.802202] (-) TimerEvent: {}
[0.802507] (iris_interfaces) StdoutLine: {'line': b'-- Up-to-date: /home/maddy/iris_test_tool/install/iris_interfaces/include/iris_interfaces/iris_interfaces/msg/a5_status.h\n'}
[0.802947] (iris_interfaces) StdoutLine: {'line': b'-- Up-to-date: /home/maddy/iris_test_tool/install/iris_interfaces/include/iris_interfaces/iris_interfaces/msg/ultrasonic_ranges.h\n'}
[0.803360] (iris_interfaces) StdoutLine: {'line': b'-- Up-to-date: /home/maddy/iris_test_tool/install/iris_interfaces/include/iris_interfaces/iris_interfaces/msg/vacuum_faults.h\n'}
[0.803776] (iris_interfaces) StdoutLine: {'line': b'-- Up-to-date: /home/maddy/iris_test_tool/install/iris_interfaces/include/iris_interfaces/iris_interfaces/msg/sensor_status.h\n'}
[0.804214] (iris_interfaces) StdoutLine: {'line': b'-- Up-to-date: /home/maddy/iris_test_tool/install/iris_interfaces/include/iris_interfaces/iris_interfaces/msg/a2_command.h\n'}
[0.804513] (iris_interfaces) StdoutLine: {'line': b'-- Up-to-date: /home/maddy/iris_test_tool/install/iris_interfaces/include/iris_interfaces/iris_interfaces/msg/motor_status.h\n'}
[0.804797] (iris_interfaces) StdoutLine: {'line': b'-- Up-to-date: /home/maddy/iris_test_tool/install/iris_interfaces/share/iris_interfaces/environment/library_path.sh\n'}
[0.805230] (iris_interfaces) StdoutLine: {'line': b'-- Up-to-date: /home/maddy/iris_test_tool/install/iris_interfaces/share/iris_interfaces/environment/library_path.dsv\n'}
[0.805499] (iris_interfaces) StdoutLine: {'line': b'-- Up-to-date: /home/maddy/iris_test_tool/install/iris_interfaces/lib/libiris_interfaces__rosidl_generator_c.so\n'}
[0.806034] (iris_interfaces) StdoutLine: {'line': b'-- Up-to-date: /home/maddy/iris_test_tool/install/iris_interfaces/include/iris_interfaces/iris_interfaces\n'}
[0.806245] (iris_interfaces) StdoutLine: {'line': b'-- Up-to-date: /home/maddy/iris_test_tool/install/iris_interfaces/include/iris_interfaces/iris_interfaces/srv\n'}
[0.806515] (iris_interfaces) StdoutLine: {'line': b'-- Up-to-date: /home/maddy/iris_test_tool/install/iris_interfaces/include/iris_interfaces/iris_interfaces/srv/detail\n'}
[0.807030] (iris_interfaces) StdoutLine: {'line': b'-- Up-to-date: /home/maddy/iris_test_tool/install/iris_interfaces/include/iris_interfaces/iris_interfaces/srv/detail/update_motor_controller_reference_source__rosidl_typesupport_fastrtps_c.h\n'}
[0.807391] (iris_interfaces) StdoutLine: {'line': b'-- Up-to-date: /home/maddy/iris_test_tool/install/iris_interfaces/include/iris_interfaces/iris_interfaces/srv/detail/wifi_discovery__rosidl_typesupport_fastrtps_c.h\n'}
[0.807726] (iris_interfaces) StdoutLine: {'line': b'-- Up-to-date: /home/maddy/iris_test_tool/install/iris_interfaces/include/iris_interfaces/iris_interfaces/srv/detail/get_wifi_status__rosidl_typesupport_fastrtps_c.h\n'}
[0.808032] (iris_interfaces) StdoutLine: {'line': b'-- Up-to-date: /home/maddy/iris_test_tool/install/iris_interfaces/include/iris_interfaces/iris_interfaces/srv/detail/reset_wheel_encoders__rosidl_typesupport_fastrtps_c.h\n'}
[0.808333] (iris_interfaces) StdoutLine: {'line': b'-- Up-to-date: /home/maddy/iris_test_tool/install/iris_interfaces/include/iris_interfaces/iris_interfaces/srv/detail/a2_command__rosidl_typesupport_fastrtps_c.h\n'}
[0.808633] (iris_interfaces) StdoutLine: {'line': b'-- Up-to-date: /home/maddy/iris_test_tool/install/iris_interfaces/include/iris_interfaces/iris_interfaces/srv/detail/disconnect_wifi__rosidl_typesupport_fastrtps_c.h\n'}
[0.808983] (iris_interfaces) StdoutLine: {'line': b'-- Up-to-date: /home/maddy/iris_test_tool/install/iris_interfaces/include/iris_interfaces/iris_interfaces/srv/detail/reset_a2_faults__rosidl_typesupport_fastrtps_c.h\n'}
[0.809284] (iris_interfaces) StdoutLine: {'line': b'-- Up-to-date: /home/maddy/iris_test_tool/install/iris_interfaces/include/iris_interfaces/iris_interfaces/srv/detail/process_manager__rosidl_typesupport_fastrtps_c.h\n'}
[0.809585] (iris_interfaces) StdoutLine: {'line': b'-- Up-to-date: /home/maddy/iris_test_tool/install/iris_interfaces/include/iris_interfaces/iris_interfaces/srv/detail/restart_motor_controller__rosidl_typesupport_fastrtps_c.h\n'}
[0.809906] (iris_interfaces) StdoutLine: {'line': b'-- Up-to-date: /home/maddy/iris_test_tool/install/iris_interfaces/include/iris_interfaces/iris_interfaces/srv/detail/state_manager__rosidl_typesupport_fastrtps_c.h\n'}
[0.810600] (iris_interfaces) StdoutLine: {'line': b'-- Up-to-date: /home/maddy/iris_test_tool/install/iris_interfaces/include/iris_interfaces/iris_interfaces/srv/detail/connect_wifi__rosidl_typesupport_fastrtps_c.h\n'}
[0.810992] (iris_interfaces) StdoutLine: {'line': b'-- Up-to-date: /home/maddy/iris_test_tool/install/iris_interfaces/include/iris_interfaces/iris_interfaces/srv/detail/update_motor_controller_parameters__rosidl_typesupport_fastrtps_c.h\n'}
[0.811445] (iris_interfaces) StdoutLine: {'line': b'-- Up-to-date: /home/maddy/iris_test_tool/install/iris_interfaces/include/iris_interfaces/iris_interfaces/action\n'}
[0.811746] (iris_interfaces) StdoutLine: {'line': b'-- Up-to-date: /home/maddy/iris_test_tool/install/iris_interfaces/include/iris_interfaces/iris_interfaces/action/detail\n'}
[0.812262] (iris_interfaces) StdoutLine: {'line': b'-- Up-to-date: /home/maddy/iris_test_tool/install/iris_interfaces/include/iris_interfaces/iris_interfaces/action/detail/compute_path_coverage__rosidl_typesupport_fastrtps_c.h\n'}
[0.812562] (iris_interfaces) StdoutLine: {'line': b'-- Up-to-date: /home/maddy/iris_test_tool/install/iris_interfaces/include/iris_interfaces/iris_interfaces/action/detail/navigate_path_coverage__rosidl_typesupport_fastrtps_c.h\n'}
[0.813138] (iris_interfaces) StdoutLine: {'line': b'-- Up-to-date: /home/maddy/iris_test_tool/install/iris_interfaces/include/iris_interfaces/iris_interfaces/action/detail/path_coverage_controller__rosidl_typesupport_fastrtps_c.h\n'}
[0.813472] (iris_interfaces) StdoutLine: {'line': b'-- Up-to-date: /home/maddy/iris_test_tool/install/iris_interfaces/include/iris_interfaces/iris_interfaces/msg\n'}
[0.814021] (iris_interfaces) StdoutLine: {'line': b'-- Up-to-date: /home/maddy/iris_test_tool/install/iris_interfaces/include/iris_interfaces/iris_interfaces/msg/rosidl_typesupport_fastrtps_c__visibility_control.h\n'}
[0.814363] (iris_interfaces) StdoutLine: {'line': b'-- Up-to-date: /home/maddy/iris_test_tool/install/iris_interfaces/include/iris_interfaces/iris_interfaces/msg/detail\n'}
[0.814691] (iris_interfaces) StdoutLine: {'line': b'-- Up-to-date: /home/maddy/iris_test_tool/install/iris_interfaces/include/iris_interfaces/iris_interfaces/msg/detail/a2_fault_status__rosidl_typesupport_fastrtps_c.h\n'}
[0.815010] (iris_interfaces) StdoutLine: {'line': b'-- Up-to-date: /home/maddy/iris_test_tool/install/iris_interfaces/include/iris_interfaces/iris_interfaces/msg/detail/motor_controller_status__rosidl_typesupport_fastrtps_c.h\n'}
[0.815303] (iris_interfaces) StdoutLine: {'line': b'-- Up-to-date: /home/maddy/iris_test_tool/install/iris_interfaces/include/iris_interfaces/iris_interfaces/msg/detail/headband_mode__rosidl_typesupport_fastrtps_c.h\n'}
[0.815475] (iris_interfaces) StdoutLine: {'line': b'-- Up-to-date: /home/maddy/iris_test_tool/install/iris_interfaces/include/iris_interfaces/iris_interfaces/msg/detail/sensor_status__rosidl_typesupport_fastrtps_c.h\n'}
[0.815796] (iris_interfaces) StdoutLine: {'line': b'-- Up-to-date: /home/maddy/iris_test_tool/install/iris_interfaces/include/iris_interfaces/iris_interfaces/msg/detail/follow_path_result__rosidl_typesupport_fastrtps_c.h\n'}
[0.816093] (iris_interfaces) StdoutLine: {'line': b'-- Up-to-date: /home/maddy/iris_test_tool/install/iris_interfaces/include/iris_interfaces/iris_interfaces/msg/detail/brush_faults__rosidl_typesupport_fastrtps_c.h\n'}
[0.816407] (iris_interfaces) StdoutLine: {'line': b'-- Up-to-date: /home/maddy/iris_test_tool/install/iris_interfaces/include/iris_interfaces/iris_interfaces/msg/detail/wheel_encoders__rosidl_typesupport_fastrtps_c.h\n'}
[0.816756] (iris_interfaces) StdoutLine: {'line': b'-- Up-to-date: /home/maddy/iris_test_tool/install/iris_interfaces/include/iris_interfaces/iris_interfaces/msg/detail/wheel_command_speed__rosidl_typesupport_fastrtps_c.h\n'}
[0.816939] (iris_interfaces) StdoutLine: {'line': b'-- Up-to-date: /home/maddy/iris_test_tool/install/iris_interfaces/include/iris_interfaces/iris_interfaces/msg/detail/actuator_status__rosidl_typesupport_fastrtps_c.h\n'}
[0.817107] (iris_interfaces) StdoutLine: {'line': b'-- Up-to-date: /home/maddy/iris_test_tool/install/iris_interfaces/include/iris_interfaces/iris_interfaces/msg/detail/a2_command__rosidl_typesupport_fastrtps_c.h\n'}
[0.817282] (iris_interfaces) StdoutLine: {'line': b'-- Up-to-date: /home/maddy/iris_test_tool/install/iris_interfaces/include/iris_interfaces/iris_interfaces/msg/detail/led_control__rosidl_typesupport_fastrtps_c.h\n'}
[0.817782] (iris_interfaces) StdoutLine: {'line': b'-- Up-to-date: /home/maddy/iris_test_tool/install/iris_interfaces/include/iris_interfaces/iris_interfaces/msg/detail/mender_client_status__rosidl_typesupport_fastrtps_c.h\n'}
[0.818006] (iris_interfaces) StdoutLine: {'line': b'-- Up-to-date: /home/maddy/iris_test_tool/install/iris_interfaces/include/iris_interfaces/iris_interfaces/msg/detail/brush_status__rosidl_typesupport_fastrtps_c.h\n'}
[0.818190] (iris_interfaces) StdoutLine: {'line': b'-- Up-to-date: /home/maddy/iris_test_tool/install/iris_interfaces/include/iris_interfaces/iris_interfaces/msg/detail/vacuum_status__rosidl_typesupport_fastrtps_c.h\n'}
[0.818361] (iris_interfaces) StdoutLine: {'line': b'-- Up-to-date: /home/maddy/iris_test_tool/install/iris_interfaces/include/iris_interfaces/iris_interfaces/msg/detail/ultrasonic_ranges__rosidl_typesupport_fastrtps_c.h\n'}
[0.818638] (iris_interfaces) StdoutLine: {'line': b'-- Up-to-date: /home/maddy/iris_test_tool/install/iris_interfaces/include/iris_interfaces/iris_interfaces/msg/detail/ota_status__rosidl_typesupport_fastrtps_c.h\n'}
[0.818805] (iris_interfaces) StdoutLine: {'line': b'-- Up-to-date: /home/maddy/iris_test_tool/install/iris_interfaces/include/iris_interfaces/iris_interfaces/msg/detail/motor_status__rosidl_typesupport_fastrtps_c.h\n'}
[0.818964] (iris_interfaces) StdoutLine: {'line': b'-- Up-to-date: /home/maddy/iris_test_tool/install/iris_interfaces/include/iris_interfaces/iris_interfaces/msg/detail/water_tank_levels__rosidl_typesupport_fastrtps_c.h\n'}
[0.819126] (iris_interfaces) StdoutLine: {'line': b'-- Up-to-date: /home/maddy/iris_test_tool/install/iris_interfaces/include/iris_interfaces/iris_interfaces/msg/detail/navigation_mode__rosidl_typesupport_fastrtps_c.h\n'}
[0.819288] (iris_interfaces) StdoutLine: {'line': b'-- Up-to-date: /home/maddy/iris_test_tool/install/iris_interfaces/include/iris_interfaces/iris_interfaces/msg/detail/a5_status__rosidl_typesupport_fastrtps_c.h\n'}
[0.819567] (iris_interfaces) StdoutLine: {'line': b'-- Up-to-date: /home/maddy/iris_test_tool/install/iris_interfaces/include/iris_interfaces/iris_interfaces/msg/detail/a2_functional_status__rosidl_typesupport_fastrtps_c.h\n'}
[0.819741] (iris_interfaces) StdoutLine: {'line': b'-- Up-to-date: /home/maddy/iris_test_tool/install/iris_interfaces/include/iris_interfaces/iris_interfaces/msg/detail/vacuum_faults__rosidl_typesupport_fastrtps_c.h\n'}
[0.819913] (iris_interfaces) StdoutLine: {'line': b'-- Up-to-date: /home/maddy/iris_test_tool/install/iris_interfaces/include/iris_interfaces/iris_interfaces/msg/detail/system_software_status__rosidl_typesupport_fastrtps_c.h\n'}
[0.820178] (iris_interfaces) StdoutLine: {'line': b'-- Up-to-date: /home/maddy/iris_test_tool/install/iris_interfaces/lib/libiris_interfaces__rosidl_typesupport_fastrtps_c.so\n'}
[0.820413] (iris_interfaces) StdoutLine: {'line': b'-- Up-to-date: /home/maddy/iris_test_tool/install/iris_interfaces/include/iris_interfaces/iris_interfaces\n'}
[0.820685] (iris_interfaces) StdoutLine: {'line': b'-- Up-to-date: /home/maddy/iris_test_tool/install/iris_interfaces/include/iris_interfaces/iris_interfaces/srv\n'}
[0.820961] (iris_interfaces) StdoutLine: {'line': b'-- Up-to-date: /home/maddy/iris_test_tool/install/iris_interfaces/include/iris_interfaces/iris_interfaces/srv/detail\n'}
[0.821129] (iris_interfaces) StdoutLine: {'line': b'-- Up-to-date: /home/maddy/iris_test_tool/install/iris_interfaces/include/iris_interfaces/iris_interfaces/srv/detail/reset_a2_faults__rosidl_typesupport_introspection_c.h\n'}
[0.821405] (iris_interfaces) StdoutLine: {'line': b'-- Up-to-date: /home/maddy/iris_test_tool/install/iris_interfaces/include/iris_interfaces/iris_interfaces/srv/detail/update_motor_controller_reference_source__rosidl_typesupport_introspection_c.h\n'}
[0.821581] (iris_interfaces) StdoutLine: {'line': b'-- Up-to-date: /home/maddy/iris_test_tool/install/iris_interfaces/include/iris_interfaces/iris_interfaces/srv/detail/disconnect_wifi__rosidl_typesupport_introspection_c.h\n'}
[0.821887] (iris_interfaces) StdoutLine: {'line': b'-- Up-to-date: /home/maddy/iris_test_tool/install/iris_interfaces/include/iris_interfaces/iris_interfaces/srv/detail/disconnect_wifi__type_support.c\n'}
[0.822086] (iris_interfaces) StdoutLine: {'line': b'-- Up-to-date: /home/maddy/iris_test_tool/install/iris_interfaces/include/iris_interfaces/iris_interfaces/srv/detail/get_wifi_status__rosidl_typesupport_introspection_c.h\n'}
[0.822398] (iris_interfaces) StdoutLine: {'line': b'-- Up-to-date: /home/maddy/iris_test_tool/install/iris_interfaces/include/iris_interfaces/iris_interfaces/srv/detail/update_motor_controller_reference_source__type_support.c\n'}
[0.822704] (iris_interfaces) StdoutLine: {'line': b'-- Up-to-date: /home/maddy/iris_test_tool/install/iris_interfaces/include/iris_interfaces/iris_interfaces/srv/detail/restart_motor_controller__type_support.c\n'}
[0.823015] (iris_interfaces) StdoutLine: {'line': b'-- Up-to-date: /home/maddy/iris_test_tool/install/iris_interfaces/include/iris_interfaces/iris_interfaces/srv/detail/wifi_discovery__type_support.c\n'}
[0.823324] (iris_interfaces) StdoutLine: {'line': b'-- Up-to-date: /home/maddy/iris_test_tool/install/iris_interfaces/include/iris_interfaces/iris_interfaces/srv/detail/process_manager__type_support.c\n'}
[0.823626] (iris_interfaces) StdoutLine: {'line': b'-- Up-to-date: /home/maddy/iris_test_tool/install/iris_interfaces/include/iris_interfaces/iris_interfaces/srv/detail/connect_wifi__rosidl_typesupport_introspection_c.h\n'}
[0.823930] (iris_interfaces) StdoutLine: {'line': b'-- Up-to-date: /home/maddy/iris_test_tool/install/iris_interfaces/include/iris_interfaces/iris_interfaces/srv/detail/get_wifi_status__type_support.c\n'}
[0.824229] (iris_interfaces) StdoutLine: {'line': b'-- Up-to-date: /home/maddy/iris_test_tool/install/iris_interfaces/include/iris_interfaces/iris_interfaces/srv/detail/update_motor_controller_parameters__rosidl_typesupport_introspection_c.h\n'}
[0.824536] (iris_interfaces) StdoutLine: {'line': b'-- Up-to-date: /home/maddy/iris_test_tool/install/iris_interfaces/include/iris_interfaces/iris_interfaces/srv/detail/connect_wifi__type_support.c\n'}
[0.824833] (iris_interfaces) StdoutLine: {'line': b'-- Up-to-date: /home/maddy/iris_test_tool/install/iris_interfaces/include/iris_interfaces/iris_interfaces/srv/detail/reset_wheel_encoders__type_support.c\n'}
[0.825132] (iris_interfaces) StdoutLine: {'line': b'-- Up-to-date: /home/maddy/iris_test_tool/install/iris_interfaces/include/iris_interfaces/iris_interfaces/srv/detail/state_manager__type_support.c\n'}
[0.825432] (iris_interfaces) StdoutLine: {'line': b'-- Up-to-date: /home/maddy/iris_test_tool/install/iris_interfaces/include/iris_interfaces/iris_interfaces/srv/detail/process_manager__rosidl_typesupport_introspection_c.h\n'}
[0.825730] (iris_interfaces) StdoutLine: {'line': b'-- Up-to-date: /home/maddy/iris_test_tool/install/iris_interfaces/include/iris_interfaces/iris_interfaces/srv/detail/reset_wheel_encoders__rosidl_typesupport_introspection_c.h\n'}
[0.826168] (iris_interfaces) StdoutLine: {'line': b'-- Up-to-date: /home/maddy/iris_test_tool/install/iris_interfaces/include/iris_interfaces/iris_interfaces/srv/detail/update_motor_controller_parameters__type_support.c\n'}
[0.826727] (iris_interfaces) StdoutLine: {'line': b'-- Up-to-date: /home/maddy/iris_test_tool/install/iris_interfaces/include/iris_interfaces/iris_interfaces/srv/detail/wifi_discovery__rosidl_typesupport_introspection_c.h\n'}
[0.827065] (iris_interfaces) StdoutLine: {'line': b'-- Up-to-date: /home/maddy/iris_test_tool/install/iris_interfaces/include/iris_interfaces/iris_interfaces/srv/detail/restart_motor_controller__rosidl_typesupport_introspection_c.h\n'}
[0.827476] (iris_interfaces) StdoutLine: {'line': b'-- Up-to-date: /home/maddy/iris_test_tool/install/iris_interfaces/include/iris_interfaces/iris_interfaces/srv/detail/state_manager__rosidl_typesupport_introspection_c.h\n'}
[0.827777] (iris_interfaces) StdoutLine: {'line': b'-- Up-to-date: /home/maddy/iris_test_tool/install/iris_interfaces/include/iris_interfaces/iris_interfaces/srv/detail/a2_command__type_support.c\n'}
[0.828164] (iris_interfaces) StdoutLine: {'line': b'-- Up-to-date: /home/maddy/iris_test_tool/install/iris_interfaces/include/iris_interfaces/iris_interfaces/srv/detail/a2_command__rosidl_typesupport_introspection_c.h\n'}
[0.828359] (iris_interfaces) StdoutLine: {'line': b'-- Up-to-date: /home/maddy/iris_test_tool/install/iris_interfaces/include/iris_interfaces/iris_interfaces/srv/detail/reset_a2_faults__type_support.c\n'}
[0.828537] (iris_interfaces) StdoutLine: {'line': b'-- Up-to-date: /home/maddy/iris_test_tool/install/iris_interfaces/include/iris_interfaces/iris_interfaces/action\n'}
[0.828704] (iris_interfaces) StdoutLine: {'line': b'-- Up-to-date: /home/maddy/iris_test_tool/install/iris_interfaces/include/iris_interfaces/iris_interfaces/action/detail\n'}
[0.829305] (iris_interfaces) StdoutLine: {'line': b'-- Up-to-date: /home/maddy/iris_test_tool/install/iris_interfaces/include/iris_interfaces/iris_interfaces/action/detail/navigate_path_coverage__rosidl_typesupport_introspection_c.h\n'}
[0.829632] (iris_interfaces) StdoutLine: {'line': b'-- Up-to-date: /home/maddy/iris_test_tool/install/iris_interfaces/include/iris_interfaces/iris_interfaces/action/detail/navigate_path_coverage__type_support.c\n'}
[0.830025] (iris_interfaces) StdoutLine: {'line': b'-- Up-to-date: /home/maddy/iris_test_tool/install/iris_interfaces/include/iris_interfaces/iris_interfaces/action/detail/compute_path_coverage__rosidl_typesupport_introspection_c.h\n'}
[0.830476] (iris_interfaces) StdoutLine: {'line': b'-- Up-to-date: /home/maddy/iris_test_tool/install/iris_interfaces/include/iris_interfaces/iris_interfaces/action/detail/compute_path_coverage__type_support.c\n'}
[0.831216] (iris_interfaces) StdoutLine: {'line': b'-- Up-to-date: /home/maddy/iris_test_tool/install/iris_interfaces/include/iris_interfaces/iris_interfaces/action/detail/path_coverage_controller__type_support.c\n'}
[0.831927] (iris_interfaces) StdoutLine: {'line': b'-- Up-to-date: /home/maddy/iris_test_tool/install/iris_interfaces/include/iris_interfaces/iris_interfaces/action/detail/path_coverage_controller__rosidl_typesupport_introspection_c.h\n'}
[0.832127] (iris_interfaces) StdoutLine: {'line': b'-- Up-to-date: /home/maddy/iris_test_tool/install/iris_interfaces/include/iris_interfaces/iris_interfaces/msg\n'}
[0.832657] (iris_interfaces) StdoutLine: {'line': b'-- Up-to-date: /home/maddy/iris_test_tool/install/iris_interfaces/include/iris_interfaces/iris_interfaces/msg/detail\n'}
[0.832890] (iris_interfaces) StdoutLine: {'line': b'-- Up-to-date: /home/maddy/iris_test_tool/install/iris_interfaces/include/iris_interfaces/iris_interfaces/msg/detail/navigation_mode__type_support.c\n'}
[0.833147] (iris_interfaces) StdoutLine: {'line': b'-- Up-to-date: /home/maddy/iris_test_tool/install/iris_interfaces/include/iris_interfaces/iris_interfaces/msg/detail/a2_fault_status__rosidl_typesupport_introspection_c.h\n'}
[0.833373] (iris_interfaces) StdoutLine: {'line': b'-- Up-to-date: /home/maddy/iris_test_tool/install/iris_interfaces/include/iris_interfaces/iris_interfaces/msg/detail/vacuum_faults__rosidl_typesupport_introspection_c.h\n'}
[0.833597] (iris_interfaces) StdoutLine: {'line': b'-- Up-to-date: /home/maddy/iris_test_tool/install/iris_interfaces/include/iris_interfaces/iris_interfaces/msg/detail/follow_path_result__type_support.c\n'}
[0.833803] (iris_interfaces) StdoutLine: {'line': b'-- Up-to-date: /home/maddy/iris_test_tool/install/iris_interfaces/include/iris_interfaces/iris_interfaces/msg/detail/vacuum_status__type_support.c\n'}
[0.834094] (iris_interfaces) StdoutLine: {'line': b'-- Up-to-date: /home/maddy/iris_test_tool/install/iris_interfaces/include/iris_interfaces/iris_interfaces/msg/detail/ota_status__type_support.c\n'}
[0.834305] (iris_interfaces) StdoutLine: {'line': b'-- Up-to-date: /home/maddy/iris_test_tool/install/iris_interfaces/include/iris_interfaces/iris_interfaces/msg/detail/brush_status__rosidl_typesupport_introspection_c.h\n'}
[0.834485] (iris_interfaces) StdoutLine: {'line': b'-- Up-to-date: /home/maddy/iris_test_tool/install/iris_interfaces/include/iris_interfaces/iris_interfaces/msg/detail/sensor_status__type_support.c\n'}
[0.834765] (iris_interfaces) StdoutLine: {'line': b'-- Up-to-date: /home/maddy/iris_test_tool/install/iris_interfaces/include/iris_interfaces/iris_interfaces/msg/detail/water_tank_levels__rosidl_typesupport_introspection_c.h\n'}
[0.834959] (iris_interfaces) StdoutLine: {'line': b'-- Up-to-date: /home/maddy/iris_test_tool/install/iris_interfaces/include/iris_interfaces/iris_interfaces/msg/detail/brush_status__type_support.c\n'}
[0.835142] (iris_interfaces) StdoutLine: {'line': b'-- Up-to-date: /home/maddy/iris_test_tool/install/iris_interfaces/include/iris_interfaces/iris_interfaces/msg/detail/system_software_status__type_support.c\n'}
[0.835342] (iris_interfaces) StdoutLine: {'line': b'-- Up-to-date: /home/maddy/iris_test_tool/install/iris_interfaces/include/iris_interfaces/iris_interfaces/msg/detail/vacuum_status__rosidl_typesupport_introspection_c.h\n'}
[0.835517] (iris_interfaces) StdoutLine: {'line': b'-- Up-to-date: /home/maddy/iris_test_tool/install/iris_interfaces/include/iris_interfaces/iris_interfaces/msg/detail/actuator_status__rosidl_typesupport_introspection_c.h\n'}
[0.835693] (iris_interfaces) StdoutLine: {'line': b'-- Up-to-date: /home/maddy/iris_test_tool/install/iris_interfaces/include/iris_interfaces/iris_interfaces/msg/detail/a5_status__type_support.c\n'}
[0.835877] (iris_interfaces) StdoutLine: {'line': b'-- Up-to-date: /home/maddy/iris_test_tool/install/iris_interfaces/include/iris_interfaces/iris_interfaces/msg/detail/wheel_command_speed__rosidl_typesupport_introspection_c.h\n'}
[0.836136] (iris_interfaces) StdoutLine: {'line': b'-- Up-to-date: /home/maddy/iris_test_tool/install/iris_interfaces/include/iris_interfaces/iris_interfaces/msg/detail/actuator_status__type_support.c\n'}
[0.836307] (iris_interfaces) StdoutLine: {'line': b'-- Up-to-date: /home/maddy/iris_test_tool/install/iris_interfaces/include/iris_interfaces/iris_interfaces/msg/detail/wheel_encoders__type_support.c\n'}
[0.836484] (iris_interfaces) StdoutLine: {'line': b'-- Up-to-date: /home/maddy/iris_test_tool/install/iris_interfaces/include/iris_interfaces/iris_interfaces/msg/detail/mender_client_status__rosidl_typesupport_introspection_c.h\n'}
[0.836665] (iris_interfaces) StdoutLine: {'line': b'-- Up-to-date: /home/maddy/iris_test_tool/install/iris_interfaces/include/iris_interfaces/iris_interfaces/msg/detail/follow_path_result__rosidl_typesupport_introspection_c.h\n'}
[0.836846] (iris_interfaces) StdoutLine: {'line': b'-- Up-to-date: /home/maddy/iris_test_tool/install/iris_interfaces/include/iris_interfaces/iris_interfaces/msg/detail/headband_mode__rosidl_typesupport_introspection_c.h\n'}
[0.837068] (iris_interfaces) StdoutLine: {'line': b'-- Up-to-date: /home/maddy/iris_test_tool/install/iris_interfaces/include/iris_interfaces/iris_interfaces/msg/detail/wheel_encoders__rosidl_typesupport_introspection_c.h\n'}
[0.837247] (iris_interfaces) StdoutLine: {'line': b'-- Up-to-date: /home/maddy/iris_test_tool/install/iris_interfaces/include/iris_interfaces/iris_interfaces/msg/detail/vacuum_faults__type_support.c\n'}
[0.837425] (iris_interfaces) StdoutLine: {'line': b'-- Up-to-date: /home/maddy/iris_test_tool/install/iris_interfaces/include/iris_interfaces/iris_interfaces/msg/detail/motor_controller_status__type_support.c\n'}
[0.837603] (iris_interfaces) StdoutLine: {'line': b'-- Up-to-date: /home/maddy/iris_test_tool/install/iris_interfaces/include/iris_interfaces/iris_interfaces/msg/detail/wheel_command_speed__type_support.c\n'}
[0.837779] (iris_interfaces) StdoutLine: {'line': b'-- Up-to-date: /home/maddy/iris_test_tool/install/iris_interfaces/include/iris_interfaces/iris_interfaces/msg/detail/motor_status__rosidl_typesupport_introspection_c.h\n'}
[0.838040] (iris_interfaces) StdoutLine: {'line': b'-- Up-to-date: /home/maddy/iris_test_tool/install/iris_interfaces/include/iris_interfaces/iris_interfaces/msg/detail/brush_faults__rosidl_typesupport_introspection_c.h\n'}
[0.838227] (iris_interfaces) StdoutLine: {'line': b'-- Up-to-date: /home/maddy/iris_test_tool/install/iris_interfaces/include/iris_interfaces/iris_interfaces/msg/detail/motor_status__type_support.c\n'}
[0.838424] (iris_interfaces) StdoutLine: {'line': b'-- Up-to-date: /home/maddy/iris_test_tool/install/iris_interfaces/include/iris_interfaces/iris_interfaces/msg/detail/sensor_status__rosidl_typesupport_introspection_c.h\n'}
[0.838604] (iris_interfaces) StdoutLine: {'line': b'-- Up-to-date: /home/maddy/iris_test_tool/install/iris_interfaces/include/iris_interfaces/iris_interfaces/msg/detail/led_control__rosidl_typesupport_introspection_c.h\n'}
[0.838783] (iris_interfaces) StdoutLine: {'line': b'-- Up-to-date: /home/maddy/iris_test_tool/install/iris_interfaces/include/iris_interfaces/iris_interfaces/msg/detail/a2_fault_status__type_support.c\n'}
[0.838963] (iris_interfaces) StdoutLine: {'line': b'-- Up-to-date: /home/maddy/iris_test_tool/install/iris_interfaces/include/iris_interfaces/iris_interfaces/msg/detail/led_control__type_support.c\n'}
[0.839143] (iris_interfaces) StdoutLine: {'line': b'-- Up-to-date: /home/maddy/iris_test_tool/install/iris_interfaces/include/iris_interfaces/iris_interfaces/msg/detail/mender_client_status__type_support.c\n'}
[0.839320] (iris_interfaces) StdoutLine: {'line': b'-- Up-to-date: /home/maddy/iris_test_tool/install/iris_interfaces/include/iris_interfaces/iris_interfaces/msg/detail/water_tank_levels__type_support.c\n'}
[0.839499] (iris_interfaces) StdoutLine: {'line': b'-- Up-to-date: /home/maddy/iris_test_tool/install/iris_interfaces/include/iris_interfaces/iris_interfaces/msg/detail/brush_faults__type_support.c\n'}
[0.839688] (iris_interfaces) StdoutLine: {'line': b'-- Up-to-date: /home/maddy/iris_test_tool/install/iris_interfaces/include/iris_interfaces/iris_interfaces/msg/detail/ultrasonic_ranges__rosidl_typesupport_introspection_c.h\n'}
[0.839871] (iris_interfaces) StdoutLine: {'line': b'-- Up-to-date: /home/maddy/iris_test_tool/install/iris_interfaces/include/iris_interfaces/iris_interfaces/msg/detail/headband_mode__type_support.c\n'}
[0.840054] (iris_interfaces) StdoutLine: {'line': b'-- Up-to-date: /home/maddy/iris_test_tool/install/iris_interfaces/include/iris_interfaces/iris_interfaces/msg/detail/a2_command__type_support.c\n'}
[0.840258] (iris_interfaces) StdoutLine: {'line': b'-- Up-to-date: /home/maddy/iris_test_tool/install/iris_interfaces/include/iris_interfaces/iris_interfaces/msg/detail/navigation_mode__rosidl_typesupport_introspection_c.h\n'}
[0.840440] (iris_interfaces) StdoutLine: {'line': b'-- Up-to-date: /home/maddy/iris_test_tool/install/iris_interfaces/include/iris_interfaces/iris_interfaces/msg/detail/a2_functional_status__type_support.c\n'}
[0.840628] (iris_interfaces) StdoutLine: {'line': b'-- Up-to-date: /home/maddy/iris_test_tool/install/iris_interfaces/include/iris_interfaces/iris_interfaces/msg/detail/system_software_status__rosidl_typesupport_introspection_c.h\n'}
[0.840811] (iris_interfaces) StdoutLine: {'line': b'-- Up-to-date: /home/maddy/iris_test_tool/install/iris_interfaces/include/iris_interfaces/iris_interfaces/msg/detail/a2_functional_status__rosidl_typesupport_introspection_c.h\n'}
[0.840994] (iris_interfaces) StdoutLine: {'line': b'-- Up-to-date: /home/maddy/iris_test_tool/install/iris_interfaces/include/iris_interfaces/iris_interfaces/msg/detail/a2_command__rosidl_typesupport_introspection_c.h\n'}
[0.841181] (iris_interfaces) StdoutLine: {'line': b'-- Up-to-date: /home/maddy/iris_test_tool/install/iris_interfaces/include/iris_interfaces/iris_interfaces/msg/detail/ota_status__rosidl_typesupport_introspection_c.h\n'}
[0.841365] (iris_interfaces) StdoutLine: {'line': b'-- Up-to-date: /home/maddy/iris_test_tool/install/iris_interfaces/include/iris_interfaces/iris_interfaces/msg/detail/motor_controller_status__rosidl_typesupport_introspection_c.h\n'}
[0.841761] (iris_interfaces) StdoutLine: {'line': b'-- Up-to-date: /home/maddy/iris_test_tool/install/iris_interfaces/include/iris_interfaces/iris_interfaces/msg/detail/ultrasonic_ranges__type_support.c\n'}
[0.841998] (iris_interfaces) StdoutLine: {'line': b'-- Up-to-date: /home/maddy/iris_test_tool/install/iris_interfaces/include/iris_interfaces/iris_interfaces/msg/detail/a5_status__rosidl_typesupport_introspection_c.h\n'}
[0.842205] (iris_interfaces) StdoutLine: {'line': b'-- Up-to-date: /home/maddy/iris_test_tool/install/iris_interfaces/include/iris_interfaces/iris_interfaces/msg/rosidl_typesupport_introspection_c__visibility_control.h\n'}
[0.842392] (iris_interfaces) StdoutLine: {'line': b'-- Up-to-date: /home/maddy/iris_test_tool/install/iris_interfaces/lib/libiris_interfaces__rosidl_typesupport_introspection_c.so\n'}
[0.842578] (iris_interfaces) StdoutLine: {'line': b'-- Up-to-date: /home/maddy/iris_test_tool/install/iris_interfaces/lib/libiris_interfaces__rosidl_typesupport_c.so\n'}
[0.842761] (iris_interfaces) StdoutLine: {'line': b'-- Up-to-date: /home/maddy/iris_test_tool/install/iris_interfaces/include/iris_interfaces/iris_interfaces\n'}
[0.842948] (iris_interfaces) StdoutLine: {'line': b'-- Up-to-date: /home/maddy/iris_test_tool/install/iris_interfaces/include/iris_interfaces/iris_interfaces/srv\n'}
[0.843239] (iris_interfaces) StdoutLine: {'line': b'-- Up-to-date: /home/maddy/iris_test_tool/install/iris_interfaces/include/iris_interfaces/iris_interfaces/srv/reset_wheel_encoders.hpp\n'}
[0.843436] (iris_interfaces) StdoutLine: {'line': b'-- Up-to-date: /home/maddy/iris_test_tool/install/iris_interfaces/include/iris_interfaces/iris_interfaces/srv/update_motor_controller_parameters.hpp\n'}
[0.843612] (iris_interfaces) StdoutLine: {'line': b'-- Up-to-date: /home/maddy/iris_test_tool/install/iris_interfaces/include/iris_interfaces/iris_interfaces/srv/disconnect_wifi.hpp\n'}
[0.843782] (iris_interfaces) StdoutLine: {'line': b'-- Up-to-date: /home/maddy/iris_test_tool/install/iris_interfaces/include/iris_interfaces/iris_interfaces/srv/restart_motor_controller.hpp\n'}
[0.843950] (iris_interfaces) StdoutLine: {'line': b'-- Up-to-date: /home/maddy/iris_test_tool/install/iris_interfaces/include/iris_interfaces/iris_interfaces/srv/reset_a2_faults.hpp\n'}
[0.844136] (iris_interfaces) StdoutLine: {'line': b'-- Up-to-date: /home/maddy/iris_test_tool/install/iris_interfaces/include/iris_interfaces/iris_interfaces/srv/wifi_discovery.hpp\n'}
[0.844445] (iris_interfaces) StdoutLine: {'line': b'-- Up-to-date: /home/maddy/iris_test_tool/install/iris_interfaces/include/iris_interfaces/iris_interfaces/srv/get_wifi_status.hpp\n'}
[0.844632] (iris_interfaces) StdoutLine: {'line': b'-- Up-to-date: /home/maddy/iris_test_tool/install/iris_interfaces/include/iris_interfaces/iris_interfaces/srv/detail\n'}
[0.844816] (iris_interfaces) StdoutLine: {'line': b'-- Up-to-date: /home/maddy/iris_test_tool/install/iris_interfaces/include/iris_interfaces/iris_interfaces/srv/detail/disconnect_wifi__type_support.hpp\n'}
[0.845001] (iris_interfaces) StdoutLine: {'line': b'-- Up-to-date: /home/maddy/iris_test_tool/install/iris_interfaces/include/iris_interfaces/iris_interfaces/srv/detail/process_manager__struct.hpp\n'}
[0.845187] (iris_interfaces) StdoutLine: {'line': b'-- Up-to-date: /home/maddy/iris_test_tool/install/iris_interfaces/include/iris_interfaces/iris_interfaces/srv/detail/restart_motor_controller__struct.hpp\n'}
[0.845378] (iris_interfaces) StdoutLine: {'line': b'-- Up-to-date: /home/maddy/iris_test_tool/install/iris_interfaces/include/iris_interfaces/iris_interfaces/srv/detail/update_motor_controller_parameters__type_support.hpp\n'}
[0.845551] (iris_interfaces) StdoutLine: {'line': b'-- Up-to-date: /home/maddy/iris_test_tool/install/iris_interfaces/include/iris_interfaces/iris_interfaces/srv/detail/reset_wheel_encoders__builder.hpp\n'}
[0.845734] (iris_interfaces) StdoutLine: {'line': b'-- Up-to-date: /home/maddy/iris_test_tool/install/iris_interfaces/include/iris_interfaces/iris_interfaces/srv/detail/connect_wifi__builder.hpp\n'}
[0.845971] (iris_interfaces) StdoutLine: {'line': b'-- Up-to-date: /home/maddy/iris_test_tool/install/iris_interfaces/include/iris_interfaces/iris_interfaces/srv/detail/update_motor_controller_parameters__struct.hpp\n'}
[0.846189] (iris_interfaces) StdoutLine: {'line': b'-- Up-to-date: /home/maddy/iris_test_tool/install/iris_interfaces/include/iris_interfaces/iris_interfaces/srv/detail/process_manager__traits.hpp\n'}
[0.846372] (iris_interfaces) StdoutLine: {'line': b'-- Up-to-date: /home/maddy/iris_test_tool/install/iris_interfaces/include/iris_interfaces/iris_interfaces/srv/detail/restart_motor_controller__traits.hpp\n'}
[0.846552] (iris_interfaces) StdoutLine: {'line': b'-- Up-to-date: /home/maddy/iris_test_tool/install/iris_interfaces/include/iris_interfaces/iris_interfaces/srv/detail/update_motor_controller_parameters__traits.hpp\n'}
[0.846736] (iris_interfaces) StdoutLine: {'line': b'-- Up-to-date: /home/maddy/iris_test_tool/install/iris_interfaces/include/iris_interfaces/iris_interfaces/srv/detail/update_motor_controller_parameters__builder.hpp\n'}
[0.846907] (iris_interfaces) StdoutLine: {'line': b'-- Up-to-date: /home/maddy/iris_test_tool/install/iris_interfaces/include/iris_interfaces/iris_interfaces/srv/detail/reset_a2_faults__type_support.hpp\n'}
[0.847089] (iris_interfaces) StdoutLine: {'line': b'-- Up-to-date: /home/maddy/iris_test_tool/install/iris_interfaces/include/iris_interfaces/iris_interfaces/srv/detail/update_motor_controller_reference_source__builder.hpp\n'}
[0.847273] (iris_interfaces) StdoutLine: {'line': b'-- Up-to-date: /home/maddy/iris_test_tool/install/iris_interfaces/include/iris_interfaces/iris_interfaces/srv/detail/state_manager__struct.hpp\n'}
[0.847451] (iris_interfaces) StdoutLine: {'line': b'-- Up-to-date: /home/maddy/iris_test_tool/install/iris_interfaces/include/iris_interfaces/iris_interfaces/srv/detail/restart_motor_controller__builder.hpp\n'}
[0.847766] (iris_interfaces) StdoutLine: {'line': b'-- Up-to-date: /home/maddy/iris_test_tool/install/iris_interfaces/include/iris_interfaces/iris_interfaces/srv/detail/disconnect_wifi__struct.hpp\n'}
[0.847954] (iris_interfaces) StdoutLine: {'line': b'-- Up-to-date: /home/maddy/iris_test_tool/install/iris_interfaces/include/iris_interfaces/iris_interfaces/srv/detail/connect_wifi__type_support.hpp\n'}
[0.848141] (iris_interfaces) StdoutLine: {'line': b'-- Up-to-date: /home/maddy/iris_test_tool/install/iris_interfaces/include/iris_interfaces/iris_interfaces/srv/detail/update_motor_controller_reference_source__type_support.hpp\n'}
[0.848327] (iris_interfaces) StdoutLine: {'line': b'-- Up-to-date: /home/maddy/iris_test_tool/install/iris_interfaces/include/iris_interfaces/iris_interfaces/srv/detail/get_wifi_status__builder.hpp\n'}
[0.848506] (iris_interfaces) StdoutLine: {'line': b'-- Up-to-date: /home/maddy/iris_test_tool/install/iris_interfaces/include/iris_interfaces/iris_interfaces/srv/detail/state_manager__type_support.hpp\n'}
[0.848687] (iris_interfaces) StdoutLine: {'line': b'-- Up-to-date: /home/maddy/iris_test_tool/install/iris_interfaces/include/iris_interfaces/iris_interfaces/srv/detail/wifi_discovery__traits.hpp\n'}
[0.848864] (iris_interfaces) StdoutLine: {'line': b'-- Up-to-date: /home/maddy/iris_test_tool/install/iris_interfaces/include/iris_interfaces/iris_interfaces/srv/detail/reset_wheel_encoders__struct.hpp\n'}
[0.849094] (iris_interfaces) StdoutLine: {'line': b'-- Up-to-date: /home/maddy/iris_test_tool/install/iris_interfaces/include/iris_interfaces/iris_interfaces/srv/detail/get_wifi_status__struct.hpp\n'}
[0.849288] (iris_interfaces) StdoutLine: {'line': b'-- Up-to-date: /home/maddy/iris_test_tool/install/iris_interfaces/include/iris_interfaces/iris_interfaces/srv/detail/process_manager__type_support.hpp\n'}
[0.849505] (iris_interfaces) StdoutLine: {'line': b'-- Up-to-date: /home/maddy/iris_test_tool/install/iris_interfaces/include/iris_interfaces/iris_interfaces/srv/detail/a2_command__builder.hpp\n'}
[0.849691] (iris_interfaces) StdoutLine: {'line': b'-- Up-to-date: /home/maddy/iris_test_tool/install/iris_interfaces/include/iris_interfaces/iris_interfaces/srv/detail/wifi_discovery__builder.hpp\n'}
[0.849908] (iris_interfaces) StdoutLine: {'line': b'-- Up-to-date: /home/maddy/iris_test_tool/install/iris_interfaces/include/iris_interfaces/iris_interfaces/srv/detail/restart_motor_controller__type_support.hpp\n'}
[0.850322] (iris_interfaces) StdoutLine: {'line': b'-- Up-to-date: /home/maddy/iris_test_tool/install/iris_interfaces/include/iris_interfaces/iris_interfaces/srv/detail/disconnect_wifi__traits.hpp\n'}
[0.850513] (iris_interfaces) StdoutLine: {'line': b'-- Up-to-date: /home/maddy/iris_test_tool/install/iris_interfaces/include/iris_interfaces/iris_interfaces/srv/detail/disconnect_wifi__builder.hpp\n'}
[0.850687] (iris_interfaces) StdoutLine: {'line': b'-- Up-to-date: /home/maddy/iris_test_tool/install/iris_interfaces/include/iris_interfaces/iris_interfaces/srv/detail/connect_wifi__struct.hpp\n'}
[0.850881] (iris_interfaces) StdoutLine: {'line': b'-- Up-to-date: /home/maddy/iris_test_tool/install/iris_interfaces/include/iris_interfaces/iris_interfaces/srv/detail/get_wifi_status__traits.hpp\n'}
[0.851059] (iris_interfaces) StdoutLine: {'line': b'-- Up-to-date: /home/maddy/iris_test_tool/install/iris_interfaces/include/iris_interfaces/iris_interfaces/srv/detail/process_manager__builder.hpp\n'}
[0.851253] (iris_interfaces) StdoutLine: {'line': b'-- Up-to-date: /home/maddy/iris_test_tool/install/iris_interfaces/include/iris_interfaces/iris_interfaces/srv/detail/reset_a2_faults__struct.hpp\n'}
[0.851458] (iris_interfaces) StdoutLine: {'line': b'-- Up-to-date: /home/maddy/iris_test_tool/install/iris_interfaces/include/iris_interfaces/iris_interfaces/srv/detail/reset_wheel_encoders__traits.hpp\n'}
[0.851637] (iris_interfaces) StdoutLine: {'line': b'-- Up-to-date: /home/maddy/iris_test_tool/install/iris_interfaces/include/iris_interfaces/iris_interfaces/srv/detail/update_motor_controller_reference_source__traits.hpp\n'}
[0.851823] (iris_interfaces) StdoutLine: {'line': b'-- Up-to-date: /home/maddy/iris_test_tool/install/iris_interfaces/include/iris_interfaces/iris_interfaces/srv/detail/get_wifi_status__type_support.hpp\n'}
[0.852008] (iris_interfaces) StdoutLine: {'line': b'-- Up-to-date: /home/maddy/iris_test_tool/install/iris_interfaces/include/iris_interfaces/iris_interfaces/srv/detail/reset_wheel_encoders__type_support.hpp\n'}
[0.852190] (iris_interfaces) StdoutLine: {'line': b'-- Up-to-date: /home/maddy/iris_test_tool/install/iris_interfaces/include/iris_interfaces/iris_interfaces/srv/detail/a2_command__type_support.hpp\n'}
[0.852370] (iris_interfaces) StdoutLine: {'line': b'-- Up-to-date: /home/maddy/iris_test_tool/install/iris_interfaces/include/iris_interfaces/iris_interfaces/srv/detail/connect_wifi__traits.hpp\n'}
[0.852646] (iris_interfaces) StdoutLine: {'line': b'-- Up-to-date: /home/maddy/iris_test_tool/install/iris_interfaces/include/iris_interfaces/iris_interfaces/srv/detail/state_manager__traits.hpp\n'}
[0.852829] (iris_interfaces) StdoutLine: {'line': b'-- Up-to-date: /home/maddy/iris_test_tool/install/iris_interfaces/include/iris_interfaces/iris_interfaces/srv/detail/state_manager__builder.hpp\n'}
[0.853008] (iris_interfaces) StdoutLine: {'line': b'-- Up-to-date: /home/maddy/iris_test_tool/install/iris_interfaces/include/iris_interfaces/iris_interfaces/srv/detail/reset_a2_faults__builder.hpp\n'}
[0.853188] (iris_interfaces) StdoutLine: {'line': b'-- Up-to-date: /home/maddy/iris_test_tool/install/iris_interfaces/include/iris_interfaces/iris_interfaces/srv/detail/a2_command__traits.hpp\n'}
[0.853368] (iris_interfaces) StdoutLine: {'line': b'-- Up-to-date: /home/maddy/iris_test_tool/install/iris_interfaces/include/iris_interfaces/iris_interfaces/srv/detail/a2_command__struct.hpp\n'}
[0.853548] (iris_interfaces) StdoutLine: {'line': b'-- Up-to-date: /home/maddy/iris_test_tool/install/iris_interfaces/include/iris_interfaces/iris_interfaces/srv/detail/reset_a2_faults__traits.hpp\n'}
[0.853728] (iris_interfaces) StdoutLine: {'line': b'-- Up-to-date: /home/maddy/iris_test_tool/install/iris_interfaces/include/iris_interfaces/iris_interfaces/srv/detail/wifi_discovery__type_support.hpp\n'}
[0.853934] (iris_interfaces) StdoutLine: {'line': b'-- Up-to-date: /home/maddy/iris_test_tool/install/iris_interfaces/include/iris_interfaces/iris_interfaces/srv/detail/update_motor_controller_reference_source__struct.hpp\n'}
[0.854150] (iris_interfaces) StdoutLine: {'line': b'-- Up-to-date: /home/maddy/iris_test_tool/install/iris_interfaces/include/iris_interfaces/iris_interfaces/srv/detail/wifi_discovery__struct.hpp\n'}
[0.854347] (iris_interfaces) StdoutLine: {'line': b'-- Up-to-date: /home/maddy/iris_test_tool/install/iris_interfaces/include/iris_interfaces/iris_interfaces/srv/process_manager.hpp\n'}
[0.854642] (iris_interfaces) StdoutLine: {'line': b'-- Up-to-date: /home/maddy/iris_test_tool/install/iris_interfaces/include/iris_interfaces/iris_interfaces/srv/state_manager.hpp\n'}
[0.854857] (iris_interfaces) StdoutLine: {'line': b'-- Up-to-date: /home/maddy/iris_test_tool/install/iris_interfaces/include/iris_interfaces/iris_interfaces/srv/connect_wifi.hpp\n'}
[0.855026] (iris_interfaces) StdoutLine: {'line': b'-- Up-to-date: /home/maddy/iris_test_tool/install/iris_interfaces/include/iris_interfaces/iris_interfaces/srv/a2_command.hpp\n'}
[0.855206] (iris_interfaces) StdoutLine: {'line': b'-- Up-to-date: /home/maddy/iris_test_tool/install/iris_interfaces/include/iris_interfaces/iris_interfaces/srv/update_motor_controller_reference_source.hpp\n'}
[0.855395] (iris_interfaces) StdoutLine: {'line': b'-- Up-to-date: /home/maddy/iris_test_tool/install/iris_interfaces/include/iris_interfaces/iris_interfaces/action\n'}
[0.855583] (iris_interfaces) StdoutLine: {'line': b'-- Up-to-date: /home/maddy/iris_test_tool/install/iris_interfaces/include/iris_interfaces/iris_interfaces/action/path_coverage_controller.hpp\n'}
[0.855765] (iris_interfaces) StdoutLine: {'line': b'-- Up-to-date: /home/maddy/iris_test_tool/install/iris_interfaces/include/iris_interfaces/iris_interfaces/action/compute_path_coverage.hpp\n'}
[0.855951] (iris_interfaces) StdoutLine: {'line': b'-- Up-to-date: /home/maddy/iris_test_tool/install/iris_interfaces/include/iris_interfaces/iris_interfaces/action/navigate_path_coverage.hpp\n'}
[0.856130] (iris_interfaces) StdoutLine: {'line': b'-- Up-to-date: /home/maddy/iris_test_tool/install/iris_interfaces/include/iris_interfaces/iris_interfaces/action/detail\n'}
[0.856295] (iris_interfaces) StdoutLine: {'line': b'-- Up-to-date: /home/maddy/iris_test_tool/install/iris_interfaces/include/iris_interfaces/iris_interfaces/action/detail/path_coverage_controller__struct.hpp\n'}
[0.856477] (iris_interfaces) StdoutLine: {'line': b'-- Up-to-date: /home/maddy/iris_test_tool/install/iris_interfaces/include/iris_interfaces/iris_interfaces/action/detail/compute_path_coverage__type_support.hpp\n'}
[0.856653] (iris_interfaces) StdoutLine: {'line': b'-- Up-to-date: /home/maddy/iris_test_tool/install/iris_interfaces/include/iris_interfaces/iris_interfaces/action/detail/navigate_path_coverage__builder.hpp\n'}
[0.856857] (iris_interfaces) StdoutLine: {'line': b'-- Up-to-date: /home/maddy/iris_test_tool/install/iris_interfaces/include/iris_interfaces/iris_interfaces/action/detail/compute_path_coverage__traits.hpp\n'}
[0.857043] (iris_interfaces) StdoutLine: {'line': b'-- Up-to-date: /home/maddy/iris_test_tool/install/iris_interfaces/include/iris_interfaces/iris_interfaces/action/detail/path_coverage_controller__traits.hpp\n'}
[0.857226] (iris_interfaces) StdoutLine: {'line': b'-- Up-to-date: /home/maddy/iris_test_tool/install/iris_interfaces/include/iris_interfaces/iris_interfaces/action/detail/navigate_path_coverage__struct.hpp\n'}
[0.857411] (iris_interfaces) StdoutLine: {'line': b'-- Up-to-date: /home/maddy/iris_test_tool/install/iris_interfaces/include/iris_interfaces/iris_interfaces/action/detail/path_coverage_controller__type_support.hpp\n'}
[0.857597] (iris_interfaces) StdoutLine: {'line': b'-- Up-to-date: /home/maddy/iris_test_tool/install/iris_interfaces/include/iris_interfaces/iris_interfaces/action/detail/navigate_path_coverage__type_support.hpp\n'}
[0.857770] (iris_interfaces) StdoutLine: {'line': b'-- Up-to-date: /home/maddy/iris_test_tool/install/iris_interfaces/include/iris_interfaces/iris_interfaces/action/detail/navigate_path_coverage__traits.hpp\n'}
[0.858175] (iris_interfaces) StdoutLine: {'line': b'-- Up-to-date: /home/maddy/iris_test_tool/install/iris_interfaces/include/iris_interfaces/iris_interfaces/action/detail/compute_path_coverage__builder.hpp\n'}
[0.858393] (iris_interfaces) StdoutLine: {'line': b'-- Up-to-date: /home/maddy/iris_test_tool/install/iris_interfaces/include/iris_interfaces/iris_interfaces/action/detail/path_coverage_controller__builder.hpp\n'}
[0.858576] (iris_interfaces) StdoutLine: {'line': b'-- Up-to-date: /home/maddy/iris_test_tool/install/iris_interfaces/include/iris_interfaces/iris_interfaces/action/detail/compute_path_coverage__struct.hpp\n'}
[0.858762] (iris_interfaces) StdoutLine: {'line': b'-- Up-to-date: /home/maddy/iris_test_tool/install/iris_interfaces/include/iris_interfaces/iris_interfaces/msg\n'}
[0.858947] (iris_interfaces) StdoutLine: {'line': b'-- Up-to-date: /home/maddy/iris_test_tool/install/iris_interfaces/include/iris_interfaces/iris_interfaces/msg/motor_controller_status.hpp\n'}
[0.859126] (iris_interfaces) StdoutLine: {'line': b'-- Up-to-date: /home/maddy/iris_test_tool/install/iris_interfaces/include/iris_interfaces/iris_interfaces/msg/wheel_command_speed.hpp\n'}
[0.859313] (iris_interfaces) StdoutLine: {'line': b'-- Up-to-date: /home/maddy/iris_test_tool/install/iris_interfaces/include/iris_interfaces/iris_interfaces/msg/follow_path_result.hpp\n'}
[0.859498] (iris_interfaces) StdoutLine: {'line': b'-- Up-to-date: /home/maddy/iris_test_tool/install/iris_interfaces/include/iris_interfaces/iris_interfaces/msg/vacuum_status.hpp\n'}
[0.859684] (iris_interfaces) StdoutLine: {'line': b'-- Up-to-date: /home/maddy/iris_test_tool/install/iris_interfaces/include/iris_interfaces/iris_interfaces/msg/actuator_status.hpp\n'}
[0.859869] (iris_interfaces) StdoutLine: {'line': b'-- Up-to-date: /home/maddy/iris_test_tool/install/iris_interfaces/include/iris_interfaces/iris_interfaces/msg/ota_status.hpp\n'}
[0.860052] (iris_interfaces) StdoutLine: {'line': b'-- Up-to-date: /home/maddy/iris_test_tool/install/iris_interfaces/include/iris_interfaces/iris_interfaces/msg/brush_status.hpp\n'}
[0.860239] (iris_interfaces) StdoutLine: {'line': b'-- Up-to-date: /home/maddy/iris_test_tool/install/iris_interfaces/include/iris_interfaces/iris_interfaces/msg/vacuum_faults.hpp\n'}
[0.860450] (iris_interfaces) StdoutLine: {'line': b'-- Up-to-date: /home/maddy/iris_test_tool/install/iris_interfaces/include/iris_interfaces/iris_interfaces/msg/ultrasonic_ranges.hpp\n'}
[0.860636] (iris_interfaces) StdoutLine: {'line': b'-- Up-to-date: /home/maddy/iris_test_tool/install/iris_interfaces/include/iris_interfaces/iris_interfaces/msg/detail\n'}
[0.860829] (iris_interfaces) StdoutLine: {'line': b'-- Up-to-date: /home/maddy/iris_test_tool/install/iris_interfaces/include/iris_interfaces/iris_interfaces/msg/detail/mender_client_status__type_support.hpp\n'}
[0.861017] (iris_interfaces) StdoutLine: {'line': b'-- Up-to-date: /home/maddy/iris_test_tool/install/iris_interfaces/include/iris_interfaces/iris_interfaces/msg/detail/sensor_status__builder.hpp\n'}
[0.861204] (iris_interfaces) StdoutLine: {'line': b'-- Up-to-date: /home/maddy/iris_test_tool/install/iris_interfaces/include/iris_interfaces/iris_interfaces/msg/detail/a2_fault_status__struct.hpp\n'}
[0.861435] (iris_interfaces) StdoutLine: {'line': b'-- Up-to-date: /home/maddy/iris_test_tool/install/iris_interfaces/include/iris_interfaces/iris_interfaces/msg/detail/a5_status__builder.hpp\n'}
[0.861627] (iris_interfaces) StdoutLine: {'line': b'-- Up-to-date: /home/maddy/iris_test_tool/install/iris_interfaces/include/iris_interfaces/iris_interfaces/msg/detail/brush_faults__struct.hpp\n'}
[0.861836] (iris_interfaces) StdoutLine: {'line': b'-- Up-to-date: /home/maddy/iris_test_tool/install/iris_interfaces/include/iris_interfaces/iris_interfaces/msg/detail/navigation_mode__builder.hpp\n'}
[0.862070] (iris_interfaces) StdoutLine: {'line': b'-- Up-to-date: /home/maddy/iris_test_tool/install/iris_interfaces/include/iris_interfaces/iris_interfaces/msg/detail/a2_functional_status__traits.hpp\n'}
[0.862272] (iris_interfaces) StdoutLine: {'line': b'-- Up-to-date: /home/maddy/iris_test_tool/install/iris_interfaces/include/iris_interfaces/iris_interfaces/msg/detail/vacuum_status__struct.hpp\n'}
[0.862474] (iris_interfaces) StdoutLine: {'line': b'-- Up-to-date: /home/maddy/iris_test_tool/install/iris_interfaces/include/iris_interfaces/iris_interfaces/msg/detail/ultrasonic_ranges__struct.hpp\n'}
[0.862691] (iris_interfaces) StdoutLine: {'line': b'-- Up-to-date: /home/maddy/iris_test_tool/install/iris_interfaces/include/iris_interfaces/iris_interfaces/msg/detail/follow_path_result__builder.hpp\n'}
[0.862878] (iris_interfaces) StdoutLine: {'line': b'-- Up-to-date: /home/maddy/iris_test_tool/install/iris_interfaces/include/iris_interfaces/iris_interfaces/msg/detail/vacuum_status__traits.hpp\n'}
[0.863068] (iris_interfaces) StdoutLine: {'line': b'-- Up-to-date: /home/maddy/iris_test_tool/install/iris_interfaces/include/iris_interfaces/iris_interfaces/msg/detail/a2_functional_status__type_support.hpp\n'}
[0.863249] (iris_interfaces) StdoutLine: {'line': b'-- Up-to-date: /home/maddy/iris_test_tool/install/iris_interfaces/include/iris_interfaces/iris_interfaces/msg/detail/navigation_mode__struct.hpp\n'}
[0.863429] (iris_interfaces) StdoutLine: {'line': b'-- Up-to-date: /home/maddy/iris_test_tool/install/iris_interfaces/include/iris_interfaces/iris_interfaces/msg/detail/motor_controller_status__struct.hpp\n'}
[0.863609] (iris_interfaces) StdoutLine: {'line': b'-- Up-to-date: /home/maddy/iris_test_tool/install/iris_interfaces/include/iris_interfaces/iris_interfaces/msg/detail/ota_status__type_support.hpp\n'}
[0.863784] (iris_interfaces) StdoutLine: {'line': b'-- Up-to-date: /home/maddy/iris_test_tool/install/iris_interfaces/include/iris_interfaces/iris_interfaces/msg/detail/system_software_status__traits.hpp\n'}
[0.863962] (iris_interfaces) StdoutLine: {'line': b'-- Up-to-date: /home/maddy/iris_test_tool/install/iris_interfaces/include/iris_interfaces/iris_interfaces/msg/detail/ota_status__struct.hpp\n'}
[0.864139] (iris_interfaces) StdoutLine: {'line': b'-- Up-to-date: /home/maddy/iris_test_tool/install/iris_interfaces/include/iris_interfaces/iris_interfaces/msg/detail/ultrasonic_ranges__builder.hpp\n'}
[0.864315] (iris_interfaces) StdoutLine: {'line': b'-- Up-to-date: /home/maddy/iris_test_tool/install/iris_interfaces/include/iris_interfaces/iris_interfaces/msg/detail/headband_mode__builder.hpp\n'}
[0.864490] (iris_interfaces) StdoutLine: {'line': b'-- Up-to-date: /home/maddy/iris_test_tool/install/iris_interfaces/include/iris_interfaces/iris_interfaces/msg/detail/brush_status__struct.hpp\n'}
[0.864667] (iris_interfaces) StdoutLine: {'line': b'-- Up-to-date: /home/maddy/iris_test_tool/install/iris_interfaces/include/iris_interfaces/iris_interfaces/msg/detail/ultrasonic_ranges__type_support.hpp\n'}
[0.864847] (iris_interfaces) StdoutLine: {'line': b'-- Up-to-date: /home/maddy/iris_test_tool/install/iris_interfaces/include/iris_interfaces/iris_interfaces/msg/detail/system_software_status__type_support.hpp\n'}
[0.865024] (iris_interfaces) StdoutLine: {'line': b'-- Up-to-date: /home/maddy/iris_test_tool/install/iris_interfaces/include/iris_interfaces/iris_interfaces/msg/detail/follow_path_result__struct.hpp\n'}
[0.865262] (iris_interfaces) StdoutLine: {'line': b'-- Up-to-date: /home/maddy/iris_test_tool/install/iris_interfaces/include/iris_interfaces/iris_interfaces/msg/detail/wheel_command_speed__type_support.hpp\n'}
[0.865439] (iris_interfaces) StdoutLine: {'line': b'-- Up-to-date: /home/maddy/iris_test_tool/install/iris_interfaces/include/iris_interfaces/iris_interfaces/msg/detail/wheel_command_speed__struct.hpp\n'}
[0.865616] (iris_interfaces) StdoutLine: {'line': b'-- Up-to-date: /home/maddy/iris_test_tool/install/iris_interfaces/include/iris_interfaces/iris_interfaces/msg/detail/navigation_mode__traits.hpp\n'}
[0.865795] (iris_interfaces) StdoutLine: {'line': b'-- Up-to-date: /home/maddy/iris_test_tool/install/iris_interfaces/include/iris_interfaces/iris_interfaces/msg/detail/mender_client_status__builder.hpp\n'}
[0.866016] (iris_interfaces) StdoutLine: {'line': b'-- Up-to-date: /home/maddy/iris_test_tool/install/iris_interfaces/include/iris_interfaces/iris_interfaces/msg/detail/water_tank_levels__traits.hpp\n'}
[0.866228] (iris_interfaces) StdoutLine: {'line': b'-- Up-to-date: /home/maddy/iris_test_tool/install/iris_interfaces/include/iris_interfaces/iris_interfaces/msg/detail/actuator_status__builder.hpp\n'}
[0.866408] (iris_interfaces) StdoutLine: {'line': b'-- Up-to-date: /home/maddy/iris_test_tool/install/iris_interfaces/include/iris_interfaces/iris_interfaces/msg/detail/system_software_status__struct.hpp\n'}
[0.866592] (iris_interfaces) StdoutLine: {'line': b'-- Up-to-date: /home/maddy/iris_test_tool/install/iris_interfaces/include/iris_interfaces/iris_interfaces/msg/detail/wheel_command_speed__builder.hpp\n'}
[0.866989] (iris_interfaces) StdoutLine: {'line': b'-- Up-to-date: /home/maddy/iris_test_tool/install/iris_interfaces/include/iris_interfaces/iris_interfaces/msg/detail/led_control__traits.hpp\n'}
[0.867192] (iris_interfaces) StdoutLine: {'line': b'-- Up-to-date: /home/maddy/iris_test_tool/install/iris_interfaces/include/iris_interfaces/iris_interfaces/msg/detail/wheel_encoders__builder.hpp\n'}
[0.867388] (iris_interfaces) StdoutLine: {'line': b'-- Up-to-date: /home/maddy/iris_test_tool/install/iris_interfaces/include/iris_interfaces/iris_interfaces/msg/detail/mender_client_status__struct.hpp\n'}
[0.867576] (iris_interfaces) StdoutLine: {'line': b'-- Up-to-date: /home/maddy/iris_test_tool/install/iris_interfaces/include/iris_interfaces/iris_interfaces/msg/detail/sensor_status__struct.hpp\n'}
[0.867751] (iris_interfaces) StdoutLine: {'line': b'-- Up-to-date: /home/maddy/iris_test_tool/install/iris_interfaces/include/iris_interfaces/iris_interfaces/msg/detail/a2_fault_status__builder.hpp\n'}
[0.867946] (iris_interfaces) StdoutLine: {'line': b'-- Up-to-date: /home/maddy/iris_test_tool/install/iris_interfaces/include/iris_interfaces/iris_interfaces/msg/detail/vacuum_faults__struct.hpp\n'}
[0.868155] (iris_interfaces) StdoutLine: {'line': b'-- Up-to-date: /home/maddy/iris_test_tool/install/iris_interfaces/include/iris_interfaces/iris_interfaces/msg/detail/ultrasonic_ranges__traits.hpp\n'}
[0.868345] (iris_interfaces) StdoutLine: {'line': b'-- Up-to-date: /home/maddy/iris_test_tool/install/iris_interfaces/include/iris_interfaces/iris_interfaces/msg/detail/headband_mode__traits.hpp\n'}
[0.868526] (iris_interfaces) StdoutLine: {'line': b'-- Up-to-date: /home/maddy/iris_test_tool/install/iris_interfaces/include/iris_interfaces/iris_interfaces/msg/detail/brush_faults__builder.hpp\n'}
[0.868715] (iris_interfaces) StdoutLine: {'line': b'-- Up-to-date: /home/maddy/iris_test_tool/install/iris_interfaces/include/iris_interfaces/iris_interfaces/msg/detail/a5_status__type_support.hpp\n'}
[0.868905] (iris_interfaces) StdoutLine: {'line': b'-- Up-to-date: /home/maddy/iris_test_tool/install/iris_interfaces/include/iris_interfaces/iris_interfaces/msg/detail/vacuum_faults__traits.hpp\n'}
[0.869098] (iris_interfaces) StdoutLine: {'line': b'-- Up-to-date: /home/maddy/iris_test_tool/install/iris_interfaces/include/iris_interfaces/iris_interfaces/msg/detail/a2_command__builder.hpp\n'}
[0.869289] (iris_interfaces) StdoutLine: {'line': b'-- Up-to-date: /home/maddy/iris_test_tool/install/iris_interfaces/include/iris_interfaces/iris_interfaces/msg/detail/headband_mode__struct.hpp\n'}
[0.869482] (iris_interfaces) StdoutLine: {'line': b'-- Up-to-date: /home/maddy/iris_test_tool/install/iris_interfaces/include/iris_interfaces/iris_interfaces/msg/detail/water_tank_levels__struct.hpp\n'}
[0.869671] (iris_interfaces) StdoutLine: {'line': b'-- Up-to-date: /home/maddy/iris_test_tool/install/iris_interfaces/include/iris_interfaces/iris_interfaces/msg/detail/led_control__builder.hpp\n'}
[0.869877] (iris_interfaces) StdoutLine: {'line': b'-- Up-to-date: /home/maddy/iris_test_tool/install/iris_interfaces/include/iris_interfaces/iris_interfaces/msg/detail/follow_path_result__traits.hpp\n'}
[0.870119] (iris_interfaces) StdoutLine: {'line': b'-- Up-to-date: /home/maddy/iris_test_tool/install/iris_interfaces/include/iris_interfaces/iris_interfaces/msg/detail/motor_controller_status__traits.hpp\n'}
[0.870316] (iris_interfaces) StdoutLine: {'line': b'-- Up-to-date: /home/maddy/iris_test_tool/install/iris_interfaces/include/iris_interfaces/iris_interfaces/msg/detail/brush_status__type_support.hpp\n'}
[0.870520] (iris_interfaces) StdoutLine: {'line': b'-- Up-to-date: /home/maddy/iris_test_tool/install/iris_interfaces/include/iris_interfaces/iris_interfaces/msg/detail/actuator_status__struct.hpp\n'}
[0.870713] (iris_interfaces) StdoutLine: {'line': b'-- Up-to-date: /home/maddy/iris_test_tool/install/iris_interfaces/include/iris_interfaces/iris_interfaces/msg/detail/actuator_status__traits.hpp\n'}
[0.870897] (iris_interfaces) StdoutLine: {'line': b'-- Up-to-date: /home/maddy/iris_test_tool/install/iris_interfaces/include/iris_interfaces/iris_interfaces/msg/detail/brush_faults__type_support.hpp\n'}
[0.871086] (iris_interfaces) StdoutLine: {'line': b'-- Up-to-date: /home/maddy/iris_test_tool/install/iris_interfaces/include/iris_interfaces/iris_interfaces/msg/detail/a2_functional_status__builder.hpp\n'}
[0.871257] (iris_interfaces) StdoutLine: {'line': b'-- Up-to-date: /home/maddy/iris_test_tool/install/iris_interfaces/include/iris_interfaces/iris_interfaces/msg/detail/a5_status__traits.hpp\n'}
[0.871439] (iris_interfaces) StdoutLine: {'line': b'-- Up-to-date: /home/maddy/iris_test_tool/install/iris_interfaces/include/iris_interfaces/iris_interfaces/msg/detail/vacuum_faults__type_support.hpp\n'}
[0.871631] (iris_interfaces) StdoutLine: {'line': b'-- Up-to-date: /home/maddy/iris_test_tool/install/iris_interfaces/include/iris_interfaces/iris_interfaces/msg/detail/motor_controller_status__type_support.hpp\n'}
[0.871818] (iris_interfaces) StdoutLine: {'line': b'-- Up-to-date: /home/maddy/iris_test_tool/install/iris_interfaces/include/iris_interfaces/iris_interfaces/msg/detail/vacuum_status__builder.hpp\n'}
[0.872021] (iris_interfaces) StdoutLine: {'line': b'-- Up-to-date: /home/maddy/iris_test_tool/install/iris_interfaces/include/iris_interfaces/iris_interfaces/msg/detail/mender_client_status__traits.hpp\n'}
[0.872209] (iris_interfaces) StdoutLine: {'line': b'-- Up-to-date: /home/maddy/iris_test_tool/install/iris_interfaces/include/iris_interfaces/iris_interfaces/msg/detail/a2_fault_status__type_support.hpp\n'}
[0.872403] (iris_interfaces) StdoutLine: {'line': b'-- Up-to-date: /home/maddy/iris_test_tool/install/iris_interfaces/include/iris_interfaces/iris_interfaces/msg/detail/system_software_status__builder.hpp\n'}
[0.872582] (iris_interfaces) StdoutLine: {'line': b'-- Up-to-date: /home/maddy/iris_test_tool/install/iris_interfaces/include/iris_interfaces/iris_interfaces/msg/detail/wheel_encoders__struct.hpp\n'}
[0.872765] (iris_interfaces) StdoutLine: {'line': b'-- Up-to-date: /home/maddy/iris_test_tool/install/iris_interfaces/include/iris_interfaces/iris_interfaces/msg/detail/water_tank_levels__builder.hpp\n'}
[0.872954] (iris_interfaces) StdoutLine: {'line': b'-- Up-to-date: /home/maddy/iris_test_tool/install/iris_interfaces/include/iris_interfaces/iris_interfaces/msg/detail/motor_status__builder.hpp\n'}
[0.873146] (iris_interfaces) StdoutLine: {'line': b'-- Up-to-date: /home/maddy/iris_test_tool/install/iris_interfaces/include/iris_interfaces/iris_interfaces/msg/detail/sensor_status__traits.hpp\n'}
[0.873332] (iris_interfaces) StdoutLine: {'line': b'-- Up-to-date: /home/maddy/iris_test_tool/install/iris_interfaces/include/iris_interfaces/iris_interfaces/msg/detail/sensor_status__type_support.hpp\n'}
[0.873535] (iris_interfaces) StdoutLine: {'line': b'-- Up-to-date: /home/maddy/iris_test_tool/install/iris_interfaces/include/iris_interfaces/iris_interfaces/msg/detail/brush_status__traits.hpp\n'}
[0.873727] (iris_interfaces) StdoutLine: {'line': b'-- Up-to-date: /home/maddy/iris_test_tool/install/iris_interfaces/include/iris_interfaces/iris_interfaces/msg/detail/a2_fault_status__traits.hpp\n'}
[0.873946] (iris_interfaces) StdoutLine: {'line': b'-- Up-to-date: /home/maddy/iris_test_tool/install/iris_interfaces/include/iris_interfaces/iris_interfaces/msg/detail/wheel_encoders__type_support.hpp\n'}
[0.874162] (iris_interfaces) StdoutLine: {'line': b'-- Up-to-date: /home/maddy/iris_test_tool/install/iris_interfaces/include/iris_interfaces/iris_interfaces/msg/detail/brush_status__builder.hpp\n'}
[0.874362] (iris_interfaces) StdoutLine: {'line': b'-- Up-to-date: /home/maddy/iris_test_tool/install/iris_interfaces/include/iris_interfaces/iris_interfaces/msg/detail/vacuum_faults__builder.hpp\n'}
[0.874553] (iris_interfaces) StdoutLine: {'line': b'-- Up-to-date: /home/maddy/iris_test_tool/install/iris_interfaces/include/iris_interfaces/iris_interfaces/msg/detail/ota_status__traits.hpp\n'}
[0.874771] (iris_interfaces) StdoutLine: {'line': b'-- Up-to-date: /home/maddy/iris_test_tool/install/iris_interfaces/include/iris_interfaces/iris_interfaces/msg/detail/motor_status__traits.hpp\n'}
[0.874960] (iris_interfaces) StdoutLine: {'line': b'-- Up-to-date: /home/maddy/iris_test_tool/install/iris_interfaces/include/iris_interfaces/iris_interfaces/msg/detail/led_control__type_support.hpp\n'}
[0.875140] (iris_interfaces) StdoutLine: {'line': b'-- Up-to-date: /home/maddy/iris_test_tool/install/iris_interfaces/include/iris_interfaces/iris_interfaces/msg/detail/a2_command__type_support.hpp\n'}
[0.875308] (iris_interfaces) StdoutLine: {'line': b'-- Up-to-date: /home/maddy/iris_test_tool/install/iris_interfaces/include/iris_interfaces/iris_interfaces/msg/detail/a5_status__struct.hpp\n'}
[0.875484] (iris_interfaces) StdoutLine: {'line': b'-- Up-to-date: /home/maddy/iris_test_tool/install/iris_interfaces/include/iris_interfaces/iris_interfaces/msg/detail/led_control__struct.hpp\n'}
[0.875666] (iris_interfaces) StdoutLine: {'line': b'-- Up-to-date: /home/maddy/iris_test_tool/install/iris_interfaces/include/iris_interfaces/iris_interfaces/msg/detail/ota_status__builder.hpp\n'}
[0.875853] (iris_interfaces) StdoutLine: {'line': b'-- Up-to-date: /home/maddy/iris_test_tool/install/iris_interfaces/include/iris_interfaces/iris_interfaces/msg/detail/motor_status__struct.hpp\n'}
[0.876142] (iris_interfaces) StdoutLine: {'line': b'-- Up-to-date: /home/maddy/iris_test_tool/install/iris_interfaces/include/iris_interfaces/iris_interfaces/msg/detail/actuator_status__type_support.hpp\n'}
[0.876353] (iris_interfaces) StdoutLine: {'line': b'-- Up-to-date: /home/maddy/iris_test_tool/install/iris_interfaces/include/iris_interfaces/iris_interfaces/msg/detail/wheel_encoders__traits.hpp\n'}
[0.876589] (iris_interfaces) StdoutLine: {'line': b'-- Up-to-date: /home/maddy/iris_test_tool/install/iris_interfaces/include/iris_interfaces/iris_interfaces/msg/detail/a2_functional_status__struct.hpp\n'}
[0.876814] (iris_interfaces) StdoutLine: {'line': b'-- Up-to-date: /home/maddy/iris_test_tool/install/iris_interfaces/include/iris_interfaces/iris_interfaces/msg/detail/vacuum_status__type_support.hpp\n'}
[0.877040] (iris_interfaces) StdoutLine: {'line': b'-- Up-to-date: /home/maddy/iris_test_tool/install/iris_interfaces/include/iris_interfaces/iris_interfaces/msg/detail/a2_command__traits.hpp\n'}
[0.877268] (iris_interfaces) StdoutLine: {'line': b'-- Up-to-date: /home/maddy/iris_test_tool/install/iris_interfaces/include/iris_interfaces/iris_interfaces/msg/detail/motor_status__type_support.hpp\n'}
[0.877524] (iris_interfaces) StdoutLine: {'line': b'-- Up-to-date: /home/maddy/iris_test_tool/install/iris_interfaces/include/iris_interfaces/iris_interfaces/msg/detail/follow_path_result__type_support.hpp\n'}
[0.877726] (iris_interfaces) StdoutLine: {'line': b'-- Up-to-date: /home/maddy/iris_test_tool/install/iris_interfaces/include/iris_interfaces/iris_interfaces/msg/detail/wheel_command_speed__traits.hpp\n'}
[0.878043] (iris_interfaces) StdoutLine: {'line': b'-- Up-to-date: /home/maddy/iris_test_tool/install/iris_interfaces/include/iris_interfaces/iris_interfaces/msg/detail/water_tank_levels__type_support.hpp\n'}
[0.878277] (iris_interfaces) StdoutLine: {'line': b'-- Up-to-date: /home/maddy/iris_test_tool/install/iris_interfaces/include/iris_interfaces/iris_interfaces/msg/detail/motor_controller_status__builder.hpp\n'}
[0.878487] (iris_interfaces) StdoutLine: {'line': b'-- Up-to-date: /home/maddy/iris_test_tool/install/iris_interfaces/include/iris_interfaces/iris_interfaces/msg/detail/headband_mode__type_support.hpp\n'}
[0.878667] (iris_interfaces) StdoutLine: {'line': b'-- Up-to-date: /home/maddy/iris_test_tool/install/iris_interfaces/include/iris_interfaces/iris_interfaces/msg/detail/a2_command__struct.hpp\n'}
[0.878845] (iris_interfaces) StdoutLine: {'line': b'-- Up-to-date: /home/maddy/iris_test_tool/install/iris_interfaces/include/iris_interfaces/iris_interfaces/msg/detail/navigation_mode__type_support.hpp\n'}
[0.879044] (iris_interfaces) StdoutLine: {'line': b'-- Up-to-date: /home/maddy/iris_test_tool/install/iris_interfaces/include/iris_interfaces/iris_interfaces/msg/detail/brush_faults__traits.hpp\n'}
[0.879236] (iris_interfaces) StdoutLine: {'line': b'-- Up-to-date: /home/maddy/iris_test_tool/install/iris_interfaces/include/iris_interfaces/iris_interfaces/msg/system_software_status.hpp\n'}
[0.879486] (iris_interfaces) StdoutLine: {'line': b'-- Up-to-date: /home/maddy/iris_test_tool/install/iris_interfaces/include/iris_interfaces/iris_interfaces/msg/a5_status.hpp\n'}
[0.879688] (iris_interfaces) StdoutLine: {'line': b'-- Up-to-date: /home/maddy/iris_test_tool/install/iris_interfaces/include/iris_interfaces/iris_interfaces/msg/rosidl_generator_cpp__visibility_control.hpp\n'}
[0.879896] (iris_interfaces) StdoutLine: {'line': b'-- Up-to-date: /home/maddy/iris_test_tool/install/iris_interfaces/include/iris_interfaces/iris_interfaces/msg/brush_faults.hpp\n'}
[0.880102] (iris_interfaces) StdoutLine: {'line': b'-- Up-to-date: /home/maddy/iris_test_tool/install/iris_interfaces/include/iris_interfaces/iris_interfaces/msg/navigation_mode.hpp\n'}
[0.880295] (iris_interfaces) StdoutLine: {'line': b'-- Up-to-date: /home/maddy/iris_test_tool/install/iris_interfaces/include/iris_interfaces/iris_interfaces/msg/a2_command.hpp\n'}
[0.880484] (iris_interfaces) StdoutLine: {'line': b'-- Up-to-date: /home/maddy/iris_test_tool/install/iris_interfaces/include/iris_interfaces/iris_interfaces/msg/mender_client_status.hpp\n'}
[0.880674] (iris_interfaces) StdoutLine: {'line': b'-- Up-to-date: /home/maddy/iris_test_tool/install/iris_interfaces/include/iris_interfaces/iris_interfaces/msg/motor_status.hpp\n'}
[0.880895] (iris_interfaces) StdoutLine: {'line': b'-- Up-to-date: /home/maddy/iris_test_tool/install/iris_interfaces/include/iris_interfaces/iris_interfaces/msg/led_control.hpp\n'}
[0.881107] (iris_interfaces) StdoutLine: {'line': b'-- Up-to-date: /home/maddy/iris_test_tool/install/iris_interfaces/include/iris_interfaces/iris_interfaces/msg/water_tank_levels.hpp\n'}
[0.881309] (iris_interfaces) StdoutLine: {'line': b'-- Up-to-date: /home/maddy/iris_test_tool/install/iris_interfaces/include/iris_interfaces/iris_interfaces/msg/a2_fault_status.hpp\n'}
[0.881596] (iris_interfaces) StdoutLine: {'line': b'-- Up-to-date: /home/maddy/iris_test_tool/install/iris_interfaces/include/iris_interfaces/iris_interfaces/msg/wheel_encoders.hpp\n'}
[0.881788] (iris_interfaces) StdoutLine: {'line': b'-- Up-to-date: /home/maddy/iris_test_tool/install/iris_interfaces/include/iris_interfaces/iris_interfaces/msg/headband_mode.hpp\n'}
[0.882062] (iris_interfaces) StdoutLine: {'line': b'-- Up-to-date: /home/maddy/iris_test_tool/install/iris_interfaces/include/iris_interfaces/iris_interfaces/msg/a2_functional_status.hpp\n'}
[0.882263] (iris_interfaces) StdoutLine: {'line': b'-- Up-to-date: /home/maddy/iris_test_tool/install/iris_interfaces/include/iris_interfaces/iris_interfaces/msg/sensor_status.hpp\n'}
[0.882454] (iris_interfaces) StdoutLine: {'line': b'-- Up-to-date: /home/maddy/iris_test_tool/install/iris_interfaces/include/iris_interfaces/iris_interfaces\n'}
[0.882644] (iris_interfaces) StdoutLine: {'line': b'-- Up-to-date: /home/maddy/iris_test_tool/install/iris_interfaces/include/iris_interfaces/iris_interfaces/srv\n'}
[0.882832] (iris_interfaces) StdoutLine: {'line': b'-- Up-to-date: /home/maddy/iris_test_tool/install/iris_interfaces/include/iris_interfaces/iris_interfaces/srv/detail\n'}
[0.883019] (iris_interfaces) StdoutLine: {'line': b'-- Up-to-date: /home/maddy/iris_test_tool/install/iris_interfaces/include/iris_interfaces/iris_interfaces/srv/detail/dds_fastrtps\n'}
[0.883220] (iris_interfaces) StdoutLine: {'line': b'-- Up-to-date: /home/maddy/iris_test_tool/install/iris_interfaces/include/iris_interfaces/iris_interfaces/srv/detail/update_motor_controller_parameters__rosidl_typesupport_fastrtps_cpp.hpp\n'}
[0.883420] (iris_interfaces) StdoutLine: {'line': b'-- Up-to-date: /home/maddy/iris_test_tool/install/iris_interfaces/include/iris_interfaces/iris_interfaces/srv/detail/reset_a2_faults__rosidl_typesupport_fastrtps_cpp.hpp\n'}
[0.883622] (iris_interfaces) StdoutLine: {'line': b'-- Up-to-date: /home/maddy/iris_test_tool/install/iris_interfaces/include/iris_interfaces/iris_interfaces/srv/detail/state_manager__rosidl_typesupport_fastrtps_cpp.hpp\n'}
[0.883813] (iris_interfaces) StdoutLine: {'line': b'-- Up-to-date: /home/maddy/iris_test_tool/install/iris_interfaces/include/iris_interfaces/iris_interfaces/srv/detail/reset_wheel_encoders__rosidl_typesupport_fastrtps_cpp.hpp\n'}
[0.884020] (iris_interfaces) StdoutLine: {'line': b'-- Up-to-date: /home/maddy/iris_test_tool/install/iris_interfaces/include/iris_interfaces/iris_interfaces/srv/detail/connect_wifi__rosidl_typesupport_fastrtps_cpp.hpp\n'}
[0.884217] (iris_interfaces) StdoutLine: {'line': b'-- Up-to-date: /home/maddy/iris_test_tool/install/iris_interfaces/include/iris_interfaces/iris_interfaces/srv/detail/update_motor_controller_reference_source__rosidl_typesupport_fastrtps_cpp.hpp\n'}
[0.884404] (iris_interfaces) StdoutLine: {'line': b'-- Up-to-date: /home/maddy/iris_test_tool/install/iris_interfaces/include/iris_interfaces/iris_interfaces/srv/detail/get_wifi_status__rosidl_typesupport_fastrtps_cpp.hpp\n'}
[0.884635] (iris_interfaces) StdoutLine: {'line': b'-- Up-to-date: /home/maddy/iris_test_tool/install/iris_interfaces/include/iris_interfaces/iris_interfaces/srv/detail/process_manager__rosidl_typesupport_fastrtps_cpp.hpp\n'}
[0.884829] (iris_interfaces) StdoutLine: {'line': b'-- Up-to-date: /home/maddy/iris_test_tool/install/iris_interfaces/include/iris_interfaces/iris_interfaces/srv/detail/disconnect_wifi__rosidl_typesupport_fastrtps_cpp.hpp\n'}
[0.884999] (iris_interfaces) StdoutLine: {'line': b'-- Up-to-date: /home/maddy/iris_test_tool/install/iris_interfaces/include/iris_interfaces/iris_interfaces/srv/detail/a2_command__rosidl_typesupport_fastrtps_cpp.hpp\n'}
[0.885204] (iris_interfaces) StdoutLine: {'line': b'-- Up-to-date: /home/maddy/iris_test_tool/install/iris_interfaces/include/iris_interfaces/iris_interfaces/srv/detail/restart_motor_controller__rosidl_typesupport_fastrtps_cpp.hpp\n'}
[0.885393] (iris_interfaces) StdoutLine: {'line': b'-- Up-to-date: /home/maddy/iris_test_tool/install/iris_interfaces/include/iris_interfaces/iris_interfaces/srv/detail/wifi_discovery__rosidl_typesupport_fastrtps_cpp.hpp\n'}
[0.885577] (iris_interfaces) StdoutLine: {'line': b'-- Up-to-date: /home/maddy/iris_test_tool/install/iris_interfaces/include/iris_interfaces/iris_interfaces/action\n'}
[0.885763] (iris_interfaces) StdoutLine: {'line': b'-- Up-to-date: /home/maddy/iris_test_tool/install/iris_interfaces/include/iris_interfaces/iris_interfaces/action/detail\n'}
[0.885995] (iris_interfaces) StdoutLine: {'line': b'-- Up-to-date: /home/maddy/iris_test_tool/install/iris_interfaces/include/iris_interfaces/iris_interfaces/action/detail/compute_path_coverage__rosidl_typesupport_fastrtps_cpp.hpp\n'}
[0.886194] (iris_interfaces) StdoutLine: {'line': b'-- Up-to-date: /home/maddy/iris_test_tool/install/iris_interfaces/include/iris_interfaces/iris_interfaces/action/detail/dds_fastrtps\n'}
[0.886381] (iris_interfaces) StdoutLine: {'line': b'-- Up-to-date: /home/maddy/iris_test_tool/install/iris_interfaces/include/iris_interfaces/iris_interfaces/action/detail/navigate_path_coverage__rosidl_typesupport_fastrtps_cpp.hpp\n'}
[0.886567] (iris_interfaces) StdoutLine: {'line': b'-- Up-to-date: /home/maddy/iris_test_tool/install/iris_interfaces/include/iris_interfaces/iris_interfaces/action/detail/path_coverage_controller__rosidl_typesupport_fastrtps_cpp.hpp\n'}
[0.886762] (iris_interfaces) StdoutLine: {'line': b'-- Up-to-date: /home/maddy/iris_test_tool/install/iris_interfaces/include/iris_interfaces/iris_interfaces/msg\n'}
[0.886946] (iris_interfaces) StdoutLine: {'line': b'-- Up-to-date: /home/maddy/iris_test_tool/install/iris_interfaces/include/iris_interfaces/iris_interfaces/msg/rosidl_typesupport_fastrtps_cpp__visibility_control.h\n'}
[0.887132] (iris_interfaces) StdoutLine: {'line': b'-- Up-to-date: /home/maddy/iris_test_tool/install/iris_interfaces/include/iris_interfaces/iris_interfaces/msg/detail\n'}
[0.887323] (iris_interfaces) StdoutLine: {'line': b'-- Up-to-date: /home/maddy/iris_test_tool/install/iris_interfaces/include/iris_interfaces/iris_interfaces/msg/detail/follow_path_result__rosidl_typesupport_fastrtps_cpp.hpp\n'}
[0.887509] (iris_interfaces) StdoutLine: {'line': b'-- Up-to-date: /home/maddy/iris_test_tool/install/iris_interfaces/include/iris_interfaces/iris_interfaces/msg/detail/dds_fastrtps\n'}
[0.887696] (iris_interfaces) StdoutLine: {'line': b'-- Up-to-date: /home/maddy/iris_test_tool/install/iris_interfaces/include/iris_interfaces/iris_interfaces/msg/detail/system_software_status__rosidl_typesupport_fastrtps_cpp.hpp\n'}
[0.887882] (iris_interfaces) StdoutLine: {'line': b'-- Up-to-date: /home/maddy/iris_test_tool/install/iris_interfaces/include/iris_interfaces/iris_interfaces/msg/detail/navigation_mode__rosidl_typesupport_fastrtps_cpp.hpp\n'}
[0.888082] (iris_interfaces) StdoutLine: {'line': b'-- Up-to-date: /home/maddy/iris_test_tool/install/iris_interfaces/include/iris_interfaces/iris_interfaces/msg/detail/vacuum_faults__rosidl_typesupport_fastrtps_cpp.hpp\n'}
[0.888266] (iris_interfaces) StdoutLine: {'line': b'-- Up-to-date: /home/maddy/iris_test_tool/install/iris_interfaces/include/iris_interfaces/iris_interfaces/msg/detail/sensor_status__rosidl_typesupport_fastrtps_cpp.hpp\n'}
[0.888450] (iris_interfaces) StdoutLine: {'line': b'-- Up-to-date: /home/maddy/iris_test_tool/install/iris_interfaces/include/iris_interfaces/iris_interfaces/msg/detail/vacuum_status__rosidl_typesupport_fastrtps_cpp.hpp\n'}
[0.888636] (iris_interfaces) StdoutLine: {'line': b'-- Up-to-date: /home/maddy/iris_test_tool/install/iris_interfaces/include/iris_interfaces/iris_interfaces/msg/detail/a2_fault_status__rosidl_typesupport_fastrtps_cpp.hpp\n'}
[0.888821] (iris_interfaces) StdoutLine: {'line': b'-- Up-to-date: /home/maddy/iris_test_tool/install/iris_interfaces/include/iris_interfaces/iris_interfaces/msg/detail/motor_status__rosidl_typesupport_fastrtps_cpp.hpp\n'}
[0.889005] (iris_interfaces) StdoutLine: {'line': b'-- Up-to-date: /home/maddy/iris_test_tool/install/iris_interfaces/include/iris_interfaces/iris_interfaces/msg/detail/ultrasonic_ranges__rosidl_typesupport_fastrtps_cpp.hpp\n'}
[0.889176] (iris_interfaces) StdoutLine: {'line': b'-- Up-to-date: /home/maddy/iris_test_tool/install/iris_interfaces/include/iris_interfaces/iris_interfaces/msg/detail/mender_client_status__rosidl_typesupport_fastrtps_cpp.hpp\n'}
[0.889368] (iris_interfaces) StdoutLine: {'line': b'-- Up-to-date: /home/maddy/iris_test_tool/install/iris_interfaces/include/iris_interfaces/iris_interfaces/msg/detail/ota_status__rosidl_typesupport_fastrtps_cpp.hpp\n'}
[0.889557] (iris_interfaces) StdoutLine: {'line': b'-- Up-to-date: /home/maddy/iris_test_tool/install/iris_interfaces/include/iris_interfaces/iris_interfaces/msg/detail/brush_faults__rosidl_typesupport_fastrtps_cpp.hpp\n'}
[0.889778] (iris_interfaces) StdoutLine: {'line': b'-- Up-to-date: /home/maddy/iris_test_tool/install/iris_interfaces/include/iris_interfaces/iris_interfaces/msg/detail/headband_mode__rosidl_typesupport_fastrtps_cpp.hpp\n'}
[0.890020] (iris_interfaces) StdoutLine: {'line': b'-- Up-to-date: /home/maddy/iris_test_tool/install/iris_interfaces/include/iris_interfaces/iris_interfaces/msg/detail/wheel_encoders__rosidl_typesupport_fastrtps_cpp.hpp\n'}
[0.890240] (iris_interfaces) StdoutLine: {'line': b'-- Up-to-date: /home/maddy/iris_test_tool/install/iris_interfaces/include/iris_interfaces/iris_interfaces/msg/detail/motor_controller_status__rosidl_typesupport_fastrtps_cpp.hpp\n'}
[0.890440] (iris_interfaces) StdoutLine: {'line': b'-- Up-to-date: /home/maddy/iris_test_tool/install/iris_interfaces/include/iris_interfaces/iris_interfaces/msg/detail/actuator_status__rosidl_typesupport_fastrtps_cpp.hpp\n'}
[0.890626] (iris_interfaces) StdoutLine: {'line': b'-- Up-to-date: /home/maddy/iris_test_tool/install/iris_interfaces/include/iris_interfaces/iris_interfaces/msg/detail/brush_status__rosidl_typesupport_fastrtps_cpp.hpp\n'}
[0.890811] (iris_interfaces) StdoutLine: {'line': b'-- Up-to-date: /home/maddy/iris_test_tool/install/iris_interfaces/include/iris_interfaces/iris_interfaces/msg/detail/wheel_command_speed__rosidl_typesupport_fastrtps_cpp.hpp\n'}
[0.890996] (iris_interfaces) StdoutLine: {'line': b'-- Up-to-date: /home/maddy/iris_test_tool/install/iris_interfaces/include/iris_interfaces/iris_interfaces/msg/detail/a2_command__rosidl_typesupport_fastrtps_cpp.hpp\n'}
[0.891159] (iris_interfaces) StdoutLine: {'line': b'-- Up-to-date: /home/maddy/iris_test_tool/install/iris_interfaces/include/iris_interfaces/iris_interfaces/msg/detail/led_control__rosidl_typesupport_fastrtps_cpp.hpp\n'}
[0.891314] (iris_interfaces) StdoutLine: {'line': b'-- Up-to-date: /home/maddy/iris_test_tool/install/iris_interfaces/include/iris_interfaces/iris_interfaces/msg/detail/a5_status__rosidl_typesupport_fastrtps_cpp.hpp\n'}
[0.891470] (iris_interfaces) StdoutLine: {'line': b'-- Up-to-date: /home/maddy/iris_test_tool/install/iris_interfaces/include/iris_interfaces/iris_interfaces/msg/detail/water_tank_levels__rosidl_typesupport_fastrtps_cpp.hpp\n'}
[0.891712] (iris_interfaces) StdoutLine: {'line': b'-- Up-to-date: /home/maddy/iris_test_tool/install/iris_interfaces/include/iris_interfaces/iris_interfaces/msg/detail/a2_functional_status__rosidl_typesupport_fastrtps_cpp.hpp\n'}
[0.891879] (iris_interfaces) StdoutLine: {'line': b'-- Up-to-date: /home/maddy/iris_test_tool/install/iris_interfaces/lib/libiris_interfaces__rosidl_typesupport_fastrtps_cpp.so\n'}
[0.892050] (iris_interfaces) StdoutLine: {'line': b'-- Up-to-date: /home/maddy/iris_test_tool/install/iris_interfaces/include/iris_interfaces/iris_interfaces\n'}
[0.892214] (iris_interfaces) StdoutLine: {'line': b'-- Up-to-date: /home/maddy/iris_test_tool/install/iris_interfaces/include/iris_interfaces/iris_interfaces/srv\n'}
[0.892370] (iris_interfaces) StdoutLine: {'line': b'-- Up-to-date: /home/maddy/iris_test_tool/install/iris_interfaces/include/iris_interfaces/iris_interfaces/srv/detail\n'}
[0.892539] (iris_interfaces) StdoutLine: {'line': b'-- Up-to-date: /home/maddy/iris_test_tool/install/iris_interfaces/include/iris_interfaces/iris_interfaces/srv/detail/restart_motor_controller__type_support.cpp\n'}
[0.892700] (iris_interfaces) StdoutLine: {'line': b'-- Up-to-date: /home/maddy/iris_test_tool/install/iris_interfaces/include/iris_interfaces/iris_interfaces/srv/detail/update_motor_controller_reference_source__rosidl_typesupport_introspection_cpp.hpp\n'}
[0.892856] (iris_interfaces) StdoutLine: {'line': b'-- Up-to-date: /home/maddy/iris_test_tool/install/iris_interfaces/include/iris_interfaces/iris_interfaces/srv/detail/reset_wheel_encoders__type_support.cpp\n'}
[0.893106] (iris_interfaces) StdoutLine: {'line': b'-- Up-to-date: /home/maddy/iris_test_tool/install/iris_interfaces/include/iris_interfaces/iris_interfaces/srv/detail/update_motor_controller_reference_source__type_support.cpp\n'}
[0.893270] (iris_interfaces) StdoutLine: {'line': b'-- Up-to-date: /home/maddy/iris_test_tool/install/iris_interfaces/include/iris_interfaces/iris_interfaces/srv/detail/process_manager__rosidl_typesupport_introspection_cpp.hpp\n'}
[0.893478] (iris_interfaces) StdoutLine: {'line': b'-- Up-to-date: /home/maddy/iris_test_tool/install/iris_interfaces/include/iris_interfaces/iris_interfaces/srv/detail/update_motor_controller_parameters__type_support.cpp\n'}
[0.893651] (iris_interfaces) StdoutLine: {'line': b'-- Up-to-date: /home/maddy/iris_test_tool/install/iris_interfaces/include/iris_interfaces/iris_interfaces/srv/detail/reset_a2_faults__type_support.cpp\n'}
[0.893821] (iris_interfaces) StdoutLine: {'line': b'-- Up-to-date: /home/maddy/iris_test_tool/install/iris_interfaces/include/iris_interfaces/iris_interfaces/srv/detail/update_motor_controller_parameters__rosidl_typesupport_introspection_cpp.hpp\n'}
[0.894022] (iris_interfaces) StdoutLine: {'line': b'-- Up-to-date: /home/maddy/iris_test_tool/install/iris_interfaces/include/iris_interfaces/iris_interfaces/srv/detail/state_manager__rosidl_typesupport_introspection_cpp.hpp\n'}
[0.894186] (iris_interfaces) StdoutLine: {'line': b'-- Up-to-date: /home/maddy/iris_test_tool/install/iris_interfaces/include/iris_interfaces/iris_interfaces/srv/detail/wifi_discovery__type_support.cpp\n'}
[0.894340] (iris_interfaces) StdoutLine: {'line': b'-- Up-to-date: /home/maddy/iris_test_tool/install/iris_interfaces/include/iris_interfaces/iris_interfaces/srv/detail/process_manager__type_support.cpp\n'}
[0.894494] (iris_interfaces) StdoutLine: {'line': b'-- Up-to-date: /home/maddy/iris_test_tool/install/iris_interfaces/include/iris_interfaces/iris_interfaces/srv/detail/connect_wifi__type_support.cpp\n'}
[0.894653] (iris_interfaces) StdoutLine: {'line': b'-- Up-to-date: /home/maddy/iris_test_tool/install/iris_interfaces/include/iris_interfaces/iris_interfaces/srv/detail/state_manager__type_support.cpp\n'}
[0.894825] (iris_interfaces) StdoutLine: {'line': b'-- Up-to-date: /home/maddy/iris_test_tool/install/iris_interfaces/include/iris_interfaces/iris_interfaces/srv/detail/disconnect_wifi__rosidl_typesupport_introspection_cpp.hpp\n'}
[0.895009] (iris_interfaces) StdoutLine: {'line': b'-- Up-to-date: /home/maddy/iris_test_tool/install/iris_interfaces/include/iris_interfaces/iris_interfaces/srv/detail/wifi_discovery__rosidl_typesupport_introspection_cpp.hpp\n'}
[0.895167] (iris_interfaces) StdoutLine: {'line': b'-- Up-to-date: /home/maddy/iris_test_tool/install/iris_interfaces/include/iris_interfaces/iris_interfaces/srv/detail/connect_wifi__rosidl_typesupport_introspection_cpp.hpp\n'}
[0.895321] (iris_interfaces) StdoutLine: {'line': b'-- Up-to-date: /home/maddy/iris_test_tool/install/iris_interfaces/include/iris_interfaces/iris_interfaces/srv/detail/get_wifi_status__type_support.cpp\n'}
[0.895473] (iris_interfaces) StdoutLine: {'line': b'-- Up-to-date: /home/maddy/iris_test_tool/install/iris_interfaces/include/iris_interfaces/iris_interfaces/srv/detail/reset_wheel_encoders__rosidl_typesupport_introspection_cpp.hpp\n'}
[0.895626] (iris_interfaces) StdoutLine: {'line': b'-- Up-to-date: /home/maddy/iris_test_tool/install/iris_interfaces/include/iris_interfaces/iris_interfaces/srv/detail/get_wifi_status__rosidl_typesupport_introspection_cpp.hpp\n'}
[0.895780] (iris_interfaces) StdoutLine: {'line': b'-- Up-to-date: /home/maddy/iris_test_tool/install/iris_interfaces/include/iris_interfaces/iris_interfaces/srv/detail/a2_command__rosidl_typesupport_introspection_cpp.hpp\n'}
[0.895933] (iris_interfaces) StdoutLine: {'line': b'-- Up-to-date: /home/maddy/iris_test_tool/install/iris_interfaces/include/iris_interfaces/iris_interfaces/srv/detail/disconnect_wifi__type_support.cpp\n'}
[0.896087] (iris_interfaces) StdoutLine: {'line': b'-- Up-to-date: /home/maddy/iris_test_tool/install/iris_interfaces/include/iris_interfaces/iris_interfaces/srv/detail/reset_a2_faults__rosidl_typesupport_introspection_cpp.hpp\n'}
[0.896244] (iris_interfaces) StdoutLine: {'line': b'-- Up-to-date: /home/maddy/iris_test_tool/install/iris_interfaces/include/iris_interfaces/iris_interfaces/srv/detail/restart_motor_controller__rosidl_typesupport_introspection_cpp.hpp\n'}
[0.896398] (iris_interfaces) StdoutLine: {'line': b'-- Up-to-date: /home/maddy/iris_test_tool/install/iris_interfaces/include/iris_interfaces/iris_interfaces/srv/detail/a2_command__type_support.cpp\n'}
[0.896560] (iris_interfaces) StdoutLine: {'line': b'-- Up-to-date: /home/maddy/iris_test_tool/install/iris_interfaces/include/iris_interfaces/iris_interfaces/action\n'}
[0.896712] (iris_interfaces) StdoutLine: {'line': b'-- Up-to-date: /home/maddy/iris_test_tool/install/iris_interfaces/include/iris_interfaces/iris_interfaces/action/detail\n'}
[0.896873] (iris_interfaces) StdoutLine: {'line': b'-- Up-to-date: /home/maddy/iris_test_tool/install/iris_interfaces/include/iris_interfaces/iris_interfaces/action/detail/path_coverage_controller__type_support.cpp\n'}
[0.897026] (iris_interfaces) StdoutLine: {'line': b'-- Up-to-date: /home/maddy/iris_test_tool/install/iris_interfaces/include/iris_interfaces/iris_interfaces/action/detail/compute_path_coverage__type_support.cpp\n'}
[0.897196] (iris_interfaces) StdoutLine: {'line': b'-- Up-to-date: /home/maddy/iris_test_tool/install/iris_interfaces/include/iris_interfaces/iris_interfaces/action/detail/compute_path_coverage__rosidl_typesupport_introspection_cpp.hpp\n'}
[0.897358] (iris_interfaces) StdoutLine: {'line': b'-- Up-to-date: /home/maddy/iris_test_tool/install/iris_interfaces/include/iris_interfaces/iris_interfaces/action/detail/path_coverage_controller__rosidl_typesupport_introspection_cpp.hpp\n'}
[0.897510] (iris_interfaces) StdoutLine: {'line': b'-- Up-to-date: /home/maddy/iris_test_tool/install/iris_interfaces/include/iris_interfaces/iris_interfaces/action/detail/navigate_path_coverage__type_support.cpp\n'}
[0.897668] (iris_interfaces) StdoutLine: {'line': b'-- Up-to-date: /home/maddy/iris_test_tool/install/iris_interfaces/include/iris_interfaces/iris_interfaces/action/detail/navigate_path_coverage__rosidl_typesupport_introspection_cpp.hpp\n'}
[0.897823] (iris_interfaces) StdoutLine: {'line': b'-- Up-to-date: /home/maddy/iris_test_tool/install/iris_interfaces/include/iris_interfaces/iris_interfaces/msg\n'}
[0.898015] (iris_interfaces) StdoutLine: {'line': b'-- Up-to-date: /home/maddy/iris_test_tool/install/iris_interfaces/include/iris_interfaces/iris_interfaces/msg/detail\n'}
[0.898174] (iris_interfaces) StdoutLine: {'line': b'-- Up-to-date: /home/maddy/iris_test_tool/install/iris_interfaces/include/iris_interfaces/iris_interfaces/msg/detail/ultrasonic_ranges__rosidl_typesupport_introspection_cpp.hpp\n'}
[0.898327] (iris_interfaces) StdoutLine: {'line': b'-- Up-to-date: /home/maddy/iris_test_tool/install/iris_interfaces/include/iris_interfaces/iris_interfaces/msg/detail/motor_controller_status__rosidl_typesupport_introspection_cpp.hpp\n'}
[0.898483] (iris_interfaces) StdoutLine: {'line': b'-- Up-to-date: /home/maddy/iris_test_tool/install/iris_interfaces/include/iris_interfaces/iris_interfaces/msg/detail/actuator_status__type_support.cpp\n'}
[0.898634] (iris_interfaces) StdoutLine: {'line': b'-- Up-to-date: /home/maddy/iris_test_tool/install/iris_interfaces/include/iris_interfaces/iris_interfaces/msg/detail/navigation_mode__type_support.cpp\n'}
[0.898805] (iris_interfaces) StdoutLine: {'line': b'-- Up-to-date: /home/maddy/iris_test_tool/install/iris_interfaces/include/iris_interfaces/iris_interfaces/msg/detail/a2_fault_status__rosidl_typesupport_introspection_cpp.hpp\n'}
[0.898960] (iris_interfaces) StdoutLine: {'line': b'-- Up-to-date: /home/maddy/iris_test_tool/install/iris_interfaces/include/iris_interfaces/iris_interfaces/msg/detail/vacuum_faults__type_support.cpp\n'}
[0.899111] (iris_interfaces) StdoutLine: {'line': b'-- Up-to-date: /home/maddy/iris_test_tool/install/iris_interfaces/include/iris_interfaces/iris_interfaces/msg/detail/navigation_mode__rosidl_typesupport_introspection_cpp.hpp\n'}
[0.899266] (iris_interfaces) StdoutLine: {'line': b'-- Up-to-date: /home/maddy/iris_test_tool/install/iris_interfaces/include/iris_interfaces/iris_interfaces/msg/detail/headband_mode__type_support.cpp\n'}
[0.899455] (iris_interfaces) StdoutLine: {'line': b'-- Up-to-date: /home/maddy/iris_test_tool/install/iris_interfaces/include/iris_interfaces/iris_interfaces/msg/detail/wheel_command_speed__type_support.cpp\n'}
[0.899611] (iris_interfaces) StdoutLine: {'line': b'-- Up-to-date: /home/maddy/iris_test_tool/install/iris_interfaces/include/iris_interfaces/iris_interfaces/msg/detail/motor_status__rosidl_typesupport_introspection_cpp.hpp\n'}
[0.899773] (iris_interfaces) StdoutLine: {'line': b'-- Up-to-date: /home/maddy/iris_test_tool/install/iris_interfaces/include/iris_interfaces/iris_interfaces/msg/detail/sensor_status__type_support.cpp\n'}
[0.899940] (iris_interfaces) StdoutLine: {'line': b'-- Up-to-date: /home/maddy/iris_test_tool/install/iris_interfaces/include/iris_interfaces/iris_interfaces/msg/detail/motor_controller_status__type_support.cpp\n'}
[0.900095] (iris_interfaces) StdoutLine: {'line': b'-- Up-to-date: /home/maddy/iris_test_tool/install/iris_interfaces/include/iris_interfaces/iris_interfaces/msg/detail/vacuum_status__type_support.cpp\n'}
[0.900336] (iris_interfaces) StdoutLine: {'line': b'-- Up-to-date: /home/maddy/iris_test_tool/install/iris_interfaces/include/iris_interfaces/iris_interfaces/msg/detail/follow_path_result__type_support.cpp\n'}
[0.900507] (iris_interfaces) StdoutLine: {'line': b'-- Up-to-date: /home/maddy/iris_test_tool/install/iris_interfaces/include/iris_interfaces/iris_interfaces/msg/detail/headband_mode__rosidl_typesupport_introspection_cpp.hpp\n'}
[0.900662] (iris_interfaces) StdoutLine: {'line': b'-- Up-to-date: /home/maddy/iris_test_tool/install/iris_interfaces/include/iris_interfaces/iris_interfaces/msg/detail/wheel_encoders__rosidl_typesupport_introspection_cpp.hpp\n'}
[0.900815] (iris_interfaces) StdoutLine: {'line': b'-- Up-to-date: /home/maddy/iris_test_tool/install/iris_interfaces/include/iris_interfaces/iris_interfaces/msg/detail/water_tank_levels__rosidl_typesupport_introspection_cpp.hpp\n'}
[0.900970] (iris_interfaces) StdoutLine: {'line': b'-- Up-to-date: /home/maddy/iris_test_tool/install/iris_interfaces/include/iris_interfaces/iris_interfaces/msg/detail/motor_status__type_support.cpp\n'}
[0.901126] (iris_interfaces) StdoutLine: {'line': b'-- Up-to-date: /home/maddy/iris_test_tool/install/iris_interfaces/include/iris_interfaces/iris_interfaces/msg/detail/a5_status__rosidl_typesupport_introspection_cpp.hpp\n'}
[0.901281] (iris_interfaces) StdoutLine: {'line': b'-- Up-to-date: /home/maddy/iris_test_tool/install/iris_interfaces/include/iris_interfaces/iris_interfaces/msg/detail/wheel_command_speed__rosidl_typesupport_introspection_cpp.hpp\n'}
[0.901437] (iris_interfaces) StdoutLine: {'line': b'-- Up-to-date: /home/maddy/iris_test_tool/install/iris_interfaces/include/iris_interfaces/iris_interfaces/msg/detail/a2_fault_status__type_support.cpp\n'}
[0.901591] (iris_interfaces) StdoutLine: {'line': b'-- Up-to-date: /home/maddy/iris_test_tool/install/iris_interfaces/include/iris_interfaces/iris_interfaces/msg/detail/vacuum_status__rosidl_typesupport_introspection_cpp.hpp\n'}
[0.901743] (iris_interfaces) StdoutLine: {'line': b'-- Up-to-date: /home/maddy/iris_test_tool/install/iris_interfaces/include/iris_interfaces/iris_interfaces/msg/detail/ota_status__rosidl_typesupport_introspection_cpp.hpp\n'}
[0.901925] (iris_interfaces) StdoutLine: {'line': b'-- Up-to-date: /home/maddy/iris_test_tool/install/iris_interfaces/include/iris_interfaces/iris_interfaces/msg/detail/brush_faults__type_support.cpp\n'}
[0.902095] (iris_interfaces) StdoutLine: {'line': b'-- Up-to-date: /home/maddy/iris_test_tool/install/iris_interfaces/include/iris_interfaces/iris_interfaces/msg/detail/mender_client_status__type_support.cpp\n'}
[0.902243] (-) TimerEvent: {}
[0.902441] (iris_interfaces) StdoutLine: {'line': b'-- Up-to-date: /home/maddy/iris_test_tool/install/iris_interfaces/include/iris_interfaces/iris_interfaces/msg/detail/ota_status__type_support.cpp\n'}
[0.902601] (iris_interfaces) StdoutLine: {'line': b'-- Up-to-date: /home/maddy/iris_test_tool/install/iris_interfaces/include/iris_interfaces/iris_interfaces/msg/detail/a5_status__type_support.cpp\n'}
[0.902783] (iris_interfaces) StdoutLine: {'line': b'-- Up-to-date: /home/maddy/iris_test_tool/install/iris_interfaces/include/iris_interfaces/iris_interfaces/msg/detail/a2_command__rosidl_typesupport_introspection_cpp.hpp\n'}
[0.902986] (iris_interfaces) StdoutLine: {'line': b'-- Up-to-date: /home/maddy/iris_test_tool/install/iris_interfaces/include/iris_interfaces/iris_interfaces/msg/detail/a2_functional_status__rosidl_typesupport_introspection_cpp.hpp\n'}
[0.903176] (iris_interfaces) StdoutLine: {'line': b'-- Up-to-date: /home/maddy/iris_test_tool/install/iris_interfaces/include/iris_interfaces/iris_interfaces/msg/detail/ultrasonic_ranges__type_support.cpp\n'}
[0.903368] (iris_interfaces) StdoutLine: {'line': b'-- Up-to-date: /home/maddy/iris_test_tool/install/iris_interfaces/include/iris_interfaces/iris_interfaces/msg/detail/wheel_encoders__type_support.cpp\n'}
[0.903564] (iris_interfaces) StdoutLine: {'line': b'-- Up-to-date: /home/maddy/iris_test_tool/install/iris_interfaces/include/iris_interfaces/iris_interfaces/msg/detail/sensor_status__rosidl_typesupport_introspection_cpp.hpp\n'}
[0.903793] (iris_interfaces) StdoutLine: {'line': b'-- Up-to-date: /home/maddy/iris_test_tool/install/iris_interfaces/include/iris_interfaces/iris_interfaces/msg/detail/vacuum_faults__rosidl_typesupport_introspection_cpp.hpp\n'}
[0.904011] (iris_interfaces) StdoutLine: {'line': b'-- Up-to-date: /home/maddy/iris_test_tool/install/iris_interfaces/include/iris_interfaces/iris_interfaces/msg/detail/led_control__type_support.cpp\n'}
[0.904319] (iris_interfaces) StdoutLine: {'line': b'-- Up-to-date: /home/maddy/iris_test_tool/install/iris_interfaces/include/iris_interfaces/iris_interfaces/msg/detail/a2_functional_status__type_support.cpp\n'}
[0.904611] (iris_interfaces) StdoutLine: {'line': b'-- Up-to-date: /home/maddy/iris_test_tool/install/iris_interfaces/include/iris_interfaces/iris_interfaces/msg/detail/brush_status__rosidl_typesupport_introspection_cpp.hpp\n'}
[0.904814] (iris_interfaces) StdoutLine: {'line': b'-- Up-to-date: /home/maddy/iris_test_tool/install/iris_interfaces/include/iris_interfaces/iris_interfaces/msg/detail/actuator_status__rosidl_typesupport_introspection_cpp.hpp\n'}
[0.905005] (iris_interfaces) StdoutLine: {'line': b'-- Up-to-date: /home/maddy/iris_test_tool/install/iris_interfaces/include/iris_interfaces/iris_interfaces/msg/detail/a2_command__type_support.cpp\n'}
[0.905217] (iris_interfaces) StdoutLine: {'line': b'-- Up-to-date: /home/maddy/iris_test_tool/install/iris_interfaces/include/iris_interfaces/iris_interfaces/msg/detail/brush_faults__rosidl_typesupport_introspection_cpp.hpp\n'}
[0.905419] (iris_interfaces) StdoutLine: {'line': b'-- Up-to-date: /home/maddy/iris_test_tool/install/iris_interfaces/include/iris_interfaces/iris_interfaces/msg/detail/follow_path_result__rosidl_typesupport_introspection_cpp.hpp\n'}
[0.905595] (iris_interfaces) StdoutLine: {'line': b'-- Up-to-date: /home/maddy/iris_test_tool/install/iris_interfaces/include/iris_interfaces/iris_interfaces/msg/detail/brush_status__type_support.cpp\n'}
[0.905757] (iris_interfaces) StdoutLine: {'line': b'-- Up-to-date: /home/maddy/iris_test_tool/install/iris_interfaces/include/iris_interfaces/iris_interfaces/msg/detail/system_software_status__type_support.cpp\n'}
[0.906030] (iris_interfaces) StdoutLine: {'line': b'-- Up-to-date: /home/maddy/iris_test_tool/install/iris_interfaces/include/iris_interfaces/iris_interfaces/msg/detail/system_software_status__rosidl_typesupport_introspection_cpp.hpp\n'}
[0.906255] (iris_interfaces) StdoutLine: {'line': b'-- Up-to-date: /home/maddy/iris_test_tool/install/iris_interfaces/include/iris_interfaces/iris_interfaces/msg/detail/mender_client_status__rosidl_typesupport_introspection_cpp.hpp\n'}
[0.906419] (iris_interfaces) StdoutLine: {'line': b'-- Up-to-date: /home/maddy/iris_test_tool/install/iris_interfaces/include/iris_interfaces/iris_interfaces/msg/detail/led_control__rosidl_typesupport_introspection_cpp.hpp\n'}
[0.906576] (iris_interfaces) StdoutLine: {'line': b'-- Up-to-date: /home/maddy/iris_test_tool/install/iris_interfaces/include/iris_interfaces/iris_interfaces/msg/detail/water_tank_levels__type_support.cpp\n'}
[0.906738] (iris_interfaces) StdoutLine: {'line': b'-- Up-to-date: /home/maddy/iris_test_tool/install/iris_interfaces/lib/libiris_interfaces__rosidl_typesupport_introspection_cpp.so\n'}
[0.906889] (iris_interfaces) StdoutLine: {'line': b'-- Up-to-date: /home/maddy/iris_test_tool/install/iris_interfaces/lib/libiris_interfaces__rosidl_typesupport_cpp.so\n'}
[0.907046] (iris_interfaces) StdoutLine: {'line': b'-- Up-to-date: /home/maddy/iris_test_tool/install/iris_interfaces/share/iris_interfaces/environment/pythonpath.sh\n'}
[0.907212] (iris_interfaces) StdoutLine: {'line': b'-- Up-to-date: /home/maddy/iris_test_tool/install/iris_interfaces/share/iris_interfaces/environment/pythonpath.dsv\n'}
[0.907377] (iris_interfaces) StdoutLine: {'line': b'-- Up-to-date: /home/maddy/iris_test_tool/install/iris_interfaces/local/lib/python3.10/dist-packages/iris_interfaces-0.5.13-py3.10.egg-info\n'}
[0.907538] (iris_interfaces) StdoutLine: {'line': b'-- Installing: /home/maddy/iris_test_tool/install/iris_interfaces/local/lib/python3.10/dist-packages/iris_interfaces-0.5.13-py3.10.egg-info/top_level.txt\n'}
[0.907695] (iris_interfaces) StdoutLine: {'line': b'-- Installing: /home/maddy/iris_test_tool/install/iris_interfaces/local/lib/python3.10/dist-packages/iris_interfaces-0.5.13-py3.10.egg-info/dependency_links.txt\n'}
[0.907849] (iris_interfaces) StdoutLine: {'line': b'-- Installing: /home/maddy/iris_test_tool/install/iris_interfaces/local/lib/python3.10/dist-packages/iris_interfaces-0.5.13-py3.10.egg-info/PKG-INFO\n'}
[0.908003] (iris_interfaces) StdoutLine: {'line': b'-- Installing: /home/maddy/iris_test_tool/install/iris_interfaces/local/lib/python3.10/dist-packages/iris_interfaces-0.5.13-py3.10.egg-info/SOURCES.txt\n'}
[0.908153] (iris_interfaces) StdoutLine: {'line': b'-- Up-to-date: /home/maddy/iris_test_tool/install/iris_interfaces/local/lib/python3.10/dist-packages/iris_interfaces\n'}
[0.908351] (iris_interfaces) StdoutLine: {'line': b'-- Up-to-date: /home/maddy/iris_test_tool/install/iris_interfaces/local/lib/python3.10/dist-packages/iris_interfaces/_iris_interfaces_s.ep.rosidl_typesupport_fastrtps_c.c\n'}
[0.908512] (iris_interfaces) StdoutLine: {'line': b'-- Up-to-date: /home/maddy/iris_test_tool/install/iris_interfaces/local/lib/python3.10/dist-packages/iris_interfaces/srv\n'}
[0.908673] (iris_interfaces) StdoutLine: {'line': b'-- Up-to-date: /home/maddy/iris_test_tool/install/iris_interfaces/local/lib/python3.10/dist-packages/iris_interfaces/srv/_get_wifi_status_s.c\n'}
[0.908829] (iris_interfaces) StdoutLine: {'line': b'-- Up-to-date: /home/maddy/iris_test_tool/install/iris_interfaces/local/lib/python3.10/dist-packages/iris_interfaces/srv/_update_motor_controller_parameters.py\n'}
[0.908991] (iris_interfaces) StdoutLine: {'line': b'-- Up-to-date: /home/maddy/iris_test_tool/install/iris_interfaces/local/lib/python3.10/dist-packages/iris_interfaces/srv/_connect_wifi_s.c\n'}
[0.909143] (iris_interfaces) StdoutLine: {'line': b'-- Up-to-date: /home/maddy/iris_test_tool/install/iris_interfaces/local/lib/python3.10/dist-packages/iris_interfaces/srv/_connect_wifi.py\n'}
[0.909296] (iris_interfaces) StdoutLine: {'line': b'-- Up-to-date: /home/maddy/iris_test_tool/install/iris_interfaces/local/lib/python3.10/dist-packages/iris_interfaces/srv/_update_motor_controller_reference_source_s.c\n'}
[0.909450] (iris_interfaces) StdoutLine: {'line': b'-- Up-to-date: /home/maddy/iris_test_tool/install/iris_interfaces/local/lib/python3.10/dist-packages/iris_interfaces/srv/_process_manager.py\n'}
[0.909649] (iris_interfaces) StdoutLine: {'line': b'-- Up-to-date: /home/maddy/iris_test_tool/install/iris_interfaces/local/lib/python3.10/dist-packages/iris_interfaces/srv/_restart_motor_controller.py\n'}
[0.909805] (iris_interfaces) StdoutLine: {'line': b'-- Up-to-date: /home/maddy/iris_test_tool/install/iris_interfaces/local/lib/python3.10/dist-packages/iris_interfaces/srv/_wifi_discovery.py\n'}
[0.910010] (iris_interfaces) StdoutLine: {'line': b'-- Up-to-date: /home/maddy/iris_test_tool/install/iris_interfaces/local/lib/python3.10/dist-packages/iris_interfaces/srv/_get_wifi_status.py\n'}
[0.910169] (iris_interfaces) StdoutLine: {'line': b'-- Up-to-date: /home/maddy/iris_test_tool/install/iris_interfaces/local/lib/python3.10/dist-packages/iris_interfaces/srv/_reset_a2_faults_s.c\n'}
[0.910323] (iris_interfaces) StdoutLine: {'line': b'-- Up-to-date: /home/maddy/iris_test_tool/install/iris_interfaces/local/lib/python3.10/dist-packages/iris_interfaces/srv/_wifi_discovery_s.c\n'}
[0.910477] (iris_interfaces) StdoutLine: {'line': b'-- Up-to-date: /home/maddy/iris_test_tool/install/iris_interfaces/local/lib/python3.10/dist-packages/iris_interfaces/srv/_disconnect_wifi.py\n'}
[0.910636] (iris_interfaces) StdoutLine: {'line': b'-- Up-to-date: /home/maddy/iris_test_tool/install/iris_interfaces/local/lib/python3.10/dist-packages/iris_interfaces/srv/_state_manager_s.c\n'}
[0.910788] (iris_interfaces) StdoutLine: {'line': b'-- Up-to-date: /home/maddy/iris_test_tool/install/iris_interfaces/local/lib/python3.10/dist-packages/iris_interfaces/srv/_update_motor_controller_parameters_s.c\n'}
[0.910941] (iris_interfaces) StdoutLine: {'line': b'-- Up-to-date: /home/maddy/iris_test_tool/install/iris_interfaces/local/lib/python3.10/dist-packages/iris_interfaces/srv/_process_manager_s.c\n'}
[0.911093] (iris_interfaces) StdoutLine: {'line': b'-- Up-to-date: /home/maddy/iris_test_tool/install/iris_interfaces/local/lib/python3.10/dist-packages/iris_interfaces/srv/_reset_a2_faults.py\n'}
[0.911251] (iris_interfaces) StdoutLine: {'line': b'-- Up-to-date: /home/maddy/iris_test_tool/install/iris_interfaces/local/lib/python3.10/dist-packages/iris_interfaces/srv/_a2_command_s.c\n'}
[0.911405] (iris_interfaces) StdoutLine: {'line': b'-- Up-to-date: /home/maddy/iris_test_tool/install/iris_interfaces/local/lib/python3.10/dist-packages/iris_interfaces/srv/_disconnect_wifi_s.c\n'}
[0.911553] (iris_interfaces) StdoutLine: {'line': b'-- Up-to-date: /home/maddy/iris_test_tool/install/iris_interfaces/local/lib/python3.10/dist-packages/iris_interfaces/srv/__init__.py\n'}
[0.911709] (iris_interfaces) StdoutLine: {'line': b'-- Up-to-date: /home/maddy/iris_test_tool/install/iris_interfaces/local/lib/python3.10/dist-packages/iris_interfaces/srv/_reset_wheel_encoders.py\n'}
[0.911861] (iris_interfaces) StdoutLine: {'line': b'-- Up-to-date: /home/maddy/iris_test_tool/install/iris_interfaces/local/lib/python3.10/dist-packages/iris_interfaces/srv/_a2_command.py\n'}
[0.912013] (iris_interfaces) StdoutLine: {'line': b'-- Up-to-date: /home/maddy/iris_test_tool/install/iris_interfaces/local/lib/python3.10/dist-packages/iris_interfaces/srv/_update_motor_controller_reference_source.py\n'}
[0.912165] (iris_interfaces) StdoutLine: {'line': b'-- Up-to-date: /home/maddy/iris_test_tool/install/iris_interfaces/local/lib/python3.10/dist-packages/iris_interfaces/srv/_state_manager.py\n'}
[0.912315] (iris_interfaces) StdoutLine: {'line': b'-- Up-to-date: /home/maddy/iris_test_tool/install/iris_interfaces/local/lib/python3.10/dist-packages/iris_interfaces/srv/_restart_motor_controller_s.c\n'}
[0.912481] (iris_interfaces) StdoutLine: {'line': b'-- Up-to-date: /home/maddy/iris_test_tool/install/iris_interfaces/local/lib/python3.10/dist-packages/iris_interfaces/srv/_reset_wheel_encoders_s.c\n'}
[0.912639] (iris_interfaces) StdoutLine: {'line': b'-- Up-to-date: /home/maddy/iris_test_tool/install/iris_interfaces/local/lib/python3.10/dist-packages/iris_interfaces/action\n'}
[0.912796] (iris_interfaces) StdoutLine: {'line': b'-- Up-to-date: /home/maddy/iris_test_tool/install/iris_interfaces/local/lib/python3.10/dist-packages/iris_interfaces/action/_compute_path_coverage_s.c\n'}
[0.913135] (iris_interfaces) StdoutLine: {'line': b'-- Up-to-date: /home/maddy/iris_test_tool/install/iris_interfaces/local/lib/python3.10/dist-packages/iris_interfaces/action/_navigate_path_coverage_s.c\n'}
[0.913292] (iris_interfaces) StdoutLine: {'line': b'-- Up-to-date: /home/maddy/iris_test_tool/install/iris_interfaces/local/lib/python3.10/dist-packages/iris_interfaces/action/_navigate_path_coverage.py\n'}
[0.913478] (iris_interfaces) StdoutLine: {'line': b'-- Up-to-date: /home/maddy/iris_test_tool/install/iris_interfaces/local/lib/python3.10/dist-packages/iris_interfaces/action/__init__.py\n'}
[0.913632] (iris_interfaces) StdoutLine: {'line': b'-- Up-to-date: /home/maddy/iris_test_tool/install/iris_interfaces/local/lib/python3.10/dist-packages/iris_interfaces/action/_compute_path_coverage.py\n'}
[0.913791] (iris_interfaces) StdoutLine: {'line': b'-- Up-to-date: /home/maddy/iris_test_tool/install/iris_interfaces/local/lib/python3.10/dist-packages/iris_interfaces/action/_path_coverage_controller_s.c\n'}
[0.914008] (iris_interfaces) StdoutLine: {'line': b'-- Up-to-date: /home/maddy/iris_test_tool/install/iris_interfaces/local/lib/python3.10/dist-packages/iris_interfaces/action/_path_coverage_controller.py\n'}
[0.914172] (iris_interfaces) StdoutLine: {'line': b'-- Up-to-date: /home/maddy/iris_test_tool/install/iris_interfaces/local/lib/python3.10/dist-packages/iris_interfaces/__init__.py\n'}
[0.914328] (iris_interfaces) StdoutLine: {'line': b'-- Up-to-date: /home/maddy/iris_test_tool/install/iris_interfaces/local/lib/python3.10/dist-packages/iris_interfaces/iris_interfaces_s__rosidl_typesupport_c.cpython-310-x86_64-linux-gnu.so\n'}
[0.914483] (iris_interfaces) StdoutLine: {'line': b'-- Up-to-date: /home/maddy/iris_test_tool/install/iris_interfaces/local/lib/python3.10/dist-packages/iris_interfaces/iris_interfaces_s__rosidl_typesupport_introspection_c.cpython-310-x86_64-linux-gnu.so\n'}
[0.914638] (iris_interfaces) StdoutLine: {'line': b'-- Up-to-date: /home/maddy/iris_test_tool/install/iris_interfaces/local/lib/python3.10/dist-packages/iris_interfaces/libiris_interfaces__rosidl_generator_py.so\n'}
[0.914792] (iris_interfaces) StdoutLine: {'line': b'-- Up-to-date: /home/maddy/iris_test_tool/install/iris_interfaces/local/lib/python3.10/dist-packages/iris_interfaces/msg\n'}
[0.914948] (iris_interfaces) StdoutLine: {'line': b'-- Up-to-date: /home/maddy/iris_test_tool/install/iris_interfaces/local/lib/python3.10/dist-packages/iris_interfaces/msg/_water_tank_levels_s.c\n'}
[0.915097] (iris_interfaces) StdoutLine: {'line': b'-- Up-to-date: /home/maddy/iris_test_tool/install/iris_interfaces/local/lib/python3.10/dist-packages/iris_interfaces/msg/_vacuum_status.py\n'}
[0.915252] (iris_interfaces) StdoutLine: {'line': b'-- Up-to-date: /home/maddy/iris_test_tool/install/iris_interfaces/local/lib/python3.10/dist-packages/iris_interfaces/msg/_a2_fault_status_s.c\n'}
[0.915404] (iris_interfaces) StdoutLine: {'line': b'-- Up-to-date: /home/maddy/iris_test_tool/install/iris_interfaces/local/lib/python3.10/dist-packages/iris_interfaces/msg/_wheel_command_speed.py\n'}
[0.915557] (iris_interfaces) StdoutLine: {'line': b'-- Up-to-date: /home/maddy/iris_test_tool/install/iris_interfaces/local/lib/python3.10/dist-packages/iris_interfaces/msg/_headband_mode.py\n'}
[0.915708] (iris_interfaces) StdoutLine: {'line': b'-- Up-to-date: /home/maddy/iris_test_tool/install/iris_interfaces/local/lib/python3.10/dist-packages/iris_interfaces/msg/_motor_status.py\n'}
[0.915862] (iris_interfaces) StdoutLine: {'line': b'-- Up-to-date: /home/maddy/iris_test_tool/install/iris_interfaces/local/lib/python3.10/dist-packages/iris_interfaces/msg/_a2_functional_status_s.c\n'}
[0.916013] (iris_interfaces) StdoutLine: {'line': b'-- Up-to-date: /home/maddy/iris_test_tool/install/iris_interfaces/local/lib/python3.10/dist-packages/iris_interfaces/msg/_system_software_status_s.c\n'}
[0.916165] (iris_interfaces) StdoutLine: {'line': b'-- Up-to-date: /home/maddy/iris_test_tool/install/iris_interfaces/local/lib/python3.10/dist-packages/iris_interfaces/msg/_mender_client_status_s.c\n'}
[0.916319] (iris_interfaces) StdoutLine: {'line': b'-- Up-to-date: /home/maddy/iris_test_tool/install/iris_interfaces/local/lib/python3.10/dist-packages/iris_interfaces/msg/_sensor_status.py\n'}
[0.916475] (iris_interfaces) StdoutLine: {'line': b'-- Up-to-date: /home/maddy/iris_test_tool/install/iris_interfaces/local/lib/python3.10/dist-packages/iris_interfaces/msg/_motor_controller_status.py\n'}
[0.916625] (iris_interfaces) StdoutLine: {'line': b'-- Up-to-date: /home/maddy/iris_test_tool/install/iris_interfaces/local/lib/python3.10/dist-packages/iris_interfaces/msg/_headband_mode_s.c\n'}
[0.916783] (iris_interfaces) StdoutLine: {'line': b'-- Up-to-date: /home/maddy/iris_test_tool/install/iris_interfaces/local/lib/python3.10/dist-packages/iris_interfaces/msg/_wheel_encoders.py\n'}
[0.916949] (iris_interfaces) StdoutLine: {'line': b'-- Up-to-date: /home/maddy/iris_test_tool/install/iris_interfaces/local/lib/python3.10/dist-packages/iris_interfaces/msg/_a5_status.py\n'}
[0.917110] (iris_interfaces) StdoutLine: {'line': b'-- Up-to-date: /home/maddy/iris_test_tool/install/iris_interfaces/local/lib/python3.10/dist-packages/iris_interfaces/msg/_ultrasonic_ranges_s.c\n'}
[0.917267] (iris_interfaces) StdoutLine: {'line': b'-- Up-to-date: /home/maddy/iris_test_tool/install/iris_interfaces/local/lib/python3.10/dist-packages/iris_interfaces/msg/_led_control_s.c\n'}
[0.917420] (iris_interfaces) StdoutLine: {'line': b'-- Up-to-date: /home/maddy/iris_test_tool/install/iris_interfaces/local/lib/python3.10/dist-packages/iris_interfaces/msg/_motor_controller_status_s.c\n'}
[0.917586] (iris_interfaces) StdoutLine: {'line': b'-- Up-to-date: /home/maddy/iris_test_tool/install/iris_interfaces/local/lib/python3.10/dist-packages/iris_interfaces/msg/_brush_status_s.c\n'}
[0.917738] (iris_interfaces) StdoutLine: {'line': b'-- Up-to-date: /home/maddy/iris_test_tool/install/iris_interfaces/local/lib/python3.10/dist-packages/iris_interfaces/msg/_ultrasonic_ranges.py\n'}
[0.917923] (iris_interfaces) StdoutLine: {'line': b'-- Up-to-date: /home/maddy/iris_test_tool/install/iris_interfaces/local/lib/python3.10/dist-packages/iris_interfaces/msg/_a2_command_s.c\n'}
[0.918128] (iris_interfaces) StdoutLine: {'line': b'-- Up-to-date: /home/maddy/iris_test_tool/install/iris_interfaces/local/lib/python3.10/dist-packages/iris_interfaces/msg/_ota_status.py\n'}
[0.918290] (iris_interfaces) StdoutLine: {'line': b'-- Up-to-date: /home/maddy/iris_test_tool/install/iris_interfaces/local/lib/python3.10/dist-packages/iris_interfaces/msg/_vacuum_faults.py\n'}
[0.918447] (iris_interfaces) StdoutLine: {'line': b'-- Up-to-date: /home/maddy/iris_test_tool/install/iris_interfaces/local/lib/python3.10/dist-packages/iris_interfaces/msg/_a2_functional_status.py\n'}
[0.918596] (iris_interfaces) StdoutLine: {'line': b'-- Up-to-date: /home/maddy/iris_test_tool/install/iris_interfaces/local/lib/python3.10/dist-packages/iris_interfaces/msg/_actuator_status.py\n'}
[0.918750] (iris_interfaces) StdoutLine: {'line': b'-- Up-to-date: /home/maddy/iris_test_tool/install/iris_interfaces/local/lib/python3.10/dist-packages/iris_interfaces/msg/_follow_path_result.py\n'}
[0.918902] (iris_interfaces) StdoutLine: {'line': b'-- Up-to-date: /home/maddy/iris_test_tool/install/iris_interfaces/local/lib/python3.10/dist-packages/iris_interfaces/msg/_motor_status_s.c\n'}
[0.919057] (iris_interfaces) StdoutLine: {'line': b'-- Up-to-date: /home/maddy/iris_test_tool/install/iris_interfaces/local/lib/python3.10/dist-packages/iris_interfaces/msg/_vacuum_faults_s.c\n'}
[0.919206] (iris_interfaces) StdoutLine: {'line': b'-- Up-to-date: /home/maddy/iris_test_tool/install/iris_interfaces/local/lib/python3.10/dist-packages/iris_interfaces/msg/_wheel_command_speed_s.c\n'}
[0.919360] (iris_interfaces) StdoutLine: {'line': b'-- Up-to-date: /home/maddy/iris_test_tool/install/iris_interfaces/local/lib/python3.10/dist-packages/iris_interfaces/msg/_brush_faults_s.c\n'}
[0.919516] (iris_interfaces) StdoutLine: {'line': b'-- Up-to-date: /home/maddy/iris_test_tool/install/iris_interfaces/local/lib/python3.10/dist-packages/iris_interfaces/msg/__init__.py\n'}
[0.919666] (iris_interfaces) StdoutLine: {'line': b'-- Up-to-date: /home/maddy/iris_test_tool/install/iris_interfaces/local/lib/python3.10/dist-packages/iris_interfaces/msg/_wheel_encoders_s.c\n'}
[0.919860] (iris_interfaces) StdoutLine: {'line': b'-- Up-to-date: /home/maddy/iris_test_tool/install/iris_interfaces/local/lib/python3.10/dist-packages/iris_interfaces/msg/_follow_path_result_s.c\n'}
[0.920057] (iris_interfaces) StdoutLine: {'line': b'-- Up-to-date: /home/maddy/iris_test_tool/install/iris_interfaces/local/lib/python3.10/dist-packages/iris_interfaces/msg/_sensor_status_s.c\n'}
[0.920229] (iris_interfaces) StdoutLine: {'line': b'-- Up-to-date: /home/maddy/iris_test_tool/install/iris_interfaces/local/lib/python3.10/dist-packages/iris_interfaces/msg/_a2_command.py\n'}
[0.920333] (iris_interfaces) StdoutLine: {'line': b'-- Up-to-date: /home/maddy/iris_test_tool/install/iris_interfaces/local/lib/python3.10/dist-packages/iris_interfaces/msg/_navigation_mode_s.c\n'}
[0.920444] (iris_interfaces) StdoutLine: {'line': b'-- Up-to-date: /home/maddy/iris_test_tool/install/iris_interfaces/local/lib/python3.10/dist-packages/iris_interfaces/msg/_water_tank_levels.py\n'}
[0.920544] (iris_interfaces) StdoutLine: {'line': b'-- Up-to-date: /home/maddy/iris_test_tool/install/iris_interfaces/local/lib/python3.10/dist-packages/iris_interfaces/msg/_ota_status_s.c\n'}
[0.920643] (iris_interfaces) StdoutLine: {'line': b'-- Up-to-date: /home/maddy/iris_test_tool/install/iris_interfaces/local/lib/python3.10/dist-packages/iris_interfaces/msg/_vacuum_status_s.c\n'}
[0.920743] (iris_interfaces) StdoutLine: {'line': b'-- Up-to-date: /home/maddy/iris_test_tool/install/iris_interfaces/local/lib/python3.10/dist-packages/iris_interfaces/msg/_led_control.py\n'}
[0.920842] (iris_interfaces) StdoutLine: {'line': b'-- Up-to-date: /home/maddy/iris_test_tool/install/iris_interfaces/local/lib/python3.10/dist-packages/iris_interfaces/msg/_navigation_mode.py\n'}
[0.920941] (iris_interfaces) StdoutLine: {'line': b'-- Up-to-date: /home/maddy/iris_test_tool/install/iris_interfaces/local/lib/python3.10/dist-packages/iris_interfaces/msg/_mender_client_status.py\n'}
[0.921042] (iris_interfaces) StdoutLine: {'line': b'-- Up-to-date: /home/maddy/iris_test_tool/install/iris_interfaces/local/lib/python3.10/dist-packages/iris_interfaces/msg/_a2_fault_status.py\n'}
[0.921159] (iris_interfaces) StdoutLine: {'line': b'-- Up-to-date: /home/maddy/iris_test_tool/install/iris_interfaces/local/lib/python3.10/dist-packages/iris_interfaces/msg/_actuator_status_s.c\n'}
[0.921354] (iris_interfaces) StdoutLine: {'line': b'-- Up-to-date: /home/maddy/iris_test_tool/install/iris_interfaces/local/lib/python3.10/dist-packages/iris_interfaces/msg/_a5_status_s.c\n'}
[0.921543] (iris_interfaces) StdoutLine: {'line': b'-- Up-to-date: /home/maddy/iris_test_tool/install/iris_interfaces/local/lib/python3.10/dist-packages/iris_interfaces/msg/_brush_faults.py\n'}
[0.921722] (iris_interfaces) StdoutLine: {'line': b'-- Up-to-date: /home/maddy/iris_test_tool/install/iris_interfaces/local/lib/python3.10/dist-packages/iris_interfaces/msg/_brush_status.py\n'}
[0.921945] (iris_interfaces) StdoutLine: {'line': b'-- Up-to-date: /home/maddy/iris_test_tool/install/iris_interfaces/local/lib/python3.10/dist-packages/iris_interfaces/msg/_system_software_status.py\n'}
[0.922331] (iris_interfaces) StdoutLine: {'line': b'-- Up-to-date: /home/maddy/iris_test_tool/install/iris_interfaces/local/lib/python3.10/dist-packages/iris_interfaces/_iris_interfaces_s.ep.rosidl_typesupport_c.c\n'}
[0.922522] (iris_interfaces) StdoutLine: {'line': b'-- Up-to-date: /home/maddy/iris_test_tool/install/iris_interfaces/local/lib/python3.10/dist-packages/iris_interfaces/_iris_interfaces_s.ep.rosidl_typesupport_introspection_c.c\n'}
[0.922872] (iris_interfaces) StdoutLine: {'line': b'-- Up-to-date: /home/maddy/iris_test_tool/install/iris_interfaces/local/lib/python3.10/dist-packages/iris_interfaces/iris_interfaces_s__rosidl_typesupport_fastrtps_c.cpython-310-x86_64-linux-gnu.so\n'}
[0.923285] (iris_interfaces) StdoutLine: {'line': b"Listing '/home/maddy/iris_test_tool/install/iris_interfaces/local/lib/python3.10/dist-packages/iris_interfaces'...\n"}
[0.923609] (iris_interfaces) StdoutLine: {'line': b"Listing '/home/maddy/iris_test_tool/install/iris_interfaces/local/lib/python3.10/dist-packages/iris_interfaces/action'...\n"}
[0.923911] (iris_interfaces) StdoutLine: {'line': b"Listing '/home/maddy/iris_test_tool/install/iris_interfaces/local/lib/python3.10/dist-packages/iris_interfaces/msg'...\n"}
[0.924236] (iris_interfaces) StdoutLine: {'line': b"Listing '/home/maddy/iris_test_tool/install/iris_interfaces/local/lib/python3.10/dist-packages/iris_interfaces/srv'...\n"}
[0.924526] (iris_interfaces) StdoutLine: {'line': b'-- Up-to-date: /home/maddy/iris_test_tool/install/iris_interfaces/local/lib/python3.10/dist-packages/iris_interfaces/iris_interfaces_s__rosidl_typesupport_fastrtps_c.cpython-310-x86_64-linux-gnu.so\n'}
[0.924988] (iris_interfaces) StdoutLine: {'line': b'-- Up-to-date: /home/maddy/iris_test_tool/install/iris_interfaces/local/lib/python3.10/dist-packages/iris_interfaces/iris_interfaces_s__rosidl_typesupport_introspection_c.cpython-310-x86_64-linux-gnu.so\n'}
[0.925279] (iris_interfaces) StdoutLine: {'line': b'-- Up-to-date: /home/maddy/iris_test_tool/install/iris_interfaces/local/lib/python3.10/dist-packages/iris_interfaces/iris_interfaces_s__rosidl_typesupport_c.cpython-310-x86_64-linux-gnu.so\n'}
[0.925589] (iris_interfaces) StdoutLine: {'line': b'-- Up-to-date: /home/maddy/iris_test_tool/install/iris_interfaces/lib/libiris_interfaces__rosidl_generator_py.so\n'}
[0.925833] (iris_interfaces) StdoutLine: {'line': b'-- Up-to-date: /home/maddy/iris_test_tool/install/iris_interfaces/share/iris_interfaces/msg/WheelCommandSpeed.idl\n'}
[0.926170] (iris_interfaces) StdoutLine: {'line': b'-- Up-to-date: /home/maddy/iris_test_tool/install/iris_interfaces/share/iris_interfaces/msg/WheelEncoders.idl\n'}
[0.926277] (iris_interfaces) StdoutLine: {'line': b'-- Up-to-date: /home/maddy/iris_test_tool/install/iris_interfaces/share/iris_interfaces/msg/SensorStatus.idl\n'}
[0.926378] (iris_interfaces) StdoutLine: {'line': b'-- Up-to-date: /home/maddy/iris_test_tool/install/iris_interfaces/share/iris_interfaces/msg/MotorStatus.idl\n'}
[0.926479] (iris_interfaces) StdoutLine: {'line': b'-- Up-to-date: /home/maddy/iris_test_tool/install/iris_interfaces/share/iris_interfaces/msg/MotorControllerStatus.idl\n'}
[0.926606] (iris_interfaces) StdoutLine: {'line': b'-- Up-to-date: /home/maddy/iris_test_tool/install/iris_interfaces/share/iris_interfaces/msg/UltrasonicRanges.idl\n'}
[0.926799] (iris_interfaces) StdoutLine: {'line': b'-- Up-to-date: /home/maddy/iris_test_tool/install/iris_interfaces/share/iris_interfaces/msg/WaterTankLevels.idl\n'}
[0.926993] (iris_interfaces) StdoutLine: {'line': b'-- Up-to-date: /home/maddy/iris_test_tool/install/iris_interfaces/share/iris_interfaces/msg/HeadbandMode.idl\n'}
[0.927500] (iris_interfaces) StdoutLine: {'line': b'-- Up-to-date: /home/maddy/iris_test_tool/install/iris_interfaces/share/iris_interfaces/msg/NavigationMode.idl\n'}
[0.927810] (iris_interfaces) StdoutLine: {'line': b'-- Up-to-date: /home/maddy/iris_test_tool/install/iris_interfaces/share/iris_interfaces/msg/FollowPathResult.idl\n'}
[0.928150] (iris_interfaces) StdoutLine: {'line': b'-- Up-to-date: /home/maddy/iris_test_tool/install/iris_interfaces/share/iris_interfaces/msg/OTAStatus.idl\n'}
[0.928473] (iris_interfaces) StdoutLine: {'line': b'-- Up-to-date: /home/maddy/iris_test_tool/install/iris_interfaces/share/iris_interfaces/msg/SystemSoftwareStatus.idl\n'}
[0.928781] (iris_interfaces) StdoutLine: {'line': b'-- Up-to-date: /home/maddy/iris_test_tool/install/iris_interfaces/share/iris_interfaces/msg/MenderClientStatus.idl\n'}
[0.929086] (iris_interfaces) StdoutLine: {'line': b'-- Up-to-date: /home/maddy/iris_test_tool/install/iris_interfaces/share/iris_interfaces/msg/A5Status.idl\n'}
[0.929394] (iris_interfaces) StdoutLine: {'line': b'-- Up-to-date: /home/maddy/iris_test_tool/install/iris_interfaces/share/iris_interfaces/msg/LedControl.idl\n'}
[0.929658] (iris_interfaces) StdoutLine: {'line': b'-- Up-to-date: /home/maddy/iris_test_tool/install/iris_interfaces/share/iris_interfaces/msg/A2FunctionalStatus.idl\n'}
[0.929995] (iris_interfaces) StdoutLine: {'line': b'-- Up-to-date: /home/maddy/iris_test_tool/install/iris_interfaces/share/iris_interfaces/msg/A2Command.idl\n'}
[0.930572] (iris_interfaces) StdoutLine: {'line': b'-- Up-to-date: /home/maddy/iris_test_tool/install/iris_interfaces/share/iris_interfaces/msg/VacuumStatus.idl\n'}
[0.930880] (iris_interfaces) StdoutLine: {'line': b'-- Up-to-date: /home/maddy/iris_test_tool/install/iris_interfaces/share/iris_interfaces/msg/VacuumFaults.idl\n'}
[0.931173] (iris_interfaces) StdoutLine: {'line': b'-- Up-to-date: /home/maddy/iris_test_tool/install/iris_interfaces/share/iris_interfaces/msg/BrushStatus.idl\n'}
[0.931831] (iris_interfaces) StdoutLine: {'line': b'-- Up-to-date: /home/maddy/iris_test_tool/install/iris_interfaces/share/iris_interfaces/msg/BrushFaults.idl\n'}
[0.932164] (iris_interfaces) StdoutLine: {'line': b'-- Up-to-date: /home/maddy/iris_test_tool/install/iris_interfaces/share/iris_interfaces/msg/A2FaultStatus.idl\n'}
[0.932466] (iris_interfaces) StdoutLine: {'line': b'-- Up-to-date: /home/maddy/iris_test_tool/install/iris_interfaces/share/iris_interfaces/msg/ActuatorStatus.idl\n'}
[0.932787] (iris_interfaces) StdoutLine: {'line': b'-- Up-to-date: /home/maddy/iris_test_tool/install/iris_interfaces/share/iris_interfaces/srv/UpdateMotorControllerParameters.idl\n'}
[0.933048] (iris_interfaces) StdoutLine: {'line': b'-- Up-to-date: /home/maddy/iris_test_tool/install/iris_interfaces/share/iris_interfaces/srv/RestartMotorController.idl\n'}
[0.933377] (iris_interfaces) StdoutLine: {'line': b'-- Up-to-date: /home/maddy/iris_test_tool/install/iris_interfaces/share/iris_interfaces/srv/GetWifiStatus.idl\n'}
[0.933671] (iris_interfaces) StdoutLine: {'line': b'-- Up-to-date: /home/maddy/iris_test_tool/install/iris_interfaces/share/iris_interfaces/srv/WifiDiscovery.idl\n'}
[0.934204] (iris_interfaces) StdoutLine: {'line': b'-- Up-to-date: /home/maddy/iris_test_tool/install/iris_interfaces/share/iris_interfaces/srv/ConnectWifi.idl\n'}
[0.934606] (iris_interfaces) StdoutLine: {'line': b'-- Up-to-date: /home/maddy/iris_test_tool/install/iris_interfaces/share/iris_interfaces/srv/DisconnectWifi.idl\n'}
[0.934877] (iris_interfaces) StdoutLine: {'line': b'-- Up-to-date: /home/maddy/iris_test_tool/install/iris_interfaces/share/iris_interfaces/srv/ProcessManager.idl\n'}
[0.935121] (iris_interfaces) StdoutLine: {'line': b'-- Up-to-date: /home/maddy/iris_test_tool/install/iris_interfaces/share/iris_interfaces/srv/StateManager.idl\n'}
[0.935448] (iris_interfaces) StdoutLine: {'line': b'-- Up-to-date: /home/maddy/iris_test_tool/install/iris_interfaces/share/iris_interfaces/srv/ResetWheelEncoders.idl\n'}
[0.935962] (iris_interfaces) StdoutLine: {'line': b'-- Up-to-date: /home/maddy/iris_test_tool/install/iris_interfaces/share/iris_interfaces/srv/UpdateMotorControllerReferenceSource.idl\n'}
[0.936242] (iris_interfaces) StdoutLine: {'line': b'-- Up-to-date: /home/maddy/iris_test_tool/install/iris_interfaces/share/iris_interfaces/srv/A2Command.idl\n'}
[0.936551] (iris_interfaces) StdoutLine: {'line': b'-- Up-to-date: /home/maddy/iris_test_tool/install/iris_interfaces/share/iris_interfaces/srv/ResetA2Faults.idl\n'}
[0.936853] (iris_interfaces) StdoutLine: {'line': b'-- Up-to-date: /home/maddy/iris_test_tool/install/iris_interfaces/share/iris_interfaces/action/ComputePathCoverage.idl\n'}
[0.937154] (iris_interfaces) StdoutLine: {'line': b'-- Up-to-date: /home/maddy/iris_test_tool/install/iris_interfaces/share/iris_interfaces/action/NavigatePathCoverage.idl\n'}
[0.937465] (iris_interfaces) StdoutLine: {'line': b'-- Up-to-date: /home/maddy/iris_test_tool/install/iris_interfaces/share/iris_interfaces/action/PathCoverageController.idl\n'}
[0.937769] (iris_interfaces) StdoutLine: {'line': b'-- Up-to-date: /home/maddy/iris_test_tool/install/iris_interfaces/share/iris_interfaces/msg/WheelCommandSpeed.msg\n'}
[0.938126] (iris_interfaces) StdoutLine: {'line': b'-- Up-to-date: /home/maddy/iris_test_tool/install/iris_interfaces/share/iris_interfaces/msg/WheelEncoders.msg\n'}
[0.938439] (iris_interfaces) StdoutLine: {'line': b'-- Up-to-date: /home/maddy/iris_test_tool/install/iris_interfaces/share/iris_interfaces/msg/SensorStatus.msg\n'}
[0.938746] (iris_interfaces) StdoutLine: {'line': b'-- Up-to-date: /home/maddy/iris_test_tool/install/iris_interfaces/share/iris_interfaces/msg/MotorStatus.msg\n'}
[0.939055] (iris_interfaces) StdoutLine: {'line': b'-- Up-to-date: /home/maddy/iris_test_tool/install/iris_interfaces/share/iris_interfaces/msg/MotorControllerStatus.msg\n'}
[0.939362] (iris_interfaces) StdoutLine: {'line': b'-- Up-to-date: /home/maddy/iris_test_tool/install/iris_interfaces/share/iris_interfaces/msg/UltrasonicRanges.msg\n'}
[0.939669] (iris_interfaces) StdoutLine: {'line': b'-- Up-to-date: /home/maddy/iris_test_tool/install/iris_interfaces/share/iris_interfaces/msg/WaterTankLevels.msg\n'}
[0.940123] (iris_interfaces) StdoutLine: {'line': b'-- Up-to-date: /home/maddy/iris_test_tool/install/iris_interfaces/share/iris_interfaces/msg/HeadbandMode.msg\n'}
[0.940387] (iris_interfaces) StdoutLine: {'line': b'-- Up-to-date: /home/maddy/iris_test_tool/install/iris_interfaces/share/iris_interfaces/msg/NavigationMode.msg\n'}
[0.940676] (iris_interfaces) StdoutLine: {'line': b'-- Up-to-date: /home/maddy/iris_test_tool/install/iris_interfaces/share/iris_interfaces/msg/FollowPathResult.msg\n'}
[0.940982] (iris_interfaces) StdoutLine: {'line': b'-- Up-to-date: /home/maddy/iris_test_tool/install/iris_interfaces/share/iris_interfaces/msg/OTAStatus.msg\n'}
[0.941291] (iris_interfaces) StdoutLine: {'line': b'-- Up-to-date: /home/maddy/iris_test_tool/install/iris_interfaces/share/iris_interfaces/msg/SystemSoftwareStatus.msg\n'}
[0.941596] (iris_interfaces) StdoutLine: {'line': b'-- Up-to-date: /home/maddy/iris_test_tool/install/iris_interfaces/share/iris_interfaces/msg/MenderClientStatus.msg\n'}
[0.941916] (iris_interfaces) StdoutLine: {'line': b'-- Up-to-date: /home/maddy/iris_test_tool/install/iris_interfaces/share/iris_interfaces/msg/A5Status.msg\n'}
[0.942306] (iris_interfaces) StdoutLine: {'line': b'-- Up-to-date: /home/maddy/iris_test_tool/install/iris_interfaces/share/iris_interfaces/msg/LedControl.msg\n'}
[0.942568] (iris_interfaces) StdoutLine: {'line': b'-- Up-to-date: /home/maddy/iris_test_tool/install/iris_interfaces/share/iris_interfaces/msg/A2FunctionalStatus.msg\n'}
[0.942899] (iris_interfaces) StdoutLine: {'line': b'-- Up-to-date: /home/maddy/iris_test_tool/install/iris_interfaces/share/iris_interfaces/msg/A2Command.msg\n'}
[0.943135] (iris_interfaces) StdoutLine: {'line': b'-- Up-to-date: /home/maddy/iris_test_tool/install/iris_interfaces/share/iris_interfaces/msg/VacuumStatus.msg\n'}
[0.943344] (iris_interfaces) StdoutLine: {'line': b'-- Up-to-date: /home/maddy/iris_test_tool/install/iris_interfaces/share/iris_interfaces/msg/VacuumFaults.msg\n'}
[0.943503] (iris_interfaces) StdoutLine: {'line': b'-- Up-to-date: /home/maddy/iris_test_tool/install/iris_interfaces/share/iris_interfaces/msg/BrushStatus.msg\n'}
[0.943866] (iris_interfaces) StdoutLine: {'line': b'-- Up-to-date: /home/maddy/iris_test_tool/install/iris_interfaces/share/iris_interfaces/msg/BrushFaults.msg\n'}
[0.944127] (iris_interfaces) StdoutLine: {'line': b'-- Up-to-date: /home/maddy/iris_test_tool/install/iris_interfaces/share/iris_interfaces/msg/A2FaultStatus.msg\n'}
[0.944366] (iris_interfaces) StdoutLine: {'line': b'-- Up-to-date: /home/maddy/iris_test_tool/install/iris_interfaces/share/iris_interfaces/msg/ActuatorStatus.msg\n'}
[0.944540] (iris_interfaces) StdoutLine: {'line': b'-- Up-to-date: /home/maddy/iris_test_tool/install/iris_interfaces/share/iris_interfaces/srv/UpdateMotorControllerParameters.srv\n'}
[0.944843] (iris_interfaces) StdoutLine: {'line': b'-- Up-to-date: /home/maddy/iris_test_tool/install/iris_interfaces/share/iris_interfaces/srv/UpdateMotorControllerParameters_Request.msg\n'}
[0.945127] (iris_interfaces) StdoutLine: {'line': b'-- Up-to-date: /home/maddy/iris_test_tool/install/iris_interfaces/share/iris_interfaces/srv/UpdateMotorControllerParameters_Response.msg\n'}
[0.945419] (iris_interfaces) StdoutLine: {'line': b'-- Up-to-date: /home/maddy/iris_test_tool/install/iris_interfaces/share/iris_interfaces/srv/RestartMotorController.srv\n'}
[0.945666] (iris_interfaces) StdoutLine: {'line': b'-- Up-to-date: /home/maddy/iris_test_tool/install/iris_interfaces/share/iris_interfaces/srv/RestartMotorController_Request.msg\n'}
[0.945991] (iris_interfaces) StdoutLine: {'line': b'-- Up-to-date: /home/maddy/iris_test_tool/install/iris_interfaces/share/iris_interfaces/srv/RestartMotorController_Response.msg\n'}
[0.946306] (iris_interfaces) StdoutLine: {'line': b'-- Up-to-date: /home/maddy/iris_test_tool/install/iris_interfaces/share/iris_interfaces/srv/GetWifiStatus.srv\n'}
[0.946725] (iris_interfaces) StdoutLine: {'line': b'-- Up-to-date: /home/maddy/iris_test_tool/install/iris_interfaces/share/iris_interfaces/srv/GetWifiStatus_Request.msg\n'}
[0.947056] (iris_interfaces) StdoutLine: {'line': b'-- Up-to-date: /home/maddy/iris_test_tool/install/iris_interfaces/share/iris_interfaces/srv/GetWifiStatus_Response.msg\n'}
[0.947400] (iris_interfaces) StdoutLine: {'line': b'-- Up-to-date: /home/maddy/iris_test_tool/install/iris_interfaces/share/iris_interfaces/srv/WifiDiscovery.srv\n'}
[0.947736] (iris_interfaces) StdoutLine: {'line': b'-- Up-to-date: /home/maddy/iris_test_tool/install/iris_interfaces/share/iris_interfaces/srv/WifiDiscovery_Request.msg\n'}
[0.948074] (iris_interfaces) StdoutLine: {'line': b'-- Up-to-date: /home/maddy/iris_test_tool/install/iris_interfaces/share/iris_interfaces/srv/WifiDiscovery_Response.msg\n'}
[0.948345] (iris_interfaces) StdoutLine: {'line': b'-- Up-to-date: /home/maddy/iris_test_tool/install/iris_interfaces/share/iris_interfaces/srv/ConnectWifi.srv\n'}
[0.948538] (iris_interfaces) StdoutLine: {'line': b'-- Up-to-date: /home/maddy/iris_test_tool/install/iris_interfaces/share/iris_interfaces/srv/ConnectWifi_Request.msg\n'}
[0.948721] (iris_interfaces) StdoutLine: {'line': b'-- Up-to-date: /home/maddy/iris_test_tool/install/iris_interfaces/share/iris_interfaces/srv/ConnectWifi_Response.msg\n'}
[0.948908] (iris_interfaces) StdoutLine: {'line': b'-- Up-to-date: /home/maddy/iris_test_tool/install/iris_interfaces/share/iris_interfaces/srv/DisconnectWifi.srv\n'}
[0.949106] (iris_interfaces) StdoutLine: {'line': b'-- Up-to-date: /home/maddy/iris_test_tool/install/iris_interfaces/share/iris_interfaces/srv/DisconnectWifi_Request.msg\n'}
[0.949289] (iris_interfaces) StdoutLine: {'line': b'-- Up-to-date: /home/maddy/iris_test_tool/install/iris_interfaces/share/iris_interfaces/srv/DisconnectWifi_Response.msg\n'}
[0.949908] (iris_interfaces) StdoutLine: {'line': b'-- Up-to-date: /home/maddy/iris_test_tool/install/iris_interfaces/share/iris_interfaces/srv/ProcessManager.srv\n'}
[0.950158] (iris_interfaces) StdoutLine: {'line': b'-- Up-to-date: /home/maddy/iris_test_tool/install/iris_interfaces/share/iris_interfaces/srv/ProcessManager_Request.msg\n'}
[0.950521] (iris_interfaces) StdoutLine: {'line': b'-- Up-to-date: /home/maddy/iris_test_tool/install/iris_interfaces/share/iris_interfaces/srv/ProcessManager_Response.msg\n'}
[0.950865] (iris_interfaces) StdoutLine: {'line': b'-- Up-to-date: /home/maddy/iris_test_tool/install/iris_interfaces/share/iris_interfaces/srv/StateManager.srv\n'}
[0.951257] (iris_interfaces) StdoutLine: {'line': b'-- Up-to-date: /home/maddy/iris_test_tool/install/iris_interfaces/share/iris_interfaces/srv/StateManager_Request.msg\n'}
[0.951603] (iris_interfaces) StdoutLine: {'line': b'-- Up-to-date: /home/maddy/iris_test_tool/install/iris_interfaces/share/iris_interfaces/srv/StateManager_Response.msg\n'}
[0.951955] (iris_interfaces) StdoutLine: {'line': b'-- Up-to-date: /home/maddy/iris_test_tool/install/iris_interfaces/share/iris_interfaces/srv/ResetWheelEncoders.srv\n'}
[0.952270] (iris_interfaces) StdoutLine: {'line': b'-- Up-to-date: /home/maddy/iris_test_tool/install/iris_interfaces/share/iris_interfaces/srv/ResetWheelEncoders_Request.msg\n'}
[0.953099] (iris_interfaces) StdoutLine: {'line': b'-- Up-to-date: /home/maddy/iris_test_tool/install/iris_interfaces/share/iris_interfaces/srv/ResetWheelEncoders_Response.msg\n'}
[0.953484] (iris_interfaces) StdoutLine: {'line': b'-- Up-to-date: /home/maddy/iris_test_tool/install/iris_interfaces/share/iris_interfaces/srv/UpdateMotorControllerReferenceSource.srv\n'}
[0.953813] (iris_interfaces) StdoutLine: {'line': b'-- Up-to-date: /home/maddy/iris_test_tool/install/iris_interfaces/share/iris_interfaces/srv/UpdateMotorControllerReferenceSource_Request.msg\n'}
[0.954191] (iris_interfaces) StdoutLine: {'line': b'-- Up-to-date: /home/maddy/iris_test_tool/install/iris_interfaces/share/iris_interfaces/srv/UpdateMotorControllerReferenceSource_Response.msg\n'}
[0.954650] (iris_interfaces) StdoutLine: {'line': b'-- Up-to-date: /home/maddy/iris_test_tool/install/iris_interfaces/share/iris_interfaces/srv/A2Command.srv\n'}
[0.954903] (iris_interfaces) StdoutLine: {'line': b'-- Up-to-date: /home/maddy/iris_test_tool/install/iris_interfaces/share/iris_interfaces/srv/A2Command_Request.msg\n'}
[0.955028] (iris_interfaces) StdoutLine: {'line': b'-- Up-to-date: /home/maddy/iris_test_tool/install/iris_interfaces/share/iris_interfaces/srv/A2Command_Response.msg\n'}
[0.955324] (iris_interfaces) StdoutLine: {'line': b'-- Up-to-date: /home/maddy/iris_test_tool/install/iris_interfaces/share/iris_interfaces/srv/ResetA2Faults.srv\n'}
[0.955643] (iris_interfaces) StdoutLine: {'line': b'-- Up-to-date: /home/maddy/iris_test_tool/install/iris_interfaces/share/iris_interfaces/srv/ResetA2Faults_Request.msg\n'}
[0.956039] (iris_interfaces) StdoutLine: {'line': b'-- Up-to-date: /home/maddy/iris_test_tool/install/iris_interfaces/share/iris_interfaces/srv/ResetA2Faults_Response.msg\n'}
[0.956368] (iris_interfaces) StdoutLine: {'line': b'-- Up-to-date: /home/maddy/iris_test_tool/install/iris_interfaces/share/iris_interfaces/action/ComputePathCoverage.action\n'}
[0.956676] (iris_interfaces) StdoutLine: {'line': b'-- Up-to-date: /home/maddy/iris_test_tool/install/iris_interfaces/share/iris_interfaces/action/NavigatePathCoverage.action\n'}
[0.956996] (iris_interfaces) StdoutLine: {'line': b'-- Up-to-date: /home/maddy/iris_test_tool/install/iris_interfaces/share/iris_interfaces/action/PathCoverageController.action\n'}
[0.957410] (iris_interfaces) StdoutLine: {'line': b'-- Up-to-date: /home/maddy/iris_test_tool/install/iris_interfaces/share/ament_index/resource_index/package_run_dependencies/iris_interfaces\n'}
[0.957664] (iris_interfaces) StdoutLine: {'line': b'-- Up-to-date: /home/maddy/iris_test_tool/install/iris_interfaces/share/ament_index/resource_index/parent_prefix_path/iris_interfaces\n'}
[0.958132] (iris_interfaces) StdoutLine: {'line': b'-- Up-to-date: /home/maddy/iris_test_tool/install/iris_interfaces/share/iris_interfaces/environment/ament_prefix_path.sh\n'}
[0.958260] (iris_interfaces) StdoutLine: {'line': b'-- Up-to-date: /home/maddy/iris_test_tool/install/iris_interfaces/share/iris_interfaces/environment/ament_prefix_path.dsv\n'}
[0.958365] (iris_interfaces) StdoutLine: {'line': b'-- Up-to-date: /home/maddy/iris_test_tool/install/iris_interfaces/share/iris_interfaces/environment/path.sh\n'}
[0.958487] (iris_interfaces) StdoutLine: {'line': b'-- Up-to-date: /home/maddy/iris_test_tool/install/iris_interfaces/share/iris_interfaces/environment/path.dsv\n'}
[0.958755] (iris_interfaces) StdoutLine: {'line': b'-- Up-to-date: /home/maddy/iris_test_tool/install/iris_interfaces/share/iris_interfaces/local_setup.bash\n'}
[0.959036] (iris_interfaces) StdoutLine: {'line': b'-- Up-to-date: /home/maddy/iris_test_tool/install/iris_interfaces/share/iris_interfaces/local_setup.sh\n'}
[0.959328] (iris_interfaces) StdoutLine: {'line': b'-- Up-to-date: /home/maddy/iris_test_tool/install/iris_interfaces/share/iris_interfaces/local_setup.zsh\n'}
[0.959599] (iris_interfaces) StdoutLine: {'line': b'-- Up-to-date: /home/maddy/iris_test_tool/install/iris_interfaces/share/iris_interfaces/local_setup.dsv\n'}
[0.959894] (iris_interfaces) StdoutLine: {'line': b'-- Installing: /home/maddy/iris_test_tool/install/iris_interfaces/share/iris_interfaces/package.dsv\n'}
[0.960172] (iris_interfaces) StdoutLine: {'line': b'-- Up-to-date: /home/maddy/iris_test_tool/install/iris_interfaces/share/ament_index/resource_index/packages/iris_interfaces\n'}
[0.960462] (iris_interfaces) StdoutLine: {'line': b'-- Up-to-date: /home/maddy/iris_test_tool/install/iris_interfaces/share/iris_interfaces/cmake/export_iris_interfaces__rosidl_generator_cExport.cmake\n'}
[0.960747] (iris_interfaces) StdoutLine: {'line': b'-- Up-to-date: /home/maddy/iris_test_tool/install/iris_interfaces/share/iris_interfaces/cmake/export_iris_interfaces__rosidl_generator_cExport-noconfig.cmake\n'}
[0.961037] (iris_interfaces) StdoutLine: {'line': b'-- Up-to-date: /home/maddy/iris_test_tool/install/iris_interfaces/share/iris_interfaces/cmake/export_iris_interfaces__rosidl_typesupport_fastrtps_cExport.cmake\n'}
[0.961386] (iris_interfaces) StdoutLine: {'line': b'-- Up-to-date: /home/maddy/iris_test_tool/install/iris_interfaces/share/iris_interfaces/cmake/export_iris_interfaces__rosidl_typesupport_fastrtps_cExport-noconfig.cmake\n'}
[0.961646] (iris_interfaces) StdoutLine: {'line': b'-- Up-to-date: /home/maddy/iris_test_tool/install/iris_interfaces/share/iris_interfaces/cmake/iris_interfaces__rosidl_typesupport_introspection_cExport.cmake\n'}
[0.961906] (iris_interfaces) StdoutLine: {'line': b'-- Up-to-date: /home/maddy/iris_test_tool/install/iris_interfaces/share/iris_interfaces/cmake/iris_interfaces__rosidl_typesupport_introspection_cExport-noconfig.cmake\n'}
[0.962230] (iris_interfaces) StdoutLine: {'line': b'-- Up-to-date: /home/maddy/iris_test_tool/install/iris_interfaces/share/iris_interfaces/cmake/iris_interfaces__rosidl_typesupport_cExport.cmake\n'}
[0.962340] (iris_interfaces) StdoutLine: {'line': b'-- Up-to-date: /home/maddy/iris_test_tool/install/iris_interfaces/share/iris_interfaces/cmake/iris_interfaces__rosidl_typesupport_cExport-noconfig.cmake\n'}
[0.962442] (iris_interfaces) StdoutLine: {'line': b'-- Up-to-date: /home/maddy/iris_test_tool/install/iris_interfaces/share/iris_interfaces/cmake/export_iris_interfaces__rosidl_generator_cppExport.cmake\n'}
[0.962544] (iris_interfaces) StdoutLine: {'line': b'-- Up-to-date: /home/maddy/iris_test_tool/install/iris_interfaces/share/iris_interfaces/cmake/export_iris_interfaces__rosidl_typesupport_fastrtps_cppExport.cmake\n'}
[0.962826] (iris_interfaces) StdoutLine: {'line': b'-- Up-to-date: /home/maddy/iris_test_tool/install/iris_interfaces/share/iris_interfaces/cmake/export_iris_interfaces__rosidl_typesupport_fastrtps_cppExport-noconfig.cmake\n'}
[0.962956] (iris_interfaces) StdoutLine: {'line': b'-- Up-to-date: /home/maddy/iris_test_tool/install/iris_interfaces/share/iris_interfaces/cmake/iris_interfaces__rosidl_typesupport_introspection_cppExport.cmake\n'}
[0.963093] (iris_interfaces) StdoutLine: {'line': b'-- Up-to-date: /home/maddy/iris_test_tool/install/iris_interfaces/share/iris_interfaces/cmake/iris_interfaces__rosidl_typesupport_introspection_cppExport-noconfig.cmake\n'}
[0.963202] (iris_interfaces) StdoutLine: {'line': b'-- Up-to-date: /home/maddy/iris_test_tool/install/iris_interfaces/share/iris_interfaces/cmake/iris_interfaces__rosidl_typesupport_cppExport.cmake\n'}
[0.963304] (iris_interfaces) StdoutLine: {'line': b'-- Up-to-date: /home/maddy/iris_test_tool/install/iris_interfaces/share/iris_interfaces/cmake/iris_interfaces__rosidl_typesupport_cppExport-noconfig.cmake\n'}
[0.963405] (iris_interfaces) StdoutLine: {'line': b'-- Up-to-date: /home/maddy/iris_test_tool/install/iris_interfaces/share/iris_interfaces/cmake/export_iris_interfaces__rosidl_generator_pyExport.cmake\n'}
[0.963505] (iris_interfaces) StdoutLine: {'line': b'-- Up-to-date: /home/maddy/iris_test_tool/install/iris_interfaces/share/iris_interfaces/cmake/export_iris_interfaces__rosidl_generator_pyExport-noconfig.cmake\n'}
[0.963606] (iris_interfaces) StdoutLine: {'line': b'-- Up-to-date: /home/maddy/iris_test_tool/install/iris_interfaces/share/iris_interfaces/cmake/rosidl_cmake-extras.cmake\n'}
[0.963706] (iris_interfaces) StdoutLine: {'line': b'-- Up-to-date: /home/maddy/iris_test_tool/install/iris_interfaces/share/iris_interfaces/cmake/ament_cmake_export_dependencies-extras.cmake\n'}
[0.963807] (iris_interfaces) StdoutLine: {'line': b'-- Up-to-date: /home/maddy/iris_test_tool/install/iris_interfaces/share/iris_interfaces/cmake/ament_cmake_export_include_directories-extras.cmake\n'}
[0.963909] (iris_interfaces) StdoutLine: {'line': b'-- Up-to-date: /home/maddy/iris_test_tool/install/iris_interfaces/share/iris_interfaces/cmake/ament_cmake_export_libraries-extras.cmake\n'}
[0.964010] (iris_interfaces) StdoutLine: {'line': b'-- Up-to-date: /home/maddy/iris_test_tool/install/iris_interfaces/share/iris_interfaces/cmake/ament_cmake_export_targets-extras.cmake\n'}
[0.964111] (iris_interfaces) StdoutLine: {'line': b'-- Up-to-date: /home/maddy/iris_test_tool/install/iris_interfaces/share/iris_interfaces/cmake/rosidl_cmake_export_typesupport_targets-extras.cmake\n'}
[0.964221] (iris_interfaces) StdoutLine: {'line': b'-- Up-to-date: /home/maddy/iris_test_tool/install/iris_interfaces/share/iris_interfaces/cmake/rosidl_cmake_export_typesupport_libraries-extras.cmake\n'}
[0.964321] (iris_interfaces) StdoutLine: {'line': b'-- Up-to-date: /home/maddy/iris_test_tool/install/iris_interfaces/share/iris_interfaces/cmake/iris_interfacesConfig.cmake\n'}
[0.964421] (iris_interfaces) StdoutLine: {'line': b'-- Up-to-date: /home/maddy/iris_test_tool/install/iris_interfaces/share/iris_interfaces/cmake/iris_interfacesConfig-version.cmake\n'}
[0.964522] (iris_interfaces) StdoutLine: {'line': b'-- Up-to-date: /home/maddy/iris_test_tool/install/iris_interfaces/share/iris_interfaces/package.xml\n'}
[0.967198] (iris_interfaces) CommandEnded: {'returncode': 0}
[1.002431] (-) TimerEvent: {}
[1.014104] (iris_interfaces) JobEnded: {'identifier': 'iris_interfaces', 'rc': 0}
[1.015871] (test_tool) JobStarted: {'identifier': 'test_tool'}
[1.102663] (-) TimerEvent: {}
[1.197565] (test_tool) JobProgress: {'identifier': 'test_tool', 'progress': 'cmake'}
[1.200310] (test_tool) JobProgress: {'identifier': 'test_tool', 'progress': 'build'}
[1.202518] (test_tool) Command: {'cmd': ['/usr/bin/cmake', '--build', '/home/maddy/iris_test_tool/build/test_tool', '--', '-j8', '-l8'], 'cwd': '/home/maddy/iris_test_tool/build/test_tool', 'env': OrderedDict([('TMUX', '/tmp/tmux-1000/default,3618,0'), ('USER', 'maddy'), ('LD_LIBRARY_PATH', '/home/maddy/iris_test_tool/install/iris_interfaces/lib:/usr/lib/x86_64-linux-gnu/gazebo-11/plugins:/opt/ros/humble/opt/rviz_ogre_vendor/lib:/opt/ros/humble/lib/x86_64-linux-gnu:/opt/ros/humble/lib'), ('SHLVL', '2'), ('HOME', '/home/maddy'), ('LESS', '-R'), ('OLDPWD', '/home/maddy/iris_test_tool'), ('TERM_PROGRAM_VERSION', '3.2a'), ('LSCOLORS', 'Gxfxcxdxbxegedabagacad'), ('PAGER', 'less'), ('ROS_PYTHON_VERSION', '3'), ('DBUS_SESSION_BUS_ADDRESS', 'unix:path=/run/user/1000/bus'), ('P9K_TTY', 'old'), ('WSL_DISTRO_NAME', 'Ubuntu-22.04'), ('COLCON_PREFIX_PATH', '/home/maddy/iris_test_tool/install'), ('ROS_DISTRO', 'humble'), ('WAYLAND_DISPLAY', 'wayland-0'), ('LOGNAME', 'maddy'), ('NAME', 'RMCCORPDE-DT024'), ('PULSE_SERVER', 'unix:/mnt/wslg/PulseServer'), ('WSL_INTEROP', '/run/WSL/351_interop'), ('_', '/usr/bin/colcon'), ('_P9K_SSH_TTY', '/dev/pts/2'), ('ROS_VERSION', '2'), ('TERM', 'screen-256color'), ('ROS_LOCALHOST_ONLY', '0'), ('PATH', '/opt/ros/humble/bin:/usr/local/sbin:/usr/local/bin:/usr/sbin:/usr/bin:/sbin:/bin:/usr/games:/usr/local/games:/usr/lib/wsl/lib:/mnt/c/Program Files/Common Files/Oracle/Java/javapath:/mnt/c/Program Files/Eclipse Adoptium/jdk-17.0.15.6-hotspot/bin:/mnt/c/Program Files (x86)/Common Files/Oracle/Java/java8path:/mnt/c/Program Files (x86)/Common Files/Oracle/Java/javapath:/mnt/c/Windows/system32:/mnt/c/Windows:/mnt/c/Windows/System32/Wbem:/mnt/c/Windows/System32/WindowsPowerShell/v1.0/:/mnt/c/Windows/System32/OpenSSH/:/mnt/c/Program Files/dotnet/:/mnt/c/Program Files/Git/cmd:/mnt/c/Program Files (x86)/Microsoft SQL Server/160/Tools/Binn/:/mnt/c/Program Files/Microsoft SQL Server/160/Tools/Binn/:/mnt/c/Program Files/Microsoft SQL Server/Client SDK/ODBC/170/Tools/Binn/:/mnt/c/Program Files/Microsoft SQL Server/160/DTS/Binn/:/mnt/c/Program Files (x86)/Windows Kits/10/Windows Performance Toolkit/:/mnt/c/Program Files/PostgreSQL/17/bin:/mnt/c/sonar-scanner-7.1.0.4889-windows-x64/bin:/mnt/c/msys64/mingw64/bin:/mnt/c/Program Files/CMake/bin:/mnt/c/Users/RMCPDEDT024/AppData/Local/Programs/Python/Python313/Scripts/:/mnt/c/Users/RMCPDEDT024/AppData/Local/Programs/Python/Python313/:/mnt/c/Users/RMCPDEDT024/AppData/Local/Programs/Python/Launcher/:/mnt/c/Users/RMCPDEDT024/AppData/Local/Microsoft/WindowsApps:/mnt/c/Users/RMCPDEDT024/AppData/Local/Programs/Microsoft VS Code/bin:/mnt/c/Users/RMCPDEDT024/AppData/Local/Python/bin'), ('XDG_RUNTIME_DIR', '/run/user/1000'), ('DISPLAY', ':0'), ('LANG', 'en_US.UTF-8'), ('LS_COLORS', 'rs=0:di=01;34:ln=01;36:mh=00:pi=40;33:so=01;35:do=01;35:bd=40;33;01:cd=40;33;01:or=40;31;01:mi=00:su=37;41:sg=30;43:ca=30;41:tw=30;42:ow=34;42:st=37;44:ex=01;32:*.tar=01;31:*.tgz=01;31:*.arc=01;31:*.arj=01;31:*.taz=01;31:*.lha=01;31:*.lz4=01;31:*.lzh=01;31:*.lzma=01;31:*.tlz=01;31:*.txz=01;31:*.tzo=01;31:*.t7z=01;31:*.zip=01;31:*.z=01;31:*.dz=01;31:*.gz=01;31:*.lrz=01;31:*.lz=01;31:*.lzo=01;31:*.xz=01;31:*.zst=01;31:*.tzst=01;31:*.bz2=01;31:*.bz=01;31:*.tbz=01;31:*.tbz2=01;31:*.tz=01;31:*.deb=01;31:*.rpm=01;31:*.jar=01;31:*.war=01;31:*.ear=01;31:*.sar=01;31:*.rar=01;31:*.alz=01;31:*.ace=01;31:*.zoo=01;31:*.cpio=01;31:*.7z=01;31:*.rz=01;31:*.cab=01;31:*.wim=01;31:*.swm=01;31:*.dwm=01;31:*.esd=01;31:*.jpg=01;35:*.jpeg=01;35:*.mjpg=01;35:*.mjpeg=01;35:*.gif=01;35:*.bmp=01;35:*.pbm=01;35:*.pgm=01;35:*.ppm=01;35:*.tga=01;35:*.xbm=01;35:*.xpm=01;35:*.tif=01;35:*.tiff=01;35:*.png=01;35:*.svg=01;35:*.svgz=01;35:*.mng=01;35:*.pcx=01;35:*.mov=01;35:*.mpg=01;35:*.mpeg=01;35:*.m2v=01;35:*.mkv=01;35:*.webm=01;35:*.webp=01;35:*.ogm=01;35:*.mp4=01;35:*.m4v=01;35:*.mp4v=01;35:*.vob=01;35:*.qt=01;35:*.nuv=01;35:*.wmv=01;35:*.asf=01;35:*.rm=01;35:*.rmvb=01;35:*.flc=01;35:*.avi=01;35:*.fli=01;35:*.flv=01;35:*.gl=01;35:*.dl=01;35:*.xcf=01;35:*.xwd=01;35:*.yuv=01;35:*.cgm=01;35:*.emf=01;35:*.ogv=01;35:*.ogx=01;35:*.aac=00;36:*.au=00;36:*.flac=00;36:*.m4a=00;36:*.mid=00;36:*.midi=00;36:*.mka=00;36:*.mp3=00;36:*.mpc=00;36:*.ogg=00;36:*.ra=00;36:*.wav=00;36:*.oga=00;36:*.opus=00;36:*.spx=00;36:*.xspf=00;36:'), ('TERM_PROGRAM', 'tmux'), ('AMENT_PREFIX_PATH', '/home/maddy/iris_test_tool/install/test_tool:/home/maddy/iris_test_tool/install/iris_interfaces:/opt/ros/humble'), ('SHELL', '/usr/bin/zsh'), ('P9K_SSH', '0'), ('PWD', '/home/maddy/iris_test_tool/build/test_tool'), ('_P9K_TTY', '/dev/pts/2'), ('PYTHONPATH', '/home/maddy/iris_test_tool/install/test_tool_dummy/lib/python3.10/site-packages:/home/maddy/iris_test_tool/install/iris_interfaces/local/lib/python3.10/dist-packages:/opt/ros/humble/lib/python3.10/site-packages:/opt/ros/humble/local/lib/python3.10/dist-packages'), ('COLCON', '1'), ('HOSTTYPE', 'x86_64'), ('TMUX_PANE', '%0'), ('WSL2_GUI_APPS_ENABLED', '1'), ('CMAKE_PREFIX_PATH', '/home/maddy/iris_test_tool/install/iris_interfaces:/home/maddy/iris_test_tool/install/test_tool:/opt/ros/humble'), ('WSLENV', '')]), 'shell': False}
[1.205604] (-) TimerEvent: {}
[1.306147] (-) TimerEvent: {}
[1.310630] (test_tool) StdoutLine: {'line': b'[  6%] \x1b[34m\x1b[1mAutomatic MOC and UIC for target dummy_test_1\x1b[0m\n'}
[1.311521] (test_tool) StdoutLine: {'line': b'[ 13%] \x1b[34m\x1b[1mAutomatic MOC and UIC for target test_tool_node\x1b[0m\n'}
[1.318679] (test_tool) StdoutLine: {'line': b'[ 20%] \x1b[34m\x1b[1mAutomatic MOC and UIC for target dummy_test\x1b[0m\n'}
[1.323121] (test_tool_dummy) Command: {'cmd': ['/usr/bin/python3', '-W', 'ignore:setup.py install is deprecated', '-W', 'ignore:easy_install command is deprecated', 'setup.py', 'egg_info', '--egg-base', '../../build/test_tool_dummy', 'build', '--build-base', '/home/maddy/iris_test_tool/build/test_tool_dummy/build', 'install', '--record', '/home/maddy/iris_test_tool/build/test_tool_dummy/install.log', '--install-scripts', '$base/lib/test_tool_dummy', '--single-version-externally-managed'], 'cwd': '/home/maddy/iris_test_tool/src/test_tool_dummy', 'env': {'TMUX': '/tmp/tmux-1000/default,3618,0', 'USER': 'maddy', 'LD_LIBRARY_PATH': '/home/maddy/iris_test_tool/install/iris_interfaces/lib:/usr/lib/x86_64-linux-gnu/gazebo-11/plugins:/opt/ros/humble/opt/rviz_ogre_vendor/lib:/opt/ros/humble/lib/x86_64-linux-gnu:/opt/ros/humble/lib', 'SHLVL': '2', 'HOME': '/home/maddy', 'LESS': '-R', 'OLDPWD': '/home/maddy/iris_test_tool', 'TERM_PROGRAM_VERSION': '3.2a', 'LSCOLORS': 'Gxfxcxdxbxegedabagacad', 'PAGER': 'less', 'ROS_PYTHON_VERSION': '3', 'DBUS_SESSION_BUS_ADDRESS': 'unix:path=/run/user/1000/bus', 'P9K_TTY': 'old', 'WSL_DISTRO_NAME': 'Ubuntu-22.04', 'COLCON_PREFIX_PATH': '/home/maddy/iris_test_tool/install', 'ROS_DISTRO': 'humble', 'WAYLAND_DISPLAY': 'wayland-0', 'LOGNAME': 'maddy', 'NAME': 'RMCCORPDE-DT024', 'PULSE_SERVER': 'unix:/mnt/wslg/PulseServer', 'WSL_INTEROP': '/run/WSL/351_interop', '_': '/usr/bin/colcon', '_P9K_SSH_TTY': '/dev/pts/2', 'ROS_VERSION': '2', 'TERM': 'screen-256color', 'ROS_LOCALHOST_ONLY': '0', 'PATH': '/opt/ros/humble/bin:/usr/local/sbin:/usr/local/bin:/usr/sbin:/usr/bin:/sbin:/bin:/usr/games:/usr/local/games:/usr/lib/wsl/lib:/mnt/c/Program Files/Common Files/Oracle/Java/javapath:/mnt/c/Program Files/Eclipse Adoptium/jdk-17.0.15.6-hotspot/bin:/mnt/c/Program Files (x86)/Common Files/Oracle/Java/java8path:/mnt/c/Program Files (x86)/Common Files/Oracle/Java/javapath:/mnt/c/Windows/system32:/mnt/c/Windows:/mnt/c/Windows/System32/Wbem:/mnt/c/Windows/System32/WindowsPowerShell/v1.0/:/mnt/c/Windows/System32/OpenSSH/:/mnt/c/Program Files/dotnet/:/mnt/c/Program Files/Git/cmd:/mnt/c/Program Files (x86)/Microsoft SQL Server/160/Tools/Binn/:/mnt/c/Program Files/Microsoft SQL Server/160/Tools/Binn/:/mnt/c/Program Files/Microsoft SQL Server/Client SDK/ODBC/170/Tools/Binn/:/mnt/c/Program Files/Microsoft SQL Server/160/DTS/Binn/:/mnt/c/Program Files (x86)/Windows Kits/10/Windows Performance Toolkit/:/mnt/c/Program Files/PostgreSQL/17/bin:/mnt/c/sonar-scanner-7.1.0.4889-windows-x64/bin:/mnt/c/msys64/mingw64/bin:/mnt/c/Program Files/CMake/bin:/mnt/c/Users/RMCPDEDT024/AppData/Local/Programs/Python/Python313/Scripts/:/mnt/c/Users/RMCPDEDT024/AppData/Local/Programs/Python/Python313/:/mnt/c/Users/RMCPDEDT024/AppData/Local/Programs/Python/Launcher/:/mnt/c/Users/RMCPDEDT024/AppData/Local/Microsoft/WindowsApps:/mnt/c/Users/RMCPDEDT024/AppData/Local/Programs/Microsoft VS Code/bin:/mnt/c/Users/RMCPDEDT024/AppData/Local/Python/bin', 'XDG_RUNTIME_DIR': '/run/user/1000', 'DISPLAY': ':0', 'LANG': 'en_US.UTF-8', 'LS_COLORS': 'rs=0:di=01;34:ln=01;36:mh=00:pi=40;33:so=01;35:do=01;35:bd=40;33;01:cd=40;33;01:or=40;31;01:mi=00:su=37;41:sg=30;43:ca=30;41:tw=30;42:ow=34;42:st=37;44:ex=01;32:*.tar=01;31:*.tgz=01;31:*.arc=01;31:*.arj=01;31:*.taz=01;31:*.lha=01;31:*.lz4=01;31:*.lzh=01;31:*.lzma=01;31:*.tlz=01;31:*.txz=01;31:*.tzo=01;31:*.t7z=01;31:*.zip=01;31:*.z=01;31:*.dz=01;31:*.gz=01;31:*.lrz=01;31:*.lz=01;31:*.lzo=01;31:*.xz=01;31:*.zst=01;31:*.tzst=01;31:*.bz2=01;31:*.bz=01;31:*.tbz=01;31:*.tbz2=01;31:*.tz=01;31:*.deb=01;31:*.rpm=01;31:*.jar=01;31:*.war=01;31:*.ear=01;31:*.sar=01;31:*.rar=01;31:*.alz=01;31:*.ace=01;31:*.zoo=01;31:*.cpio=01;31:*.7z=01;31:*.rz=01;31:*.cab=01;31:*.wim=01;31:*.swm=01;31:*.dwm=01;31:*.esd=01;31:*.jpg=01;35:*.jpeg=01;35:*.mjpg=01;35:*.mjpeg=01;35:*.gif=01;35:*.bmp=01;35:*.pbm=01;35:*.pgm=01;35:*.ppm=01;35:*.tga=01;35:*.xbm=01;35:*.xpm=01;35:*.tif=01;35:*.tiff=01;35:*.png=01;35:*.svg=01;35:*.svgz=01;35:*.mng=01;35:*.pcx=01;35:*.mov=01;35:*.mpg=01;35:*.mpeg=01;35:*.m2v=01;35:*.mkv=01;35:*.webm=01;35:*.webp=01;35:*.ogm=01;35:*.mp4=01;35:*.m4v=01;35:*.mp4v=01;35:*.vob=01;35:*.qt=01;35:*.nuv=01;35:*.wmv=01;35:*.asf=01;35:*.rm=01;35:*.rmvb=01;35:*.flc=01;35:*.avi=01;35:*.fli=01;35:*.flv=01;35:*.gl=01;35:*.dl=01;35:*.xcf=01;35:*.xwd=01;35:*.yuv=01;35:*.cgm=01;35:*.emf=01;35:*.ogv=01;35:*.ogx=01;35:*.aac=00;36:*.au=00;36:*.flac=00;36:*.m4a=00;36:*.mid=00;36:*.midi=00;36:*.mka=00;36:*.mp3=00;36:*.mpc=00;36:*.ogg=00;36:*.ra=00;36:*.wav=00;36:*.oga=00;36:*.opus=00;36:*.spx=00;36:*.xspf=00;36:', 'TERM_PROGRAM': 'tmux', 'AMENT_PREFIX_PATH': '/home/maddy/iris_test_tool/install/test_tool:/home/maddy/iris_test_tool/install/iris_interfaces:/opt/ros/humble', 'SHELL': '/usr/bin/zsh', 'P9K_SSH': '0', 'PWD': '/home/maddy/iris_test_tool/build/test_tool_dummy', '_P9K_TTY': '/dev/pts/2', 'PYTHONPATH': '/home/maddy/iris_test_tool/build/test_tool_dummy/prefix_override:/usr/lib/python3/dist-packages/colcon_core/task/python/colcon_distutils_commands:/home/maddy/iris_test_tool/install/test_tool_dummy/lib/python3.10/site-packages:/home/maddy/iris_test_tool/install/test_tool_dummy/lib/python3.10/site-packages:/home/maddy/iris_test_tool/install/iris_interfaces/local/lib/python3.10/dist-packages:/opt/ros/humble/lib/python3.10/site-packages:/opt/ros/humble/local/lib/python3.10/dist-packages', 'COLCON': '1', 'HOSTTYPE': 'x86_64', 'TMUX_PANE': '%0', 'WSL2_GUI_APPS_ENABLED': '1', 'CMAKE_PREFIX_PATH': '/home/maddy/iris_test_tool/install/test_tool:/home/maddy/iris_test_tool/install/iris_interfaces', 'WSLENV': ''}, 'shell': False}
[1.361645] (test_tool) StdoutLine: {'line': b'[ 20%] Built target dummy_test_1_autogen\n'}
[1.367194] (test_tool) StdoutLine: {'line': b'[ 20%] Built target dummy_test_autogen\n'}
[1.371725] (test_tool) StdoutLine: {'line': b"AutoUic: /home/maddy/iris_test_tool/src/test_tool/src/iris_tool/mainwindow.ui: Warning: The name 'layoutWidget' (QWidget) is already in use, defaulting to 'layoutWidget1'.\n"}
[1.392594] (test_tool) StdoutLine: {'line': b'[ 20%] Built target test_tool_node_autogen\n'}
[1.406345] (-) TimerEvent: {}
[1.418376] (test_tool) StdoutLine: {'line': b'[ 40%] Built target dummy_test_1\n'}
[1.427758] (test_tool) StdoutLine: {'line': b'[ 60%] Built target dummy_test\n'}
[1.443011] (test_tool) StdoutLine: {'line': b'\x1b[35m\x1b[1mConsolidate compiler generated dependencies of target test_tool_node\x1b[0m\n'}
[1.506494] (-) TimerEvent: {}
[1.511987] (test_tool) StdoutLine: {'line': b'[ 66%] \x1b[32mBuilding CXX object CMakeFiles/test_tool_node.dir/src/iris_tool/mainwindow.cpp.o\x1b[0m\n'}
[1.512897] (test_tool) StdoutLine: {'line': b'[ 73%] \x1b[32mBuilding CXX object CMakeFiles/test_tool_node.dir/src/iris_tool/main.cpp.o\x1b[0m\n'}
[1.513139] (test_tool) StdoutLine: {'line': b'[ 80%] \x1b[32mBuilding CXX object CMakeFiles/test_tool_node.dir/test_tool_node_autogen/mocs_compilation.cpp.o\x1b[0m\n'}
[1.515835] (test_tool) StdoutLine: {'line': b'[ 86%] \x1b[32mBuilding CXX object CMakeFiles/test_tool_node.dir/src/iris_tool/A2/a2_service.cpp.o\x1b[0m\n'}
[1.609953] (-) TimerEvent: {}
[1.710495] (-) TimerEvent: {}
[1.810953] (-) TimerEvent: {}
[1.862829] (test_tool_dummy) StderrLine: {'line': b"/usr/lib/python3/dist-packages/setuptools/dist.py:723: UserWarning: Usage of dash-separated 'script-dir' will not be supported in future versions. Please use the underscore name 'script_dir' instead\n"}
[1.863351] (test_tool_dummy) StderrLine: {'line': b'  warnings.warn(\n'}
[1.881260] (test_tool_dummy) StdoutLine: {'line': b'running egg_info\n'}
[1.885324] (test_tool_dummy) StdoutLine: {'line': b'writing ../../build/test_tool_dummy/test_tool_dummy.egg-info/PKG-INFO\n'}
[1.886177] (test_tool_dummy) StdoutLine: {'line': b'writing dependency_links to ../../build/test_tool_dummy/test_tool_dummy.egg-info/dependency_links.txt\n'}
[1.888291] (test_tool_dummy) StdoutLine: {'line': b'writing entry points to ../../build/test_tool_dummy/test_tool_dummy.egg-info/entry_points.txt\n'}
[1.888665] (test_tool_dummy) StdoutLine: {'line': b'writing requirements to ../../build/test_tool_dummy/test_tool_dummy.egg-info/requires.txt\n'}
[1.888874] (test_tool_dummy) StdoutLine: {'line': b'writing top-level names to ../../build/test_tool_dummy/test_tool_dummy.egg-info/top_level.txt\n'}
[1.891365] (test_tool_dummy) StdoutLine: {'line': b"reading manifest file '../../build/test_tool_dummy/test_tool_dummy.egg-info/SOURCES.txt'\n"}
[1.894142] (test_tool_dummy) StdoutLine: {'line': b"writing manifest file '../../build/test_tool_dummy/test_tool_dummy.egg-info/SOURCES.txt'\n"}
[1.894497] (test_tool_dummy) StdoutLine: {'line': b'running build\n'}
[1.894721] (test_tool_dummy) StdoutLine: {'line': b'running build_py\n'}
[1.897313] (test_tool_dummy) StdoutLine: {'line': b'running install\n'}
[1.897550] (test_tool_dummy) StdoutLine: {'line': b'running install_lib\n'}
[1.897821] (test_tool_dummy) StdoutLine: {'line': b'running install_egg_info\n'}
[1.901558] (test_tool_dummy) StdoutLine: {'line': b"removing '/home/maddy/iris_test_tool/install/test_tool_dummy/lib/python3.10/site-packages/test_tool_dummy-0.0.0-py3.10.egg-info' (and everything under it)\n"}
[1.906101] (test_tool_dummy) StdoutLine: {'line': b'Copying ../../build/test_tool_dummy/test_tool_dummy.egg-info to /home/maddy/iris_test_tool/install/test_tool_dummy/lib/python3.10/site-packages/test_tool_dummy-0.0.0-py3.10.egg-info\n'}
[1.906504] (test_tool_dummy) StdoutLine: {'line': b'running install_scripts\n'}
[1.911106] (-) TimerEvent: {}
[1.999270] (test_tool_dummy) StdoutLine: {'line': b'Installing a2_dummy script to /home/maddy/iris_test_tool/install/test_tool_dummy/lib/test_tool_dummy\n'}
[2.002076] (test_tool_dummy) StdoutLine: {'line': b"writing list of installed files to '/home/maddy/iris_test_tool/build/test_tool_dummy/install.log'\n"}
[2.011255] (-) TimerEvent: {}
[2.103429] (test_tool_dummy) CommandEnded: {'returncode': 0}
[2.112046] (-) TimerEvent: {}
[2.120087] (test_tool_dummy) JobEnded: {'identifier': 'test_tool_dummy', 'rc': 0}
[2.212214] (-) TimerEvent: {}
[2.313445] (-) TimerEvent: {}
[2.418060] (-) TimerEvent: {}
[2.518795] (-) TimerEvent: {}
[2.619292] (-) TimerEvent: {}
[2.719869] (-) TimerEvent: {}
[2.820374] (-) TimerEvent: {}
[2.920961] (-) TimerEvent: {}
[3.021478] (-) TimerEvent: {}
[3.121988] (-) TimerEvent: {}
[3.222748] (-) TimerEvent: {}
[3.323305] (-) TimerEvent: {}
[3.423860] (-) TimerEvent: {}
[3.524341] (-) TimerEvent: {}
[3.625288] (-) TimerEvent: {}
[3.725824] (-) TimerEvent: {}
[3.826542] (-) TimerEvent: {}
[3.927048] (-) TimerEvent: {}
[4.027553] (-) TimerEvent: {}
[4.128069] (-) TimerEvent: {}
[4.228597] (-) TimerEvent: {}
[4.329395] (-) TimerEvent: {}
[4.433990] (-) TimerEvent: {}
[4.534697] (-) TimerEvent: {}
[4.635565] (-) TimerEvent: {}
[4.736787] (-) TimerEvent: {}
[4.837711] (-) TimerEvent: {}
[4.938335] (-) TimerEvent: {}
[5.039016] (-) TimerEvent: {}
[5.139735] (-) TimerEvent: {}
[5.240589] (-) TimerEvent: {}
[5.341436] (-) TimerEvent: {}
[5.442467] (-) TimerEvent: {}
[5.543603] (-) TimerEvent: {}
[5.644464] (-) TimerEvent: {}
[5.745177] (-) TimerEvent: {}
[5.845728] (-) TimerEvent: {}
[5.946258] (-) TimerEvent: {}
[6.046837] (-) TimerEvent: {}
[6.147430] (-) TimerEvent: {}
[6.248046] (-) TimerEvent: {}
[6.348791] (-) TimerEvent: {}
[6.449350] (-) TimerEvent: {}
[6.552752] (-) TimerEvent: {}
[6.653283] (-) TimerEvent: {}
[6.754265] (-) TimerEvent: {}
[6.855129] (-) TimerEvent: {}
[6.956112] (-) TimerEvent: {}
[7.057020] (-) TimerEvent: {}
[7.161398] (-) TimerEvent: {}
[7.262512] (-) TimerEvent: {}
[7.363397] (-) TimerEvent: {}
[7.463852] (-) TimerEvent: {}
[7.564665] (-) TimerEvent: {}
[7.665405] (-) TimerEvent: {}
[7.766005] (-) TimerEvent: {}
[7.866722] (-) TimerEvent: {}
[7.967229] (-) TimerEvent: {}
[8.067752] (-) TimerEvent: {}
[8.168350] (-) TimerEvent: {}
[8.268989] (-) TimerEvent: {}
[8.369544] (-) TimerEvent: {}
[8.470138] (-) TimerEvent: {}
[8.570694] (-) TimerEvent: {}
[8.671295] (-) TimerEvent: {}
[8.771911] (-) TimerEvent: {}
[8.872473] (-) TimerEvent: {}
[8.973037] (-) TimerEvent: {}
[9.073804] (-) TimerEvent: {}
[9.174346] (-) TimerEvent: {}
[9.274892] (-) TimerEvent: {}
[9.375480] (-) TimerEvent: {}
[9.477370] (-) TimerEvent: {}
[9.578380] (-) TimerEvent: {}
[9.679310] (-) TimerEvent: {}
[9.779915] (-) TimerEvent: {}
[9.880620] (-) TimerEvent: {}
[9.981372] (-) TimerEvent: {}
[10.082005] (-) TimerEvent: {}
[10.182683] (-) TimerEvent: {}
[10.283210] (-) TimerEvent: {}
[10.383705] (-) TimerEvent: {}
[10.484285] (-) TimerEvent: {}
[10.584997] (-) TimerEvent: {}
[10.685526] (-) TimerEvent: {}
[10.786131] (-) TimerEvent: {}
[10.886680] (-) TimerEvent: {}
[10.987283] (-) TimerEvent: {}
[11.087852] (-) TimerEvent: {}
[11.188477] (-) TimerEvent: {}
[11.289024] (-) TimerEvent: {}
[11.389538] (-) TimerEvent: {}
[11.490165] (-) TimerEvent: {}
[11.590766] (-) TimerEvent: {}
[11.691353] (-) TimerEvent: {}
[11.791973] (-) TimerEvent: {}
[11.892543] (-) TimerEvent: {}
[11.993152] (-) TimerEvent: {}
[12.093782] (-) TimerEvent: {}
[12.194415] (-) TimerEvent: {}
[12.295045] (-) TimerEvent: {}
[12.395595] (-) TimerEvent: {}
[12.496097] (-) TimerEvent: {}
[12.596600] (-) TimerEvent: {}
[12.697182] (-) TimerEvent: {}
[12.797794] (-) TimerEvent: {}
[12.898346] (-) TimerEvent: {}
[12.999173] (-) TimerEvent: {}
[13.099741] (-) TimerEvent: {}
[13.200333] (-) TimerEvent: {}
[13.300939] (-) TimerEvent: {}
[13.401535] (-) TimerEvent: {}
[13.502243] (-) TimerEvent: {}
[13.602899] (-) TimerEvent: {}
[13.703485] (-) TimerEvent: {}
[13.804083] (-) TimerEvent: {}
[13.904683] (-) TimerEvent: {}
[14.005266] (-) TimerEvent: {}
[14.105917] (-) TimerEvent: {}
[14.206496] (-) TimerEvent: {}
[14.307015] (-) TimerEvent: {}
[14.407711] (-) TimerEvent: {}
[14.508319] (-) TimerEvent: {}
[14.608891] (-) TimerEvent: {}
[14.709482] (-) TimerEvent: {}
[14.810101] (-) TimerEvent: {}
[14.910691] (-) TimerEvent: {}
[15.011392] (-) TimerEvent: {}
[15.112063] (-) TimerEvent: {}
[15.212660] (-) TimerEvent: {}
[15.313293] (-) TimerEvent: {}
[15.413922] (-) TimerEvent: {}
[15.514584] (-) TimerEvent: {}
[15.615190] (-) TimerEvent: {}
[15.715815] (-) TimerEvent: {}
[15.816424] (-) TimerEvent: {}
[15.917060] (-) TimerEvent: {}
[16.017713] (-) TimerEvent: {}
[16.118346] (-) TimerEvent: {}
[16.219008] (-) TimerEvent: {}
[16.319642] (-) TimerEvent: {}
[16.420535] (-) TimerEvent: {}
[16.521250] (-) TimerEvent: {}
[16.621987] (-) TimerEvent: {}
[16.722654] (-) TimerEvent: {}
[16.823269] (-) TimerEvent: {}
[16.923917] (-) TimerEvent: {}
[17.024653] (-) TimerEvent: {}
[17.125765] (-) TimerEvent: {}
[17.226772] (-) TimerEvent: {}
[17.327379] (-) TimerEvent: {}
[17.428112] (-) TimerEvent: {}
[17.528909] (-) TimerEvent: {}
[17.629700] (-) TimerEvent: {}
[17.730872] (-) TimerEvent: {}
[17.831676] (-) TimerEvent: {}
[17.932378] (-) TimerEvent: {}
[18.033106] (-) TimerEvent: {}
[18.134160] (-) TimerEvent: {}
[18.234775] (-) TimerEvent: {}
[18.335427] (-) TimerEvent: {}
[18.436194] (-) TimerEvent: {}
[18.536891] (-) TimerEvent: {}
[18.637484] (-) TimerEvent: {}
[18.738146] (-) TimerEvent: {}
[18.838875] (-) TimerEvent: {}
[18.939510] (-) TimerEvent: {}
[19.040144] (-) TimerEvent: {}
[19.140724] (-) TimerEvent: {}
[19.241277] (-) TimerEvent: {}
[19.341845] (-) TimerEvent: {}
[19.442467] (-) TimerEvent: {}
[19.543120] (-) TimerEvent: {}
[19.643696] (-) TimerEvent: {}
[19.744309] (-) TimerEvent: {}
[19.844914] (-) TimerEvent: {}
[19.945465] (-) TimerEvent: {}
[20.045974] (-) TimerEvent: {}
[20.146530] (-) TimerEvent: {}
[20.247052] (-) TimerEvent: {}
[20.347578] (-) TimerEvent: {}
[20.448082] (-) TimerEvent: {}
[20.548579] (-) TimerEvent: {}
[20.649224] (-) TimerEvent: {}
[20.749795] (-) TimerEvent: {}
[20.850505] (-) TimerEvent: {}
[20.950984] (-) TimerEvent: {}
[21.051547] (-) TimerEvent: {}
[21.152155] (-) TimerEvent: {}
[21.252666] (-) TimerEvent: {}
[21.353256] (-) TimerEvent: {}
[21.453845] (-) TimerEvent: {}
[21.554361] (-) TimerEvent: {}
[21.654850] (-) TimerEvent: {}
[21.755355] (-) TimerEvent: {}
[21.855974] (-) TimerEvent: {}
[21.956490] (-) TimerEvent: {}
[22.056966] (-) TimerEvent: {}
[22.157433] (-) TimerEvent: {}
[22.257966] (-) TimerEvent: {}
[22.358469] (-) TimerEvent: {}
[22.459000] (-) TimerEvent: {}
[22.559547] (-) TimerEvent: {}
[22.660094] (-) TimerEvent: {}
[22.760658] (-) TimerEvent: {}
[22.861337] (-) TimerEvent: {}
[22.961891] (-) TimerEvent: {}
[23.062442] (-) TimerEvent: {}
[23.162949] (-) TimerEvent: {}
[23.263458] (-) TimerEvent: {}
[23.363936] (-) TimerEvent: {}
[23.464427] (-) TimerEvent: {}
[23.564945] (-) TimerEvent: {}
[23.665411] (-) TimerEvent: {}
[23.765961] (-) TimerEvent: {}
[23.866517] (-) TimerEvent: {}
[23.967072] (-) TimerEvent: {}
[24.067641] (-) TimerEvent: {}
[24.168189] (-) TimerEvent: {}
[24.268850] (-) TimerEvent: {}
[24.369424] (-) TimerEvent: {}
[24.470104] (-) TimerEvent: {}
[24.570634] (-) TimerEvent: {}
[24.671141] (-) TimerEvent: {}
[24.771669] (-) TimerEvent: {}
[24.872193] (-) TimerEvent: {}
[24.972720] (-) TimerEvent: {}
[25.073308] (-) TimerEvent: {}
[25.173833] (-) TimerEvent: {}
[25.274345] (-) TimerEvent: {}
[25.374847] (-) TimerEvent: {}
[25.475329] (-) TimerEvent: {}
[25.575845] (-) TimerEvent: {}
[25.676388] (-) TimerEvent: {}
[25.776901] (-) TimerEvent: {}
[25.877443] (-) TimerEvent: {}
[25.978365] (-) TimerEvent: {}
[26.079078] (-) TimerEvent: {}
[26.179752] (-) TimerEvent: {}
[26.280346] (-) TimerEvent: {}
[26.380967] (-) TimerEvent: {}
[26.481511] (-) TimerEvent: {}
[26.582025] (-) TimerEvent: {}
[26.682605] (-) TimerEvent: {}
[26.783131] (-) TimerEvent: {}
[26.883807] (-) TimerEvent: {}
[26.984423] (-) TimerEvent: {}
[27.085092] (-) TimerEvent: {}
[27.185588] (-) TimerEvent: {}
[27.286201] (-) TimerEvent: {}
[27.386735] (-) TimerEvent: {}
[27.487213] (-) TimerEvent: {}
[27.587832] (-) TimerEvent: {}
[27.688336] (-) TimerEvent: {}
[27.788915] (-) TimerEvent: {}
[27.889452] (-) TimerEvent: {}
[27.989997] (-) TimerEvent: {}
[28.090489] (-) TimerEvent: {}
[28.190989] (-) TimerEvent: {}
[28.291504] (-) TimerEvent: {}
[28.391990] (-) TimerEvent: {}
[28.492490] (-) TimerEvent: {}
[28.593001] (-) TimerEvent: {}
[28.693744] (-) TimerEvent: {}
[28.794454] (-) TimerEvent: {}
[28.894992] (-) TimerEvent: {}
[28.995591] (-) TimerEvent: {}
[29.096103] (-) TimerEvent: {}
[29.196769] (-) TimerEvent: {}
[29.297383] (-) TimerEvent: {}
[29.397928] (-) TimerEvent: {}
[29.498564] (-) TimerEvent: {}
[29.599076] (-) TimerEvent: {}
[29.699605] (-) TimerEvent: {}
[29.800088] (-) TimerEvent: {}
[29.901449] (-) TimerEvent: {}
[30.001957] (-) TimerEvent: {}
[30.102397] (-) TimerEvent: {}
[30.202939] (-) TimerEvent: {}
[30.303566] (-) TimerEvent: {}
[30.404166] (-) TimerEvent: {}
[30.504754] (-) TimerEvent: {}
[30.605269] (-) TimerEvent: {}
[30.705797] (-) TimerEvent: {}
[30.806338] (-) TimerEvent: {}
[30.906798] (-) TimerEvent: {}
[31.007308] (-) TimerEvent: {}
[31.107845] (-) TimerEvent: {}
[31.208347] (-) TimerEvent: {}
[31.308827] (-) TimerEvent: {}
[31.409295] (-) TimerEvent: {}
[31.509786] (-) TimerEvent: {}
[31.610288] (-) TimerEvent: {}
[31.710773] (-) TimerEvent: {}
[31.795435] (test_tool) StdoutLine: {'line': b'[ 93%] \x1b[32m\x1b[1mLinking CXX executable test_tool_node\x1b[0m\n'}
[31.810952] (-) TimerEvent: {}
[31.911538] (-) TimerEvent: {}
[32.012163] (-) TimerEvent: {}
[32.112631] (-) TimerEvent: {}
[32.213388] (-) TimerEvent: {}
[32.314018] (-) TimerEvent: {}
[32.414546] (-) TimerEvent: {}
[32.515054] (-) TimerEvent: {}
[32.615554] (-) TimerEvent: {}
[32.716194] (-) TimerEvent: {}
[32.816935] (-) TimerEvent: {}
[32.917679] (-) TimerEvent: {}
[33.018437] (-) TimerEvent: {}
[33.119153] (-) TimerEvent: {}
[33.219799] (-) TimerEvent: {}
[33.320339] (-) TimerEvent: {}
[33.420966] (-) TimerEvent: {}
[33.521565] (-) TimerEvent: {}
[33.622170] (-) TimerEvent: {}
[33.722724] (-) TimerEvent: {}
[33.823342] (-) TimerEvent: {}
[33.923989] (-) TimerEvent: {}
[34.024665] (-) TimerEvent: {}
[34.125284] (-) TimerEvent: {}
[34.226024] (-) TimerEvent: {}
[34.326792] (-) TimerEvent: {}
[34.427454] (-) TimerEvent: {}
[34.528248] (-) TimerEvent: {}
[34.628893] (-) TimerEvent: {}
[34.729664] (-) TimerEvent: {}
[34.830511] (-) TimerEvent: {}
[34.931080] (-) TimerEvent: {}
[35.031599] (-) TimerEvent: {}
[35.132200] (-) TimerEvent: {}
[35.232760] (-) TimerEvent: {}
[35.333378] (-) TimerEvent: {}
[35.434000] (-) TimerEvent: {}
[35.534587] (-) TimerEvent: {}
[35.635183] (-) TimerEvent: {}
[35.735763] (-) TimerEvent: {}
[35.836329] (-) TimerEvent: {}
[35.936934] (-) TimerEvent: {}
[36.037474] (-) TimerEvent: {}
[36.138156] (-) TimerEvent: {}
[36.238777] (-) TimerEvent: {}
[36.339290] (-) TimerEvent: {}
[36.439930] (-) TimerEvent: {}
[36.540472] (-) TimerEvent: {}
[36.641048] (-) TimerEvent: {}
[36.741629] (-) TimerEvent: {}
[36.842142] (-) TimerEvent: {}
[36.942627] (-) TimerEvent: {}
[37.043891] (-) TimerEvent: {}
[37.144453] (-) TimerEvent: {}
[37.227814] (test_tool) StdoutLine: {'line': b'[100%] Built target test_tool_node\n'}
[37.244710] (-) TimerEvent: {}
[37.245515] (test_tool) CommandEnded: {'returncode': 0}
[37.247111] (test_tool) JobProgress: {'identifier': 'test_tool', 'progress': 'install'}
[37.249356] (test_tool) Command: {'cmd': ['/usr/bin/cmake', '--install', '/home/maddy/iris_test_tool/build/test_tool'], 'cwd': '/home/maddy/iris_test_tool/build/test_tool', 'env': OrderedDict([('TMUX', '/tmp/tmux-1000/default,3618,0'), ('USER', 'maddy'), ('LD_LIBRARY_PATH', '/home/maddy/iris_test_tool/install/iris_interfaces/lib:/usr/lib/x86_64-linux-gnu/gazebo-11/plugins:/opt/ros/humble/opt/rviz_ogre_vendor/lib:/opt/ros/humble/lib/x86_64-linux-gnu:/opt/ros/humble/lib'), ('SHLVL', '2'), ('HOME', '/home/maddy'), ('LESS', '-R'), ('OLDPWD', '/home/maddy/iris_test_tool'), ('TERM_PROGRAM_VERSION', '3.2a'), ('LSCOLORS', 'Gxfxcxdxbxegedabagacad'), ('PAGER', 'less'), ('ROS_PYTHON_VERSION', '3'), ('DBUS_SESSION_BUS_ADDRESS', 'unix:path=/run/user/1000/bus'), ('P9K_TTY', 'old'), ('WSL_DISTRO_NAME', 'Ubuntu-22.04'), ('COLCON_PREFIX_PATH', '/home/maddy/iris_test_tool/install'), ('ROS_DISTRO', 'humble'), ('WAYLAND_DISPLAY', 'wayland-0'), ('LOGNAME', 'maddy'), ('NAME', 'RMCCORPDE-DT024'), ('PULSE_SERVER', 'unix:/mnt/wslg/PulseServer'), ('WSL_INTEROP', '/run/WSL/351_interop'), ('_', '/usr/bin/colcon'), ('_P9K_SSH_TTY', '/dev/pts/2'), ('ROS_VERSION', '2'), ('TERM', 'screen-256color'), ('ROS_LOCALHOST_ONLY', '0'), ('PATH', '/opt/ros/humble/bin:/usr/local/sbin:/usr/local/bin:/usr/sbin:/usr/bin:/sbin:/bin:/usr/games:/usr/local/games:/usr/lib/wsl/lib:/mnt/c/Program Files/Common Files/Oracle/Java/javapath:/mnt/c/Program Files/Eclipse Adoptium/jdk-17.0.15.6-hotspot/bin:/mnt/c/Program Files (x86)/Common Files/Oracle/Java/java8path:/mnt/c/Program Files (x86)/Common Files/Oracle/Java/javapath:/mnt/c/Windows/system32:/mnt/c/Windows:/mnt/c/Windows/System32/Wbem:/mnt/c/Windows/System32/WindowsPowerShell/v1.0/:/mnt/c/Windows/System32/OpenSSH/:/mnt/c/Program Files/dotnet/:/mnt/c/Program Files/Git/cmd:/mnt/c/Program Files (x86)/Microsoft SQL Server/160/Tools/Binn/:/mnt/c/Program Files/Microsoft SQL Server/160/Tools/Binn/:/mnt/c/Program Files/Microsoft SQL Server/Client SDK/ODBC/170/Tools/Binn/:/mnt/c/Program Files/Microsoft SQL Server/160/DTS/Binn/:/mnt/c/Program Files (x86)/Windows Kits/10/Windows Performance Toolkit/:/mnt/c/Program Files/PostgreSQL/17/bin:/mnt/c/sonar-scanner-7.1.0.4889-windows-x64/bin:/mnt/c/msys64/mingw64/bin:/mnt/c/Program Files/CMake/bin:/mnt/c/Users/RMCPDEDT024/AppData/Local/Programs/Python/Python313/Scripts/:/mnt/c/Users/RMCPDEDT024/AppData/Local/Programs/Python/Python313/:/mnt/c/Users/RMCPDEDT024/AppData/Local/Programs/Python/Launcher/:/mnt/c/Users/RMCPDEDT024/AppData/Local/Microsoft/WindowsApps:/mnt/c/Users/RMCPDEDT024/AppData/Local/Programs/Microsoft VS Code/bin:/mnt/c/Users/RMCPDEDT024/AppData/Local/Python/bin'), ('XDG_RUNTIME_DIR', '/run/user/1000'), ('DISPLAY', ':0'), ('LANG', 'en_US.UTF-8'), ('LS_COLORS', 'rs=0:di=01;34:ln=01;36:mh=00:pi=40;33:so=01;35:do=01;35:bd=40;33;01:cd=40;33;01:or=40;31;01:mi=00:su=37;41:sg=30;43:ca=30;41:tw=30;42:ow=34;42:st=37;44:ex=01;32:*.tar=01;31:*.tgz=01;31:*.arc=01;31:*.arj=01;31:*.taz=01;31:*.lha=01;31:*.lz4=01;31:*.lzh=01;31:*.lzma=01;31:*.tlz=01;31:*.txz=01;31:*.tzo=01;31:*.t7z=01;31:*.zip=01;31:*.z=01;31:*.dz=01;31:*.gz=01;31:*.lrz=01;31:*.lz=01;31:*.lzo=01;31:*.xz=01;31:*.zst=01;31:*.tzst=01;31:*.bz2=01;31:*.bz=01;31:*.tbz=01;31:*.tbz2=01;31:*.tz=01;31:*.deb=01;31:*.rpm=01;31:*.jar=01;31:*.war=01;31:*.ear=01;31:*.sar=01;31:*.rar=01;31:*.alz=01;31:*.ace=01;31:*.zoo=01;31:*.cpio=01;31:*.7z=01;31:*.rz=01;31:*.cab=01;31:*.wim=01;31:*.swm=01;31:*.dwm=01;31:*.esd=01;31:*.jpg=01;35:*.jpeg=01;35:*.mjpg=01;35:*.mjpeg=01;35:*.gif=01;35:*.bmp=01;35:*.pbm=01;35:*.pgm=01;35:*.ppm=01;35:*.tga=01;35:*.xbm=01;35:*.xpm=01;35:*.tif=01;35:*.tiff=01;35:*.png=01;35:*.svg=01;35:*.svgz=01;35:*.mng=01;35:*.pcx=01;35:*.mov=01;35:*.mpg=01;35:*.mpeg=01;35:*.m2v=01;35:*.mkv=01;35:*.webm=01;35:*.webp=01;35:*.ogm=01;35:*.mp4=01;35:*.m4v=01;35:*.mp4v=01;35:*.vob=01;35:*.qt=01;35:*.nuv=01;35:*.wmv=01;35:*.asf=01;35:*.rm=01;35:*.rmvb=01;35:*.flc=01;35:*.avi=01;35:*.fli=01;35:*.flv=01;35:*.gl=01;35:*.dl=01;35:*.xcf=01;35:*.xwd=01;35:*.yuv=01;35:*.cgm=01;35:*.emf=01;35:*.ogv=01;35:*.ogx=01;35:*.aac=00;36:*.au=00;36:*.flac=00;36:*.m4a=00;36:*.mid=00;36:*.midi=00;36:*.mka=00;36:*.mp3=00;36:*.mpc=00;36:*.ogg=00;36:*.ra=00;36:*.wav=00;36:*.oga=00;36:*.opus=00;36:*.spx=00;36:*.xspf=00;36:'), ('TERM_PROGRAM', 'tmux'), ('AMENT_PREFIX_PATH', '/home/maddy/iris_test_tool/install/test_tool:/home/maddy/iris_test_tool/install/iris_interfaces:/opt/ros/humble'), ('SHELL', '/usr/bin/zsh'), ('P9K_SSH', '0'), ('PWD', '/home/maddy/iris_test_tool/build/test_tool'), ('_P9K_TTY', '/dev/pts/2'), ('PYTHONPATH', '/home/maddy/iris_test_tool/install/test_tool_dummy/lib/python3.10/site-packages:/home/maddy/iris_test_tool/install/iris_interfaces/local/lib/python3.10/dist-packages:/opt/ros/humble/lib/python3.10/site-packages:/opt/ros/humble/local/lib/python3.10/dist-packages'), ('COLCON', '1'), ('HOSTTYPE', 'x86_64'), ('TMUX_PANE', '%0'), ('WSL2_GUI_APPS_ENABLED', '1'), ('CMAKE_PREFIX_PATH', '/home/maddy/iris_test_tool/install/iris_interfaces:/home/maddy/iris_test_tool/install/test_tool:/opt/ros/humble'), ('WSLENV', '')]), 'shell': False}
[37.260048] (test_tool) StdoutLine: {'line': b'-- Install configuration: ""\n'}
[37.260582] (test_tool) StdoutLine: {'line': b'-- Installing: /home/maddy/iris_test_tool/install/test_tool/lib/test_tool/test_tool_node\n'}
[37.277982] (test_tool) StdoutLine: {'line': b'-- Set runtime path of "/home/maddy/iris_test_tool/install/test_tool/lib/test_tool/test_tool_node" to ""\n'}
[37.278840] (test_tool) StdoutLine: {'line': b'-- Up-to-date: /home/maddy/iris_test_tool/install/test_tool/lib/test_tool/dummy_test\n'}
[37.279552] (test_tool) StdoutLine: {'line': b'-- Up-to-date: /home/maddy/iris_test_tool/install/test_tool/lib/test_tool/dummy_test_1\n'}
[37.280057] (test_tool) StdoutLine: {'line': b'-- Up-to-date: /home/maddy/iris_test_tool/install/test_tool/share/test_tool/launch\n'}
[37.280587] (test_tool) StdoutLine: {'line': b'-- Up-to-date: /home/maddy/iris_test_tool/install/test_tool/share/test_tool/launch/turtle_bot.py\n'}
[37.280928] (test_tool) StdoutLine: {'line': b'-- Up-to-date: /home/maddy/iris_test_tool/install/test_tool/share/test_tool/launch/test_nodes.py\n'}
[37.281296] (test_tool) StdoutLine: {'line': b'-- Up-to-date: /home/maddy/iris_test_tool/install/test_tool/share/ament_index/resource_index/package_run_dependencies/test_tool\n'}
[37.281806] (test_tool) StdoutLine: {'line': b'-- Up-to-date: /home/maddy/iris_test_tool/install/test_tool/share/ament_index/resource_index/parent_prefix_path/test_tool\n'}
[37.282384] (test_tool) StdoutLine: {'line': b'-- Up-to-date: /home/maddy/iris_test_tool/install/test_tool/share/test_tool/environment/ament_prefix_path.sh\n'}
[37.282606] (test_tool) StdoutLine: {'line': b'-- Up-to-date: /home/maddy/iris_test_tool/install/test_tool/share/test_tool/environment/ament_prefix_path.dsv\n'}
[37.282823] (test_tool) StdoutLine: {'line': b'-- Up-to-date: /home/maddy/iris_test_tool/install/test_tool/share/test_tool/environment/path.sh\n'}
[37.283428] (test_tool) StdoutLine: {'line': b'-- Up-to-date: /home/maddy/iris_test_tool/install/test_tool/share/test_tool/environment/path.dsv\n'}
[37.283779] (test_tool) StdoutLine: {'line': b'-- Up-to-date: /home/maddy/iris_test_tool/install/test_tool/share/test_tool/local_setup.bash\n'}
[37.284058] (test_tool) StdoutLine: {'line': b'-- Up-to-date: /home/maddy/iris_test_tool/install/test_tool/share/test_tool/local_setup.sh\n'}
[37.284188] (test_tool) StdoutLine: {'line': b'-- Up-to-date: /home/maddy/iris_test_tool/install/test_tool/share/test_tool/local_setup.zsh\n'}
[37.284305] (test_tool) StdoutLine: {'line': b'-- Up-to-date: /home/maddy/iris_test_tool/install/test_tool/share/test_tool/local_setup.dsv\n'}
[37.284418] (test_tool) StdoutLine: {'line': b'-- Installing: /home/maddy/iris_test_tool/install/test_tool/share/test_tool/package.dsv\n'}
[37.284544] (test_tool) StdoutLine: {'line': b'-- Up-to-date: /home/maddy/iris_test_tool/install/test_tool/share/ament_index/resource_index/packages/test_tool\n'}
[37.284655] (test_tool) StdoutLine: {'line': b'-- Up-to-date: /home/maddy/iris_test_tool/install/test_tool/share/test_tool/cmake/ament_cmake_export_dependencies-extras.cmake\n'}
[37.284794] (test_tool) StdoutLine: {'line': b'-- Up-to-date: /home/maddy/iris_test_tool/install/test_tool/share/test_tool/cmake/test_toolConfig.cmake\n'}
[37.284911] (test_tool) StdoutLine: {'line': b'-- Up-to-date: /home/maddy/iris_test_tool/install/test_tool/share/test_tool/cmake/test_toolConfig-version.cmake\n'}
[37.285041] (test_tool) StdoutLine: {'line': b'-- Up-to-date: /home/maddy/iris_test_tool/install/test_tool/share/test_tool/package.xml\n'}
[37.287653] (test_tool) CommandEnded: {'returncode': 0}
[37.306823] (test_tool) JobEnded: {'identifier': 'test_tool', 'rc': 0}
[37.308845] (-) EventReactorShutdown: {}
