[0.266s] DEBUG:colcon:Command line arguments: ['/usr/bin/colcon', 'build', '--cmake-args', '-DCMAKE_BUILD_TYPE=Debug']
[0.266s] DEBUG:colcon:Parsed command line arguments: Namespace(log_base=None, log_level=None, verb_name='build', build_base='build', install_base='install', merge_install=False, symlink_install=False, test_result_base=None, continue_on_error=False, executor='parallel', parallel_workers=8, event_handlers=None, ignore_user_meta=False, metas=['./colcon.meta'], base_paths=['.'], packages_ignore=None, packages_ignore_regex=None, paths=None, packages_up_to=None, packages_up_to_regex=None, packages_above=None, packages_above_and_dependencies=None, packages_above_depth=None, packages_select_by_dep=None, packages_skip_by_dep=None, packages_skip_up_to=None, packages_select_build_failed=False, packages_skip_build_finished=False, packages_select_test_failures=False, packages_skip_test_passed=False, packages_select=None, packages_skip=None, packages_select_regex=None, packages_skip_regex=None, packages_start=None, packages_end=None, allow_overriding=[], cmake_args=['-DCMAKE_BUILD_TYPE=Debug'], cmake_target=None, cmake_target_skip_unavailable=False, cmake_clean_cache=False, cmake_clean_first=False, cmake_force_configure=False, ament_cmake_args=None, catkin_cmake_args=None, catkin_skip_building_tests=False, verb_parser=<colcon_defaults.argument_parser.defaults.DefaultArgumentsDecorator object at 0x76b9f919bd00>, verb_extension=<colcon_core.verb.build.BuildVerb object at 0x76b9f9361090>, main=<bound method BuildVerb.main of <colcon_core.verb.build.BuildVerb object at 0x76b9f9361090>>)
[19.347s] Level 1:colcon.colcon_core.package_discovery:discover_packages(colcon_meta) check parameters
[19.347s] Level 1:colcon.colcon_core.package_discovery:discover_packages(recursive) check parameters
[19.347s] Level 1:colcon.colcon_core.package_discovery:discover_packages(ignore) check parameters
[19.347s] Level 1:colcon.colcon_core.package_discovery:discover_packages(path) check parameters
[19.347s] Level 1:colcon.colcon_core.package_discovery:discover_packages(colcon_meta) discover
[19.347s] Level 1:colcon.colcon_core.package_discovery:discover_packages(recursive) discover
[19.347s] INFO:colcon.colcon_core.package_discovery:Crawling recursively for packages in '/home/maddy/iris_test_tool'
[19.347s] Level 1:colcon.colcon_core.package_identification:_identify(.) by extensions ['ignore', 'ignore_ament_install']
[19.348s] Level 1:colcon.colcon_core.package_identification:_identify(.) by extension 'ignore'
[19.348s] Level 1:colcon.colcon_core.package_identification:_identify(.) by extension 'ignore_ament_install'
[19.348s] Level 1:colcon.colcon_core.package_identification:_identify(.) by extensions ['colcon_pkg']
[19.348s] Level 1:colcon.colcon_core.package_identification:_identify(.) by extension 'colcon_pkg'
[19.348s] Level 1:colcon.colcon_core.package_identification:_identify(.) by extensions ['colcon_meta']
[19.348s] Level 1:colcon.colcon_core.package_identification:_identify(.) by extension 'colcon_meta'
[19.348s] Level 1:colcon.colcon_core.package_identification:_identify(.) by extensions ['ros']
[19.348s] Level 1:colcon.colcon_core.package_identification:_identify(.) by extension 'ros'
[19.364s] Level 1:colcon.colcon_core.package_identification:_identify(.) by extensions ['cmake', 'python']
[19.364s] Level 1:colcon.colcon_core.package_identification:_identify(.) by extension 'cmake'
[19.364s] Level 1:colcon.colcon_core.package_identification:_identify(.) by extension 'python'
[19.364s] Level 1:colcon.colcon_core.package_identification:_identify(.) by extensions ['python_setup_py']
[19.365s] Level 1:colcon.colcon_core.package_identification:_identify(.) by extension 'python_setup_py'
[19.365s] Level 1:colcon.colcon_core.package_identification:_identify(build) by extensions ['ignore', 'ignore_ament_install']
[19.365s] Level 1:colcon.colcon_core.package_identification:_identify(build) by extension 'ignore'
[19.365s] Level 1:colcon.colcon_core.package_identification:_identify(build) ignored
[19.365s] Level 1:colcon.colcon_core.package_identification:_identify(install) by extensions ['ignore', 'ignore_ament_install']
[19.365s] Level 1:colcon.colcon_core.package_identification:_identify(install) by extension 'ignore'
[19.365s] Level 1:colcon.colcon_core.package_identification:_identify(install) ignored
[19.366s] Level 1:colcon.colcon_core.package_identification:_identify(log) by extensions ['ignore', 'ignore_ament_install']
[19.366s] Level 1:colcon.colcon_core.package_identification:_identify(log) by extension 'ignore'
[19.366s] Level 1:colcon.colcon_core.package_identification:_identify(log) ignored
[19.366s] Level 1:colcon.colcon_core.package_identification:_identify(picturees) by extensions ['ignore', 'ignore_ament_install']
[19.366s] Level 1:colcon.colcon_core.package_identification:_identify(picturees) by extension 'ignore'
[19.366s] Level 1:colcon.colcon_core.package_identification:_identify(picturees) by extension 'ignore_ament_install'
[19.366s] Level 1:colcon.colcon_core.package_identification:_identify(picturees) by extensions ['colcon_pkg']
[19.366s] Level 1:colcon.colcon_core.package_identification:_identify(picturees) by extension 'colcon_pkg'
[19.366s] Level 1:colcon.colcon_core.package_identification:_identify(picturees) by extensions ['colcon_meta']
[19.366s] Level 1:colcon.colcon_core.package_identification:_identify(picturees) by extension 'colcon_meta'
[19.366s] Level 1:colcon.colcon_core.package_identification:_identify(picturees) by extensions ['ros']
[19.367s] Level 1:colcon.colcon_core.package_identification:_identify(picturees) by extension 'ros'
[19.367s] Level 1:colcon.colcon_core.package_identification:_identify(picturees) by extensions ['cmake', 'python']
[19.367s] Level 1:colcon.colcon_core.package_identification:_identify(picturees) by extension 'cmake'
[19.367s] Level 1:colcon.colcon_core.package_identification:_identify(picturees) by extension 'python'
[19.367s] Level 1:colcon.colcon_core.package_identification:_identify(picturees) by extensions ['python_setup_py']
[19.367s] Level 1:colcon.colcon_core.package_identification:_identify(picturees) by extension 'python_setup_py'
[19.367s] Level 1:colcon.colcon_core.package_identification:_identify(src) by extensions ['ignore', 'ignore_ament_install']
[19.367s] Level 1:colcon.colcon_core.package_identification:_identify(src) by extension 'ignore'
[19.367s] Level 1:colcon.colcon_core.package_identification:_identify(src) by extension 'ignore_ament_install'
[19.367s] Level 1:colcon.colcon_core.package_identification:_identify(src) by extensions ['colcon_pkg']
[19.367s] Level 1:colcon.colcon_core.package_identification:_identify(src) by extension 'colcon_pkg'
[19.367s] Level 1:colcon.colcon_core.package_identification:_identify(src) by extensions ['colcon_meta']
[19.368s] Level 1:colcon.colcon_core.package_identification:_identify(src) by extension 'colcon_meta'
[19.368s] Level 1:colcon.colcon_core.package_identification:_identify(src) by extensions ['ros']
[19.368s] Level 1:colcon.colcon_core.package_identification:_identify(src) by extension 'ros'
[19.368s] Level 1:colcon.colcon_core.package_identification:_identify(src) by extensions ['cmake', 'python']
[19.368s] Level 1:colcon.colcon_core.package_identification:_identify(src) by extension 'cmake'
[19.368s] Level 1:colcon.colcon_core.package_identification:_identify(src) by extension 'python'
[19.368s] Level 1:colcon.colcon_core.package_identification:_identify(src) by extensions ['python_setup_py']
[19.368s] Level 1:colcon.colcon_core.package_identification:_identify(src) by extension 'python_setup_py'
[19.368s] Level 1:colcon.colcon_core.package_identification:_identify(src/build-test_tool-Desktop-Debug) by extensions ['ignore', 'ignore_ament_install']
[19.368s] Level 1:colcon.colcon_core.package_identification:_identify(src/build-test_tool-Desktop-Debug) by extension 'ignore'
[19.368s] Level 1:colcon.colcon_core.package_identification:_identify(src/build-test_tool-Desktop-Debug) by extension 'ignore_ament_install'
[19.368s] Level 1:colcon.colcon_core.package_identification:_identify(src/build-test_tool-Desktop-Debug) by extensions ['colcon_pkg']
[19.368s] Level 1:colcon.colcon_core.package_identification:_identify(src/build-test_tool-Desktop-Debug) by extension 'colcon_pkg'
[19.369s] Level 1:colcon.colcon_core.package_identification:_identify(src/build-test_tool-Desktop-Debug) by extensions ['colcon_meta']
[19.369s] Level 1:colcon.colcon_core.package_identification:_identify(src/build-test_tool-Desktop-Debug) by extension 'colcon_meta'
[19.369s] Level 1:colcon.colcon_core.package_identification:_identify(src/build-test_tool-Desktop-Debug) by extensions ['ros']
[19.369s] Level 1:colcon.colcon_core.package_identification:_identify(src/build-test_tool-Desktop-Debug) by extension 'ros'
[19.369s] Level 1:colcon.colcon_core.package_identification:_identify(src/build-test_tool-Desktop-Debug) by extensions ['cmake', 'python']
[19.369s] Level 1:colcon.colcon_core.package_identification:_identify(src/build-test_tool-Desktop-Debug) by extension 'cmake'
[19.369s] Level 1:colcon.colcon_core.package_identification:_identify(src/build-test_tool-Desktop-Debug) by extension 'python'
[19.369s] Level 1:colcon.colcon_core.package_identification:_identify(src/build-test_tool-Desktop-Debug) by extensions ['python_setup_py']
[19.369s] Level 1:colcon.colcon_core.package_identification:_identify(src/build-test_tool-Desktop-Debug) by extension 'python_setup_py'
[19.369s] Level 1:colcon.colcon_core.package_identification:_identify(src/build-test_tool-Desktop-Debug/CMakeFiles) by extensions ['ignore', 'ignore_ament_install']
[19.369s] Level 1:colcon.colcon_core.package_identification:_identify(src/build-test_tool-Desktop-Debug/CMakeFiles) by extension 'ignore'
[19.369s] Level 1:colcon.colcon_core.package_identification:_identify(src/build-test_tool-Desktop-Debug/CMakeFiles) by extension 'ignore_ament_install'
[19.370s] Level 1:colcon.colcon_core.package_identification:_identify(src/build-test_tool-Desktop-Debug/CMakeFiles) by extensions ['colcon_pkg']
[19.370s] Level 1:colcon.colcon_core.package_identification:_identify(src/build-test_tool-Desktop-Debug/CMakeFiles) by extension 'colcon_pkg'
[19.370s] Level 1:colcon.colcon_core.package_identification:_identify(src/build-test_tool-Desktop-Debug/CMakeFiles) by extensions ['colcon_meta']
[19.370s] Level 1:colcon.colcon_core.package_identification:_identify(src/build-test_tool-Desktop-Debug/CMakeFiles) by extension 'colcon_meta'
[19.370s] Level 1:colcon.colcon_core.package_identification:_identify(src/build-test_tool-Desktop-Debug/CMakeFiles) by extensions ['ros']
[19.370s] Level 1:colcon.colcon_core.package_identification:_identify(src/build-test_tool-Desktop-Debug/CMakeFiles) by extension 'ros'
[19.370s] Level 1:colcon.colcon_core.package_identification:_identify(src/build-test_tool-Desktop-Debug/CMakeFiles) by extensions ['cmake', 'python']
[19.370s] Level 1:colcon.colcon_core.package_identification:_identify(src/build-test_tool-Desktop-Debug/CMakeFiles) by extension 'cmake'
[19.370s] Level 1:colcon.colcon_core.package_identification:_identify(src/build-test_tool-Desktop-Debug/CMakeFiles) by extension 'python'
[19.370s] Level 1:colcon.colcon_core.package_identification:_identify(src/build-test_tool-Desktop-Debug/CMakeFiles) by extensions ['python_setup_py']
[19.370s] Level 1:colcon.colcon_core.package_identification:_identify(src/build-test_tool-Desktop-Debug/CMakeFiles) by extension 'python_setup_py'
[19.370s] Level 1:colcon.colcon_core.package_identification:_identify(src/build-test_tool-Desktop-Debug/CMakeFiles/3.22.1) by extensions ['ignore', 'ignore_ament_install']
[19.370s] Level 1:colcon.colcon_core.package_identification:_identify(src/build-test_tool-Desktop-Debug/CMakeFiles/3.22.1) by extension 'ignore'
[19.371s] Level 1:colcon.colcon_core.package_identification:_identify(src/build-test_tool-Desktop-Debug/CMakeFiles/3.22.1) by extension 'ignore_ament_install'
[19.371s] Level 1:colcon.colcon_core.package_identification:_identify(src/build-test_tool-Desktop-Debug/CMakeFiles/3.22.1) by extensions ['colcon_pkg']
[19.371s] Level 1:colcon.colcon_core.package_identification:_identify(src/build-test_tool-Desktop-Debug/CMakeFiles/3.22.1) by extension 'colcon_pkg'
[19.371s] Level 1:colcon.colcon_core.package_identification:_identify(src/build-test_tool-Desktop-Debug/CMakeFiles/3.22.1) by extensions ['colcon_meta']
[19.371s] Level 1:colcon.colcon_core.package_identification:_identify(src/build-test_tool-Desktop-Debug/CMakeFiles/3.22.1) by extension 'colcon_meta'
[19.371s] Level 1:colcon.colcon_core.package_identification:_identify(src/build-test_tool-Desktop-Debug/CMakeFiles/3.22.1) by extensions ['ros']
[19.371s] Level 1:colcon.colcon_core.package_identification:_identify(src/build-test_tool-Desktop-Debug/CMakeFiles/3.22.1) by extension 'ros'
[19.371s] Level 1:colcon.colcon_core.package_identification:_identify(src/build-test_tool-Desktop-Debug/CMakeFiles/3.22.1) by extensions ['cmake', 'python']
[19.371s] Level 1:colcon.colcon_core.package_identification:_identify(src/build-test_tool-Desktop-Debug/CMakeFiles/3.22.1) by extension 'cmake'
[19.371s] Level 1:colcon.colcon_core.package_identification:_identify(src/build-test_tool-Desktop-Debug/CMakeFiles/3.22.1) by extension 'python'
[19.371s] Level 1:colcon.colcon_core.package_identification:_identify(src/build-test_tool-Desktop-Debug/CMakeFiles/3.22.1) by extensions ['python_setup_py']
[19.371s] Level 1:colcon.colcon_core.package_identification:_identify(src/build-test_tool-Desktop-Debug/CMakeFiles/3.22.1) by extension 'python_setup_py'
[19.372s] Level 1:colcon.colcon_core.package_identification:_identify(src/build-test_tool-Desktop-Debug/CMakeFiles/3.22.1/CompilerIdCXX) by extensions ['ignore', 'ignore_ament_install']
[19.372s] Level 1:colcon.colcon_core.package_identification:_identify(src/build-test_tool-Desktop-Debug/CMakeFiles/3.22.1/CompilerIdCXX) by extension 'ignore'
[19.372s] Level 1:colcon.colcon_core.package_identification:_identify(src/build-test_tool-Desktop-Debug/CMakeFiles/3.22.1/CompilerIdCXX) by extension 'ignore_ament_install'
[19.372s] Level 1:colcon.colcon_core.package_identification:_identify(src/build-test_tool-Desktop-Debug/CMakeFiles/3.22.1/CompilerIdCXX) by extensions ['colcon_pkg']
[19.372s] Level 1:colcon.colcon_core.package_identification:_identify(src/build-test_tool-Desktop-Debug/CMakeFiles/3.22.1/CompilerIdCXX) by extension 'colcon_pkg'
[19.372s] Level 1:colcon.colcon_core.package_identification:_identify(src/build-test_tool-Desktop-Debug/CMakeFiles/3.22.1/CompilerIdCXX) by extensions ['colcon_meta']
[19.372s] Level 1:colcon.colcon_core.package_identification:_identify(src/build-test_tool-Desktop-Debug/CMakeFiles/3.22.1/CompilerIdCXX) by extension 'colcon_meta'
[19.372s] Level 1:colcon.colcon_core.package_identification:_identify(src/build-test_tool-Desktop-Debug/CMakeFiles/3.22.1/CompilerIdCXX) by extensions ['ros']
[19.372s] Level 1:colcon.colcon_core.package_identification:_identify(src/build-test_tool-Desktop-Debug/CMakeFiles/3.22.1/CompilerIdCXX) by extension 'ros'
[19.372s] Level 1:colcon.colcon_core.package_identification:_identify(src/build-test_tool-Desktop-Debug/CMakeFiles/3.22.1/CompilerIdCXX) by extensions ['cmake', 'python']
[19.372s] Level 1:colcon.colcon_core.package_identification:_identify(src/build-test_tool-Desktop-Debug/CMakeFiles/3.22.1/CompilerIdCXX) by extension 'cmake'
[19.373s] Level 1:colcon.colcon_core.package_identification:_identify(src/build-test_tool-Desktop-Debug/CMakeFiles/3.22.1/CompilerIdCXX) by extension 'python'
[19.373s] Level 1:colcon.colcon_core.package_identification:_identify(src/build-test_tool-Desktop-Debug/CMakeFiles/3.22.1/CompilerIdCXX) by extensions ['python_setup_py']
[19.373s] Level 1:colcon.colcon_core.package_identification:_identify(src/build-test_tool-Desktop-Debug/CMakeFiles/3.22.1/CompilerIdCXX) by extension 'python_setup_py'
[19.373s] Level 1:colcon.colcon_core.package_identification:_identify(src/build-test_tool-Desktop-Debug/CMakeFiles/CMakeTmp) by extensions ['ignore', 'ignore_ament_install']
[19.373s] Level 1:colcon.colcon_core.package_identification:_identify(src/build-test_tool-Desktop-Debug/CMakeFiles/CMakeTmp) by extension 'ignore'
[19.373s] Level 1:colcon.colcon_core.package_identification:_identify(src/build-test_tool-Desktop-Debug/CMakeFiles/CMakeTmp) by extension 'ignore_ament_install'
[19.373s] Level 1:colcon.colcon_core.package_identification:_identify(src/build-test_tool-Desktop-Debug/CMakeFiles/CMakeTmp) by extensions ['colcon_pkg']
[19.373s] Level 1:colcon.colcon_core.package_identification:_identify(src/build-test_tool-Desktop-Debug/CMakeFiles/CMakeTmp) by extension 'colcon_pkg'
[19.373s] Level 1:colcon.colcon_core.package_identification:_identify(src/build-test_tool-Desktop-Debug/CMakeFiles/CMakeTmp) by extensions ['colcon_meta']
[19.373s] Level 1:colcon.colcon_core.package_identification:_identify(src/build-test_tool-Desktop-Debug/CMakeFiles/CMakeTmp) by extension 'colcon_meta'
[19.374s] Level 1:colcon.colcon_core.package_identification:_identify(src/build-test_tool-Desktop-Debug/CMakeFiles/CMakeTmp) by extensions ['ros']
[19.374s] Level 1:colcon.colcon_core.package_identification:_identify(src/build-test_tool-Desktop-Debug/CMakeFiles/CMakeTmp) by extension 'ros'
[19.374s] Level 1:colcon.colcon_core.package_identification:_identify(src/build-test_tool-Desktop-Debug/CMakeFiles/CMakeTmp) by extensions ['cmake', 'python']
[19.374s] Level 1:colcon.colcon_core.package_identification:_identify(src/build-test_tool-Desktop-Debug/CMakeFiles/CMakeTmp) by extension 'cmake'
[19.374s] Level 1:colcon.colcon_core.package_identification:_identify(src/build-test_tool-Desktop-Debug/CMakeFiles/CMakeTmp) by extension 'python'
[19.374s] Level 1:colcon.colcon_core.package_identification:_identify(src/build-test_tool-Desktop-Debug/CMakeFiles/CMakeTmp) by extensions ['python_setup_py']
[19.374s] Level 1:colcon.colcon_core.package_identification:_identify(src/build-test_tool-Desktop-Debug/CMakeFiles/CMakeTmp) by extension 'python_setup_py'
[19.374s] Level 1:colcon.colcon_core.package_identification:_identify(src/build-test_tool-Desktop-Debug/CMakeFiles/CheckFunctionExists) by extensions ['ignore', 'ignore_ament_install']
[19.374s] Level 1:colcon.colcon_core.package_identification:_identify(src/build-test_tool-Desktop-Debug/CMakeFiles/CheckFunctionExists) by extension 'ignore'
[19.374s] Level 1:colcon.colcon_core.package_identification:_identify(src/build-test_tool-Desktop-Debug/CMakeFiles/CheckFunctionExists) by extension 'ignore_ament_install'
[19.374s] Level 1:colcon.colcon_core.package_identification:_identify(src/build-test_tool-Desktop-Debug/CMakeFiles/CheckFunctionExists) by extensions ['colcon_pkg']
[19.374s] Level 1:colcon.colcon_core.package_identification:_identify(src/build-test_tool-Desktop-Debug/CMakeFiles/CheckFunctionExists) by extension 'colcon_pkg'
[19.375s] Level 1:colcon.colcon_core.package_identification:_identify(src/build-test_tool-Desktop-Debug/CMakeFiles/CheckFunctionExists) by extensions ['colcon_meta']
[19.375s] Level 1:colcon.colcon_core.package_identification:_identify(src/build-test_tool-Desktop-Debug/CMakeFiles/CheckFunctionExists) by extension 'colcon_meta'
[19.375s] Level 1:colcon.colcon_core.package_identification:_identify(src/build-test_tool-Desktop-Debug/CMakeFiles/CheckFunctionExists) by extensions ['ros']
[19.375s] Level 1:colcon.colcon_core.package_identification:_identify(src/build-test_tool-Desktop-Debug/CMakeFiles/CheckFunctionExists) by extension 'ros'
[19.375s] Level 1:colcon.colcon_core.package_identification:_identify(src/build-test_tool-Desktop-Debug/CMakeFiles/CheckFunctionExists) by extensions ['cmake', 'python']
[19.375s] Level 1:colcon.colcon_core.package_identification:_identify(src/build-test_tool-Desktop-Debug/CMakeFiles/CheckFunctionExists) by extension 'cmake'
[19.375s] Level 1:colcon.colcon_core.package_identification:_identify(src/build-test_tool-Desktop-Debug/CMakeFiles/CheckFunctionExists) by extension 'python'
[19.375s] Level 1:colcon.colcon_core.package_identification:_identify(src/build-test_tool-Desktop-Debug/CMakeFiles/CheckFunctionExists) by extensions ['python_setup_py']
[19.375s] Level 1:colcon.colcon_core.package_identification:_identify(src/build-test_tool-Desktop-Debug/CMakeFiles/CheckFunctionExists) by extension 'python_setup_py'
[19.375s] Level 1:colcon.colcon_core.package_identification:_identify(src/build-test_tool-Desktop-Debug/CMakeFiles/CheckLibraryExists) by extensions ['ignore', 'ignore_ament_install']
[19.375s] Level 1:colcon.colcon_core.package_identification:_identify(src/build-test_tool-Desktop-Debug/CMakeFiles/CheckLibraryExists) by extension 'ignore'
[19.375s] Level 1:colcon.colcon_core.package_identification:_identify(src/build-test_tool-Desktop-Debug/CMakeFiles/CheckLibraryExists) by extension 'ignore_ament_install'
[19.376s] Level 1:colcon.colcon_core.package_identification:_identify(src/build-test_tool-Desktop-Debug/CMakeFiles/CheckLibraryExists) by extensions ['colcon_pkg']
[19.376s] Level 1:colcon.colcon_core.package_identification:_identify(src/build-test_tool-Desktop-Debug/CMakeFiles/CheckLibraryExists) by extension 'colcon_pkg'
[19.376s] Level 1:colcon.colcon_core.package_identification:_identify(src/build-test_tool-Desktop-Debug/CMakeFiles/CheckLibraryExists) by extensions ['colcon_meta']
[19.376s] Level 1:colcon.colcon_core.package_identification:_identify(src/build-test_tool-Desktop-Debug/CMakeFiles/CheckLibraryExists) by extension 'colcon_meta'
[19.376s] Level 1:colcon.colcon_core.package_identification:_identify(src/build-test_tool-Desktop-Debug/CMakeFiles/CheckLibraryExists) by extensions ['ros']
[19.376s] Level 1:colcon.colcon_core.package_identification:_identify(src/build-test_tool-Desktop-Debug/CMakeFiles/CheckLibraryExists) by extension 'ros'
[19.376s] Level 1:colcon.colcon_core.package_identification:_identify(src/build-test_tool-Desktop-Debug/CMakeFiles/CheckLibraryExists) by extensions ['cmake', 'python']
[19.376s] Level 1:colcon.colcon_core.package_identification:_identify(src/build-test_tool-Desktop-Debug/CMakeFiles/CheckLibraryExists) by extension 'cmake'
[19.376s] Level 1:colcon.colcon_core.package_identification:_identify(src/build-test_tool-Desktop-Debug/CMakeFiles/CheckLibraryExists) by extension 'python'
[19.376s] Level 1:colcon.colcon_core.package_identification:_identify(src/build-test_tool-Desktop-Debug/CMakeFiles/CheckLibraryExists) by extensions ['python_setup_py']
[19.376s] Level 1:colcon.colcon_core.package_identification:_identify(src/build-test_tool-Desktop-Debug/CMakeFiles/CheckLibraryExists) by extension 'python_setup_py'
[19.376s] Level 1:colcon.colcon_core.package_identification:_identify(src/build-test_tool-Desktop-Debug/CMakeFiles/Progress) by extensions ['ignore', 'ignore_ament_install']
[19.377s] Level 1:colcon.colcon_core.package_identification:_identify(src/build-test_tool-Desktop-Debug/CMakeFiles/Progress) by extension 'ignore'
[19.377s] Level 1:colcon.colcon_core.package_identification:_identify(src/build-test_tool-Desktop-Debug/CMakeFiles/Progress) by extension 'ignore_ament_install'
[19.377s] Level 1:colcon.colcon_core.package_identification:_identify(src/build-test_tool-Desktop-Debug/CMakeFiles/Progress) by extensions ['colcon_pkg']
[19.377s] Level 1:colcon.colcon_core.package_identification:_identify(src/build-test_tool-Desktop-Debug/CMakeFiles/Progress) by extension 'colcon_pkg'
[19.377s] Level 1:colcon.colcon_core.package_identification:_identify(src/build-test_tool-Desktop-Debug/CMakeFiles/Progress) by extensions ['colcon_meta']
[19.377s] Level 1:colcon.colcon_core.package_identification:_identify(src/build-test_tool-Desktop-Debug/CMakeFiles/Progress) by extension 'colcon_meta'
[19.377s] Level 1:colcon.colcon_core.package_identification:_identify(src/build-test_tool-Desktop-Debug/CMakeFiles/Progress) by extensions ['ros']
[19.377s] Level 1:colcon.colcon_core.package_identification:_identify(src/build-test_tool-Desktop-Debug/CMakeFiles/Progress) by extension 'ros'
[19.377s] Level 1:colcon.colcon_core.package_identification:_identify(src/build-test_tool-Desktop-Debug/CMakeFiles/Progress) by extensions ['cmake', 'python']
[19.377s] Level 1:colcon.colcon_core.package_identification:_identify(src/build-test_tool-Desktop-Debug/CMakeFiles/Progress) by extension 'cmake'
[19.377s] Level 1:colcon.colcon_core.package_identification:_identify(src/build-test_tool-Desktop-Debug/CMakeFiles/Progress) by extension 'python'
[19.377s] Level 1:colcon.colcon_core.package_identification:_identify(src/build-test_tool-Desktop-Debug/CMakeFiles/Progress) by extensions ['python_setup_py']
[19.377s] Level 1:colcon.colcon_core.package_identification:_identify(src/build-test_tool-Desktop-Debug/CMakeFiles/Progress) by extension 'python_setup_py'
[19.378s] Level 1:colcon.colcon_core.package_identification:_identify(src/build-test_tool-Desktop-Debug/CMakeFiles/dummy_test.dir) by extensions ['ignore', 'ignore_ament_install']
[19.378s] Level 1:colcon.colcon_core.package_identification:_identify(src/build-test_tool-Desktop-Debug/CMakeFiles/dummy_test.dir) by extension 'ignore'
[19.378s] Level 1:colcon.colcon_core.package_identification:_identify(src/build-test_tool-Desktop-Debug/CMakeFiles/dummy_test.dir) by extension 'ignore_ament_install'
[19.378s] Level 1:colcon.colcon_core.package_identification:_identify(src/build-test_tool-Desktop-Debug/CMakeFiles/dummy_test.dir) by extensions ['colcon_pkg']
[19.378s] Level 1:colcon.colcon_core.package_identification:_identify(src/build-test_tool-Desktop-Debug/CMakeFiles/dummy_test.dir) by extension 'colcon_pkg'
[19.378s] Level 1:colcon.colcon_core.package_identification:_identify(src/build-test_tool-Desktop-Debug/CMakeFiles/dummy_test.dir) by extensions ['colcon_meta']
[19.378s] Level 1:colcon.colcon_core.package_identification:_identify(src/build-test_tool-Desktop-Debug/CMakeFiles/dummy_test.dir) by extension 'colcon_meta'
[19.378s] Level 1:colcon.colcon_core.package_identification:_identify(src/build-test_tool-Desktop-Debug/CMakeFiles/dummy_test.dir) by extensions ['ros']
[19.378s] Level 1:colcon.colcon_core.package_identification:_identify(src/build-test_tool-Desktop-Debug/CMakeFiles/dummy_test.dir) by extension 'ros'
[19.378s] Level 1:colcon.colcon_core.package_identification:_identify(src/build-test_tool-Desktop-Debug/CMakeFiles/dummy_test.dir) by extensions ['cmake', 'python']
[19.378s] Level 1:colcon.colcon_core.package_identification:_identify(src/build-test_tool-Desktop-Debug/CMakeFiles/dummy_test.dir) by extension 'cmake'
[19.378s] Level 1:colcon.colcon_core.package_identification:_identify(src/build-test_tool-Desktop-Debug/CMakeFiles/dummy_test.dir) by extension 'python'
[19.379s] Level 1:colcon.colcon_core.package_identification:_identify(src/build-test_tool-Desktop-Debug/CMakeFiles/dummy_test.dir) by extensions ['python_setup_py']
[19.379s] Level 1:colcon.colcon_core.package_identification:_identify(src/build-test_tool-Desktop-Debug/CMakeFiles/dummy_test.dir) by extension 'python_setup_py'
[19.379s] Level 1:colcon.colcon_core.package_identification:_identify(src/build-test_tool-Desktop-Debug/CMakeFiles/dummy_test.dir/dummy_test_autogen) by extensions ['ignore', 'ignore_ament_install']
[19.379s] Level 1:colcon.colcon_core.package_identification:_identify(src/build-test_tool-Desktop-Debug/CMakeFiles/dummy_test.dir/dummy_test_autogen) by extension 'ignore'
[19.379s] Level 1:colcon.colcon_core.package_identification:_identify(src/build-test_tool-Desktop-Debug/CMakeFiles/dummy_test.dir/dummy_test_autogen) by extension 'ignore_ament_install'
[19.379s] Level 1:colcon.colcon_core.package_identification:_identify(src/build-test_tool-Desktop-Debug/CMakeFiles/dummy_test.dir/dummy_test_autogen) by extensions ['colcon_pkg']
[19.379s] Level 1:colcon.colcon_core.package_identification:_identify(src/build-test_tool-Desktop-Debug/CMakeFiles/dummy_test.dir/dummy_test_autogen) by extension 'colcon_pkg'
[19.379s] Level 1:colcon.colcon_core.package_identification:_identify(src/build-test_tool-Desktop-Debug/CMakeFiles/dummy_test.dir/dummy_test_autogen) by extensions ['colcon_meta']
[19.379s] Level 1:colcon.colcon_core.package_identification:_identify(src/build-test_tool-Desktop-Debug/CMakeFiles/dummy_test.dir/dummy_test_autogen) by extension 'colcon_meta'
[19.379s] Level 1:colcon.colcon_core.package_identification:_identify(src/build-test_tool-Desktop-Debug/CMakeFiles/dummy_test.dir/dummy_test_autogen) by extensions ['ros']
[19.379s] Level 1:colcon.colcon_core.package_identification:_identify(src/build-test_tool-Desktop-Debug/CMakeFiles/dummy_test.dir/dummy_test_autogen) by extension 'ros'
[19.380s] Level 1:colcon.colcon_core.package_identification:_identify(src/build-test_tool-Desktop-Debug/CMakeFiles/dummy_test.dir/dummy_test_autogen) by extensions ['cmake', 'python']
[19.380s] Level 1:colcon.colcon_core.package_identification:_identify(src/build-test_tool-Desktop-Debug/CMakeFiles/dummy_test.dir/dummy_test_autogen) by extension 'cmake'
[19.380s] Level 1:colcon.colcon_core.package_identification:_identify(src/build-test_tool-Desktop-Debug/CMakeFiles/dummy_test.dir/dummy_test_autogen) by extension 'python'
[19.380s] Level 1:colcon.colcon_core.package_identification:_identify(src/build-test_tool-Desktop-Debug/CMakeFiles/dummy_test.dir/dummy_test_autogen) by extensions ['python_setup_py']
[19.380s] Level 1:colcon.colcon_core.package_identification:_identify(src/build-test_tool-Desktop-Debug/CMakeFiles/dummy_test.dir/dummy_test_autogen) by extension 'python_setup_py'
[19.380s] Level 1:colcon.colcon_core.package_identification:_identify(src/build-test_tool-Desktop-Debug/CMakeFiles/dummy_test.dir/src) by extensions ['ignore', 'ignore_ament_install']
[19.380s] Level 1:colcon.colcon_core.package_identification:_identify(src/build-test_tool-Desktop-Debug/CMakeFiles/dummy_test.dir/src) by extension 'ignore'
[19.380s] Level 1:colcon.colcon_core.package_identification:_identify(src/build-test_tool-Desktop-Debug/CMakeFiles/dummy_test.dir/src) by extension 'ignore_ament_install'
[19.380s] Level 1:colcon.colcon_core.package_identification:_identify(src/build-test_tool-Desktop-Debug/CMakeFiles/dummy_test.dir/src) by extensions ['colcon_pkg']
[19.380s] Level 1:colcon.colcon_core.package_identification:_identify(src/build-test_tool-Desktop-Debug/CMakeFiles/dummy_test.dir/src) by extension 'colcon_pkg'
[19.380s] Level 1:colcon.colcon_core.package_identification:_identify(src/build-test_tool-Desktop-Debug/CMakeFiles/dummy_test.dir/src) by extensions ['colcon_meta']
[19.380s] Level 1:colcon.colcon_core.package_identification:_identify(src/build-test_tool-Desktop-Debug/CMakeFiles/dummy_test.dir/src) by extension 'colcon_meta'
[19.381s] Level 1:colcon.colcon_core.package_identification:_identify(src/build-test_tool-Desktop-Debug/CMakeFiles/dummy_test.dir/src) by extensions ['ros']
[19.381s] Level 1:colcon.colcon_core.package_identification:_identify(src/build-test_tool-Desktop-Debug/CMakeFiles/dummy_test.dir/src) by extension 'ros'
[19.381s] Level 1:colcon.colcon_core.package_identification:_identify(src/build-test_tool-Desktop-Debug/CMakeFiles/dummy_test.dir/src) by extensions ['cmake', 'python']
[19.381s] Level 1:colcon.colcon_core.package_identification:_identify(src/build-test_tool-Desktop-Debug/CMakeFiles/dummy_test.dir/src) by extension 'cmake'
[19.381s] Level 1:colcon.colcon_core.package_identification:_identify(src/build-test_tool-Desktop-Debug/CMakeFiles/dummy_test.dir/src) by extension 'python'
[19.381s] Level 1:colcon.colcon_core.package_identification:_identify(src/build-test_tool-Desktop-Debug/CMakeFiles/dummy_test.dir/src) by extensions ['python_setup_py']
[19.381s] Level 1:colcon.colcon_core.package_identification:_identify(src/build-test_tool-Desktop-Debug/CMakeFiles/dummy_test.dir/src) by extension 'python_setup_py'
[19.381s] Level 1:colcon.colcon_core.package_identification:_identify(src/build-test_tool-Desktop-Debug/CMakeFiles/dummy_test_1.dir) by extensions ['ignore', 'ignore_ament_install']
[19.381s] Level 1:colcon.colcon_core.package_identification:_identify(src/build-test_tool-Desktop-Debug/CMakeFiles/dummy_test_1.dir) by extension 'ignore'
[19.381s] Level 1:colcon.colcon_core.package_identification:_identify(src/build-test_tool-Desktop-Debug/CMakeFiles/dummy_test_1.dir) by extension 'ignore_ament_install'
[19.381s] Level 1:colcon.colcon_core.package_identification:_identify(src/build-test_tool-Desktop-Debug/CMakeFiles/dummy_test_1.dir) by extensions ['colcon_pkg']
[19.381s] Level 1:colcon.colcon_core.package_identification:_identify(src/build-test_tool-Desktop-Debug/CMakeFiles/dummy_test_1.dir) by extension 'colcon_pkg'
[19.382s] Level 1:colcon.colcon_core.package_identification:_identify(src/build-test_tool-Desktop-Debug/CMakeFiles/dummy_test_1.dir) by extensions ['colcon_meta']
[19.382s] Level 1:colcon.colcon_core.package_identification:_identify(src/build-test_tool-Desktop-Debug/CMakeFiles/dummy_test_1.dir) by extension 'colcon_meta'
[19.382s] Level 1:colcon.colcon_core.package_identification:_identify(src/build-test_tool-Desktop-Debug/CMakeFiles/dummy_test_1.dir) by extensions ['ros']
[19.382s] Level 1:colcon.colcon_core.package_identification:_identify(src/build-test_tool-Desktop-Debug/CMakeFiles/dummy_test_1.dir) by extension 'ros'
[19.382s] Level 1:colcon.colcon_core.package_identification:_identify(src/build-test_tool-Desktop-Debug/CMakeFiles/dummy_test_1.dir) by extensions ['cmake', 'python']
[19.382s] Level 1:colcon.colcon_core.package_identification:_identify(src/build-test_tool-Desktop-Debug/CMakeFiles/dummy_test_1.dir) by extension 'cmake'
[19.382s] Level 1:colcon.colcon_core.package_identification:_identify(src/build-test_tool-Desktop-Debug/CMakeFiles/dummy_test_1.dir) by extension 'python'
[19.382s] Level 1:colcon.colcon_core.package_identification:_identify(src/build-test_tool-Desktop-Debug/CMakeFiles/dummy_test_1.dir) by extensions ['python_setup_py']
[19.382s] Level 1:colcon.colcon_core.package_identification:_identify(src/build-test_tool-Desktop-Debug/CMakeFiles/dummy_test_1.dir) by extension 'python_setup_py'
[19.382s] Level 1:colcon.colcon_core.package_identification:_identify(src/build-test_tool-Desktop-Debug/CMakeFiles/dummy_test_1.dir/dummy_test_1_autogen) by extensions ['ignore', 'ignore_ament_install']
[19.382s] Level 1:colcon.colcon_core.package_identification:_identify(src/build-test_tool-Desktop-Debug/CMakeFiles/dummy_test_1.dir/dummy_test_1_autogen) by extension 'ignore'
[19.382s] Level 1:colcon.colcon_core.package_identification:_identify(src/build-test_tool-Desktop-Debug/CMakeFiles/dummy_test_1.dir/dummy_test_1_autogen) by extension 'ignore_ament_install'
[19.383s] Level 1:colcon.colcon_core.package_identification:_identify(src/build-test_tool-Desktop-Debug/CMakeFiles/dummy_test_1.dir/dummy_test_1_autogen) by extensions ['colcon_pkg']
[19.383s] Level 1:colcon.colcon_core.package_identification:_identify(src/build-test_tool-Desktop-Debug/CMakeFiles/dummy_test_1.dir/dummy_test_1_autogen) by extension 'colcon_pkg'
[19.383s] Level 1:colcon.colcon_core.package_identification:_identify(src/build-test_tool-Desktop-Debug/CMakeFiles/dummy_test_1.dir/dummy_test_1_autogen) by extensions ['colcon_meta']
[19.383s] Level 1:colcon.colcon_core.package_identification:_identify(src/build-test_tool-Desktop-Debug/CMakeFiles/dummy_test_1.dir/dummy_test_1_autogen) by extension 'colcon_meta'
[19.383s] Level 1:colcon.colcon_core.package_identification:_identify(src/build-test_tool-Desktop-Debug/CMakeFiles/dummy_test_1.dir/dummy_test_1_autogen) by extensions ['ros']
[19.383s] Level 1:colcon.colcon_core.package_identification:_identify(src/build-test_tool-Desktop-Debug/CMakeFiles/dummy_test_1.dir/dummy_test_1_autogen) by extension 'ros'
[19.383s] Level 1:colcon.colcon_core.package_identification:_identify(src/build-test_tool-Desktop-Debug/CMakeFiles/dummy_test_1.dir/dummy_test_1_autogen) by extensions ['cmake', 'python']
[19.383s] Level 1:colcon.colcon_core.package_identification:_identify(src/build-test_tool-Desktop-Debug/CMakeFiles/dummy_test_1.dir/dummy_test_1_autogen) by extension 'cmake'
[19.383s] Level 1:colcon.colcon_core.package_identification:_identify(src/build-test_tool-Desktop-Debug/CMakeFiles/dummy_test_1.dir/dummy_test_1_autogen) by extension 'python'
[19.383s] Level 1:colcon.colcon_core.package_identification:_identify(src/build-test_tool-Desktop-Debug/CMakeFiles/dummy_test_1.dir/dummy_test_1_autogen) by extensions ['python_setup_py']
[19.383s] Level 1:colcon.colcon_core.package_identification:_identify(src/build-test_tool-Desktop-Debug/CMakeFiles/dummy_test_1.dir/dummy_test_1_autogen) by extension 'python_setup_py'
[19.383s] Level 1:colcon.colcon_core.package_identification:_identify(src/build-test_tool-Desktop-Debug/CMakeFiles/dummy_test_1.dir/src) by extensions ['ignore', 'ignore_ament_install']
[19.384s] Level 1:colcon.colcon_core.package_identification:_identify(src/build-test_tool-Desktop-Debug/CMakeFiles/dummy_test_1.dir/src) by extension 'ignore'
[19.384s] Level 1:colcon.colcon_core.package_identification:_identify(src/build-test_tool-Desktop-Debug/CMakeFiles/dummy_test_1.dir/src) by extension 'ignore_ament_install'
[19.384s] Level 1:colcon.colcon_core.package_identification:_identify(src/build-test_tool-Desktop-Debug/CMakeFiles/dummy_test_1.dir/src) by extensions ['colcon_pkg']
[19.384s] Level 1:colcon.colcon_core.package_identification:_identify(src/build-test_tool-Desktop-Debug/CMakeFiles/dummy_test_1.dir/src) by extension 'colcon_pkg'
[19.384s] Level 1:colcon.colcon_core.package_identification:_identify(src/build-test_tool-Desktop-Debug/CMakeFiles/dummy_test_1.dir/src) by extensions ['colcon_meta']
[19.384s] Level 1:colcon.colcon_core.package_identification:_identify(src/build-test_tool-Desktop-Debug/CMakeFiles/dummy_test_1.dir/src) by extension 'colcon_meta'
[19.384s] Level 1:colcon.colcon_core.package_identification:_identify(src/build-test_tool-Desktop-Debug/CMakeFiles/dummy_test_1.dir/src) by extensions ['ros']
[19.384s] Level 1:colcon.colcon_core.package_identification:_identify(src/build-test_tool-Desktop-Debug/CMakeFiles/dummy_test_1.dir/src) by extension 'ros'
[19.384s] Level 1:colcon.colcon_core.package_identification:_identify(src/build-test_tool-Desktop-Debug/CMakeFiles/dummy_test_1.dir/src) by extensions ['cmake', 'python']
[19.384s] Level 1:colcon.colcon_core.package_identification:_identify(src/build-test_tool-Desktop-Debug/CMakeFiles/dummy_test_1.dir/src) by extension 'cmake'
[19.384s] Level 1:colcon.colcon_core.package_identification:_identify(src/build-test_tool-Desktop-Debug/CMakeFiles/dummy_test_1.dir/src) by extension 'python'
[19.385s] Level 1:colcon.colcon_core.package_identification:_identify(src/build-test_tool-Desktop-Debug/CMakeFiles/dummy_test_1.dir/src) by extensions ['python_setup_py']
[19.385s] Level 1:colcon.colcon_core.package_identification:_identify(src/build-test_tool-Desktop-Debug/CMakeFiles/dummy_test_1.dir/src) by extension 'python_setup_py'
[19.385s] Level 1:colcon.colcon_core.package_identification:_identify(src/build-test_tool-Desktop-Debug/CMakeFiles/dummy_test_1_autogen.dir) by extensions ['ignore', 'ignore_ament_install']
[19.385s] Level 1:colcon.colcon_core.package_identification:_identify(src/build-test_tool-Desktop-Debug/CMakeFiles/dummy_test_1_autogen.dir) by extension 'ignore'
[19.385s] Level 1:colcon.colcon_core.package_identification:_identify(src/build-test_tool-Desktop-Debug/CMakeFiles/dummy_test_1_autogen.dir) by extension 'ignore_ament_install'
[19.385s] Level 1:colcon.colcon_core.package_identification:_identify(src/build-test_tool-Desktop-Debug/CMakeFiles/dummy_test_1_autogen.dir) by extensions ['colcon_pkg']
[19.385s] Level 1:colcon.colcon_core.package_identification:_identify(src/build-test_tool-Desktop-Debug/CMakeFiles/dummy_test_1_autogen.dir) by extension 'colcon_pkg'
[19.385s] Level 1:colcon.colcon_core.package_identification:_identify(src/build-test_tool-Desktop-Debug/CMakeFiles/dummy_test_1_autogen.dir) by extensions ['colcon_meta']
[19.385s] Level 1:colcon.colcon_core.package_identification:_identify(src/build-test_tool-Desktop-Debug/CMakeFiles/dummy_test_1_autogen.dir) by extension 'colcon_meta'
[19.385s] Level 1:colcon.colcon_core.package_identification:_identify(src/build-test_tool-Desktop-Debug/CMakeFiles/dummy_test_1_autogen.dir) by extensions ['ros']
[19.385s] Level 1:colcon.colcon_core.package_identification:_identify(src/build-test_tool-Desktop-Debug/CMakeFiles/dummy_test_1_autogen.dir) by extension 'ros'
[19.385s] Level 1:colcon.colcon_core.package_identification:_identify(src/build-test_tool-Desktop-Debug/CMakeFiles/dummy_test_1_autogen.dir) by extensions ['cmake', 'python']
[19.385s] Level 1:colcon.colcon_core.package_identification:_identify(src/build-test_tool-Desktop-Debug/CMakeFiles/dummy_test_1_autogen.dir) by extension 'cmake'
[19.386s] Level 1:colcon.colcon_core.package_identification:_identify(src/build-test_tool-Desktop-Debug/CMakeFiles/dummy_test_1_autogen.dir) by extension 'python'
[19.386s] Level 1:colcon.colcon_core.package_identification:_identify(src/build-test_tool-Desktop-Debug/CMakeFiles/dummy_test_1_autogen.dir) by extensions ['python_setup_py']
[19.386s] Level 1:colcon.colcon_core.package_identification:_identify(src/build-test_tool-Desktop-Debug/CMakeFiles/dummy_test_1_autogen.dir) by extension 'python_setup_py'
[19.386s] Level 1:colcon.colcon_core.package_identification:_identify(src/build-test_tool-Desktop-Debug/CMakeFiles/dummy_test_autogen.dir) by extensions ['ignore', 'ignore_ament_install']
[19.386s] Level 1:colcon.colcon_core.package_identification:_identify(src/build-test_tool-Desktop-Debug/CMakeFiles/dummy_test_autogen.dir) by extension 'ignore'
[19.386s] Level 1:colcon.colcon_core.package_identification:_identify(src/build-test_tool-Desktop-Debug/CMakeFiles/dummy_test_autogen.dir) by extension 'ignore_ament_install'
[19.386s] Level 1:colcon.colcon_core.package_identification:_identify(src/build-test_tool-Desktop-Debug/CMakeFiles/dummy_test_autogen.dir) by extensions ['colcon_pkg']
[19.386s] Level 1:colcon.colcon_core.package_identification:_identify(src/build-test_tool-Desktop-Debug/CMakeFiles/dummy_test_autogen.dir) by extension 'colcon_pkg'
[19.386s] Level 1:colcon.colcon_core.package_identification:_identify(src/build-test_tool-Desktop-Debug/CMakeFiles/dummy_test_autogen.dir) by extensions ['colcon_meta']
[19.386s] Level 1:colcon.colcon_core.package_identification:_identify(src/build-test_tool-Desktop-Debug/CMakeFiles/dummy_test_autogen.dir) by extension 'colcon_meta'
[19.386s] Level 1:colcon.colcon_core.package_identification:_identify(src/build-test_tool-Desktop-Debug/CMakeFiles/dummy_test_autogen.dir) by extensions ['ros']
[19.386s] Level 1:colcon.colcon_core.package_identification:_identify(src/build-test_tool-Desktop-Debug/CMakeFiles/dummy_test_autogen.dir) by extension 'ros'
[19.387s] Level 1:colcon.colcon_core.package_identification:_identify(src/build-test_tool-Desktop-Debug/CMakeFiles/dummy_test_autogen.dir) by extensions ['cmake', 'python']
[19.387s] Level 1:colcon.colcon_core.package_identification:_identify(src/build-test_tool-Desktop-Debug/CMakeFiles/dummy_test_autogen.dir) by extension 'cmake'
[19.387s] Level 1:colcon.colcon_core.package_identification:_identify(src/build-test_tool-Desktop-Debug/CMakeFiles/dummy_test_autogen.dir) by extension 'python'
[19.387s] Level 1:colcon.colcon_core.package_identification:_identify(src/build-test_tool-Desktop-Debug/CMakeFiles/dummy_test_autogen.dir) by extensions ['python_setup_py']
[19.387s] Level 1:colcon.colcon_core.package_identification:_identify(src/build-test_tool-Desktop-Debug/CMakeFiles/dummy_test_autogen.dir) by extension 'python_setup_py'
[19.387s] Level 1:colcon.colcon_core.package_identification:_identify(src/build-test_tool-Desktop-Debug/CMakeFiles/lidar_node.dir) by extensions ['ignore', 'ignore_ament_install']
[19.387s] Level 1:colcon.colcon_core.package_identification:_identify(src/build-test_tool-Desktop-Debug/CMakeFiles/lidar_node.dir) by extension 'ignore'
[19.387s] Level 1:colcon.colcon_core.package_identification:_identify(src/build-test_tool-Desktop-Debug/CMakeFiles/lidar_node.dir) by extension 'ignore_ament_install'
[19.387s] Level 1:colcon.colcon_core.package_identification:_identify(src/build-test_tool-Desktop-Debug/CMakeFiles/lidar_node.dir) by extensions ['colcon_pkg']
[19.387s] Level 1:colcon.colcon_core.package_identification:_identify(src/build-test_tool-Desktop-Debug/CMakeFiles/lidar_node.dir) by extension 'colcon_pkg'
[19.387s] Level 1:colcon.colcon_core.package_identification:_identify(src/build-test_tool-Desktop-Debug/CMakeFiles/lidar_node.dir) by extensions ['colcon_meta']
[19.387s] Level 1:colcon.colcon_core.package_identification:_identify(src/build-test_tool-Desktop-Debug/CMakeFiles/lidar_node.dir) by extension 'colcon_meta'
[19.388s] Level 1:colcon.colcon_core.package_identification:_identify(src/build-test_tool-Desktop-Debug/CMakeFiles/lidar_node.dir) by extensions ['ros']
[19.388s] Level 1:colcon.colcon_core.package_identification:_identify(src/build-test_tool-Desktop-Debug/CMakeFiles/lidar_node.dir) by extension 'ros'
[19.388s] Level 1:colcon.colcon_core.package_identification:_identify(src/build-test_tool-Desktop-Debug/CMakeFiles/lidar_node.dir) by extensions ['cmake', 'python']
[19.388s] Level 1:colcon.colcon_core.package_identification:_identify(src/build-test_tool-Desktop-Debug/CMakeFiles/lidar_node.dir) by extension 'cmake'
[19.388s] Level 1:colcon.colcon_core.package_identification:_identify(src/build-test_tool-Desktop-Debug/CMakeFiles/lidar_node.dir) by extension 'python'
[19.388s] Level 1:colcon.colcon_core.package_identification:_identify(src/build-test_tool-Desktop-Debug/CMakeFiles/lidar_node.dir) by extensions ['python_setup_py']
[19.388s] Level 1:colcon.colcon_core.package_identification:_identify(src/build-test_tool-Desktop-Debug/CMakeFiles/lidar_node.dir) by extension 'python_setup_py'
[19.388s] Level 1:colcon.colcon_core.package_identification:_identify(src/build-test_tool-Desktop-Debug/CMakeFiles/lidar_node.dir/lidar_node_autogen) by extensions ['ignore', 'ignore_ament_install']
[19.388s] Level 1:colcon.colcon_core.package_identification:_identify(src/build-test_tool-Desktop-Debug/CMakeFiles/lidar_node.dir/lidar_node_autogen) by extension 'ignore'
[19.388s] Level 1:colcon.colcon_core.package_identification:_identify(src/build-test_tool-Desktop-Debug/CMakeFiles/lidar_node.dir/lidar_node_autogen) by extension 'ignore_ament_install'
[19.389s] Level 1:colcon.colcon_core.package_identification:_identify(src/build-test_tool-Desktop-Debug/CMakeFiles/lidar_node.dir/lidar_node_autogen) by extensions ['colcon_pkg']
[19.389s] Level 1:colcon.colcon_core.package_identification:_identify(src/build-test_tool-Desktop-Debug/CMakeFiles/lidar_node.dir/lidar_node_autogen) by extension 'colcon_pkg'
[19.389s] Level 1:colcon.colcon_core.package_identification:_identify(src/build-test_tool-Desktop-Debug/CMakeFiles/lidar_node.dir/lidar_node_autogen) by extensions ['colcon_meta']
[19.389s] Level 1:colcon.colcon_core.package_identification:_identify(src/build-test_tool-Desktop-Debug/CMakeFiles/lidar_node.dir/lidar_node_autogen) by extension 'colcon_meta'
[19.389s] Level 1:colcon.colcon_core.package_identification:_identify(src/build-test_tool-Desktop-Debug/CMakeFiles/lidar_node.dir/lidar_node_autogen) by extensions ['ros']
[19.389s] Level 1:colcon.colcon_core.package_identification:_identify(src/build-test_tool-Desktop-Debug/CMakeFiles/lidar_node.dir/lidar_node_autogen) by extension 'ros'
[19.389s] Level 1:colcon.colcon_core.package_identification:_identify(src/build-test_tool-Desktop-Debug/CMakeFiles/lidar_node.dir/lidar_node_autogen) by extensions ['cmake', 'python']
[19.389s] Level 1:colcon.colcon_core.package_identification:_identify(src/build-test_tool-Desktop-Debug/CMakeFiles/lidar_node.dir/lidar_node_autogen) by extension 'cmake'
[19.389s] Level 1:colcon.colcon_core.package_identification:_identify(src/build-test_tool-Desktop-Debug/CMakeFiles/lidar_node.dir/lidar_node_autogen) by extension 'python'
[19.389s] Level 1:colcon.colcon_core.package_identification:_identify(src/build-test_tool-Desktop-Debug/CMakeFiles/lidar_node.dir/lidar_node_autogen) by extensions ['python_setup_py']
[19.390s] Level 1:colcon.colcon_core.package_identification:_identify(src/build-test_tool-Desktop-Debug/CMakeFiles/lidar_node.dir/lidar_node_autogen) by extension 'python_setup_py'
[19.390s] Level 1:colcon.colcon_core.package_identification:_identify(src/build-test_tool-Desktop-Debug/CMakeFiles/lidar_node.dir/src) by extensions ['ignore', 'ignore_ament_install']
[19.390s] Level 1:colcon.colcon_core.package_identification:_identify(src/build-test_tool-Desktop-Debug/CMakeFiles/lidar_node.dir/src) by extension 'ignore'
[19.390s] Level 1:colcon.colcon_core.package_identification:_identify(src/build-test_tool-Desktop-Debug/CMakeFiles/lidar_node.dir/src) by extension 'ignore_ament_install'
[19.390s] Level 1:colcon.colcon_core.package_identification:_identify(src/build-test_tool-Desktop-Debug/CMakeFiles/lidar_node.dir/src) by extensions ['colcon_pkg']
[19.390s] Level 1:colcon.colcon_core.package_identification:_identify(src/build-test_tool-Desktop-Debug/CMakeFiles/lidar_node.dir/src) by extension 'colcon_pkg'
[19.390s] Level 1:colcon.colcon_core.package_identification:_identify(src/build-test_tool-Desktop-Debug/CMakeFiles/lidar_node.dir/src) by extensions ['colcon_meta']
[19.391s] Level 1:colcon.colcon_core.package_identification:_identify(src/build-test_tool-Desktop-Debug/CMakeFiles/lidar_node.dir/src) by extension 'colcon_meta'
[19.391s] Level 1:colcon.colcon_core.package_identification:_identify(src/build-test_tool-Desktop-Debug/CMakeFiles/lidar_node.dir/src) by extensions ['ros']
[19.391s] Level 1:colcon.colcon_core.package_identification:_identify(src/build-test_tool-Desktop-Debug/CMakeFiles/lidar_node.dir/src) by extension 'ros'
[19.391s] Level 1:colcon.colcon_core.package_identification:_identify(src/build-test_tool-Desktop-Debug/CMakeFiles/lidar_node.dir/src) by extensions ['cmake', 'python']
[19.391s] Level 1:colcon.colcon_core.package_identification:_identify(src/build-test_tool-Desktop-Debug/CMakeFiles/lidar_node.dir/src) by extension 'cmake'
[19.391s] Level 1:colcon.colcon_core.package_identification:_identify(src/build-test_tool-Desktop-Debug/CMakeFiles/lidar_node.dir/src) by extension 'python'
[19.391s] Level 1:colcon.colcon_core.package_identification:_identify(src/build-test_tool-Desktop-Debug/CMakeFiles/lidar_node.dir/src) by extensions ['python_setup_py']
[19.391s] Level 1:colcon.colcon_core.package_identification:_identify(src/build-test_tool-Desktop-Debug/CMakeFiles/lidar_node.dir/src) by extension 'python_setup_py'
[19.391s] Level 1:colcon.colcon_core.package_identification:_identify(src/build-test_tool-Desktop-Debug/CMakeFiles/lidar_node_autogen.dir) by extensions ['ignore', 'ignore_ament_install']
[19.391s] Level 1:colcon.colcon_core.package_identification:_identify(src/build-test_tool-Desktop-Debug/CMakeFiles/lidar_node_autogen.dir) by extension 'ignore'
[19.392s] Level 1:colcon.colcon_core.package_identification:_identify(src/build-test_tool-Desktop-Debug/CMakeFiles/lidar_node_autogen.dir) by extension 'ignore_ament_install'
[19.392s] Level 1:colcon.colcon_core.package_identification:_identify(src/build-test_tool-Desktop-Debug/CMakeFiles/lidar_node_autogen.dir) by extensions ['colcon_pkg']
[19.392s] Level 1:colcon.colcon_core.package_identification:_identify(src/build-test_tool-Desktop-Debug/CMakeFiles/lidar_node_autogen.dir) by extension 'colcon_pkg'
[19.392s] Level 1:colcon.colcon_core.package_identification:_identify(src/build-test_tool-Desktop-Debug/CMakeFiles/lidar_node_autogen.dir) by extensions ['colcon_meta']
[19.392s] Level 1:colcon.colcon_core.package_identification:_identify(src/build-test_tool-Desktop-Debug/CMakeFiles/lidar_node_autogen.dir) by extension 'colcon_meta'
[19.392s] Level 1:colcon.colcon_core.package_identification:_identify(src/build-test_tool-Desktop-Debug/CMakeFiles/lidar_node_autogen.dir) by extensions ['ros']
[19.392s] Level 1:colcon.colcon_core.package_identification:_identify(src/build-test_tool-Desktop-Debug/CMakeFiles/lidar_node_autogen.dir) by extension 'ros'
[19.392s] Level 1:colcon.colcon_core.package_identification:_identify(src/build-test_tool-Desktop-Debug/CMakeFiles/lidar_node_autogen.dir) by extensions ['cmake', 'python']
[19.392s] Level 1:colcon.colcon_core.package_identification:_identify(src/build-test_tool-Desktop-Debug/CMakeFiles/lidar_node_autogen.dir) by extension 'cmake'
[19.392s] Level 1:colcon.colcon_core.package_identification:_identify(src/build-test_tool-Desktop-Debug/CMakeFiles/lidar_node_autogen.dir) by extension 'python'
[19.392s] Level 1:colcon.colcon_core.package_identification:_identify(src/build-test_tool-Desktop-Debug/CMakeFiles/lidar_node_autogen.dir) by extensions ['python_setup_py']
[19.393s] Level 1:colcon.colcon_core.package_identification:_identify(src/build-test_tool-Desktop-Debug/CMakeFiles/lidar_node_autogen.dir) by extension 'python_setup_py'
[19.393s] Level 1:colcon.colcon_core.package_identification:_identify(src/build-test_tool-Desktop-Debug/CMakeFiles/test_tool.dir) by extensions ['ignore', 'ignore_ament_install']
[19.393s] Level 1:colcon.colcon_core.package_identification:_identify(src/build-test_tool-Desktop-Debug/CMakeFiles/test_tool.dir) by extension 'ignore'
[19.393s] Level 1:colcon.colcon_core.package_identification:_identify(src/build-test_tool-Desktop-Debug/CMakeFiles/test_tool.dir) by extension 'ignore_ament_install'
[19.393s] Level 1:colcon.colcon_core.package_identification:_identify(src/build-test_tool-Desktop-Debug/CMakeFiles/test_tool.dir) by extensions ['colcon_pkg']
[19.393s] Level 1:colcon.colcon_core.package_identification:_identify(src/build-test_tool-Desktop-Debug/CMakeFiles/test_tool.dir) by extension 'colcon_pkg'
[19.393s] Level 1:colcon.colcon_core.package_identification:_identify(src/build-test_tool-Desktop-Debug/CMakeFiles/test_tool.dir) by extensions ['colcon_meta']
[19.393s] Level 1:colcon.colcon_core.package_identification:_identify(src/build-test_tool-Desktop-Debug/CMakeFiles/test_tool.dir) by extension 'colcon_meta'
[19.393s] Level 1:colcon.colcon_core.package_identification:_identify(src/build-test_tool-Desktop-Debug/CMakeFiles/test_tool.dir) by extensions ['ros']
[19.393s] Level 1:colcon.colcon_core.package_identification:_identify(src/build-test_tool-Desktop-Debug/CMakeFiles/test_tool.dir) by extension 'ros'
[19.394s] Level 1:colcon.colcon_core.package_identification:_identify(src/build-test_tool-Desktop-Debug/CMakeFiles/test_tool.dir) by extensions ['cmake', 'python']
[19.394s] Level 1:colcon.colcon_core.package_identification:_identify(src/build-test_tool-Desktop-Debug/CMakeFiles/test_tool.dir) by extension 'cmake'
[19.394s] Level 1:colcon.colcon_core.package_identification:_identify(src/build-test_tool-Desktop-Debug/CMakeFiles/test_tool.dir) by extension 'python'
[19.394s] Level 1:colcon.colcon_core.package_identification:_identify(src/build-test_tool-Desktop-Debug/CMakeFiles/test_tool.dir) by extensions ['python_setup_py']
[19.394s] Level 1:colcon.colcon_core.package_identification:_identify(src/build-test_tool-Desktop-Debug/CMakeFiles/test_tool.dir) by extension 'python_setup_py'
[19.394s] Level 1:colcon.colcon_core.package_identification:_identify(src/build-test_tool-Desktop-Debug/CMakeFiles/test_tool.dir/src) by extensions ['ignore', 'ignore_ament_install']
[19.394s] Level 1:colcon.colcon_core.package_identification:_identify(src/build-test_tool-Desktop-Debug/CMakeFiles/test_tool.dir/src) by extension 'ignore'
[19.395s] Level 1:colcon.colcon_core.package_identification:_identify(src/build-test_tool-Desktop-Debug/CMakeFiles/test_tool.dir/src) by extension 'ignore_ament_install'
[19.395s] Level 1:colcon.colcon_core.package_identification:_identify(src/build-test_tool-Desktop-Debug/CMakeFiles/test_tool.dir/src) by extensions ['colcon_pkg']
[19.395s] Level 1:colcon.colcon_core.package_identification:_identify(src/build-test_tool-Desktop-Debug/CMakeFiles/test_tool.dir/src) by extension 'colcon_pkg'
[19.395s] Level 1:colcon.colcon_core.package_identification:_identify(src/build-test_tool-Desktop-Debug/CMakeFiles/test_tool.dir/src) by extensions ['colcon_meta']
[19.395s] Level 1:colcon.colcon_core.package_identification:_identify(src/build-test_tool-Desktop-Debug/CMakeFiles/test_tool.dir/src) by extension 'colcon_meta'
[19.395s] Level 1:colcon.colcon_core.package_identification:_identify(src/build-test_tool-Desktop-Debug/CMakeFiles/test_tool.dir/src) by extensions ['ros']
[19.395s] Level 1:colcon.colcon_core.package_identification:_identify(src/build-test_tool-Desktop-Debug/CMakeFiles/test_tool.dir/src) by extension 'ros'
[19.395s] Level 1:colcon.colcon_core.package_identification:_identify(src/build-test_tool-Desktop-Debug/CMakeFiles/test_tool.dir/src) by extensions ['cmake', 'python']
[19.395s] Level 1:colcon.colcon_core.package_identification:_identify(src/build-test_tool-Desktop-Debug/CMakeFiles/test_tool.dir/src) by extension 'cmake'
[19.395s] Level 1:colcon.colcon_core.package_identification:_identify(src/build-test_tool-Desktop-Debug/CMakeFiles/test_tool.dir/src) by extension 'python'
[19.395s] Level 1:colcon.colcon_core.package_identification:_identify(src/build-test_tool-Desktop-Debug/CMakeFiles/test_tool.dir/src) by extensions ['python_setup_py']
[19.395s] Level 1:colcon.colcon_core.package_identification:_identify(src/build-test_tool-Desktop-Debug/CMakeFiles/test_tool.dir/src) by extension 'python_setup_py'
[19.396s] Level 1:colcon.colcon_core.package_identification:_identify(src/build-test_tool-Desktop-Debug/CMakeFiles/test_tool.dir/src/iris_tool) by extensions ['ignore', 'ignore_ament_install']
[19.396s] Level 1:colcon.colcon_core.package_identification:_identify(src/build-test_tool-Desktop-Debug/CMakeFiles/test_tool.dir/src/iris_tool) by extension 'ignore'
[19.396s] Level 1:colcon.colcon_core.package_identification:_identify(src/build-test_tool-Desktop-Debug/CMakeFiles/test_tool.dir/src/iris_tool) by extension 'ignore_ament_install'
[19.396s] Level 1:colcon.colcon_core.package_identification:_identify(src/build-test_tool-Desktop-Debug/CMakeFiles/test_tool.dir/src/iris_tool) by extensions ['colcon_pkg']
[19.396s] Level 1:colcon.colcon_core.package_identification:_identify(src/build-test_tool-Desktop-Debug/CMakeFiles/test_tool.dir/src/iris_tool) by extension 'colcon_pkg'
[19.396s] Level 1:colcon.colcon_core.package_identification:_identify(src/build-test_tool-Desktop-Debug/CMakeFiles/test_tool.dir/src/iris_tool) by extensions ['colcon_meta']
[19.396s] Level 1:colcon.colcon_core.package_identification:_identify(src/build-test_tool-Desktop-Debug/CMakeFiles/test_tool.dir/src/iris_tool) by extension 'colcon_meta'
[19.396s] Level 1:colcon.colcon_core.package_identification:_identify(src/build-test_tool-Desktop-Debug/CMakeFiles/test_tool.dir/src/iris_tool) by extensions ['ros']
[19.396s] Level 1:colcon.colcon_core.package_identification:_identify(src/build-test_tool-Desktop-Debug/CMakeFiles/test_tool.dir/src/iris_tool) by extension 'ros'
[19.397s] Level 1:colcon.colcon_core.package_identification:_identify(src/build-test_tool-Desktop-Debug/CMakeFiles/test_tool.dir/src/iris_tool) by extensions ['cmake', 'python']
[19.397s] Level 1:colcon.colcon_core.package_identification:_identify(src/build-test_tool-Desktop-Debug/CMakeFiles/test_tool.dir/src/iris_tool) by extension 'cmake'
[19.397s] Level 1:colcon.colcon_core.package_identification:_identify(src/build-test_tool-Desktop-Debug/CMakeFiles/test_tool.dir/src/iris_tool) by extension 'python'
[19.397s] Level 1:colcon.colcon_core.package_identification:_identify(src/build-test_tool-Desktop-Debug/CMakeFiles/test_tool.dir/src/iris_tool) by extensions ['python_setup_py']
[19.397s] Level 1:colcon.colcon_core.package_identification:_identify(src/build-test_tool-Desktop-Debug/CMakeFiles/test_tool.dir/src/iris_tool) by extension 'python_setup_py'
[19.397s] Level 1:colcon.colcon_core.package_identification:_identify(src/build-test_tool-Desktop-Debug/CMakeFiles/test_tool.dir/test_tool_autogen) by extensions ['ignore', 'ignore_ament_install']
[19.397s] Level 1:colcon.colcon_core.package_identification:_identify(src/build-test_tool-Desktop-Debug/CMakeFiles/test_tool.dir/test_tool_autogen) by extension 'ignore'
[19.397s] Level 1:colcon.colcon_core.package_identification:_identify(src/build-test_tool-Desktop-Debug/CMakeFiles/test_tool.dir/test_tool_autogen) by extension 'ignore_ament_install'
[19.397s] Level 1:colcon.colcon_core.package_identification:_identify(src/build-test_tool-Desktop-Debug/CMakeFiles/test_tool.dir/test_tool_autogen) by extensions ['colcon_pkg']
[19.398s] Level 1:colcon.colcon_core.package_identification:_identify(src/build-test_tool-Desktop-Debug/CMakeFiles/test_tool.dir/test_tool_autogen) by extension 'colcon_pkg'
[19.398s] Level 1:colcon.colcon_core.package_identification:_identify(src/build-test_tool-Desktop-Debug/CMakeFiles/test_tool.dir/test_tool_autogen) by extensions ['colcon_meta']
[19.398s] Level 1:colcon.colcon_core.package_identification:_identify(src/build-test_tool-Desktop-Debug/CMakeFiles/test_tool.dir/test_tool_autogen) by extension 'colcon_meta'
[19.398s] Level 1:colcon.colcon_core.package_identification:_identify(src/build-test_tool-Desktop-Debug/CMakeFiles/test_tool.dir/test_tool_autogen) by extensions ['ros']
[19.398s] Level 1:colcon.colcon_core.package_identification:_identify(src/build-test_tool-Desktop-Debug/CMakeFiles/test_tool.dir/test_tool_autogen) by extension 'ros'
[19.398s] Level 1:colcon.colcon_core.package_identification:_identify(src/build-test_tool-Desktop-Debug/CMakeFiles/test_tool.dir/test_tool_autogen) by extensions ['cmake', 'python']
[19.398s] Level 1:colcon.colcon_core.package_identification:_identify(src/build-test_tool-Desktop-Debug/CMakeFiles/test_tool.dir/test_tool_autogen) by extension 'cmake'
[19.398s] Level 1:colcon.colcon_core.package_identification:_identify(src/build-test_tool-Desktop-Debug/CMakeFiles/test_tool.dir/test_tool_autogen) by extension 'python'
[19.398s] Level 1:colcon.colcon_core.package_identification:_identify(src/build-test_tool-Desktop-Debug/CMakeFiles/test_tool.dir/test_tool_autogen) by extensions ['python_setup_py']
[19.398s] Level 1:colcon.colcon_core.package_identification:_identify(src/build-test_tool-Desktop-Debug/CMakeFiles/test_tool.dir/test_tool_autogen) by extension 'python_setup_py'
[19.398s] Level 1:colcon.colcon_core.package_identification:_identify(src/build-test_tool-Desktop-Debug/CMakeFiles/test_tool_autogen.dir) by extensions ['ignore', 'ignore_ament_install']
[19.399s] Level 1:colcon.colcon_core.package_identification:_identify(src/build-test_tool-Desktop-Debug/CMakeFiles/test_tool_autogen.dir) by extension 'ignore'
[19.399s] Level 1:colcon.colcon_core.package_identification:_identify(src/build-test_tool-Desktop-Debug/CMakeFiles/test_tool_autogen.dir) by extension 'ignore_ament_install'
[19.399s] Level 1:colcon.colcon_core.package_identification:_identify(src/build-test_tool-Desktop-Debug/CMakeFiles/test_tool_autogen.dir) by extensions ['colcon_pkg']
[19.399s] Level 1:colcon.colcon_core.package_identification:_identify(src/build-test_tool-Desktop-Debug/CMakeFiles/test_tool_autogen.dir) by extension 'colcon_pkg'
[19.399s] Level 1:colcon.colcon_core.package_identification:_identify(src/build-test_tool-Desktop-Debug/CMakeFiles/test_tool_autogen.dir) by extensions ['colcon_meta']
[19.399s] Level 1:colcon.colcon_core.package_identification:_identify(src/build-test_tool-Desktop-Debug/CMakeFiles/test_tool_autogen.dir) by extension 'colcon_meta'
[19.399s] Level 1:colcon.colcon_core.package_identification:_identify(src/build-test_tool-Desktop-Debug/CMakeFiles/test_tool_autogen.dir) by extensions ['ros']
[19.399s] Level 1:colcon.colcon_core.package_identification:_identify(src/build-test_tool-Desktop-Debug/CMakeFiles/test_tool_autogen.dir) by extension 'ros'
[19.400s] Level 1:colcon.colcon_core.package_identification:_identify(src/build-test_tool-Desktop-Debug/CMakeFiles/test_tool_autogen.dir) by extensions ['cmake', 'python']
[19.400s] Level 1:colcon.colcon_core.package_identification:_identify(src/build-test_tool-Desktop-Debug/CMakeFiles/test_tool_autogen.dir) by extension 'cmake'
[19.400s] Level 1:colcon.colcon_core.package_identification:_identify(src/build-test_tool-Desktop-Debug/CMakeFiles/test_tool_autogen.dir) by extension 'python'
[19.400s] Level 1:colcon.colcon_core.package_identification:_identify(src/build-test_tool-Desktop-Debug/CMakeFiles/test_tool_autogen.dir) by extensions ['python_setup_py']
[19.400s] Level 1:colcon.colcon_core.package_identification:_identify(src/build-test_tool-Desktop-Debug/CMakeFiles/test_tool_autogen.dir) by extension 'python_setup_py'
[19.400s] Level 1:colcon.colcon_core.package_identification:_identify(src/build-test_tool-Desktop-Debug/CMakeFiles/test_tool_uninstall.dir) by extensions ['ignore', 'ignore_ament_install']
[19.400s] Level 1:colcon.colcon_core.package_identification:_identify(src/build-test_tool-Desktop-Debug/CMakeFiles/test_tool_uninstall.dir) by extension 'ignore'
[19.400s] Level 1:colcon.colcon_core.package_identification:_identify(src/build-test_tool-Desktop-Debug/CMakeFiles/test_tool_uninstall.dir) by extension 'ignore_ament_install'
[19.400s] Level 1:colcon.colcon_core.package_identification:_identify(src/build-test_tool-Desktop-Debug/CMakeFiles/test_tool_uninstall.dir) by extensions ['colcon_pkg']
[19.400s] Level 1:colcon.colcon_core.package_identification:_identify(src/build-test_tool-Desktop-Debug/CMakeFiles/test_tool_uninstall.dir) by extension 'colcon_pkg'
[19.401s] Level 1:colcon.colcon_core.package_identification:_identify(src/build-test_tool-Desktop-Debug/CMakeFiles/test_tool_uninstall.dir) by extensions ['colcon_meta']
[19.401s] Level 1:colcon.colcon_core.package_identification:_identify(src/build-test_tool-Desktop-Debug/CMakeFiles/test_tool_uninstall.dir) by extension 'colcon_meta'
[19.401s] Level 1:colcon.colcon_core.package_identification:_identify(src/build-test_tool-Desktop-Debug/CMakeFiles/test_tool_uninstall.dir) by extensions ['ros']
[19.401s] Level 1:colcon.colcon_core.package_identification:_identify(src/build-test_tool-Desktop-Debug/CMakeFiles/test_tool_uninstall.dir) by extension 'ros'
[19.401s] Level 1:colcon.colcon_core.package_identification:_identify(src/build-test_tool-Desktop-Debug/CMakeFiles/test_tool_uninstall.dir) by extensions ['cmake', 'python']
[19.401s] Level 1:colcon.colcon_core.package_identification:_identify(src/build-test_tool-Desktop-Debug/CMakeFiles/test_tool_uninstall.dir) by extension 'cmake'
[19.401s] Level 1:colcon.colcon_core.package_identification:_identify(src/build-test_tool-Desktop-Debug/CMakeFiles/test_tool_uninstall.dir) by extension 'python'
[19.401s] Level 1:colcon.colcon_core.package_identification:_identify(src/build-test_tool-Desktop-Debug/CMakeFiles/test_tool_uninstall.dir) by extensions ['python_setup_py']
[19.401s] Level 1:colcon.colcon_core.package_identification:_identify(src/build-test_tool-Desktop-Debug/CMakeFiles/test_tool_uninstall.dir) by extension 'python_setup_py'
[19.402s] Level 1:colcon.colcon_core.package_identification:_identify(src/build-test_tool-Desktop-Debug/CMakeFiles/uninstall.dir) by extensions ['ignore', 'ignore_ament_install']
[19.402s] Level 1:colcon.colcon_core.package_identification:_identify(src/build-test_tool-Desktop-Debug/CMakeFiles/uninstall.dir) by extension 'ignore'
[19.402s] Level 1:colcon.colcon_core.package_identification:_identify(src/build-test_tool-Desktop-Debug/CMakeFiles/uninstall.dir) by extension 'ignore_ament_install'
[19.402s] Level 1:colcon.colcon_core.package_identification:_identify(src/build-test_tool-Desktop-Debug/CMakeFiles/uninstall.dir) by extensions ['colcon_pkg']
[19.402s] Level 1:colcon.colcon_core.package_identification:_identify(src/build-test_tool-Desktop-Debug/CMakeFiles/uninstall.dir) by extension 'colcon_pkg'
[19.402s] Level 1:colcon.colcon_core.package_identification:_identify(src/build-test_tool-Desktop-Debug/CMakeFiles/uninstall.dir) by extensions ['colcon_meta']
[19.402s] Level 1:colcon.colcon_core.package_identification:_identify(src/build-test_tool-Desktop-Debug/CMakeFiles/uninstall.dir) by extension 'colcon_meta'
[19.402s] Level 1:colcon.colcon_core.package_identification:_identify(src/build-test_tool-Desktop-Debug/CMakeFiles/uninstall.dir) by extensions ['ros']
[19.402s] Level 1:colcon.colcon_core.package_identification:_identify(src/build-test_tool-Desktop-Debug/CMakeFiles/uninstall.dir) by extension 'ros'
[19.402s] Level 1:colcon.colcon_core.package_identification:_identify(src/build-test_tool-Desktop-Debug/CMakeFiles/uninstall.dir) by extensions ['cmake', 'python']
[19.402s] Level 1:colcon.colcon_core.package_identification:_identify(src/build-test_tool-Desktop-Debug/CMakeFiles/uninstall.dir) by extension 'cmake'
[19.402s] Level 1:colcon.colcon_core.package_identification:_identify(src/build-test_tool-Desktop-Debug/CMakeFiles/uninstall.dir) by extension 'python'
[19.402s] Level 1:colcon.colcon_core.package_identification:_identify(src/build-test_tool-Desktop-Debug/CMakeFiles/uninstall.dir) by extensions ['python_setup_py']
[19.403s] Level 1:colcon.colcon_core.package_identification:_identify(src/build-test_tool-Desktop-Debug/CMakeFiles/uninstall.dir) by extension 'python_setup_py'
[19.403s] Level 1:colcon.colcon_core.package_identification:_identify(src/build-test_tool-Desktop-Debug/Testing) by extensions ['ignore', 'ignore_ament_install']
[19.403s] Level 1:colcon.colcon_core.package_identification:_identify(src/build-test_tool-Desktop-Debug/Testing) by extension 'ignore'
[19.403s] Level 1:colcon.colcon_core.package_identification:_identify(src/build-test_tool-Desktop-Debug/Testing) by extension 'ignore_ament_install'
[19.403s] Level 1:colcon.colcon_core.package_identification:_identify(src/build-test_tool-Desktop-Debug/Testing) by extensions ['colcon_pkg']
[19.403s] Level 1:colcon.colcon_core.package_identification:_identify(src/build-test_tool-Desktop-Debug/Testing) by extension 'colcon_pkg'
[19.403s] Level 1:colcon.colcon_core.package_identification:_identify(src/build-test_tool-Desktop-Debug/Testing) by extensions ['colcon_meta']
[19.403s] Level 1:colcon.colcon_core.package_identification:_identify(src/build-test_tool-Desktop-Debug/Testing) by extension 'colcon_meta'
[19.403s] Level 1:colcon.colcon_core.package_identification:_identify(src/build-test_tool-Desktop-Debug/Testing) by extensions ['ros']
[19.403s] Level 1:colcon.colcon_core.package_identification:_identify(src/build-test_tool-Desktop-Debug/Testing) by extension 'ros'
[19.404s] Level 1:colcon.colcon_core.package_identification:_identify(src/build-test_tool-Desktop-Debug/Testing) by extensions ['cmake', 'python']
[19.404s] Level 1:colcon.colcon_core.package_identification:_identify(src/build-test_tool-Desktop-Debug/Testing) by extension 'cmake'
[19.404s] Level 1:colcon.colcon_core.package_identification:_identify(src/build-test_tool-Desktop-Debug/Testing) by extension 'python'
[19.404s] Level 1:colcon.colcon_core.package_identification:_identify(src/build-test_tool-Desktop-Debug/Testing) by extensions ['python_setup_py']
[19.404s] Level 1:colcon.colcon_core.package_identification:_identify(src/build-test_tool-Desktop-Debug/Testing) by extension 'python_setup_py'
[19.404s] Level 1:colcon.colcon_core.package_identification:_identify(src/build-test_tool-Desktop-Debug/Testing/Temporary) by extensions ['ignore', 'ignore_ament_install']
[19.404s] Level 1:colcon.colcon_core.package_identification:_identify(src/build-test_tool-Desktop-Debug/Testing/Temporary) by extension 'ignore'
[19.404s] Level 1:colcon.colcon_core.package_identification:_identify(src/build-test_tool-Desktop-Debug/Testing/Temporary) by extension 'ignore_ament_install'
[19.404s] Level 1:colcon.colcon_core.package_identification:_identify(src/build-test_tool-Desktop-Debug/Testing/Temporary) by extensions ['colcon_pkg']
[19.405s] Level 1:colcon.colcon_core.package_identification:_identify(src/build-test_tool-Desktop-Debug/Testing/Temporary) by extension 'colcon_pkg'
[19.405s] Level 1:colcon.colcon_core.package_identification:_identify(src/build-test_tool-Desktop-Debug/Testing/Temporary) by extensions ['colcon_meta']
[19.405s] Level 1:colcon.colcon_core.package_identification:_identify(src/build-test_tool-Desktop-Debug/Testing/Temporary) by extension 'colcon_meta'
[19.405s] Level 1:colcon.colcon_core.package_identification:_identify(src/build-test_tool-Desktop-Debug/Testing/Temporary) by extensions ['ros']
[19.405s] Level 1:colcon.colcon_core.package_identification:_identify(src/build-test_tool-Desktop-Debug/Testing/Temporary) by extension 'ros'
[19.405s] Level 1:colcon.colcon_core.package_identification:_identify(src/build-test_tool-Desktop-Debug/Testing/Temporary) by extensions ['cmake', 'python']
[19.405s] Level 1:colcon.colcon_core.package_identification:_identify(src/build-test_tool-Desktop-Debug/Testing/Temporary) by extension 'cmake'
[19.405s] Level 1:colcon.colcon_core.package_identification:_identify(src/build-test_tool-Desktop-Debug/Testing/Temporary) by extension 'python'
[19.405s] Level 1:colcon.colcon_core.package_identification:_identify(src/build-test_tool-Desktop-Debug/Testing/Temporary) by extensions ['python_setup_py']
[19.405s] Level 1:colcon.colcon_core.package_identification:_identify(src/build-test_tool-Desktop-Debug/Testing/Temporary) by extension 'python_setup_py'
[19.406s] Level 1:colcon.colcon_core.package_identification:_identify(src/build-test_tool-Desktop-Debug/ament_cmake_core) by extensions ['ignore', 'ignore_ament_install']
[19.406s] Level 1:colcon.colcon_core.package_identification:_identify(src/build-test_tool-Desktop-Debug/ament_cmake_core) by extension 'ignore'
[19.406s] Level 1:colcon.colcon_core.package_identification:_identify(src/build-test_tool-Desktop-Debug/ament_cmake_core) by extension 'ignore_ament_install'
[19.406s] Level 1:colcon.colcon_core.package_identification:_identify(src/build-test_tool-Desktop-Debug/ament_cmake_core) by extensions ['colcon_pkg']
[19.406s] Level 1:colcon.colcon_core.package_identification:_identify(src/build-test_tool-Desktop-Debug/ament_cmake_core) by extension 'colcon_pkg'
[19.406s] Level 1:colcon.colcon_core.package_identification:_identify(src/build-test_tool-Desktop-Debug/ament_cmake_core) by extensions ['colcon_meta']
[19.406s] Level 1:colcon.colcon_core.package_identification:_identify(src/build-test_tool-Desktop-Debug/ament_cmake_core) by extension 'colcon_meta'
[19.406s] Level 1:colcon.colcon_core.package_identification:_identify(src/build-test_tool-Desktop-Debug/ament_cmake_core) by extensions ['ros']
[19.406s] Level 1:colcon.colcon_core.package_identification:_identify(src/build-test_tool-Desktop-Debug/ament_cmake_core) by extension 'ros'
[19.406s] Level 1:colcon.colcon_core.package_identification:_identify(src/build-test_tool-Desktop-Debug/ament_cmake_core) by extensions ['cmake', 'python']
[19.406s] Level 1:colcon.colcon_core.package_identification:_identify(src/build-test_tool-Desktop-Debug/ament_cmake_core) by extension 'cmake'
[19.407s] Level 1:colcon.colcon_core.package_identification:_identify(src/build-test_tool-Desktop-Debug/ament_cmake_core) by extension 'python'
[19.407s] Level 1:colcon.colcon_core.package_identification:_identify(src/build-test_tool-Desktop-Debug/ament_cmake_core) by extensions ['python_setup_py']
[19.407s] Level 1:colcon.colcon_core.package_identification:_identify(src/build-test_tool-Desktop-Debug/ament_cmake_core) by extension 'python_setup_py'
[19.407s] Level 1:colcon.colcon_core.package_identification:_identify(src/build-test_tool-Desktop-Debug/ament_cmake_core/stamps) by extensions ['ignore', 'ignore_ament_install']
[19.407s] Level 1:colcon.colcon_core.package_identification:_identify(src/build-test_tool-Desktop-Debug/ament_cmake_core/stamps) by extension 'ignore'
[19.407s] Level 1:colcon.colcon_core.package_identification:_identify(src/build-test_tool-Desktop-Debug/ament_cmake_core/stamps) by extension 'ignore_ament_install'
[19.407s] Level 1:colcon.colcon_core.package_identification:_identify(src/build-test_tool-Desktop-Debug/ament_cmake_core/stamps) by extensions ['colcon_pkg']
[19.407s] Level 1:colcon.colcon_core.package_identification:_identify(src/build-test_tool-Desktop-Debug/ament_cmake_core/stamps) by extension 'colcon_pkg'
[19.407s] Level 1:colcon.colcon_core.package_identification:_identify(src/build-test_tool-Desktop-Debug/ament_cmake_core/stamps) by extensions ['colcon_meta']
[19.407s] Level 1:colcon.colcon_core.package_identification:_identify(src/build-test_tool-Desktop-Debug/ament_cmake_core/stamps) by extension 'colcon_meta'
[19.407s] Level 1:colcon.colcon_core.package_identification:_identify(src/build-test_tool-Desktop-Debug/ament_cmake_core/stamps) by extensions ['ros']
[19.407s] Level 1:colcon.colcon_core.package_identification:_identify(src/build-test_tool-Desktop-Debug/ament_cmake_core/stamps) by extension 'ros'
[19.408s] Level 1:colcon.colcon_core.package_identification:_identify(src/build-test_tool-Desktop-Debug/ament_cmake_core/stamps) by extensions ['cmake', 'python']
[19.408s] Level 1:colcon.colcon_core.package_identification:_identify(src/build-test_tool-Desktop-Debug/ament_cmake_core/stamps) by extension 'cmake'
[19.408s] Level 1:colcon.colcon_core.package_identification:_identify(src/build-test_tool-Desktop-Debug/ament_cmake_core/stamps) by extension 'python'
[19.408s] Level 1:colcon.colcon_core.package_identification:_identify(src/build-test_tool-Desktop-Debug/ament_cmake_core/stamps) by extensions ['python_setup_py']
[19.408s] Level 1:colcon.colcon_core.package_identification:_identify(src/build-test_tool-Desktop-Debug/ament_cmake_core/stamps) by extension 'python_setup_py'
[19.408s] Level 1:colcon.colcon_core.package_identification:_identify(src/build-test_tool-Desktop-Debug/ament_cmake_environment_hooks) by extensions ['ignore', 'ignore_ament_install']
[19.408s] Level 1:colcon.colcon_core.package_identification:_identify(src/build-test_tool-Desktop-Debug/ament_cmake_environment_hooks) by extension 'ignore'
[19.408s] Level 1:colcon.colcon_core.package_identification:_identify(src/build-test_tool-Desktop-Debug/ament_cmake_environment_hooks) by extension 'ignore_ament_install'
[19.408s] Level 1:colcon.colcon_core.package_identification:_identify(src/build-test_tool-Desktop-Debug/ament_cmake_environment_hooks) by extensions ['colcon_pkg']
[19.408s] Level 1:colcon.colcon_core.package_identification:_identify(src/build-test_tool-Desktop-Debug/ament_cmake_environment_hooks) by extension 'colcon_pkg'
[19.408s] Level 1:colcon.colcon_core.package_identification:_identify(src/build-test_tool-Desktop-Debug/ament_cmake_environment_hooks) by extensions ['colcon_meta']
[19.408s] Level 1:colcon.colcon_core.package_identification:_identify(src/build-test_tool-Desktop-Debug/ament_cmake_environment_hooks) by extension 'colcon_meta'
[19.408s] Level 1:colcon.colcon_core.package_identification:_identify(src/build-test_tool-Desktop-Debug/ament_cmake_environment_hooks) by extensions ['ros']
[19.408s] Level 1:colcon.colcon_core.package_identification:_identify(src/build-test_tool-Desktop-Debug/ament_cmake_environment_hooks) by extension 'ros'
[19.409s] Level 1:colcon.colcon_core.package_identification:_identify(src/build-test_tool-Desktop-Debug/ament_cmake_environment_hooks) by extensions ['cmake', 'python']
[19.409s] Level 1:colcon.colcon_core.package_identification:_identify(src/build-test_tool-Desktop-Debug/ament_cmake_environment_hooks) by extension 'cmake'
[19.409s] Level 1:colcon.colcon_core.package_identification:_identify(src/build-test_tool-Desktop-Debug/ament_cmake_environment_hooks) by extension 'python'
[19.409s] Level 1:colcon.colcon_core.package_identification:_identify(src/build-test_tool-Desktop-Debug/ament_cmake_environment_hooks) by extensions ['python_setup_py']
[19.409s] Level 1:colcon.colcon_core.package_identification:_identify(src/build-test_tool-Desktop-Debug/ament_cmake_environment_hooks) by extension 'python_setup_py'
[19.409s] Level 1:colcon.colcon_core.package_identification:_identify(src/build-test_tool-Desktop-Debug/ament_cmake_index) by extensions ['ignore', 'ignore_ament_install']
[19.409s] Level 1:colcon.colcon_core.package_identification:_identify(src/build-test_tool-Desktop-Debug/ament_cmake_index) by extension 'ignore'
[19.409s] Level 1:colcon.colcon_core.package_identification:_identify(src/build-test_tool-Desktop-Debug/ament_cmake_index) by extension 'ignore_ament_install'
[19.409s] Level 1:colcon.colcon_core.package_identification:_identify(src/build-test_tool-Desktop-Debug/ament_cmake_index) by extensions ['colcon_pkg']
[19.409s] Level 1:colcon.colcon_core.package_identification:_identify(src/build-test_tool-Desktop-Debug/ament_cmake_index) by extension 'colcon_pkg'
[19.409s] Level 1:colcon.colcon_core.package_identification:_identify(src/build-test_tool-Desktop-Debug/ament_cmake_index) by extensions ['colcon_meta']
[19.409s] Level 1:colcon.colcon_core.package_identification:_identify(src/build-test_tool-Desktop-Debug/ament_cmake_index) by extension 'colcon_meta'
[19.409s] Level 1:colcon.colcon_core.package_identification:_identify(src/build-test_tool-Desktop-Debug/ament_cmake_index) by extensions ['ros']
[19.410s] Level 1:colcon.colcon_core.package_identification:_identify(src/build-test_tool-Desktop-Debug/ament_cmake_index) by extension 'ros'
[19.410s] Level 1:colcon.colcon_core.package_identification:_identify(src/build-test_tool-Desktop-Debug/ament_cmake_index) by extensions ['cmake', 'python']
[19.410s] Level 1:colcon.colcon_core.package_identification:_identify(src/build-test_tool-Desktop-Debug/ament_cmake_index) by extension 'cmake'
[19.410s] Level 1:colcon.colcon_core.package_identification:_identify(src/build-test_tool-Desktop-Debug/ament_cmake_index) by extension 'python'
[19.410s] Level 1:colcon.colcon_core.package_identification:_identify(src/build-test_tool-Desktop-Debug/ament_cmake_index) by extensions ['python_setup_py']
[19.410s] Level 1:colcon.colcon_core.package_identification:_identify(src/build-test_tool-Desktop-Debug/ament_cmake_index) by extension 'python_setup_py'
[19.410s] Level 1:colcon.colcon_core.package_identification:_identify(src/build-test_tool-Desktop-Debug/ament_cmake_index/share) by extensions ['ignore', 'ignore_ament_install']
[19.410s] Level 1:colcon.colcon_core.package_identification:_identify(src/build-test_tool-Desktop-Debug/ament_cmake_index/share) by extension 'ignore'
[19.410s] Level 1:colcon.colcon_core.package_identification:_identify(src/build-test_tool-Desktop-Debug/ament_cmake_index/share) by extension 'ignore_ament_install'
[19.410s] Level 1:colcon.colcon_core.package_identification:_identify(src/build-test_tool-Desktop-Debug/ament_cmake_index/share) by extensions ['colcon_pkg']
[19.410s] Level 1:colcon.colcon_core.package_identification:_identify(src/build-test_tool-Desktop-Debug/ament_cmake_index/share) by extension 'colcon_pkg'
[19.410s] Level 1:colcon.colcon_core.package_identification:_identify(src/build-test_tool-Desktop-Debug/ament_cmake_index/share) by extensions ['colcon_meta']
[19.411s] Level 1:colcon.colcon_core.package_identification:_identify(src/build-test_tool-Desktop-Debug/ament_cmake_index/share) by extension 'colcon_meta'
[19.411s] Level 1:colcon.colcon_core.package_identification:_identify(src/build-test_tool-Desktop-Debug/ament_cmake_index/share) by extensions ['ros']
[19.411s] Level 1:colcon.colcon_core.package_identification:_identify(src/build-test_tool-Desktop-Debug/ament_cmake_index/share) by extension 'ros'
[19.411s] Level 1:colcon.colcon_core.package_identification:_identify(src/build-test_tool-Desktop-Debug/ament_cmake_index/share) by extensions ['cmake', 'python']
[19.411s] Level 1:colcon.colcon_core.package_identification:_identify(src/build-test_tool-Desktop-Debug/ament_cmake_index/share) by extension 'cmake'
[19.411s] Level 1:colcon.colcon_core.package_identification:_identify(src/build-test_tool-Desktop-Debug/ament_cmake_index/share) by extension 'python'
[19.411s] Level 1:colcon.colcon_core.package_identification:_identify(src/build-test_tool-Desktop-Debug/ament_cmake_index/share) by extensions ['python_setup_py']
[19.411s] Level 1:colcon.colcon_core.package_identification:_identify(src/build-test_tool-Desktop-Debug/ament_cmake_index/share) by extension 'python_setup_py'
[19.411s] Level 1:colcon.colcon_core.package_identification:_identify(src/build-test_tool-Desktop-Debug/ament_cmake_index/share/ament_index) by extensions ['ignore', 'ignore_ament_install']
[19.411s] Level 1:colcon.colcon_core.package_identification:_identify(src/build-test_tool-Desktop-Debug/ament_cmake_index/share/ament_index) by extension 'ignore'
[19.411s] Level 1:colcon.colcon_core.package_identification:_identify(src/build-test_tool-Desktop-Debug/ament_cmake_index/share/ament_index) by extension 'ignore_ament_install'
[19.412s] Level 1:colcon.colcon_core.package_identification:_identify(src/build-test_tool-Desktop-Debug/ament_cmake_index/share/ament_index) by extensions ['colcon_pkg']
[19.412s] Level 1:colcon.colcon_core.package_identification:_identify(src/build-test_tool-Desktop-Debug/ament_cmake_index/share/ament_index) by extension 'colcon_pkg'
[19.412s] Level 1:colcon.colcon_core.package_identification:_identify(src/build-test_tool-Desktop-Debug/ament_cmake_index/share/ament_index) by extensions ['colcon_meta']
[19.412s] Level 1:colcon.colcon_core.package_identification:_identify(src/build-test_tool-Desktop-Debug/ament_cmake_index/share/ament_index) by extension 'colcon_meta'
[19.412s] Level 1:colcon.colcon_core.package_identification:_identify(src/build-test_tool-Desktop-Debug/ament_cmake_index/share/ament_index) by extensions ['ros']
[19.412s] Level 1:colcon.colcon_core.package_identification:_identify(src/build-test_tool-Desktop-Debug/ament_cmake_index/share/ament_index) by extension 'ros'
[19.412s] Level 1:colcon.colcon_core.package_identification:_identify(src/build-test_tool-Desktop-Debug/ament_cmake_index/share/ament_index) by extensions ['cmake', 'python']
[19.412s] Level 1:colcon.colcon_core.package_identification:_identify(src/build-test_tool-Desktop-Debug/ament_cmake_index/share/ament_index) by extension 'cmake'
[19.412s] Level 1:colcon.colcon_core.package_identification:_identify(src/build-test_tool-Desktop-Debug/ament_cmake_index/share/ament_index) by extension 'python'
[19.412s] Level 1:colcon.colcon_core.package_identification:_identify(src/build-test_tool-Desktop-Debug/ament_cmake_index/share/ament_index) by extensions ['python_setup_py']
[19.412s] Level 1:colcon.colcon_core.package_identification:_identify(src/build-test_tool-Desktop-Debug/ament_cmake_index/share/ament_index) by extension 'python_setup_py'
[19.412s] Level 1:colcon.colcon_core.package_identification:_identify(src/build-test_tool-Desktop-Debug/ament_cmake_index/share/ament_index/resource_index) by extensions ['ignore', 'ignore_ament_install']
[19.413s] Level 1:colcon.colcon_core.package_identification:_identify(src/build-test_tool-Desktop-Debug/ament_cmake_index/share/ament_index/resource_index) by extension 'ignore'
[19.413s] Level 1:colcon.colcon_core.package_identification:_identify(src/build-test_tool-Desktop-Debug/ament_cmake_index/share/ament_index/resource_index) by extension 'ignore_ament_install'
[19.413s] Level 1:colcon.colcon_core.package_identification:_identify(src/build-test_tool-Desktop-Debug/ament_cmake_index/share/ament_index/resource_index) by extensions ['colcon_pkg']
[19.413s] Level 1:colcon.colcon_core.package_identification:_identify(src/build-test_tool-Desktop-Debug/ament_cmake_index/share/ament_index/resource_index) by extension 'colcon_pkg'
[19.413s] Level 1:colcon.colcon_core.package_identification:_identify(src/build-test_tool-Desktop-Debug/ament_cmake_index/share/ament_index/resource_index) by extensions ['colcon_meta']
[19.413s] Level 1:colcon.colcon_core.package_identification:_identify(src/build-test_tool-Desktop-Debug/ament_cmake_index/share/ament_index/resource_index) by extension 'colcon_meta'
[19.413s] Level 1:colcon.colcon_core.package_identification:_identify(src/build-test_tool-Desktop-Debug/ament_cmake_index/share/ament_index/resource_index) by extensions ['ros']
[19.413s] Level 1:colcon.colcon_core.package_identification:_identify(src/build-test_tool-Desktop-Debug/ament_cmake_index/share/ament_index/resource_index) by extension 'ros'
[19.413s] Level 1:colcon.colcon_core.package_identification:_identify(src/build-test_tool-Desktop-Debug/ament_cmake_index/share/ament_index/resource_index) by extensions ['cmake', 'python']
[19.413s] Level 1:colcon.colcon_core.package_identification:_identify(src/build-test_tool-Desktop-Debug/ament_cmake_index/share/ament_index/resource_index) by extension 'cmake'
[19.413s] Level 1:colcon.colcon_core.package_identification:_identify(src/build-test_tool-Desktop-Debug/ament_cmake_index/share/ament_index/resource_index) by extension 'python'
[19.413s] Level 1:colcon.colcon_core.package_identification:_identify(src/build-test_tool-Desktop-Debug/ament_cmake_index/share/ament_index/resource_index) by extensions ['python_setup_py']
[19.413s] Level 1:colcon.colcon_core.package_identification:_identify(src/build-test_tool-Desktop-Debug/ament_cmake_index/share/ament_index/resource_index) by extension 'python_setup_py'
[19.414s] Level 1:colcon.colcon_core.package_identification:_identify(src/build-test_tool-Desktop-Debug/ament_cmake_index/share/ament_index/resource_index/package_run_dependencies) by extensions ['ignore', 'ignore_ament_install']
[19.414s] Level 1:colcon.colcon_core.package_identification:_identify(src/build-test_tool-Desktop-Debug/ament_cmake_index/share/ament_index/resource_index/package_run_dependencies) by extension 'ignore'
[19.414s] Level 1:colcon.colcon_core.package_identification:_identify(src/build-test_tool-Desktop-Debug/ament_cmake_index/share/ament_index/resource_index/package_run_dependencies) by extension 'ignore_ament_install'
[19.414s] Level 1:colcon.colcon_core.package_identification:_identify(src/build-test_tool-Desktop-Debug/ament_cmake_index/share/ament_index/resource_index/package_run_dependencies) by extensions ['colcon_pkg']
[19.414s] Level 1:colcon.colcon_core.package_identification:_identify(src/build-test_tool-Desktop-Debug/ament_cmake_index/share/ament_index/resource_index/package_run_dependencies) by extension 'colcon_pkg'
[19.414s] Level 1:colcon.colcon_core.package_identification:_identify(src/build-test_tool-Desktop-Debug/ament_cmake_index/share/ament_index/resource_index/package_run_dependencies) by extensions ['colcon_meta']
[19.414s] Level 1:colcon.colcon_core.package_identification:_identify(src/build-test_tool-Desktop-Debug/ament_cmake_index/share/ament_index/resource_index/package_run_dependencies) by extension 'colcon_meta'
[19.414s] Level 1:colcon.colcon_core.package_identification:_identify(src/build-test_tool-Desktop-Debug/ament_cmake_index/share/ament_index/resource_index/package_run_dependencies) by extensions ['ros']
[19.414s] Level 1:colcon.colcon_core.package_identification:_identify(src/build-test_tool-Desktop-Debug/ament_cmake_index/share/ament_index/resource_index/package_run_dependencies) by extension 'ros'
[19.414s] Level 1:colcon.colcon_core.package_identification:_identify(src/build-test_tool-Desktop-Debug/ament_cmake_index/share/ament_index/resource_index/package_run_dependencies) by extensions ['cmake', 'python']
[19.414s] Level 1:colcon.colcon_core.package_identification:_identify(src/build-test_tool-Desktop-Debug/ament_cmake_index/share/ament_index/resource_index/package_run_dependencies) by extension 'cmake'
[19.414s] Level 1:colcon.colcon_core.package_identification:_identify(src/build-test_tool-Desktop-Debug/ament_cmake_index/share/ament_index/resource_index/package_run_dependencies) by extension 'python'
[19.414s] Level 1:colcon.colcon_core.package_identification:_identify(src/build-test_tool-Desktop-Debug/ament_cmake_index/share/ament_index/resource_index/package_run_dependencies) by extensions ['python_setup_py']
[19.414s] Level 1:colcon.colcon_core.package_identification:_identify(src/build-test_tool-Desktop-Debug/ament_cmake_index/share/ament_index/resource_index/package_run_dependencies) by extension 'python_setup_py'
[19.415s] Level 1:colcon.colcon_core.package_identification:_identify(src/build-test_tool-Desktop-Debug/ament_cmake_index/share/ament_index/resource_index/packages) by extensions ['ignore', 'ignore_ament_install']
[19.415s] Level 1:colcon.colcon_core.package_identification:_identify(src/build-test_tool-Desktop-Debug/ament_cmake_index/share/ament_index/resource_index/packages) by extension 'ignore'
[19.415s] Level 1:colcon.colcon_core.package_identification:_identify(src/build-test_tool-Desktop-Debug/ament_cmake_index/share/ament_index/resource_index/packages) by extension 'ignore_ament_install'
[19.415s] Level 1:colcon.colcon_core.package_identification:_identify(src/build-test_tool-Desktop-Debug/ament_cmake_index/share/ament_index/resource_index/packages) by extensions ['colcon_pkg']
[19.415s] Level 1:colcon.colcon_core.package_identification:_identify(src/build-test_tool-Desktop-Debug/ament_cmake_index/share/ament_index/resource_index/packages) by extension 'colcon_pkg'
[19.415s] Level 1:colcon.colcon_core.package_identification:_identify(src/build-test_tool-Desktop-Debug/ament_cmake_index/share/ament_index/resource_index/packages) by extensions ['colcon_meta']
[19.415s] Level 1:colcon.colcon_core.package_identification:_identify(src/build-test_tool-Desktop-Debug/ament_cmake_index/share/ament_index/resource_index/packages) by extension 'colcon_meta'
[19.415s] Level 1:colcon.colcon_core.package_identification:_identify(src/build-test_tool-Desktop-Debug/ament_cmake_index/share/ament_index/resource_index/packages) by extensions ['ros']
[19.415s] Level 1:colcon.colcon_core.package_identification:_identify(src/build-test_tool-Desktop-Debug/ament_cmake_index/share/ament_index/resource_index/packages) by extension 'ros'
[19.415s] Level 1:colcon.colcon_core.package_identification:_identify(src/build-test_tool-Desktop-Debug/ament_cmake_index/share/ament_index/resource_index/packages) by extensions ['cmake', 'python']
[19.415s] Level 1:colcon.colcon_core.package_identification:_identify(src/build-test_tool-Desktop-Debug/ament_cmake_index/share/ament_index/resource_index/packages) by extension 'cmake'
[19.416s] Level 1:colcon.colcon_core.package_identification:_identify(src/build-test_tool-Desktop-Debug/ament_cmake_index/share/ament_index/resource_index/packages) by extension 'python'
[19.416s] Level 1:colcon.colcon_core.package_identification:_identify(src/build-test_tool-Desktop-Debug/ament_cmake_index/share/ament_index/resource_index/packages) by extensions ['python_setup_py']
[19.416s] Level 1:colcon.colcon_core.package_identification:_identify(src/build-test_tool-Desktop-Debug/ament_cmake_index/share/ament_index/resource_index/packages) by extension 'python_setup_py'
[19.416s] Level 1:colcon.colcon_core.package_identification:_identify(src/build-test_tool-Desktop-Debug/ament_cmake_index/share/ament_index/resource_index/parent_prefix_path) by extensions ['ignore', 'ignore_ament_install']
[19.416s] Level 1:colcon.colcon_core.package_identification:_identify(src/build-test_tool-Desktop-Debug/ament_cmake_index/share/ament_index/resource_index/parent_prefix_path) by extension 'ignore'
[19.416s] Level 1:colcon.colcon_core.package_identification:_identify(src/build-test_tool-Desktop-Debug/ament_cmake_index/share/ament_index/resource_index/parent_prefix_path) by extension 'ignore_ament_install'
[19.416s] Level 1:colcon.colcon_core.package_identification:_identify(src/build-test_tool-Desktop-Debug/ament_cmake_index/share/ament_index/resource_index/parent_prefix_path) by extensions ['colcon_pkg']
[19.416s] Level 1:colcon.colcon_core.package_identification:_identify(src/build-test_tool-Desktop-Debug/ament_cmake_index/share/ament_index/resource_index/parent_prefix_path) by extension 'colcon_pkg'
[19.416s] Level 1:colcon.colcon_core.package_identification:_identify(src/build-test_tool-Desktop-Debug/ament_cmake_index/share/ament_index/resource_index/parent_prefix_path) by extensions ['colcon_meta']
[19.416s] Level 1:colcon.colcon_core.package_identification:_identify(src/build-test_tool-Desktop-Debug/ament_cmake_index/share/ament_index/resource_index/parent_prefix_path) by extension 'colcon_meta'
[19.416s] Level 1:colcon.colcon_core.package_identification:_identify(src/build-test_tool-Desktop-Debug/ament_cmake_index/share/ament_index/resource_index/parent_prefix_path) by extensions ['ros']
[19.416s] Level 1:colcon.colcon_core.package_identification:_identify(src/build-test_tool-Desktop-Debug/ament_cmake_index/share/ament_index/resource_index/parent_prefix_path) by extension 'ros'
[19.417s] Level 1:colcon.colcon_core.package_identification:_identify(src/build-test_tool-Desktop-Debug/ament_cmake_index/share/ament_index/resource_index/parent_prefix_path) by extensions ['cmake', 'python']
[19.417s] Level 1:colcon.colcon_core.package_identification:_identify(src/build-test_tool-Desktop-Debug/ament_cmake_index/share/ament_index/resource_index/parent_prefix_path) by extension 'cmake'
[19.417s] Level 1:colcon.colcon_core.package_identification:_identify(src/build-test_tool-Desktop-Debug/ament_cmake_index/share/ament_index/resource_index/parent_prefix_path) by extension 'python'
[19.417s] Level 1:colcon.colcon_core.package_identification:_identify(src/build-test_tool-Desktop-Debug/ament_cmake_index/share/ament_index/resource_index/parent_prefix_path) by extensions ['python_setup_py']
[19.417s] Level 1:colcon.colcon_core.package_identification:_identify(src/build-test_tool-Desktop-Debug/ament_cmake_index/share/ament_index/resource_index/parent_prefix_path) by extension 'python_setup_py'
[19.417s] Level 1:colcon.colcon_core.package_identification:_identify(src/build-test_tool-Desktop-Debug/ament_cmake_package_templates) by extensions ['ignore', 'ignore_ament_install']
[19.417s] Level 1:colcon.colcon_core.package_identification:_identify(src/build-test_tool-Desktop-Debug/ament_cmake_package_templates) by extension 'ignore'
[19.417s] Level 1:colcon.colcon_core.package_identification:_identify(src/build-test_tool-Desktop-Debug/ament_cmake_package_templates) by extension 'ignore_ament_install'
[19.417s] Level 1:colcon.colcon_core.package_identification:_identify(src/build-test_tool-Desktop-Debug/ament_cmake_package_templates) by extensions ['colcon_pkg']
[19.417s] Level 1:colcon.colcon_core.package_identification:_identify(src/build-test_tool-Desktop-Debug/ament_cmake_package_templates) by extension 'colcon_pkg'
[19.417s] Level 1:colcon.colcon_core.package_identification:_identify(src/build-test_tool-Desktop-Debug/ament_cmake_package_templates) by extensions ['colcon_meta']
[19.417s] Level 1:colcon.colcon_core.package_identification:_identify(src/build-test_tool-Desktop-Debug/ament_cmake_package_templates) by extension 'colcon_meta'
[19.417s] Level 1:colcon.colcon_core.package_identification:_identify(src/build-test_tool-Desktop-Debug/ament_cmake_package_templates) by extensions ['ros']
[19.417s] Level 1:colcon.colcon_core.package_identification:_identify(src/build-test_tool-Desktop-Debug/ament_cmake_package_templates) by extension 'ros'
[19.418s] Level 1:colcon.colcon_core.package_identification:_identify(src/build-test_tool-Desktop-Debug/ament_cmake_package_templates) by extensions ['cmake', 'python']
[19.418s] Level 1:colcon.colcon_core.package_identification:_identify(src/build-test_tool-Desktop-Debug/ament_cmake_package_templates) by extension 'cmake'
[19.418s] Level 1:colcon.colcon_core.package_identification:_identify(src/build-test_tool-Desktop-Debug/ament_cmake_package_templates) by extension 'python'
[19.418s] Level 1:colcon.colcon_core.package_identification:_identify(src/build-test_tool-Desktop-Debug/ament_cmake_package_templates) by extensions ['python_setup_py']
[19.418s] Level 1:colcon.colcon_core.package_identification:_identify(src/build-test_tool-Desktop-Debug/ament_cmake_package_templates) by extension 'python_setup_py'
[19.418s] Level 1:colcon.colcon_core.package_identification:_identify(src/build-test_tool-Desktop-Debug/ament_cmake_uninstall_target) by extensions ['ignore', 'ignore_ament_install']
[19.418s] Level 1:colcon.colcon_core.package_identification:_identify(src/build-test_tool-Desktop-Debug/ament_cmake_uninstall_target) by extension 'ignore'
[19.418s] Level 1:colcon.colcon_core.package_identification:_identify(src/build-test_tool-Desktop-Debug/ament_cmake_uninstall_target) by extension 'ignore_ament_install'
[19.418s] Level 1:colcon.colcon_core.package_identification:_identify(src/build-test_tool-Desktop-Debug/ament_cmake_uninstall_target) by extensions ['colcon_pkg']
[19.418s] Level 1:colcon.colcon_core.package_identification:_identify(src/build-test_tool-Desktop-Debug/ament_cmake_uninstall_target) by extension 'colcon_pkg'
[19.418s] Level 1:colcon.colcon_core.package_identification:_identify(src/build-test_tool-Desktop-Debug/ament_cmake_uninstall_target) by extensions ['colcon_meta']
[19.418s] Level 1:colcon.colcon_core.package_identification:_identify(src/build-test_tool-Desktop-Debug/ament_cmake_uninstall_target) by extension 'colcon_meta'
[19.418s] Level 1:colcon.colcon_core.package_identification:_identify(src/build-test_tool-Desktop-Debug/ament_cmake_uninstall_target) by extensions ['ros']
[19.418s] Level 1:colcon.colcon_core.package_identification:_identify(src/build-test_tool-Desktop-Debug/ament_cmake_uninstall_target) by extension 'ros'
[19.419s] Level 1:colcon.colcon_core.package_identification:_identify(src/build-test_tool-Desktop-Debug/ament_cmake_uninstall_target) by extensions ['cmake', 'python']
[19.419s] Level 1:colcon.colcon_core.package_identification:_identify(src/build-test_tool-Desktop-Debug/ament_cmake_uninstall_target) by extension 'cmake'
[19.419s] Level 1:colcon.colcon_core.package_identification:_identify(src/build-test_tool-Desktop-Debug/ament_cmake_uninstall_target) by extension 'python'
[19.419s] Level 1:colcon.colcon_core.package_identification:_identify(src/build-test_tool-Desktop-Debug/ament_cmake_uninstall_target) by extensions ['python_setup_py']
[19.419s] Level 1:colcon.colcon_core.package_identification:_identify(src/build-test_tool-Desktop-Debug/ament_cmake_uninstall_target) by extension 'python_setup_py'
[19.419s] Level 1:colcon.colcon_core.package_identification:_identify(src/build-test_tool-Desktop-Debug/ament_cppcheck) by extensions ['ignore', 'ignore_ament_install']
[19.419s] Level 1:colcon.colcon_core.package_identification:_identify(src/build-test_tool-Desktop-Debug/ament_cppcheck) by extension 'ignore'
[19.419s] Level 1:colcon.colcon_core.package_identification:_identify(src/build-test_tool-Desktop-Debug/ament_cppcheck) by extension 'ignore_ament_install'
[19.419s] Level 1:colcon.colcon_core.package_identification:_identify(src/build-test_tool-Desktop-Debug/ament_cppcheck) by extensions ['colcon_pkg']
[19.419s] Level 1:colcon.colcon_core.package_identification:_identify(src/build-test_tool-Desktop-Debug/ament_cppcheck) by extension 'colcon_pkg'
[19.419s] Level 1:colcon.colcon_core.package_identification:_identify(src/build-test_tool-Desktop-Debug/ament_cppcheck) by extensions ['colcon_meta']
[19.419s] Level 1:colcon.colcon_core.package_identification:_identify(src/build-test_tool-Desktop-Debug/ament_cppcheck) by extension 'colcon_meta'
[19.420s] Level 1:colcon.colcon_core.package_identification:_identify(src/build-test_tool-Desktop-Debug/ament_cppcheck) by extensions ['ros']
[19.420s] Level 1:colcon.colcon_core.package_identification:_identify(src/build-test_tool-Desktop-Debug/ament_cppcheck) by extension 'ros'
[19.420s] Level 1:colcon.colcon_core.package_identification:_identify(src/build-test_tool-Desktop-Debug/ament_cppcheck) by extensions ['cmake', 'python']
[19.420s] Level 1:colcon.colcon_core.package_identification:_identify(src/build-test_tool-Desktop-Debug/ament_cppcheck) by extension 'cmake'
[19.420s] Level 1:colcon.colcon_core.package_identification:_identify(src/build-test_tool-Desktop-Debug/ament_cppcheck) by extension 'python'
[19.420s] Level 1:colcon.colcon_core.package_identification:_identify(src/build-test_tool-Desktop-Debug/ament_cppcheck) by extensions ['python_setup_py']
[19.420s] Level 1:colcon.colcon_core.package_identification:_identify(src/build-test_tool-Desktop-Debug/ament_cppcheck) by extension 'python_setup_py'
[19.420s] Level 1:colcon.colcon_core.package_identification:_identify(src/build-test_tool-Desktop-Debug/ament_flake8) by extensions ['ignore', 'ignore_ament_install']
[19.420s] Level 1:colcon.colcon_core.package_identification:_identify(src/build-test_tool-Desktop-Debug/ament_flake8) by extension 'ignore'
[19.420s] Level 1:colcon.colcon_core.package_identification:_identify(src/build-test_tool-Desktop-Debug/ament_flake8) by extension 'ignore_ament_install'
[19.421s] Level 1:colcon.colcon_core.package_identification:_identify(src/build-test_tool-Desktop-Debug/ament_flake8) by extensions ['colcon_pkg']
[19.421s] Level 1:colcon.colcon_core.package_identification:_identify(src/build-test_tool-Desktop-Debug/ament_flake8) by extension 'colcon_pkg'
[19.421s] Level 1:colcon.colcon_core.package_identification:_identify(src/build-test_tool-Desktop-Debug/ament_flake8) by extensions ['colcon_meta']
[19.421s] Level 1:colcon.colcon_core.package_identification:_identify(src/build-test_tool-Desktop-Debug/ament_flake8) by extension 'colcon_meta'
[19.421s] Level 1:colcon.colcon_core.package_identification:_identify(src/build-test_tool-Desktop-Debug/ament_flake8) by extensions ['ros']
[19.421s] Level 1:colcon.colcon_core.package_identification:_identify(src/build-test_tool-Desktop-Debug/ament_flake8) by extension 'ros'
[19.421s] Level 1:colcon.colcon_core.package_identification:_identify(src/build-test_tool-Desktop-Debug/ament_flake8) by extensions ['cmake', 'python']
[19.421s] Level 1:colcon.colcon_core.package_identification:_identify(src/build-test_tool-Desktop-Debug/ament_flake8) by extension 'cmake'
[19.421s] Level 1:colcon.colcon_core.package_identification:_identify(src/build-test_tool-Desktop-Debug/ament_flake8) by extension 'python'
[19.421s] Level 1:colcon.colcon_core.package_identification:_identify(src/build-test_tool-Desktop-Debug/ament_flake8) by extensions ['python_setup_py']
[19.421s] Level 1:colcon.colcon_core.package_identification:_identify(src/build-test_tool-Desktop-Debug/ament_flake8) by extension 'python_setup_py'
[19.422s] Level 1:colcon.colcon_core.package_identification:_identify(src/build-test_tool-Desktop-Debug/ament_lint_cmake) by extensions ['ignore', 'ignore_ament_install']
[19.422s] Level 1:colcon.colcon_core.package_identification:_identify(src/build-test_tool-Desktop-Debug/ament_lint_cmake) by extension 'ignore'
[19.422s] Level 1:colcon.colcon_core.package_identification:_identify(src/build-test_tool-Desktop-Debug/ament_lint_cmake) by extension 'ignore_ament_install'
[19.422s] Level 1:colcon.colcon_core.package_identification:_identify(src/build-test_tool-Desktop-Debug/ament_lint_cmake) by extensions ['colcon_pkg']
[19.422s] Level 1:colcon.colcon_core.package_identification:_identify(src/build-test_tool-Desktop-Debug/ament_lint_cmake) by extension 'colcon_pkg'
[19.422s] Level 1:colcon.colcon_core.package_identification:_identify(src/build-test_tool-Desktop-Debug/ament_lint_cmake) by extensions ['colcon_meta']
[19.422s] Level 1:colcon.colcon_core.package_identification:_identify(src/build-test_tool-Desktop-Debug/ament_lint_cmake) by extension 'colcon_meta'
[19.423s] Level 1:colcon.colcon_core.package_identification:_identify(src/build-test_tool-Desktop-Debug/ament_lint_cmake) by extensions ['ros']
[19.423s] Level 1:colcon.colcon_core.package_identification:_identify(src/build-test_tool-Desktop-Debug/ament_lint_cmake) by extension 'ros'
[19.423s] Level 1:colcon.colcon_core.package_identification:_identify(src/build-test_tool-Desktop-Debug/ament_lint_cmake) by extensions ['cmake', 'python']
[19.423s] Level 1:colcon.colcon_core.package_identification:_identify(src/build-test_tool-Desktop-Debug/ament_lint_cmake) by extension 'cmake'
[19.423s] Level 1:colcon.colcon_core.package_identification:_identify(src/build-test_tool-Desktop-Debug/ament_lint_cmake) by extension 'python'
[19.423s] Level 1:colcon.colcon_core.package_identification:_identify(src/build-test_tool-Desktop-Debug/ament_lint_cmake) by extensions ['python_setup_py']
[19.423s] Level 1:colcon.colcon_core.package_identification:_identify(src/build-test_tool-Desktop-Debug/ament_lint_cmake) by extension 'python_setup_py'
[19.423s] Level 1:colcon.colcon_core.package_identification:_identify(src/build-test_tool-Desktop-Debug/ament_pep257) by extensions ['ignore', 'ignore_ament_install']
[19.424s] Level 1:colcon.colcon_core.package_identification:_identify(src/build-test_tool-Desktop-Debug/ament_pep257) by extension 'ignore'
[19.424s] Level 1:colcon.colcon_core.package_identification:_identify(src/build-test_tool-Desktop-Debug/ament_pep257) by extension 'ignore_ament_install'
[19.424s] Level 1:colcon.colcon_core.package_identification:_identify(src/build-test_tool-Desktop-Debug/ament_pep257) by extensions ['colcon_pkg']
[19.424s] Level 1:colcon.colcon_core.package_identification:_identify(src/build-test_tool-Desktop-Debug/ament_pep257) by extension 'colcon_pkg'
[19.424s] Level 1:colcon.colcon_core.package_identification:_identify(src/build-test_tool-Desktop-Debug/ament_pep257) by extensions ['colcon_meta']
[19.424s] Level 1:colcon.colcon_core.package_identification:_identify(src/build-test_tool-Desktop-Debug/ament_pep257) by extension 'colcon_meta'
[19.424s] Level 1:colcon.colcon_core.package_identification:_identify(src/build-test_tool-Desktop-Debug/ament_pep257) by extensions ['ros']
[19.424s] Level 1:colcon.colcon_core.package_identification:_identify(src/build-test_tool-Desktop-Debug/ament_pep257) by extension 'ros'
[19.424s] Level 1:colcon.colcon_core.package_identification:_identify(src/build-test_tool-Desktop-Debug/ament_pep257) by extensions ['cmake', 'python']
[19.425s] Level 1:colcon.colcon_core.package_identification:_identify(src/build-test_tool-Desktop-Debug/ament_pep257) by extension 'cmake'
[19.425s] Level 1:colcon.colcon_core.package_identification:_identify(src/build-test_tool-Desktop-Debug/ament_pep257) by extension 'python'
[19.425s] Level 1:colcon.colcon_core.package_identification:_identify(src/build-test_tool-Desktop-Debug/ament_pep257) by extensions ['python_setup_py']
[19.425s] Level 1:colcon.colcon_core.package_identification:_identify(src/build-test_tool-Desktop-Debug/ament_pep257) by extension 'python_setup_py'
[19.425s] Level 1:colcon.colcon_core.package_identification:_identify(src/build-test_tool-Desktop-Debug/ament_uncrustify) by extensions ['ignore', 'ignore_ament_install']
[19.425s] Level 1:colcon.colcon_core.package_identification:_identify(src/build-test_tool-Desktop-Debug/ament_uncrustify) by extension 'ignore'
[19.425s] Level 1:colcon.colcon_core.package_identification:_identify(src/build-test_tool-Desktop-Debug/ament_uncrustify) by extension 'ignore_ament_install'
[19.425s] Level 1:colcon.colcon_core.package_identification:_identify(src/build-test_tool-Desktop-Debug/ament_uncrustify) by extensions ['colcon_pkg']
[19.425s] Level 1:colcon.colcon_core.package_identification:_identify(src/build-test_tool-Desktop-Debug/ament_uncrustify) by extension 'colcon_pkg'
[19.425s] Level 1:colcon.colcon_core.package_identification:_identify(src/build-test_tool-Desktop-Debug/ament_uncrustify) by extensions ['colcon_meta']
[19.425s] Level 1:colcon.colcon_core.package_identification:_identify(src/build-test_tool-Desktop-Debug/ament_uncrustify) by extension 'colcon_meta'
[19.426s] Level 1:colcon.colcon_core.package_identification:_identify(src/build-test_tool-Desktop-Debug/ament_uncrustify) by extensions ['ros']
[19.426s] Level 1:colcon.colcon_core.package_identification:_identify(src/build-test_tool-Desktop-Debug/ament_uncrustify) by extension 'ros'
[19.426s] Level 1:colcon.colcon_core.package_identification:_identify(src/build-test_tool-Desktop-Debug/ament_uncrustify) by extensions ['cmake', 'python']
[19.426s] Level 1:colcon.colcon_core.package_identification:_identify(src/build-test_tool-Desktop-Debug/ament_uncrustify) by extension 'cmake'
[19.426s] Level 1:colcon.colcon_core.package_identification:_identify(src/build-test_tool-Desktop-Debug/ament_uncrustify) by extension 'python'
[19.426s] Level 1:colcon.colcon_core.package_identification:_identify(src/build-test_tool-Desktop-Debug/ament_uncrustify) by extensions ['python_setup_py']
[19.426s] Level 1:colcon.colcon_core.package_identification:_identify(src/build-test_tool-Desktop-Debug/ament_uncrustify) by extension 'python_setup_py'
[19.426s] Level 1:colcon.colcon_core.package_identification:_identify(src/build-test_tool-Desktop-Debug/ament_xmllint) by extensions ['ignore', 'ignore_ament_install']
[19.426s] Level 1:colcon.colcon_core.package_identification:_identify(src/build-test_tool-Desktop-Debug/ament_xmllint) by extension 'ignore'
[19.426s] Level 1:colcon.colcon_core.package_identification:_identify(src/build-test_tool-Desktop-Debug/ament_xmllint) by extension 'ignore_ament_install'
[19.426s] Level 1:colcon.colcon_core.package_identification:_identify(src/build-test_tool-Desktop-Debug/ament_xmllint) by extensions ['colcon_pkg']
[19.426s] Level 1:colcon.colcon_core.package_identification:_identify(src/build-test_tool-Desktop-Debug/ament_xmllint) by extension 'colcon_pkg'
[19.427s] Level 1:colcon.colcon_core.package_identification:_identify(src/build-test_tool-Desktop-Debug/ament_xmllint) by extensions ['colcon_meta']
[19.427s] Level 1:colcon.colcon_core.package_identification:_identify(src/build-test_tool-Desktop-Debug/ament_xmllint) by extension 'colcon_meta'
[19.427s] Level 1:colcon.colcon_core.package_identification:_identify(src/build-test_tool-Desktop-Debug/ament_xmllint) by extensions ['ros']
[19.427s] Level 1:colcon.colcon_core.package_identification:_identify(src/build-test_tool-Desktop-Debug/ament_xmllint) by extension 'ros'
[19.427s] Level 1:colcon.colcon_core.package_identification:_identify(src/build-test_tool-Desktop-Debug/ament_xmllint) by extensions ['cmake', 'python']
[19.427s] Level 1:colcon.colcon_core.package_identification:_identify(src/build-test_tool-Desktop-Debug/ament_xmllint) by extension 'cmake'
[19.427s] Level 1:colcon.colcon_core.package_identification:_identify(src/build-test_tool-Desktop-Debug/ament_xmllint) by extension 'python'
[19.427s] Level 1:colcon.colcon_core.package_identification:_identify(src/build-test_tool-Desktop-Debug/ament_xmllint) by extensions ['python_setup_py']
[19.427s] Level 1:colcon.colcon_core.package_identification:_identify(src/build-test_tool-Desktop-Debug/ament_xmllint) by extension 'python_setup_py'
[19.427s] Level 1:colcon.colcon_core.package_identification:_identify(src/build-test_tool-Desktop-Debug/dummy_test_1_autogen) by extensions ['ignore', 'ignore_ament_install']
[19.427s] Level 1:colcon.colcon_core.package_identification:_identify(src/build-test_tool-Desktop-Debug/dummy_test_1_autogen) by extension 'ignore'
[19.428s] Level 1:colcon.colcon_core.package_identification:_identify(src/build-test_tool-Desktop-Debug/dummy_test_1_autogen) by extension 'ignore_ament_install'
[19.428s] Level 1:colcon.colcon_core.package_identification:_identify(src/build-test_tool-Desktop-Debug/dummy_test_1_autogen) by extensions ['colcon_pkg']
[19.428s] Level 1:colcon.colcon_core.package_identification:_identify(src/build-test_tool-Desktop-Debug/dummy_test_1_autogen) by extension 'colcon_pkg'
[19.428s] Level 1:colcon.colcon_core.package_identification:_identify(src/build-test_tool-Desktop-Debug/dummy_test_1_autogen) by extensions ['colcon_meta']
[19.428s] Level 1:colcon.colcon_core.package_identification:_identify(src/build-test_tool-Desktop-Debug/dummy_test_1_autogen) by extension 'colcon_meta'
[19.428s] Level 1:colcon.colcon_core.package_identification:_identify(src/build-test_tool-Desktop-Debug/dummy_test_1_autogen) by extensions ['ros']
[19.428s] Level 1:colcon.colcon_core.package_identification:_identify(src/build-test_tool-Desktop-Debug/dummy_test_1_autogen) by extension 'ros'
[19.428s] Level 1:colcon.colcon_core.package_identification:_identify(src/build-test_tool-Desktop-Debug/dummy_test_1_autogen) by extensions ['cmake', 'python']
[19.428s] Level 1:colcon.colcon_core.package_identification:_identify(src/build-test_tool-Desktop-Debug/dummy_test_1_autogen) by extension 'cmake'
[19.428s] Level 1:colcon.colcon_core.package_identification:_identify(src/build-test_tool-Desktop-Debug/dummy_test_1_autogen) by extension 'python'
[19.428s] Level 1:colcon.colcon_core.package_identification:_identify(src/build-test_tool-Desktop-Debug/dummy_test_1_autogen) by extensions ['python_setup_py']
[19.428s] Level 1:colcon.colcon_core.package_identification:_identify(src/build-test_tool-Desktop-Debug/dummy_test_1_autogen) by extension 'python_setup_py'
[19.428s] Level 1:colcon.colcon_core.package_identification:_identify(src/build-test_tool-Desktop-Debug/dummy_test_1_autogen/include) by extensions ['ignore', 'ignore_ament_install']
[19.429s] Level 1:colcon.colcon_core.package_identification:_identify(src/build-test_tool-Desktop-Debug/dummy_test_1_autogen/include) by extension 'ignore'
[19.429s] Level 1:colcon.colcon_core.package_identification:_identify(src/build-test_tool-Desktop-Debug/dummy_test_1_autogen/include) by extension 'ignore_ament_install'
[19.429s] Level 1:colcon.colcon_core.package_identification:_identify(src/build-test_tool-Desktop-Debug/dummy_test_1_autogen/include) by extensions ['colcon_pkg']
[19.429s] Level 1:colcon.colcon_core.package_identification:_identify(src/build-test_tool-Desktop-Debug/dummy_test_1_autogen/include) by extension 'colcon_pkg'
[19.429s] Level 1:colcon.colcon_core.package_identification:_identify(src/build-test_tool-Desktop-Debug/dummy_test_1_autogen/include) by extensions ['colcon_meta']
[19.429s] Level 1:colcon.colcon_core.package_identification:_identify(src/build-test_tool-Desktop-Debug/dummy_test_1_autogen/include) by extension 'colcon_meta'
[19.429s] Level 1:colcon.colcon_core.package_identification:_identify(src/build-test_tool-Desktop-Debug/dummy_test_1_autogen/include) by extensions ['ros']
[19.429s] Level 1:colcon.colcon_core.package_identification:_identify(src/build-test_tool-Desktop-Debug/dummy_test_1_autogen/include) by extension 'ros'
[19.429s] Level 1:colcon.colcon_core.package_identification:_identify(src/build-test_tool-Desktop-Debug/dummy_test_1_autogen/include) by extensions ['cmake', 'python']
[19.429s] Level 1:colcon.colcon_core.package_identification:_identify(src/build-test_tool-Desktop-Debug/dummy_test_1_autogen/include) by extension 'cmake'
[19.429s] Level 1:colcon.colcon_core.package_identification:_identify(src/build-test_tool-Desktop-Debug/dummy_test_1_autogen/include) by extension 'python'
[19.429s] Level 1:colcon.colcon_core.package_identification:_identify(src/build-test_tool-Desktop-Debug/dummy_test_1_autogen/include) by extensions ['python_setup_py']
[19.429s] Level 1:colcon.colcon_core.package_identification:_identify(src/build-test_tool-Desktop-Debug/dummy_test_1_autogen/include) by extension 'python_setup_py'
[19.430s] Level 1:colcon.colcon_core.package_identification:_identify(src/build-test_tool-Desktop-Debug/dummy_test_autogen) by extensions ['ignore', 'ignore_ament_install']
[19.430s] Level 1:colcon.colcon_core.package_identification:_identify(src/build-test_tool-Desktop-Debug/dummy_test_autogen) by extension 'ignore'
[19.430s] Level 1:colcon.colcon_core.package_identification:_identify(src/build-test_tool-Desktop-Debug/dummy_test_autogen) by extension 'ignore_ament_install'
[19.430s] Level 1:colcon.colcon_core.package_identification:_identify(src/build-test_tool-Desktop-Debug/dummy_test_autogen) by extensions ['colcon_pkg']
[19.430s] Level 1:colcon.colcon_core.package_identification:_identify(src/build-test_tool-Desktop-Debug/dummy_test_autogen) by extension 'colcon_pkg'
[19.430s] Level 1:colcon.colcon_core.package_identification:_identify(src/build-test_tool-Desktop-Debug/dummy_test_autogen) by extensions ['colcon_meta']
[19.430s] Level 1:colcon.colcon_core.package_identification:_identify(src/build-test_tool-Desktop-Debug/dummy_test_autogen) by extension 'colcon_meta'
[19.430s] Level 1:colcon.colcon_core.package_identification:_identify(src/build-test_tool-Desktop-Debug/dummy_test_autogen) by extensions ['ros']
[19.430s] Level 1:colcon.colcon_core.package_identification:_identify(src/build-test_tool-Desktop-Debug/dummy_test_autogen) by extension 'ros'
[19.430s] Level 1:colcon.colcon_core.package_identification:_identify(src/build-test_tool-Desktop-Debug/dummy_test_autogen) by extensions ['cmake', 'python']
[19.430s] Level 1:colcon.colcon_core.package_identification:_identify(src/build-test_tool-Desktop-Debug/dummy_test_autogen) by extension 'cmake'
[19.430s] Level 1:colcon.colcon_core.package_identification:_identify(src/build-test_tool-Desktop-Debug/dummy_test_autogen) by extension 'python'
[19.430s] Level 1:colcon.colcon_core.package_identification:_identify(src/build-test_tool-Desktop-Debug/dummy_test_autogen) by extensions ['python_setup_py']
[19.430s] Level 1:colcon.colcon_core.package_identification:_identify(src/build-test_tool-Desktop-Debug/dummy_test_autogen) by extension 'python_setup_py'
[19.431s] Level 1:colcon.colcon_core.package_identification:_identify(src/build-test_tool-Desktop-Debug/dummy_test_autogen/include) by extensions ['ignore', 'ignore_ament_install']
[19.431s] Level 1:colcon.colcon_core.package_identification:_identify(src/build-test_tool-Desktop-Debug/dummy_test_autogen/include) by extension 'ignore'
[19.431s] Level 1:colcon.colcon_core.package_identification:_identify(src/build-test_tool-Desktop-Debug/dummy_test_autogen/include) by extension 'ignore_ament_install'
[19.431s] Level 1:colcon.colcon_core.package_identification:_identify(src/build-test_tool-Desktop-Debug/dummy_test_autogen/include) by extensions ['colcon_pkg']
[19.431s] Level 1:colcon.colcon_core.package_identification:_identify(src/build-test_tool-Desktop-Debug/dummy_test_autogen/include) by extension 'colcon_pkg'
[19.431s] Level 1:colcon.colcon_core.package_identification:_identify(src/build-test_tool-Desktop-Debug/dummy_test_autogen/include) by extensions ['colcon_meta']
[19.431s] Level 1:colcon.colcon_core.package_identification:_identify(src/build-test_tool-Desktop-Debug/dummy_test_autogen/include) by extension 'colcon_meta'
[19.431s] Level 1:colcon.colcon_core.package_identification:_identify(src/build-test_tool-Desktop-Debug/dummy_test_autogen/include) by extensions ['ros']
[19.431s] Level 1:colcon.colcon_core.package_identification:_identify(src/build-test_tool-Desktop-Debug/dummy_test_autogen/include) by extension 'ros'
[19.432s] Level 1:colcon.colcon_core.package_identification:_identify(src/build-test_tool-Desktop-Debug/dummy_test_autogen/include) by extensions ['cmake', 'python']
[19.432s] Level 1:colcon.colcon_core.package_identification:_identify(src/build-test_tool-Desktop-Debug/dummy_test_autogen/include) by extension 'cmake'
[19.432s] Level 1:colcon.colcon_core.package_identification:_identify(src/build-test_tool-Desktop-Debug/dummy_test_autogen/include) by extension 'python'
[19.432s] Level 1:colcon.colcon_core.package_identification:_identify(src/build-test_tool-Desktop-Debug/dummy_test_autogen/include) by extensions ['python_setup_py']
[19.432s] Level 1:colcon.colcon_core.package_identification:_identify(src/build-test_tool-Desktop-Debug/dummy_test_autogen/include) by extension 'python_setup_py'
[19.432s] Level 1:colcon.colcon_core.package_identification:_identify(src/build-test_tool-Desktop-Debug/lidar_node_autogen) by extensions ['ignore', 'ignore_ament_install']
[19.432s] Level 1:colcon.colcon_core.package_identification:_identify(src/build-test_tool-Desktop-Debug/lidar_node_autogen) by extension 'ignore'
[19.432s] Level 1:colcon.colcon_core.package_identification:_identify(src/build-test_tool-Desktop-Debug/lidar_node_autogen) by extension 'ignore_ament_install'
[19.432s] Level 1:colcon.colcon_core.package_identification:_identify(src/build-test_tool-Desktop-Debug/lidar_node_autogen) by extensions ['colcon_pkg']
[19.432s] Level 1:colcon.colcon_core.package_identification:_identify(src/build-test_tool-Desktop-Debug/lidar_node_autogen) by extension 'colcon_pkg'
[19.432s] Level 1:colcon.colcon_core.package_identification:_identify(src/build-test_tool-Desktop-Debug/lidar_node_autogen) by extensions ['colcon_meta']
[19.432s] Level 1:colcon.colcon_core.package_identification:_identify(src/build-test_tool-Desktop-Debug/lidar_node_autogen) by extension 'colcon_meta'
[19.433s] Level 1:colcon.colcon_core.package_identification:_identify(src/build-test_tool-Desktop-Debug/lidar_node_autogen) by extensions ['ros']
[19.433s] Level 1:colcon.colcon_core.package_identification:_identify(src/build-test_tool-Desktop-Debug/lidar_node_autogen) by extension 'ros'
[19.433s] Level 1:colcon.colcon_core.package_identification:_identify(src/build-test_tool-Desktop-Debug/lidar_node_autogen) by extensions ['cmake', 'python']
[19.433s] Level 1:colcon.colcon_core.package_identification:_identify(src/build-test_tool-Desktop-Debug/lidar_node_autogen) by extension 'cmake'
[19.433s] Level 1:colcon.colcon_core.package_identification:_identify(src/build-test_tool-Desktop-Debug/lidar_node_autogen) by extension 'python'
[19.433s] Level 1:colcon.colcon_core.package_identification:_identify(src/build-test_tool-Desktop-Debug/lidar_node_autogen) by extensions ['python_setup_py']
[19.433s] Level 1:colcon.colcon_core.package_identification:_identify(src/build-test_tool-Desktop-Debug/lidar_node_autogen) by extension 'python_setup_py'
[19.433s] Level 1:colcon.colcon_core.package_identification:_identify(src/build-test_tool-Desktop-Debug/test_tool_autogen) by extensions ['ignore', 'ignore_ament_install']
[19.433s] Level 1:colcon.colcon_core.package_identification:_identify(src/build-test_tool-Desktop-Debug/test_tool_autogen) by extension 'ignore'
[19.433s] Level 1:colcon.colcon_core.package_identification:_identify(src/build-test_tool-Desktop-Debug/test_tool_autogen) by extension 'ignore_ament_install'
[19.433s] Level 1:colcon.colcon_core.package_identification:_identify(src/build-test_tool-Desktop-Debug/test_tool_autogen) by extensions ['colcon_pkg']
[19.433s] Level 1:colcon.colcon_core.package_identification:_identify(src/build-test_tool-Desktop-Debug/test_tool_autogen) by extension 'colcon_pkg'
[19.434s] Level 1:colcon.colcon_core.package_identification:_identify(src/build-test_tool-Desktop-Debug/test_tool_autogen) by extensions ['colcon_meta']
[19.434s] Level 1:colcon.colcon_core.package_identification:_identify(src/build-test_tool-Desktop-Debug/test_tool_autogen) by extension 'colcon_meta'
[19.434s] Level 1:colcon.colcon_core.package_identification:_identify(src/build-test_tool-Desktop-Debug/test_tool_autogen) by extensions ['ros']
[19.434s] Level 1:colcon.colcon_core.package_identification:_identify(src/build-test_tool-Desktop-Debug/test_tool_autogen) by extension 'ros'
[19.434s] Level 1:colcon.colcon_core.package_identification:_identify(src/build-test_tool-Desktop-Debug/test_tool_autogen) by extensions ['cmake', 'python']
[19.434s] Level 1:colcon.colcon_core.package_identification:_identify(src/build-test_tool-Desktop-Debug/test_tool_autogen) by extension 'cmake'
[19.434s] Level 1:colcon.colcon_core.package_identification:_identify(src/build-test_tool-Desktop-Debug/test_tool_autogen) by extension 'python'
[19.434s] Level 1:colcon.colcon_core.package_identification:_identify(src/build-test_tool-Desktop-Debug/test_tool_autogen) by extensions ['python_setup_py']
[19.434s] Level 1:colcon.colcon_core.package_identification:_identify(src/build-test_tool-Desktop-Debug/test_tool_autogen) by extension 'python_setup_py'
[19.434s] Level 1:colcon.colcon_core.package_identification:_identify(src/build-test_tool-Desktop-Debug/test_tool_autogen/TSGLY7GWS2) by extensions ['ignore', 'ignore_ament_install']
[19.434s] Level 1:colcon.colcon_core.package_identification:_identify(src/build-test_tool-Desktop-Debug/test_tool_autogen/TSGLY7GWS2) by extension 'ignore'
[19.434s] Level 1:colcon.colcon_core.package_identification:_identify(src/build-test_tool-Desktop-Debug/test_tool_autogen/TSGLY7GWS2) by extension 'ignore_ament_install'
[19.435s] Level 1:colcon.colcon_core.package_identification:_identify(src/build-test_tool-Desktop-Debug/test_tool_autogen/TSGLY7GWS2) by extensions ['colcon_pkg']
[19.435s] Level 1:colcon.colcon_core.package_identification:_identify(src/build-test_tool-Desktop-Debug/test_tool_autogen/TSGLY7GWS2) by extension 'colcon_pkg'
[19.435s] Level 1:colcon.colcon_core.package_identification:_identify(src/build-test_tool-Desktop-Debug/test_tool_autogen/TSGLY7GWS2) by extensions ['colcon_meta']
[19.435s] Level 1:colcon.colcon_core.package_identification:_identify(src/build-test_tool-Desktop-Debug/test_tool_autogen/TSGLY7GWS2) by extension 'colcon_meta'
[19.435s] Level 1:colcon.colcon_core.package_identification:_identify(src/build-test_tool-Desktop-Debug/test_tool_autogen/TSGLY7GWS2) by extensions ['ros']
[19.435s] Level 1:colcon.colcon_core.package_identification:_identify(src/build-test_tool-Desktop-Debug/test_tool_autogen/TSGLY7GWS2) by extension 'ros'
[19.435s] Level 1:colcon.colcon_core.package_identification:_identify(src/build-test_tool-Desktop-Debug/test_tool_autogen/TSGLY7GWS2) by extensions ['cmake', 'python']
[19.435s] Level 1:colcon.colcon_core.package_identification:_identify(src/build-test_tool-Desktop-Debug/test_tool_autogen/TSGLY7GWS2) by extension 'cmake'
[19.435s] Level 1:colcon.colcon_core.package_identification:_identify(src/build-test_tool-Desktop-Debug/test_tool_autogen/TSGLY7GWS2) by extension 'python'
[19.435s] Level 1:colcon.colcon_core.package_identification:_identify(src/build-test_tool-Desktop-Debug/test_tool_autogen/TSGLY7GWS2) by extensions ['python_setup_py']
[19.435s] Level 1:colcon.colcon_core.package_identification:_identify(src/build-test_tool-Desktop-Debug/test_tool_autogen/TSGLY7GWS2) by extension 'python_setup_py'
[19.435s] Level 1:colcon.colcon_core.package_identification:_identify(src/build-test_tool-Desktop-Debug/test_tool_autogen/include) by extensions ['ignore', 'ignore_ament_install']
[19.436s] Level 1:colcon.colcon_core.package_identification:_identify(src/build-test_tool-Desktop-Debug/test_tool_autogen/include) by extension 'ignore'
[19.436s] Level 1:colcon.colcon_core.package_identification:_identify(src/build-test_tool-Desktop-Debug/test_tool_autogen/include) by extension 'ignore_ament_install'
[19.436s] Level 1:colcon.colcon_core.package_identification:_identify(src/build-test_tool-Desktop-Debug/test_tool_autogen/include) by extensions ['colcon_pkg']
[19.436s] Level 1:colcon.colcon_core.package_identification:_identify(src/build-test_tool-Desktop-Debug/test_tool_autogen/include) by extension 'colcon_pkg'
[19.436s] Level 1:colcon.colcon_core.package_identification:_identify(src/build-test_tool-Desktop-Debug/test_tool_autogen/include) by extensions ['colcon_meta']
[19.436s] Level 1:colcon.colcon_core.package_identification:_identify(src/build-test_tool-Desktop-Debug/test_tool_autogen/include) by extension 'colcon_meta'
[19.436s] Level 1:colcon.colcon_core.package_identification:_identify(src/build-test_tool-Desktop-Debug/test_tool_autogen/include) by extensions ['ros']
[19.436s] Level 1:colcon.colcon_core.package_identification:_identify(src/build-test_tool-Desktop-Debug/test_tool_autogen/include) by extension 'ros'
[19.436s] Level 1:colcon.colcon_core.package_identification:_identify(src/build-test_tool-Desktop-Debug/test_tool_autogen/include) by extensions ['cmake', 'python']
[19.436s] Level 1:colcon.colcon_core.package_identification:_identify(src/build-test_tool-Desktop-Debug/test_tool_autogen/include) by extension 'cmake'
[19.436s] Level 1:colcon.colcon_core.package_identification:_identify(src/build-test_tool-Desktop-Debug/test_tool_autogen/include) by extension 'python'
[19.437s] Level 1:colcon.colcon_core.package_identification:_identify(src/build-test_tool-Desktop-Debug/test_tool_autogen/include) by extensions ['python_setup_py']
[19.437s] Level 1:colcon.colcon_core.package_identification:_identify(src/build-test_tool-Desktop-Debug/test_tool_autogen/include) by extension 'python_setup_py'
[19.437s] Level 1:colcon.colcon_core.package_identification:_identify(src/test_tool) by extensions ['ignore', 'ignore_ament_install']
[19.437s] Level 1:colcon.colcon_core.package_identification:_identify(src/test_tool) by extension 'ignore'
[19.437s] Level 1:colcon.colcon_core.package_identification:_identify(src/test_tool) by extension 'ignore_ament_install'
[19.437s] Level 1:colcon.colcon_core.package_identification:_identify(src/test_tool) by extensions ['colcon_pkg']
[19.437s] Level 1:colcon.colcon_core.package_identification:_identify(src/test_tool) by extension 'colcon_pkg'
[19.437s] Level 1:colcon.colcon_core.package_identification:_identify(src/test_tool) by extensions ['colcon_meta']
[19.437s] Level 1:colcon.colcon_core.package_identification:_identify(src/test_tool) by extension 'colcon_meta'
[19.437s] Level 1:colcon.colcon_core.package_identification:_identify(src/test_tool) by extensions ['ros']
[19.437s] Level 1:colcon.colcon_core.package_identification:_identify(src/test_tool) by extension 'ros'
[19.441s] DEBUG:colcon.colcon_core.package_identification:Package 'src/test_tool' with type 'ros.ament_cmake' and name 'test_tool'
[19.441s] Level 1:colcon.colcon_core.package_discovery:discover_packages(recursive) using defaults
[19.441s] Level 1:colcon.colcon_core.package_discovery:discover_packages(ignore) discover
[19.441s] Level 1:colcon.colcon_core.package_discovery:discover_packages(ignore) using defaults
[19.441s] Level 1:colcon.colcon_core.package_discovery:discover_packages(path) discover
[19.441s] Level 1:colcon.colcon_core.package_discovery:discover_packages(path) using defaults
[19.480s] Level 1:colcon.colcon_core.package_discovery:discover_packages(prefix_path) check parameters
[19.480s] Level 1:colcon.colcon_core.package_discovery:discover_packages(prefix_path) discover
[0.762s] DEBUG:colcon.colcon_installed_package_information.package_discovery:Found 339 installed packages in /opt/ros/humble
[0.765s] Level 1:colcon.colcon_core.package_discovery:discover_packages(prefix_path) using defaults
[0.838s] Level 5:colcon.colcon_core.verb:set package 'test_tool' build argument 'cmake_args' from command line to '['-DCMAKE_BUILD_TYPE=Debug']'
[0.839s] Level 5:colcon.colcon_core.verb:set package 'test_tool' build argument 'cmake_target' from command line to 'None'
[0.839s] Level 5:colcon.colcon_core.verb:set package 'test_tool' build argument 'cmake_target_skip_unavailable' from command line to 'False'
[0.839s] Level 5:colcon.colcon_core.verb:set package 'test_tool' build argument 'cmake_clean_cache' from command line to 'False'
[0.839s] Level 5:colcon.colcon_core.verb:set package 'test_tool' build argument 'cmake_clean_first' from command line to 'False'
[0.839s] Level 5:colcon.colcon_core.verb:set package 'test_tool' build argument 'cmake_force_configure' from command line to 'False'
[0.839s] Level 5:colcon.colcon_core.verb:set package 'test_tool' build argument 'ament_cmake_args' from command line to 'None'
[0.839s] Level 5:colcon.colcon_core.verb:set package 'test_tool' build argument 'catkin_cmake_args' from command line to 'None'
[0.839s] Level 5:colcon.colcon_core.verb:set package 'test_tool' build argument 'catkin_skip_building_tests' from command line to 'False'
[0.839s] DEBUG:colcon.colcon_core.verb:Building package 'test_tool' with the following arguments: {'ament_cmake_args': None, 'build_base': '/home/maddy/iris_test_tool/build/test_tool', 'catkin_cmake_args': None, 'catkin_skip_building_tests': False, 'cmake_args': ['-DCMAKE_BUILD_TYPE=Debug'], 'cmake_clean_cache': False, 'cmake_clean_first': False, 'cmake_force_configure': False, 'cmake_target': None, 'cmake_target_skip_unavailable': False, 'install_base': '/home/maddy/iris_test_tool/install/test_tool', 'merge_install': False, 'path': '/home/maddy/iris_test_tool/src/test_tool', 'symlink_install': False, 'test_result_base': None}
[0.839s] INFO:colcon.colcon_core.executor:Executing jobs using 'parallel' executor
[0.841s] DEBUG:colcon.colcon_parallel_executor.executor.parallel:run_until_complete
[0.841s] INFO:colcon.colcon_ros.task.ament_cmake.build:Building ROS package in '/home/maddy/iris_test_tool/src/test_tool' with build type 'ament_cmake'
[0.842s] INFO:colcon.colcon_cmake.task.cmake.build:Building CMake package in '/home/maddy/iris_test_tool/src/test_tool'
[0.845s] INFO:colcon.colcon_core.plugin_system:Skipping extension 'colcon_core.shell.bat': Not used on non-Windows systems
[0.846s] INFO:colcon.colcon_core.shell:Skip shell extension 'powershell' for command environment: Not usable outside of PowerShell
[0.846s] DEBUG:colcon.colcon_core.shell:Skip shell extension 'dsv' for command environment
[0.862s] DEBUG:colcon.colcon_core.event_handler.log_command:Invoking command in '/home/maddy/iris_test_tool/build/test_tool': CMAKE_PREFIX_PATH=/opt/ros/humble /usr/bin/cmake --build /home/maddy/iris_test_tool/build/test_tool -- -j8 -l8
[18.238s] DEBUG:colcon.colcon_core.event_handler.log_command:Invoked command in '/home/maddy/iris_test_tool/build/test_tool' returned '0': CMAKE_PREFIX_PATH=/opt/ros/humble /usr/bin/cmake --build /home/maddy/iris_test_tool/build/test_tool -- -j8 -l8
[18.252s] DEBUG:colcon.colcon_core.event_handler.log_command:Invoking command in '/home/maddy/iris_test_tool/build/test_tool': CMAKE_PREFIX_PATH=/opt/ros/humble /usr/bin/cmake --install /home/maddy/iris_test_tool/build/test_tool
[18.295s] Level 1:colcon.colcon_core.environment:create_environment_scripts_only(test_tool)
[18.296s] DEBUG:colcon.colcon_core.event_handler.log_command:Invoked command in '/home/maddy/iris_test_tool/build/test_tool' returned '0': CMAKE_PREFIX_PATH=/opt/ros/humble /usr/bin/cmake --install /home/maddy/iris_test_tool/build/test_tool
[18.299s] Level 1:colcon.colcon_core.environment:checking '/home/maddy/iris_test_tool/install/test_tool' for CMake module files
[18.300s] Level 1:colcon.colcon_core.environment:checking '/home/maddy/iris_test_tool/install/test_tool' for CMake config files
[18.300s] Level 1:colcon.colcon_core.shell:create_environment_hook('test_tool', 'cmake_prefix_path')
[18.301s] INFO:colcon.colcon_core.shell:Creating environment hook '/home/maddy/iris_test_tool/install/test_tool/share/test_tool/hook/cmake_prefix_path.ps1'
[18.301s] INFO:colcon.colcon_core.shell:Creating environment descriptor '/home/maddy/iris_test_tool/install/test_tool/share/test_tool/hook/cmake_prefix_path.dsv'
[18.302s] INFO:colcon.colcon_core.shell:Creating environment hook '/home/maddy/iris_test_tool/install/test_tool/share/test_tool/hook/cmake_prefix_path.sh'
[18.303s] Level 1:colcon.colcon_core.environment:checking '/home/maddy/iris_test_tool/install/test_tool/lib'
[18.303s] Level 1:colcon.colcon_core.environment:checking '/home/maddy/iris_test_tool/install/test_tool/bin'
[18.303s] Level 1:colcon.colcon_core.environment:checking '/home/maddy/iris_test_tool/install/test_tool/lib/pkgconfig/test_tool.pc'
[18.304s] Level 1:colcon.colcon_core.environment:checking '/home/maddy/iris_test_tool/install/test_tool/lib/python3.10/site-packages'
[18.304s] Level 1:colcon.colcon_core.environment:checking '/home/maddy/iris_test_tool/install/test_tool/bin'
[18.305s] INFO:colcon.colcon_core.shell:Creating package script '/home/maddy/iris_test_tool/install/test_tool/share/test_tool/package.ps1'
[18.305s] INFO:colcon.colcon_core.shell:Creating package descriptor '/home/maddy/iris_test_tool/install/test_tool/share/test_tool/package.dsv'
[18.306s] INFO:colcon.colcon_core.shell:Creating package script '/home/maddy/iris_test_tool/install/test_tool/share/test_tool/package.sh'
[18.307s] INFO:colcon.colcon_core.shell:Creating package script '/home/maddy/iris_test_tool/install/test_tool/share/test_tool/package.bash'
[18.308s] INFO:colcon.colcon_core.shell:Creating package script '/home/maddy/iris_test_tool/install/test_tool/share/test_tool/package.zsh'
[18.309s] Level 1:colcon.colcon_core.environment:create_file_with_runtime_dependencies(/home/maddy/iris_test_tool/install/test_tool/share/colcon-core/packages/test_tool)
[18.309s] Level 1:colcon.colcon_core.environment:create_environment_scripts_only(test_tool)
[18.310s] Level 1:colcon.colcon_core.environment:checking '/home/maddy/iris_test_tool/install/test_tool' for CMake module files
[18.311s] Level 1:colcon.colcon_core.environment:checking '/home/maddy/iris_test_tool/install/test_tool' for CMake config files
[18.311s] Level 1:colcon.colcon_core.shell:create_environment_hook('test_tool', 'cmake_prefix_path')
[18.311s] INFO:colcon.colcon_core.shell:Creating environment hook '/home/maddy/iris_test_tool/install/test_tool/share/test_tool/hook/cmake_prefix_path.ps1'
[18.312s] INFO:colcon.colcon_core.shell:Creating environment descriptor '/home/maddy/iris_test_tool/install/test_tool/share/test_tool/hook/cmake_prefix_path.dsv'
[18.312s] INFO:colcon.colcon_core.shell:Creating environment hook '/home/maddy/iris_test_tool/install/test_tool/share/test_tool/hook/cmake_prefix_path.sh'
[18.313s] Level 1:colcon.colcon_core.environment:checking '/home/maddy/iris_test_tool/install/test_tool/lib'
[18.313s] Level 1:colcon.colcon_core.environment:checking '/home/maddy/iris_test_tool/install/test_tool/bin'
[18.313s] Level 1:colcon.colcon_core.environment:checking '/home/maddy/iris_test_tool/install/test_tool/lib/pkgconfig/test_tool.pc'
[18.314s] Level 1:colcon.colcon_core.environment:checking '/home/maddy/iris_test_tool/install/test_tool/lib/python3.10/site-packages'
[18.314s] Level 1:colcon.colcon_core.environment:checking '/home/maddy/iris_test_tool/install/test_tool/bin'
[18.314s] INFO:colcon.colcon_core.shell:Creating package script '/home/maddy/iris_test_tool/install/test_tool/share/test_tool/package.ps1'
[18.315s] INFO:colcon.colcon_core.shell:Creating package descriptor '/home/maddy/iris_test_tool/install/test_tool/share/test_tool/package.dsv'
[18.316s] INFO:colcon.colcon_core.shell:Creating package script '/home/maddy/iris_test_tool/install/test_tool/share/test_tool/package.sh'
[18.316s] INFO:colcon.colcon_core.shell:Creating package script '/home/maddy/iris_test_tool/install/test_tool/share/test_tool/package.bash'
[18.317s] INFO:colcon.colcon_core.shell:Creating package script '/home/maddy/iris_test_tool/install/test_tool/share/test_tool/package.zsh'
[18.317s] Level 1:colcon.colcon_core.environment:create_file_with_runtime_dependencies(/home/maddy/iris_test_tool/install/test_tool/share/colcon-core/packages/test_tool)
[18.318s] DEBUG:colcon.colcon_parallel_executor.executor.parallel:closing loop
[18.319s] DEBUG:colcon.colcon_parallel_executor.executor.parallel:loop closed
[18.319s] DEBUG:colcon.colcon_parallel_executor.executor.parallel:run_until_complete finished with '0'
[18.319s] DEBUG:colcon.colcon_core.event_reactor:joining thread
[18.383s] INFO:colcon.colcon_core.plugin_system:Skipping extension 'colcon_notification.desktop_notification.notify_send': Could not find 'notify-send'
[18.383s] INFO:colcon.colcon_core.plugin_system:Skipping extension 'colcon_notification.desktop_notification.terminal_notifier': Not used on non-Darwin systems
[18.383s] INFO:colcon.colcon_core.plugin_system:Skipping extension 'colcon_notification.desktop_notification.win32': Not used on non-Windows systems
[18.383s] INFO:colcon.colcon_notification.desktop_notification:Sending desktop notification using 'notify2'
[18.383s] DEBUG:colcon.colcon_notification.desktop_notification.notify2:Failed to initialize notify2: org.freedesktop.DBus.Error.FileNotFound: Failed to connect to socket /run/user/1000/bus: No such file or directory
[18.384s] DEBUG:colcon.colcon_core.event_reactor:joined thread
[18.384s] INFO:colcon.colcon_core.shell:Creating prefix script '/home/maddy/iris_test_tool/install/local_setup.ps1'
[18.385s] INFO:colcon.colcon_core.shell:Creating prefix util module '/home/maddy/iris_test_tool/install/_local_setup_util_ps1.py'
[18.387s] INFO:colcon.colcon_core.shell:Creating prefix chain script '/home/maddy/iris_test_tool/install/setup.ps1'
[18.388s] INFO:colcon.colcon_core.shell:Creating prefix script '/home/maddy/iris_test_tool/install/local_setup.sh'
[18.389s] INFO:colcon.colcon_core.shell:Creating prefix util module '/home/maddy/iris_test_tool/install/_local_setup_util_sh.py'
[18.390s] INFO:colcon.colcon_core.shell:Creating prefix chain script '/home/maddy/iris_test_tool/install/setup.sh'
[18.391s] INFO:colcon.colcon_core.shell:Creating prefix script '/home/maddy/iris_test_tool/install/local_setup.bash'
[18.392s] INFO:colcon.colcon_core.shell:Creating prefix chain script '/home/maddy/iris_test_tool/install/setup.bash'
[18.393s] INFO:colcon.colcon_core.shell:Creating prefix script '/home/maddy/iris_test_tool/install/local_setup.zsh'
[18.393s] INFO:colcon.colcon_core.shell:Creating prefix chain script '/home/maddy/iris_test_tool/install/setup.zsh'
