[0.229s] DEBUG:colcon:Command line arguments: ['/usr/bin/colcon', 'build', '--cmake-args', '-DCMAKE_BUILD_TYPE=Debug']
[0.229s] DEBUG:colcon:Parsed command line arguments: Namespace(log_base=None, log_level=None, verb_name='build', build_base='build', install_base='install', merge_install=False, symlink_install=False, test_result_base=None, continue_on_error=False, executor='parallel', parallel_workers=8, event_handlers=None, ignore_user_meta=False, metas=['./colcon.meta'], base_paths=['.'], packages_ignore=None, packages_ignore_regex=None, paths=None, packages_up_to=None, packages_up_to_regex=None, packages_above=None, packages_above_and_dependencies=None, packages_above_depth=None, packages_select_by_dep=None, packages_skip_by_dep=None, packages_skip_up_to=None, packages_select_build_failed=False, packages_skip_build_finished=False, packages_select_test_failures=False, packages_skip_test_passed=False, packages_select=None, packages_skip=None, packages_select_regex=None, packages_skip_regex=None, packages_start=None, packages_end=None, allow_overriding=[], cmake_args=['-DCMAKE_BUILD_TYPE=Debug'], cmake_target=None, cmake_target_skip_unavailable=False, cmake_clean_cache=False, cmake_clean_first=False, cmake_force_configure=False, ament_cmake_args=None, catkin_cmake_args=None, catkin_skip_building_tests=False, verb_parser=<colcon_defaults.argument_parser.defaults.DefaultArgumentsDecorator object at 0x7543f0b9bcd0>, verb_extension=<colcon_core.verb.build.BuildVerb object at 0x7543f0d61060>, main=<bound method BuildVerb.main of <colcon_core.verb.build.BuildVerb object at 0x7543f0d61060>>)
[0.473s] Level 1:colcon.colcon_core.package_discovery:discover_packages(colcon_meta) check parameters
[0.473s] Level 1:colcon.colcon_core.package_discovery:discover_packages(recursive) check parameters
[0.473s] Level 1:colcon.colcon_core.package_discovery:discover_packages(ignore) check parameters
[0.474s] Level 1:colcon.colcon_core.package_discovery:discover_packages(path) check parameters
[0.474s] Level 1:colcon.colcon_core.package_discovery:discover_packages(colcon_meta) discover
[0.474s] Level 1:colcon.colcon_core.package_discovery:discover_packages(recursive) discover
[0.474s] INFO:colcon.colcon_core.package_discovery:Crawling recursively for packages in '/home/maddy/iris_test_tool'
[0.474s] Level 1:colcon.colcon_core.package_identification:_identify(.) by extensions ['ignore', 'ignore_ament_install']
[0.474s] Level 1:colcon.colcon_core.package_identification:_identify(.) by extension 'ignore'
[0.474s] Level 1:colcon.colcon_core.package_identification:_identify(.) by extension 'ignore_ament_install'
[0.475s] Level 1:colcon.colcon_core.package_identification:_identify(.) by extensions ['colcon_pkg']
[0.475s] Level 1:colcon.colcon_core.package_identification:_identify(.) by extension 'colcon_pkg'
[0.475s] Level 1:colcon.colcon_core.package_identification:_identify(.) by extensions ['colcon_meta']
[0.475s] Level 1:colcon.colcon_core.package_identification:_identify(.) by extension 'colcon_meta'
[0.475s] Level 1:colcon.colcon_core.package_identification:_identify(.) by extensions ['ros']
[0.475s] Level 1:colcon.colcon_core.package_identification:_identify(.) by extension 'ros'
[19.233s] Level 1:colcon.colcon_core.package_identification:_identify(.) by extensions ['cmake', 'python']
[19.233s] Level 1:colcon.colcon_core.package_identification:_identify(.) by extension 'cmake'
[19.233s] Level 1:colcon.colcon_core.package_identification:_identify(.) by extension 'python'
[19.233s] Level 1:colcon.colcon_core.package_identification:_identify(.) by extensions ['python_setup_py']
[19.233s] Level 1:colcon.colcon_core.package_identification:_identify(.) by extension 'python_setup_py'
[19.233s] Level 1:colcon.colcon_core.package_identification:_identify(build) by extensions ['ignore', 'ignore_ament_install']
[19.233s] Level 1:colcon.colcon_core.package_identification:_identify(build) by extension 'ignore'
[19.233s] Level 1:colcon.colcon_core.package_identification:_identify(build) ignored
[19.234s] Level 1:colcon.colcon_core.package_identification:_identify(install) by extensions ['ignore', 'ignore_ament_install']
[19.234s] Level 1:colcon.colcon_core.package_identification:_identify(install) by extension 'ignore'
[19.234s] Level 1:colcon.colcon_core.package_identification:_identify(install) ignored
[19.234s] Level 1:colcon.colcon_core.package_identification:_identify(log) by extensions ['ignore', 'ignore_ament_install']
[19.234s] Level 1:colcon.colcon_core.package_identification:_identify(log) by extension 'ignore'
[19.235s] Level 1:colcon.colcon_core.package_identification:_identify(log) ignored
[19.235s] Level 1:colcon.colcon_core.package_identification:_identify(picturees) by extensions ['ignore', 'ignore_ament_install']
[19.235s] Level 1:colcon.colcon_core.package_identification:_identify(picturees) by extension 'ignore'
[19.235s] Level 1:colcon.colcon_core.package_identification:_identify(picturees) by extension 'ignore_ament_install'
[19.235s] Level 1:colcon.colcon_core.package_identification:_identify(picturees) by extensions ['colcon_pkg']
[19.235s] Level 1:colcon.colcon_core.package_identification:_identify(picturees) by extension 'colcon_pkg'
[19.235s] Level 1:colcon.colcon_core.package_identification:_identify(picturees) by extensions ['colcon_meta']
[19.235s] Level 1:colcon.colcon_core.package_identification:_identify(picturees) by extension 'colcon_meta'
[19.235s] Level 1:colcon.colcon_core.package_identification:_identify(picturees) by extensions ['ros']
[19.235s] Level 1:colcon.colcon_core.package_identification:_identify(picturees) by extension 'ros'
[19.236s] Level 1:colcon.colcon_core.package_identification:_identify(picturees) by extensions ['cmake', 'python']
[19.236s] Level 1:colcon.colcon_core.package_identification:_identify(picturees) by extension 'cmake'
[19.236s] Level 1:colcon.colcon_core.package_identification:_identify(picturees) by extension 'python'
[19.236s] Level 1:colcon.colcon_core.package_identification:_identify(picturees) by extensions ['python_setup_py']
[19.236s] Level 1:colcon.colcon_core.package_identification:_identify(picturees) by extension 'python_setup_py'
[19.236s] Level 1:colcon.colcon_core.package_identification:_identify(src) by extensions ['ignore', 'ignore_ament_install']
[19.236s] Level 1:colcon.colcon_core.package_identification:_identify(src) by extension 'ignore'
[19.236s] Level 1:colcon.colcon_core.package_identification:_identify(src) by extension 'ignore_ament_install'
[19.237s] Level 1:colcon.colcon_core.package_identification:_identify(src) by extensions ['colcon_pkg']
[19.237s] Level 1:colcon.colcon_core.package_identification:_identify(src) by extension 'colcon_pkg'
[19.237s] Level 1:colcon.colcon_core.package_identification:_identify(src) by extensions ['colcon_meta']
[19.237s] Level 1:colcon.colcon_core.package_identification:_identify(src) by extension 'colcon_meta'
[19.237s] Level 1:colcon.colcon_core.package_identification:_identify(src) by extensions ['ros']
[19.237s] Level 1:colcon.colcon_core.package_identification:_identify(src) by extension 'ros'
[19.237s] Level 1:colcon.colcon_core.package_identification:_identify(src) by extensions ['cmake', 'python']
[19.237s] Level 1:colcon.colcon_core.package_identification:_identify(src) by extension 'cmake'
[19.237s] Level 1:colcon.colcon_core.package_identification:_identify(src) by extension 'python'
[19.237s] Level 1:colcon.colcon_core.package_identification:_identify(src) by extensions ['python_setup_py']
[19.237s] Level 1:colcon.colcon_core.package_identification:_identify(src) by extension 'python_setup_py'
[19.237s] Level 1:colcon.colcon_core.package_identification:_identify(src/build-test_tool-Desktop-Debug) by extensions ['ignore', 'ignore_ament_install']
[19.238s] Level 1:colcon.colcon_core.package_identification:_identify(src/build-test_tool-Desktop-Debug) by extension 'ignore'
[19.238s] Level 1:colcon.colcon_core.package_identification:_identify(src/build-test_tool-Desktop-Debug) by extension 'ignore_ament_install'
[19.238s] Level 1:colcon.colcon_core.package_identification:_identify(src/build-test_tool-Desktop-Debug) by extensions ['colcon_pkg']
[19.238s] Level 1:colcon.colcon_core.package_identification:_identify(src/build-test_tool-Desktop-Debug) by extension 'colcon_pkg'
[19.238s] Level 1:colcon.colcon_core.package_identification:_identify(src/build-test_tool-Desktop-Debug) by extensions ['colcon_meta']
[19.238s] Level 1:colcon.colcon_core.package_identification:_identify(src/build-test_tool-Desktop-Debug) by extension 'colcon_meta'
[19.238s] Level 1:colcon.colcon_core.package_identification:_identify(src/build-test_tool-Desktop-Debug) by extensions ['ros']
[19.238s] Level 1:colcon.colcon_core.package_identification:_identify(src/build-test_tool-Desktop-Debug) by extension 'ros'
[19.238s] Level 1:colcon.colcon_core.package_identification:_identify(src/build-test_tool-Desktop-Debug) by extensions ['cmake', 'python']
[19.238s] Level 1:colcon.colcon_core.package_identification:_identify(src/build-test_tool-Desktop-Debug) by extension 'cmake'
[19.239s] Level 1:colcon.colcon_core.package_identification:_identify(src/build-test_tool-Desktop-Debug) by extension 'python'
[19.239s] Level 1:colcon.colcon_core.package_identification:_identify(src/build-test_tool-Desktop-Debug) by extensions ['python_setup_py']
[19.239s] Level 1:colcon.colcon_core.package_identification:_identify(src/build-test_tool-Desktop-Debug) by extension 'python_setup_py'
[19.239s] Level 1:colcon.colcon_core.package_identification:_identify(src/build-test_tool-Desktop-Debug/CMakeFiles) by extensions ['ignore', 'ignore_ament_install']
[19.239s] Level 1:colcon.colcon_core.package_identification:_identify(src/build-test_tool-Desktop-Debug/CMakeFiles) by extension 'ignore'
[19.239s] Level 1:colcon.colcon_core.package_identification:_identify(src/build-test_tool-Desktop-Debug/CMakeFiles) by extension 'ignore_ament_install'
[19.239s] Level 1:colcon.colcon_core.package_identification:_identify(src/build-test_tool-Desktop-Debug/CMakeFiles) by extensions ['colcon_pkg']
[19.239s] Level 1:colcon.colcon_core.package_identification:_identify(src/build-test_tool-Desktop-Debug/CMakeFiles) by extension 'colcon_pkg'
[19.239s] Level 1:colcon.colcon_core.package_identification:_identify(src/build-test_tool-Desktop-Debug/CMakeFiles) by extensions ['colcon_meta']
[19.239s] Level 1:colcon.colcon_core.package_identification:_identify(src/build-test_tool-Desktop-Debug/CMakeFiles) by extension 'colcon_meta'
[19.240s] Level 1:colcon.colcon_core.package_identification:_identify(src/build-test_tool-Desktop-Debug/CMakeFiles) by extensions ['ros']
[19.240s] Level 1:colcon.colcon_core.package_identification:_identify(src/build-test_tool-Desktop-Debug/CMakeFiles) by extension 'ros'
[19.240s] Level 1:colcon.colcon_core.package_identification:_identify(src/build-test_tool-Desktop-Debug/CMakeFiles) by extensions ['cmake', 'python']
[19.240s] Level 1:colcon.colcon_core.package_identification:_identify(src/build-test_tool-Desktop-Debug/CMakeFiles) by extension 'cmake'
[19.240s] Level 1:colcon.colcon_core.package_identification:_identify(src/build-test_tool-Desktop-Debug/CMakeFiles) by extension 'python'
[19.240s] Level 1:colcon.colcon_core.package_identification:_identify(src/build-test_tool-Desktop-Debug/CMakeFiles) by extensions ['python_setup_py']
[19.240s] Level 1:colcon.colcon_core.package_identification:_identify(src/build-test_tool-Desktop-Debug/CMakeFiles) by extension 'python_setup_py'
[19.240s] Level 1:colcon.colcon_core.package_identification:_identify(src/build-test_tool-Desktop-Debug/CMakeFiles/3.22.1) by extensions ['ignore', 'ignore_ament_install']
[19.241s] Level 1:colcon.colcon_core.package_identification:_identify(src/build-test_tool-Desktop-Debug/CMakeFiles/3.22.1) by extension 'ignore'
[19.241s] Level 1:colcon.colcon_core.package_identification:_identify(src/build-test_tool-Desktop-Debug/CMakeFiles/3.22.1) by extension 'ignore_ament_install'
[19.241s] Level 1:colcon.colcon_core.package_identification:_identify(src/build-test_tool-Desktop-Debug/CMakeFiles/3.22.1) by extensions ['colcon_pkg']
[19.241s] Level 1:colcon.colcon_core.package_identification:_identify(src/build-test_tool-Desktop-Debug/CMakeFiles/3.22.1) by extension 'colcon_pkg'
[19.241s] Level 1:colcon.colcon_core.package_identification:_identify(src/build-test_tool-Desktop-Debug/CMakeFiles/3.22.1) by extensions ['colcon_meta']
[19.241s] Level 1:colcon.colcon_core.package_identification:_identify(src/build-test_tool-Desktop-Debug/CMakeFiles/3.22.1) by extension 'colcon_meta'
[19.242s] Level 1:colcon.colcon_core.package_identification:_identify(src/build-test_tool-Desktop-Debug/CMakeFiles/3.22.1) by extensions ['ros']
[19.242s] Level 1:colcon.colcon_core.package_identification:_identify(src/build-test_tool-Desktop-Debug/CMakeFiles/3.22.1) by extension 'ros'
[19.242s] Level 1:colcon.colcon_core.package_identification:_identify(src/build-test_tool-Desktop-Debug/CMakeFiles/3.22.1) by extensions ['cmake', 'python']
[19.242s] Level 1:colcon.colcon_core.package_identification:_identify(src/build-test_tool-Desktop-Debug/CMakeFiles/3.22.1) by extension 'cmake'
[19.242s] Level 1:colcon.colcon_core.package_identification:_identify(src/build-test_tool-Desktop-Debug/CMakeFiles/3.22.1) by extension 'python'
[19.242s] Level 1:colcon.colcon_core.package_identification:_identify(src/build-test_tool-Desktop-Debug/CMakeFiles/3.22.1) by extensions ['python_setup_py']
[19.242s] Level 1:colcon.colcon_core.package_identification:_identify(src/build-test_tool-Desktop-Debug/CMakeFiles/3.22.1) by extension 'python_setup_py'
[19.243s] Level 1:colcon.colcon_core.package_identification:_identify(src/build-test_tool-Desktop-Debug/CMakeFiles/3.22.1/CompilerIdCXX) by extensions ['ignore', 'ignore_ament_install']
[19.243s] Level 1:colcon.colcon_core.package_identification:_identify(src/build-test_tool-Desktop-Debug/CMakeFiles/3.22.1/CompilerIdCXX) by extension 'ignore'
[19.243s] Level 1:colcon.colcon_core.package_identification:_identify(src/build-test_tool-Desktop-Debug/CMakeFiles/3.22.1/CompilerIdCXX) by extension 'ignore_ament_install'
[19.243s] Level 1:colcon.colcon_core.package_identification:_identify(src/build-test_tool-Desktop-Debug/CMakeFiles/3.22.1/CompilerIdCXX) by extensions ['colcon_pkg']
[19.243s] Level 1:colcon.colcon_core.package_identification:_identify(src/build-test_tool-Desktop-Debug/CMakeFiles/3.22.1/CompilerIdCXX) by extension 'colcon_pkg'
[19.243s] Level 1:colcon.colcon_core.package_identification:_identify(src/build-test_tool-Desktop-Debug/CMakeFiles/3.22.1/CompilerIdCXX) by extensions ['colcon_meta']
[19.243s] Level 1:colcon.colcon_core.package_identification:_identify(src/build-test_tool-Desktop-Debug/CMakeFiles/3.22.1/CompilerIdCXX) by extension 'colcon_meta'
[19.244s] Level 1:colcon.colcon_core.package_identification:_identify(src/build-test_tool-Desktop-Debug/CMakeFiles/3.22.1/CompilerIdCXX) by extensions ['ros']
[19.244s] Level 1:colcon.colcon_core.package_identification:_identify(src/build-test_tool-Desktop-Debug/CMakeFiles/3.22.1/CompilerIdCXX) by extension 'ros'
[19.244s] Level 1:colcon.colcon_core.package_identification:_identify(src/build-test_tool-Desktop-Debug/CMakeFiles/3.22.1/CompilerIdCXX) by extensions ['cmake', 'python']
[19.244s] Level 1:colcon.colcon_core.package_identification:_identify(src/build-test_tool-Desktop-Debug/CMakeFiles/3.22.1/CompilerIdCXX) by extension 'cmake'
[19.244s] Level 1:colcon.colcon_core.package_identification:_identify(src/build-test_tool-Desktop-Debug/CMakeFiles/3.22.1/CompilerIdCXX) by extension 'python'
[19.244s] Level 1:colcon.colcon_core.package_identification:_identify(src/build-test_tool-Desktop-Debug/CMakeFiles/3.22.1/CompilerIdCXX) by extensions ['python_setup_py']
[19.244s] Level 1:colcon.colcon_core.package_identification:_identify(src/build-test_tool-Desktop-Debug/CMakeFiles/3.22.1/CompilerIdCXX) by extension 'python_setup_py'
[19.245s] Level 1:colcon.colcon_core.package_identification:_identify(src/build-test_tool-Desktop-Debug/CMakeFiles/CMakeTmp) by extensions ['ignore', 'ignore_ament_install']
[19.245s] Level 1:colcon.colcon_core.package_identification:_identify(src/build-test_tool-Desktop-Debug/CMakeFiles/CMakeTmp) by extension 'ignore'
[19.245s] Level 1:colcon.colcon_core.package_identification:_identify(src/build-test_tool-Desktop-Debug/CMakeFiles/CMakeTmp) by extension 'ignore_ament_install'
[19.245s] Level 1:colcon.colcon_core.package_identification:_identify(src/build-test_tool-Desktop-Debug/CMakeFiles/CMakeTmp) by extensions ['colcon_pkg']
[19.245s] Level 1:colcon.colcon_core.package_identification:_identify(src/build-test_tool-Desktop-Debug/CMakeFiles/CMakeTmp) by extension 'colcon_pkg'
[19.245s] Level 1:colcon.colcon_core.package_identification:_identify(src/build-test_tool-Desktop-Debug/CMakeFiles/CMakeTmp) by extensions ['colcon_meta']
[19.246s] Level 1:colcon.colcon_core.package_identification:_identify(src/build-test_tool-Desktop-Debug/CMakeFiles/CMakeTmp) by extension 'colcon_meta'
[19.246s] Level 1:colcon.colcon_core.package_identification:_identify(src/build-test_tool-Desktop-Debug/CMakeFiles/CMakeTmp) by extensions ['ros']
[19.246s] Level 1:colcon.colcon_core.package_identification:_identify(src/build-test_tool-Desktop-Debug/CMakeFiles/CMakeTmp) by extension 'ros'
[19.246s] Level 1:colcon.colcon_core.package_identification:_identify(src/build-test_tool-Desktop-Debug/CMakeFiles/CMakeTmp) by extensions ['cmake', 'python']
[19.246s] Level 1:colcon.colcon_core.package_identification:_identify(src/build-test_tool-Desktop-Debug/CMakeFiles/CMakeTmp) by extension 'cmake'
[19.246s] Level 1:colcon.colcon_core.package_identification:_identify(src/build-test_tool-Desktop-Debug/CMakeFiles/CMakeTmp) by extension 'python'
[19.246s] Level 1:colcon.colcon_core.package_identification:_identify(src/build-test_tool-Desktop-Debug/CMakeFiles/CMakeTmp) by extensions ['python_setup_py']
[19.246s] Level 1:colcon.colcon_core.package_identification:_identify(src/build-test_tool-Desktop-Debug/CMakeFiles/CMakeTmp) by extension 'python_setup_py'
[19.247s] Level 1:colcon.colcon_core.package_identification:_identify(src/build-test_tool-Desktop-Debug/CMakeFiles/CheckFunctionExists) by extensions ['ignore', 'ignore_ament_install']
[19.247s] Level 1:colcon.colcon_core.package_identification:_identify(src/build-test_tool-Desktop-Debug/CMakeFiles/CheckFunctionExists) by extension 'ignore'
[19.247s] Level 1:colcon.colcon_core.package_identification:_identify(src/build-test_tool-Desktop-Debug/CMakeFiles/CheckFunctionExists) by extension 'ignore_ament_install'
[19.247s] Level 1:colcon.colcon_core.package_identification:_identify(src/build-test_tool-Desktop-Debug/CMakeFiles/CheckFunctionExists) by extensions ['colcon_pkg']
[19.247s] Level 1:colcon.colcon_core.package_identification:_identify(src/build-test_tool-Desktop-Debug/CMakeFiles/CheckFunctionExists) by extension 'colcon_pkg'
[19.247s] Level 1:colcon.colcon_core.package_identification:_identify(src/build-test_tool-Desktop-Debug/CMakeFiles/CheckFunctionExists) by extensions ['colcon_meta']
[19.247s] Level 1:colcon.colcon_core.package_identification:_identify(src/build-test_tool-Desktop-Debug/CMakeFiles/CheckFunctionExists) by extension 'colcon_meta'
[19.247s] Level 1:colcon.colcon_core.package_identification:_identify(src/build-test_tool-Desktop-Debug/CMakeFiles/CheckFunctionExists) by extensions ['ros']
[19.248s] Level 1:colcon.colcon_core.package_identification:_identify(src/build-test_tool-Desktop-Debug/CMakeFiles/CheckFunctionExists) by extension 'ros'
[19.248s] Level 1:colcon.colcon_core.package_identification:_identify(src/build-test_tool-Desktop-Debug/CMakeFiles/CheckFunctionExists) by extensions ['cmake', 'python']
[19.248s] Level 1:colcon.colcon_core.package_identification:_identify(src/build-test_tool-Desktop-Debug/CMakeFiles/CheckFunctionExists) by extension 'cmake'
[19.248s] Level 1:colcon.colcon_core.package_identification:_identify(src/build-test_tool-Desktop-Debug/CMakeFiles/CheckFunctionExists) by extension 'python'
[19.248s] Level 1:colcon.colcon_core.package_identification:_identify(src/build-test_tool-Desktop-Debug/CMakeFiles/CheckFunctionExists) by extensions ['python_setup_py']
[19.248s] Level 1:colcon.colcon_core.package_identification:_identify(src/build-test_tool-Desktop-Debug/CMakeFiles/CheckFunctionExists) by extension 'python_setup_py'
[19.248s] Level 1:colcon.colcon_core.package_identification:_identify(src/build-test_tool-Desktop-Debug/CMakeFiles/CheckLibraryExists) by extensions ['ignore', 'ignore_ament_install']
[19.249s] Level 1:colcon.colcon_core.package_identification:_identify(src/build-test_tool-Desktop-Debug/CMakeFiles/CheckLibraryExists) by extension 'ignore'
[19.249s] Level 1:colcon.colcon_core.package_identification:_identify(src/build-test_tool-Desktop-Debug/CMakeFiles/CheckLibraryExists) by extension 'ignore_ament_install'
[19.249s] Level 1:colcon.colcon_core.package_identification:_identify(src/build-test_tool-Desktop-Debug/CMakeFiles/CheckLibraryExists) by extensions ['colcon_pkg']
[19.249s] Level 1:colcon.colcon_core.package_identification:_identify(src/build-test_tool-Desktop-Debug/CMakeFiles/CheckLibraryExists) by extension 'colcon_pkg'
[19.249s] Level 1:colcon.colcon_core.package_identification:_identify(src/build-test_tool-Desktop-Debug/CMakeFiles/CheckLibraryExists) by extensions ['colcon_meta']
[19.249s] Level 1:colcon.colcon_core.package_identification:_identify(src/build-test_tool-Desktop-Debug/CMakeFiles/CheckLibraryExists) by extension 'colcon_meta'
[19.249s] Level 1:colcon.colcon_core.package_identification:_identify(src/build-test_tool-Desktop-Debug/CMakeFiles/CheckLibraryExists) by extensions ['ros']
[19.249s] Level 1:colcon.colcon_core.package_identification:_identify(src/build-test_tool-Desktop-Debug/CMakeFiles/CheckLibraryExists) by extension 'ros'
[19.250s] Level 1:colcon.colcon_core.package_identification:_identify(src/build-test_tool-Desktop-Debug/CMakeFiles/CheckLibraryExists) by extensions ['cmake', 'python']
[19.250s] Level 1:colcon.colcon_core.package_identification:_identify(src/build-test_tool-Desktop-Debug/CMakeFiles/CheckLibraryExists) by extension 'cmake'
[19.250s] Level 1:colcon.colcon_core.package_identification:_identify(src/build-test_tool-Desktop-Debug/CMakeFiles/CheckLibraryExists) by extension 'python'
[19.250s] Level 1:colcon.colcon_core.package_identification:_identify(src/build-test_tool-Desktop-Debug/CMakeFiles/CheckLibraryExists) by extensions ['python_setup_py']
[19.250s] Level 1:colcon.colcon_core.package_identification:_identify(src/build-test_tool-Desktop-Debug/CMakeFiles/CheckLibraryExists) by extension 'python_setup_py'
[19.250s] Level 1:colcon.colcon_core.package_identification:_identify(src/build-test_tool-Desktop-Debug/CMakeFiles/Progress) by extensions ['ignore', 'ignore_ament_install']
[19.250s] Level 1:colcon.colcon_core.package_identification:_identify(src/build-test_tool-Desktop-Debug/CMakeFiles/Progress) by extension 'ignore'
[19.250s] Level 1:colcon.colcon_core.package_identification:_identify(src/build-test_tool-Desktop-Debug/CMakeFiles/Progress) by extension 'ignore_ament_install'
[19.251s] Level 1:colcon.colcon_core.package_identification:_identify(src/build-test_tool-Desktop-Debug/CMakeFiles/Progress) by extensions ['colcon_pkg']
[19.251s] Level 1:colcon.colcon_core.package_identification:_identify(src/build-test_tool-Desktop-Debug/CMakeFiles/Progress) by extension 'colcon_pkg'
[19.251s] Level 1:colcon.colcon_core.package_identification:_identify(src/build-test_tool-Desktop-Debug/CMakeFiles/Progress) by extensions ['colcon_meta']
[19.251s] Level 1:colcon.colcon_core.package_identification:_identify(src/build-test_tool-Desktop-Debug/CMakeFiles/Progress) by extension 'colcon_meta'
[19.251s] Level 1:colcon.colcon_core.package_identification:_identify(src/build-test_tool-Desktop-Debug/CMakeFiles/Progress) by extensions ['ros']
[19.251s] Level 1:colcon.colcon_core.package_identification:_identify(src/build-test_tool-Desktop-Debug/CMakeFiles/Progress) by extension 'ros'
[19.251s] Level 1:colcon.colcon_core.package_identification:_identify(src/build-test_tool-Desktop-Debug/CMakeFiles/Progress) by extensions ['cmake', 'python']
[19.251s] Level 1:colcon.colcon_core.package_identification:_identify(src/build-test_tool-Desktop-Debug/CMakeFiles/Progress) by extension 'cmake'
[19.252s] Level 1:colcon.colcon_core.package_identification:_identify(src/build-test_tool-Desktop-Debug/CMakeFiles/Progress) by extension 'python'
[19.252s] Level 1:colcon.colcon_core.package_identification:_identify(src/build-test_tool-Desktop-Debug/CMakeFiles/Progress) by extensions ['python_setup_py']
[19.252s] Level 1:colcon.colcon_core.package_identification:_identify(src/build-test_tool-Desktop-Debug/CMakeFiles/Progress) by extension 'python_setup_py'
[19.252s] Level 1:colcon.colcon_core.package_identification:_identify(src/build-test_tool-Desktop-Debug/CMakeFiles/dummy_test.dir) by extensions ['ignore', 'ignore_ament_install']
[19.252s] Level 1:colcon.colcon_core.package_identification:_identify(src/build-test_tool-Desktop-Debug/CMakeFiles/dummy_test.dir) by extension 'ignore'
[19.252s] Level 1:colcon.colcon_core.package_identification:_identify(src/build-test_tool-Desktop-Debug/CMakeFiles/dummy_test.dir) by extension 'ignore_ament_install'
[19.253s] Level 1:colcon.colcon_core.package_identification:_identify(src/build-test_tool-Desktop-Debug/CMakeFiles/dummy_test.dir) by extensions ['colcon_pkg']
[19.253s] Level 1:colcon.colcon_core.package_identification:_identify(src/build-test_tool-Desktop-Debug/CMakeFiles/dummy_test.dir) by extension 'colcon_pkg'
[19.253s] Level 1:colcon.colcon_core.package_identification:_identify(src/build-test_tool-Desktop-Debug/CMakeFiles/dummy_test.dir) by extensions ['colcon_meta']
[19.253s] Level 1:colcon.colcon_core.package_identification:_identify(src/build-test_tool-Desktop-Debug/CMakeFiles/dummy_test.dir) by extension 'colcon_meta'
[19.253s] Level 1:colcon.colcon_core.package_identification:_identify(src/build-test_tool-Desktop-Debug/CMakeFiles/dummy_test.dir) by extensions ['ros']
[19.253s] Level 1:colcon.colcon_core.package_identification:_identify(src/build-test_tool-Desktop-Debug/CMakeFiles/dummy_test.dir) by extension 'ros'
[19.253s] Level 1:colcon.colcon_core.package_identification:_identify(src/build-test_tool-Desktop-Debug/CMakeFiles/dummy_test.dir) by extensions ['cmake', 'python']
[19.253s] Level 1:colcon.colcon_core.package_identification:_identify(src/build-test_tool-Desktop-Debug/CMakeFiles/dummy_test.dir) by extension 'cmake'
[19.254s] Level 1:colcon.colcon_core.package_identification:_identify(src/build-test_tool-Desktop-Debug/CMakeFiles/dummy_test.dir) by extension 'python'
[19.254s] Level 1:colcon.colcon_core.package_identification:_identify(src/build-test_tool-Desktop-Debug/CMakeFiles/dummy_test.dir) by extensions ['python_setup_py']
[19.254s] Level 1:colcon.colcon_core.package_identification:_identify(src/build-test_tool-Desktop-Debug/CMakeFiles/dummy_test.dir) by extension 'python_setup_py'
[19.254s] Level 1:colcon.colcon_core.package_identification:_identify(src/build-test_tool-Desktop-Debug/CMakeFiles/dummy_test.dir/dummy_test_autogen) by extensions ['ignore', 'ignore_ament_install']
[19.254s] Level 1:colcon.colcon_core.package_identification:_identify(src/build-test_tool-Desktop-Debug/CMakeFiles/dummy_test.dir/dummy_test_autogen) by extension 'ignore'
[19.254s] Level 1:colcon.colcon_core.package_identification:_identify(src/build-test_tool-Desktop-Debug/CMakeFiles/dummy_test.dir/dummy_test_autogen) by extension 'ignore_ament_install'
[19.255s] Level 1:colcon.colcon_core.package_identification:_identify(src/build-test_tool-Desktop-Debug/CMakeFiles/dummy_test.dir/dummy_test_autogen) by extensions ['colcon_pkg']
[19.255s] Level 1:colcon.colcon_core.package_identification:_identify(src/build-test_tool-Desktop-Debug/CMakeFiles/dummy_test.dir/dummy_test_autogen) by extension 'colcon_pkg'
[19.255s] Level 1:colcon.colcon_core.package_identification:_identify(src/build-test_tool-Desktop-Debug/CMakeFiles/dummy_test.dir/dummy_test_autogen) by extensions ['colcon_meta']
[19.255s] Level 1:colcon.colcon_core.package_identification:_identify(src/build-test_tool-Desktop-Debug/CMakeFiles/dummy_test.dir/dummy_test_autogen) by extension 'colcon_meta'
[19.255s] Level 1:colcon.colcon_core.package_identification:_identify(src/build-test_tool-Desktop-Debug/CMakeFiles/dummy_test.dir/dummy_test_autogen) by extensions ['ros']
[19.256s] Level 1:colcon.colcon_core.package_identification:_identify(src/build-test_tool-Desktop-Debug/CMakeFiles/dummy_test.dir/dummy_test_autogen) by extension 'ros'
[19.256s] Level 1:colcon.colcon_core.package_identification:_identify(src/build-test_tool-Desktop-Debug/CMakeFiles/dummy_test.dir/dummy_test_autogen) by extensions ['cmake', 'python']
[19.256s] Level 1:colcon.colcon_core.package_identification:_identify(src/build-test_tool-Desktop-Debug/CMakeFiles/dummy_test.dir/dummy_test_autogen) by extension 'cmake'
[19.256s] Level 1:colcon.colcon_core.package_identification:_identify(src/build-test_tool-Desktop-Debug/CMakeFiles/dummy_test.dir/dummy_test_autogen) by extension 'python'
[19.257s] Level 1:colcon.colcon_core.package_identification:_identify(src/build-test_tool-Desktop-Debug/CMakeFiles/dummy_test.dir/dummy_test_autogen) by extensions ['python_setup_py']
[19.257s] Level 1:colcon.colcon_core.package_identification:_identify(src/build-test_tool-Desktop-Debug/CMakeFiles/dummy_test.dir/dummy_test_autogen) by extension 'python_setup_py'
[19.257s] Level 1:colcon.colcon_core.package_identification:_identify(src/build-test_tool-Desktop-Debug/CMakeFiles/dummy_test.dir/src) by extensions ['ignore', 'ignore_ament_install']
[19.258s] Level 1:colcon.colcon_core.package_identification:_identify(src/build-test_tool-Desktop-Debug/CMakeFiles/dummy_test.dir/src) by extension 'ignore'
[19.258s] Level 1:colcon.colcon_core.package_identification:_identify(src/build-test_tool-Desktop-Debug/CMakeFiles/dummy_test.dir/src) by extension 'ignore_ament_install'
[19.258s] Level 1:colcon.colcon_core.package_identification:_identify(src/build-test_tool-Desktop-Debug/CMakeFiles/dummy_test.dir/src) by extensions ['colcon_pkg']
[19.258s] Level 1:colcon.colcon_core.package_identification:_identify(src/build-test_tool-Desktop-Debug/CMakeFiles/dummy_test.dir/src) by extension 'colcon_pkg'
[19.258s] Level 1:colcon.colcon_core.package_identification:_identify(src/build-test_tool-Desktop-Debug/CMakeFiles/dummy_test.dir/src) by extensions ['colcon_meta']
[19.258s] Level 1:colcon.colcon_core.package_identification:_identify(src/build-test_tool-Desktop-Debug/CMakeFiles/dummy_test.dir/src) by extension 'colcon_meta'
[19.258s] Level 1:colcon.colcon_core.package_identification:_identify(src/build-test_tool-Desktop-Debug/CMakeFiles/dummy_test.dir/src) by extensions ['ros']
[19.258s] Level 1:colcon.colcon_core.package_identification:_identify(src/build-test_tool-Desktop-Debug/CMakeFiles/dummy_test.dir/src) by extension 'ros'
[19.259s] Level 1:colcon.colcon_core.package_identification:_identify(src/build-test_tool-Desktop-Debug/CMakeFiles/dummy_test.dir/src) by extensions ['cmake', 'python']
[19.259s] Level 1:colcon.colcon_core.package_identification:_identify(src/build-test_tool-Desktop-Debug/CMakeFiles/dummy_test.dir/src) by extension 'cmake'
[19.259s] Level 1:colcon.colcon_core.package_identification:_identify(src/build-test_tool-Desktop-Debug/CMakeFiles/dummy_test.dir/src) by extension 'python'
[19.259s] Level 1:colcon.colcon_core.package_identification:_identify(src/build-test_tool-Desktop-Debug/CMakeFiles/dummy_test.dir/src) by extensions ['python_setup_py']
[19.259s] Level 1:colcon.colcon_core.package_identification:_identify(src/build-test_tool-Desktop-Debug/CMakeFiles/dummy_test.dir/src) by extension 'python_setup_py'
[19.260s] Level 1:colcon.colcon_core.package_identification:_identify(src/build-test_tool-Desktop-Debug/CMakeFiles/dummy_test_1.dir) by extensions ['ignore', 'ignore_ament_install']
[19.260s] Level 1:colcon.colcon_core.package_identification:_identify(src/build-test_tool-Desktop-Debug/CMakeFiles/dummy_test_1.dir) by extension 'ignore'
[19.260s] Level 1:colcon.colcon_core.package_identification:_identify(src/build-test_tool-Desktop-Debug/CMakeFiles/dummy_test_1.dir) by extension 'ignore_ament_install'
[19.260s] Level 1:colcon.colcon_core.package_identification:_identify(src/build-test_tool-Desktop-Debug/CMakeFiles/dummy_test_1.dir) by extensions ['colcon_pkg']
[19.260s] Level 1:colcon.colcon_core.package_identification:_identify(src/build-test_tool-Desktop-Debug/CMakeFiles/dummy_test_1.dir) by extension 'colcon_pkg'
[19.261s] Level 1:colcon.colcon_core.package_identification:_identify(src/build-test_tool-Desktop-Debug/CMakeFiles/dummy_test_1.dir) by extensions ['colcon_meta']
[19.261s] Level 1:colcon.colcon_core.package_identification:_identify(src/build-test_tool-Desktop-Debug/CMakeFiles/dummy_test_1.dir) by extension 'colcon_meta'
[19.261s] Level 1:colcon.colcon_core.package_identification:_identify(src/build-test_tool-Desktop-Debug/CMakeFiles/dummy_test_1.dir) by extensions ['ros']
[19.261s] Level 1:colcon.colcon_core.package_identification:_identify(src/build-test_tool-Desktop-Debug/CMakeFiles/dummy_test_1.dir) by extension 'ros'
[19.261s] Level 1:colcon.colcon_core.package_identification:_identify(src/build-test_tool-Desktop-Debug/CMakeFiles/dummy_test_1.dir) by extensions ['cmake', 'python']
[19.261s] Level 1:colcon.colcon_core.package_identification:_identify(src/build-test_tool-Desktop-Debug/CMakeFiles/dummy_test_1.dir) by extension 'cmake'
[19.262s] Level 1:colcon.colcon_core.package_identification:_identify(src/build-test_tool-Desktop-Debug/CMakeFiles/dummy_test_1.dir) by extension 'python'
[19.262s] Level 1:colcon.colcon_core.package_identification:_identify(src/build-test_tool-Desktop-Debug/CMakeFiles/dummy_test_1.dir) by extensions ['python_setup_py']
[19.262s] Level 1:colcon.colcon_core.package_identification:_identify(src/build-test_tool-Desktop-Debug/CMakeFiles/dummy_test_1.dir) by extension 'python_setup_py'
[19.262s] Level 1:colcon.colcon_core.package_identification:_identify(src/build-test_tool-Desktop-Debug/CMakeFiles/dummy_test_1.dir/dummy_test_1_autogen) by extensions ['ignore', 'ignore_ament_install']
[19.263s] Level 1:colcon.colcon_core.package_identification:_identify(src/build-test_tool-Desktop-Debug/CMakeFiles/dummy_test_1.dir/dummy_test_1_autogen) by extension 'ignore'
[19.263s] Level 1:colcon.colcon_core.package_identification:_identify(src/build-test_tool-Desktop-Debug/CMakeFiles/dummy_test_1.dir/dummy_test_1_autogen) by extension 'ignore_ament_install'
[19.263s] Level 1:colcon.colcon_core.package_identification:_identify(src/build-test_tool-Desktop-Debug/CMakeFiles/dummy_test_1.dir/dummy_test_1_autogen) by extensions ['colcon_pkg']
[19.263s] Level 1:colcon.colcon_core.package_identification:_identify(src/build-test_tool-Desktop-Debug/CMakeFiles/dummy_test_1.dir/dummy_test_1_autogen) by extension 'colcon_pkg'
[19.263s] Level 1:colcon.colcon_core.package_identification:_identify(src/build-test_tool-Desktop-Debug/CMakeFiles/dummy_test_1.dir/dummy_test_1_autogen) by extensions ['colcon_meta']
[19.264s] Level 1:colcon.colcon_core.package_identification:_identify(src/build-test_tool-Desktop-Debug/CMakeFiles/dummy_test_1.dir/dummy_test_1_autogen) by extension 'colcon_meta'
[19.264s] Level 1:colcon.colcon_core.package_identification:_identify(src/build-test_tool-Desktop-Debug/CMakeFiles/dummy_test_1.dir/dummy_test_1_autogen) by extensions ['ros']
[19.264s] Level 1:colcon.colcon_core.package_identification:_identify(src/build-test_tool-Desktop-Debug/CMakeFiles/dummy_test_1.dir/dummy_test_1_autogen) by extension 'ros'
[19.264s] Level 1:colcon.colcon_core.package_identification:_identify(src/build-test_tool-Desktop-Debug/CMakeFiles/dummy_test_1.dir/dummy_test_1_autogen) by extensions ['cmake', 'python']
[19.264s] Level 1:colcon.colcon_core.package_identification:_identify(src/build-test_tool-Desktop-Debug/CMakeFiles/dummy_test_1.dir/dummy_test_1_autogen) by extension 'cmake'
[19.264s] Level 1:colcon.colcon_core.package_identification:_identify(src/build-test_tool-Desktop-Debug/CMakeFiles/dummy_test_1.dir/dummy_test_1_autogen) by extension 'python'
[19.265s] Level 1:colcon.colcon_core.package_identification:_identify(src/build-test_tool-Desktop-Debug/CMakeFiles/dummy_test_1.dir/dummy_test_1_autogen) by extensions ['python_setup_py']
[19.265s] Level 1:colcon.colcon_core.package_identification:_identify(src/build-test_tool-Desktop-Debug/CMakeFiles/dummy_test_1.dir/dummy_test_1_autogen) by extension 'python_setup_py'
[19.265s] Level 1:colcon.colcon_core.package_identification:_identify(src/build-test_tool-Desktop-Debug/CMakeFiles/dummy_test_1.dir/src) by extensions ['ignore', 'ignore_ament_install']
[19.265s] Level 1:colcon.colcon_core.package_identification:_identify(src/build-test_tool-Desktop-Debug/CMakeFiles/dummy_test_1.dir/src) by extension 'ignore'
[19.266s] Level 1:colcon.colcon_core.package_identification:_identify(src/build-test_tool-Desktop-Debug/CMakeFiles/dummy_test_1.dir/src) by extension 'ignore_ament_install'
[19.266s] Level 1:colcon.colcon_core.package_identification:_identify(src/build-test_tool-Desktop-Debug/CMakeFiles/dummy_test_1.dir/src) by extensions ['colcon_pkg']
[19.266s] Level 1:colcon.colcon_core.package_identification:_identify(src/build-test_tool-Desktop-Debug/CMakeFiles/dummy_test_1.dir/src) by extension 'colcon_pkg'
[19.266s] Level 1:colcon.colcon_core.package_identification:_identify(src/build-test_tool-Desktop-Debug/CMakeFiles/dummy_test_1.dir/src) by extensions ['colcon_meta']
[19.266s] Level 1:colcon.colcon_core.package_identification:_identify(src/build-test_tool-Desktop-Debug/CMakeFiles/dummy_test_1.dir/src) by extension 'colcon_meta'
[19.266s] Level 1:colcon.colcon_core.package_identification:_identify(src/build-test_tool-Desktop-Debug/CMakeFiles/dummy_test_1.dir/src) by extensions ['ros']
[19.266s] Level 1:colcon.colcon_core.package_identification:_identify(src/build-test_tool-Desktop-Debug/CMakeFiles/dummy_test_1.dir/src) by extension 'ros'
[19.267s] Level 1:colcon.colcon_core.package_identification:_identify(src/build-test_tool-Desktop-Debug/CMakeFiles/dummy_test_1.dir/src) by extensions ['cmake', 'python']
[19.267s] Level 1:colcon.colcon_core.package_identification:_identify(src/build-test_tool-Desktop-Debug/CMakeFiles/dummy_test_1.dir/src) by extension 'cmake'
[19.267s] Level 1:colcon.colcon_core.package_identification:_identify(src/build-test_tool-Desktop-Debug/CMakeFiles/dummy_test_1.dir/src) by extension 'python'
[19.267s] Level 1:colcon.colcon_core.package_identification:_identify(src/build-test_tool-Desktop-Debug/CMakeFiles/dummy_test_1.dir/src) by extensions ['python_setup_py']
[19.267s] Level 1:colcon.colcon_core.package_identification:_identify(src/build-test_tool-Desktop-Debug/CMakeFiles/dummy_test_1.dir/src) by extension 'python_setup_py'
[19.268s] Level 1:colcon.colcon_core.package_identification:_identify(src/build-test_tool-Desktop-Debug/CMakeFiles/dummy_test_1_autogen.dir) by extensions ['ignore', 'ignore_ament_install']
[19.268s] Level 1:colcon.colcon_core.package_identification:_identify(src/build-test_tool-Desktop-Debug/CMakeFiles/dummy_test_1_autogen.dir) by extension 'ignore'
[19.268s] Level 1:colcon.colcon_core.package_identification:_identify(src/build-test_tool-Desktop-Debug/CMakeFiles/dummy_test_1_autogen.dir) by extension 'ignore_ament_install'
[19.268s] Level 1:colcon.colcon_core.package_identification:_identify(src/build-test_tool-Desktop-Debug/CMakeFiles/dummy_test_1_autogen.dir) by extensions ['colcon_pkg']
[19.268s] Level 1:colcon.colcon_core.package_identification:_identify(src/build-test_tool-Desktop-Debug/CMakeFiles/dummy_test_1_autogen.dir) by extension 'colcon_pkg'
[19.269s] Level 1:colcon.colcon_core.package_identification:_identify(src/build-test_tool-Desktop-Debug/CMakeFiles/dummy_test_1_autogen.dir) by extensions ['colcon_meta']
[19.269s] Level 1:colcon.colcon_core.package_identification:_identify(src/build-test_tool-Desktop-Debug/CMakeFiles/dummy_test_1_autogen.dir) by extension 'colcon_meta'
[19.269s] Level 1:colcon.colcon_core.package_identification:_identify(src/build-test_tool-Desktop-Debug/CMakeFiles/dummy_test_1_autogen.dir) by extensions ['ros']
[19.269s] Level 1:colcon.colcon_core.package_identification:_identify(src/build-test_tool-Desktop-Debug/CMakeFiles/dummy_test_1_autogen.dir) by extension 'ros'
[19.269s] Level 1:colcon.colcon_core.package_identification:_identify(src/build-test_tool-Desktop-Debug/CMakeFiles/dummy_test_1_autogen.dir) by extensions ['cmake', 'python']
[19.269s] Level 1:colcon.colcon_core.package_identification:_identify(src/build-test_tool-Desktop-Debug/CMakeFiles/dummy_test_1_autogen.dir) by extension 'cmake'
[19.269s] Level 1:colcon.colcon_core.package_identification:_identify(src/build-test_tool-Desktop-Debug/CMakeFiles/dummy_test_1_autogen.dir) by extension 'python'
[19.270s] Level 1:colcon.colcon_core.package_identification:_identify(src/build-test_tool-Desktop-Debug/CMakeFiles/dummy_test_1_autogen.dir) by extensions ['python_setup_py']
[19.270s] Level 1:colcon.colcon_core.package_identification:_identify(src/build-test_tool-Desktop-Debug/CMakeFiles/dummy_test_1_autogen.dir) by extension 'python_setup_py'
[19.270s] Level 1:colcon.colcon_core.package_identification:_identify(src/build-test_tool-Desktop-Debug/CMakeFiles/dummy_test_autogen.dir) by extensions ['ignore', 'ignore_ament_install']
[19.270s] Level 1:colcon.colcon_core.package_identification:_identify(src/build-test_tool-Desktop-Debug/CMakeFiles/dummy_test_autogen.dir) by extension 'ignore'
[19.270s] Level 1:colcon.colcon_core.package_identification:_identify(src/build-test_tool-Desktop-Debug/CMakeFiles/dummy_test_autogen.dir) by extension 'ignore_ament_install'
[19.271s] Level 1:colcon.colcon_core.package_identification:_identify(src/build-test_tool-Desktop-Debug/CMakeFiles/dummy_test_autogen.dir) by extensions ['colcon_pkg']
[19.271s] Level 1:colcon.colcon_core.package_identification:_identify(src/build-test_tool-Desktop-Debug/CMakeFiles/dummy_test_autogen.dir) by extension 'colcon_pkg'
[19.271s] Level 1:colcon.colcon_core.package_identification:_identify(src/build-test_tool-Desktop-Debug/CMakeFiles/dummy_test_autogen.dir) by extensions ['colcon_meta']
[19.271s] Level 1:colcon.colcon_core.package_identification:_identify(src/build-test_tool-Desktop-Debug/CMakeFiles/dummy_test_autogen.dir) by extension 'colcon_meta'
[19.271s] Level 1:colcon.colcon_core.package_identification:_identify(src/build-test_tool-Desktop-Debug/CMakeFiles/dummy_test_autogen.dir) by extensions ['ros']
[19.271s] Level 1:colcon.colcon_core.package_identification:_identify(src/build-test_tool-Desktop-Debug/CMakeFiles/dummy_test_autogen.dir) by extension 'ros'
[19.272s] Level 1:colcon.colcon_core.package_identification:_identify(src/build-test_tool-Desktop-Debug/CMakeFiles/dummy_test_autogen.dir) by extensions ['cmake', 'python']
[19.272s] Level 1:colcon.colcon_core.package_identification:_identify(src/build-test_tool-Desktop-Debug/CMakeFiles/dummy_test_autogen.dir) by extension 'cmake'
[19.272s] Level 1:colcon.colcon_core.package_identification:_identify(src/build-test_tool-Desktop-Debug/CMakeFiles/dummy_test_autogen.dir) by extension 'python'
[19.272s] Level 1:colcon.colcon_core.package_identification:_identify(src/build-test_tool-Desktop-Debug/CMakeFiles/dummy_test_autogen.dir) by extensions ['python_setup_py']
[19.272s] Level 1:colcon.colcon_core.package_identification:_identify(src/build-test_tool-Desktop-Debug/CMakeFiles/dummy_test_autogen.dir) by extension 'python_setup_py'
[19.272s] Level 1:colcon.colcon_core.package_identification:_identify(src/build-test_tool-Desktop-Debug/CMakeFiles/lidar_node.dir) by extensions ['ignore', 'ignore_ament_install']
[19.273s] Level 1:colcon.colcon_core.package_identification:_identify(src/build-test_tool-Desktop-Debug/CMakeFiles/lidar_node.dir) by extension 'ignore'
[19.273s] Level 1:colcon.colcon_core.package_identification:_identify(src/build-test_tool-Desktop-Debug/CMakeFiles/lidar_node.dir) by extension 'ignore_ament_install'
[19.273s] Level 1:colcon.colcon_core.package_identification:_identify(src/build-test_tool-Desktop-Debug/CMakeFiles/lidar_node.dir) by extensions ['colcon_pkg']
[19.273s] Level 1:colcon.colcon_core.package_identification:_identify(src/build-test_tool-Desktop-Debug/CMakeFiles/lidar_node.dir) by extension 'colcon_pkg'
[19.273s] Level 1:colcon.colcon_core.package_identification:_identify(src/build-test_tool-Desktop-Debug/CMakeFiles/lidar_node.dir) by extensions ['colcon_meta']
[19.273s] Level 1:colcon.colcon_core.package_identification:_identify(src/build-test_tool-Desktop-Debug/CMakeFiles/lidar_node.dir) by extension 'colcon_meta'
[19.273s] Level 1:colcon.colcon_core.package_identification:_identify(src/build-test_tool-Desktop-Debug/CMakeFiles/lidar_node.dir) by extensions ['ros']
[19.273s] Level 1:colcon.colcon_core.package_identification:_identify(src/build-test_tool-Desktop-Debug/CMakeFiles/lidar_node.dir) by extension 'ros'
[19.274s] Level 1:colcon.colcon_core.package_identification:_identify(src/build-test_tool-Desktop-Debug/CMakeFiles/lidar_node.dir) by extensions ['cmake', 'python']
[19.274s] Level 1:colcon.colcon_core.package_identification:_identify(src/build-test_tool-Desktop-Debug/CMakeFiles/lidar_node.dir) by extension 'cmake'
[19.274s] Level 1:colcon.colcon_core.package_identification:_identify(src/build-test_tool-Desktop-Debug/CMakeFiles/lidar_node.dir) by extension 'python'
[19.274s] Level 1:colcon.colcon_core.package_identification:_identify(src/build-test_tool-Desktop-Debug/CMakeFiles/lidar_node.dir) by extensions ['python_setup_py']
[19.274s] Level 1:colcon.colcon_core.package_identification:_identify(src/build-test_tool-Desktop-Debug/CMakeFiles/lidar_node.dir) by extension 'python_setup_py'
[19.274s] Level 1:colcon.colcon_core.package_identification:_identify(src/build-test_tool-Desktop-Debug/CMakeFiles/lidar_node.dir/lidar_node_autogen) by extensions ['ignore', 'ignore_ament_install']
[19.274s] Level 1:colcon.colcon_core.package_identification:_identify(src/build-test_tool-Desktop-Debug/CMakeFiles/lidar_node.dir/lidar_node_autogen) by extension 'ignore'
[19.274s] Level 1:colcon.colcon_core.package_identification:_identify(src/build-test_tool-Desktop-Debug/CMakeFiles/lidar_node.dir/lidar_node_autogen) by extension 'ignore_ament_install'
[19.275s] Level 1:colcon.colcon_core.package_identification:_identify(src/build-test_tool-Desktop-Debug/CMakeFiles/lidar_node.dir/lidar_node_autogen) by extensions ['colcon_pkg']
[19.275s] Level 1:colcon.colcon_core.package_identification:_identify(src/build-test_tool-Desktop-Debug/CMakeFiles/lidar_node.dir/lidar_node_autogen) by extension 'colcon_pkg'
[19.275s] Level 1:colcon.colcon_core.package_identification:_identify(src/build-test_tool-Desktop-Debug/CMakeFiles/lidar_node.dir/lidar_node_autogen) by extensions ['colcon_meta']
[19.275s] Level 1:colcon.colcon_core.package_identification:_identify(src/build-test_tool-Desktop-Debug/CMakeFiles/lidar_node.dir/lidar_node_autogen) by extension 'colcon_meta'
[19.275s] Level 1:colcon.colcon_core.package_identification:_identify(src/build-test_tool-Desktop-Debug/CMakeFiles/lidar_node.dir/lidar_node_autogen) by extensions ['ros']
[19.275s] Level 1:colcon.colcon_core.package_identification:_identify(src/build-test_tool-Desktop-Debug/CMakeFiles/lidar_node.dir/lidar_node_autogen) by extension 'ros'
[19.275s] Level 1:colcon.colcon_core.package_identification:_identify(src/build-test_tool-Desktop-Debug/CMakeFiles/lidar_node.dir/lidar_node_autogen) by extensions ['cmake', 'python']
[19.275s] Level 1:colcon.colcon_core.package_identification:_identify(src/build-test_tool-Desktop-Debug/CMakeFiles/lidar_node.dir/lidar_node_autogen) by extension 'cmake'
[19.275s] Level 1:colcon.colcon_core.package_identification:_identify(src/build-test_tool-Desktop-Debug/CMakeFiles/lidar_node.dir/lidar_node_autogen) by extension 'python'
[19.276s] Level 1:colcon.colcon_core.package_identification:_identify(src/build-test_tool-Desktop-Debug/CMakeFiles/lidar_node.dir/lidar_node_autogen) by extensions ['python_setup_py']
[19.276s] Level 1:colcon.colcon_core.package_identification:_identify(src/build-test_tool-Desktop-Debug/CMakeFiles/lidar_node.dir/lidar_node_autogen) by extension 'python_setup_py'
[19.276s] Level 1:colcon.colcon_core.package_identification:_identify(src/build-test_tool-Desktop-Debug/CMakeFiles/lidar_node.dir/src) by extensions ['ignore', 'ignore_ament_install']
[19.276s] Level 1:colcon.colcon_core.package_identification:_identify(src/build-test_tool-Desktop-Debug/CMakeFiles/lidar_node.dir/src) by extension 'ignore'
[19.276s] Level 1:colcon.colcon_core.package_identification:_identify(src/build-test_tool-Desktop-Debug/CMakeFiles/lidar_node.dir/src) by extension 'ignore_ament_install'
[19.276s] Level 1:colcon.colcon_core.package_identification:_identify(src/build-test_tool-Desktop-Debug/CMakeFiles/lidar_node.dir/src) by extensions ['colcon_pkg']
[19.276s] Level 1:colcon.colcon_core.package_identification:_identify(src/build-test_tool-Desktop-Debug/CMakeFiles/lidar_node.dir/src) by extension 'colcon_pkg'
[19.277s] Level 1:colcon.colcon_core.package_identification:_identify(src/build-test_tool-Desktop-Debug/CMakeFiles/lidar_node.dir/src) by extensions ['colcon_meta']
[19.277s] Level 1:colcon.colcon_core.package_identification:_identify(src/build-test_tool-Desktop-Debug/CMakeFiles/lidar_node.dir/src) by extension 'colcon_meta'
[19.277s] Level 1:colcon.colcon_core.package_identification:_identify(src/build-test_tool-Desktop-Debug/CMakeFiles/lidar_node.dir/src) by extensions ['ros']
[19.277s] Level 1:colcon.colcon_core.package_identification:_identify(src/build-test_tool-Desktop-Debug/CMakeFiles/lidar_node.dir/src) by extension 'ros'
[19.277s] Level 1:colcon.colcon_core.package_identification:_identify(src/build-test_tool-Desktop-Debug/CMakeFiles/lidar_node.dir/src) by extensions ['cmake', 'python']
[19.277s] Level 1:colcon.colcon_core.package_identification:_identify(src/build-test_tool-Desktop-Debug/CMakeFiles/lidar_node.dir/src) by extension 'cmake'
[19.277s] Level 1:colcon.colcon_core.package_identification:_identify(src/build-test_tool-Desktop-Debug/CMakeFiles/lidar_node.dir/src) by extension 'python'
[19.277s] Level 1:colcon.colcon_core.package_identification:_identify(src/build-test_tool-Desktop-Debug/CMakeFiles/lidar_node.dir/src) by extensions ['python_setup_py']
[19.277s] Level 1:colcon.colcon_core.package_identification:_identify(src/build-test_tool-Desktop-Debug/CMakeFiles/lidar_node.dir/src) by extension 'python_setup_py'
[19.278s] Level 1:colcon.colcon_core.package_identification:_identify(src/build-test_tool-Desktop-Debug/CMakeFiles/lidar_node_autogen.dir) by extensions ['ignore', 'ignore_ament_install']
[19.278s] Level 1:colcon.colcon_core.package_identification:_identify(src/build-test_tool-Desktop-Debug/CMakeFiles/lidar_node_autogen.dir) by extension 'ignore'
[19.278s] Level 1:colcon.colcon_core.package_identification:_identify(src/build-test_tool-Desktop-Debug/CMakeFiles/lidar_node_autogen.dir) by extension 'ignore_ament_install'
[19.278s] Level 1:colcon.colcon_core.package_identification:_identify(src/build-test_tool-Desktop-Debug/CMakeFiles/lidar_node_autogen.dir) by extensions ['colcon_pkg']
[19.278s] Level 1:colcon.colcon_core.package_identification:_identify(src/build-test_tool-Desktop-Debug/CMakeFiles/lidar_node_autogen.dir) by extension 'colcon_pkg'
[19.278s] Level 1:colcon.colcon_core.package_identification:_identify(src/build-test_tool-Desktop-Debug/CMakeFiles/lidar_node_autogen.dir) by extensions ['colcon_meta']
[19.278s] Level 1:colcon.colcon_core.package_identification:_identify(src/build-test_tool-Desktop-Debug/CMakeFiles/lidar_node_autogen.dir) by extension 'colcon_meta'
[19.278s] Level 1:colcon.colcon_core.package_identification:_identify(src/build-test_tool-Desktop-Debug/CMakeFiles/lidar_node_autogen.dir) by extensions ['ros']
[19.278s] Level 1:colcon.colcon_core.package_identification:_identify(src/build-test_tool-Desktop-Debug/CMakeFiles/lidar_node_autogen.dir) by extension 'ros'
[19.279s] Level 1:colcon.colcon_core.package_identification:_identify(src/build-test_tool-Desktop-Debug/CMakeFiles/lidar_node_autogen.dir) by extensions ['cmake', 'python']
[19.279s] Level 1:colcon.colcon_core.package_identification:_identify(src/build-test_tool-Desktop-Debug/CMakeFiles/lidar_node_autogen.dir) by extension 'cmake'
[19.279s] Level 1:colcon.colcon_core.package_identification:_identify(src/build-test_tool-Desktop-Debug/CMakeFiles/lidar_node_autogen.dir) by extension 'python'
[19.279s] Level 1:colcon.colcon_core.package_identification:_identify(src/build-test_tool-Desktop-Debug/CMakeFiles/lidar_node_autogen.dir) by extensions ['python_setup_py']
[19.279s] Level 1:colcon.colcon_core.package_identification:_identify(src/build-test_tool-Desktop-Debug/CMakeFiles/lidar_node_autogen.dir) by extension 'python_setup_py'
[19.279s] Level 1:colcon.colcon_core.package_identification:_identify(src/build-test_tool-Desktop-Debug/CMakeFiles/test_tool.dir) by extensions ['ignore', 'ignore_ament_install']
[19.279s] Level 1:colcon.colcon_core.package_identification:_identify(src/build-test_tool-Desktop-Debug/CMakeFiles/test_tool.dir) by extension 'ignore'
[19.279s] Level 1:colcon.colcon_core.package_identification:_identify(src/build-test_tool-Desktop-Debug/CMakeFiles/test_tool.dir) by extension 'ignore_ament_install'
[19.280s] Level 1:colcon.colcon_core.package_identification:_identify(src/build-test_tool-Desktop-Debug/CMakeFiles/test_tool.dir) by extensions ['colcon_pkg']
[19.280s] Level 1:colcon.colcon_core.package_identification:_identify(src/build-test_tool-Desktop-Debug/CMakeFiles/test_tool.dir) by extension 'colcon_pkg'
[19.280s] Level 1:colcon.colcon_core.package_identification:_identify(src/build-test_tool-Desktop-Debug/CMakeFiles/test_tool.dir) by extensions ['colcon_meta']
[19.280s] Level 1:colcon.colcon_core.package_identification:_identify(src/build-test_tool-Desktop-Debug/CMakeFiles/test_tool.dir) by extension 'colcon_meta'
[19.280s] Level 1:colcon.colcon_core.package_identification:_identify(src/build-test_tool-Desktop-Debug/CMakeFiles/test_tool.dir) by extensions ['ros']
[19.280s] Level 1:colcon.colcon_core.package_identification:_identify(src/build-test_tool-Desktop-Debug/CMakeFiles/test_tool.dir) by extension 'ros'
[19.280s] Level 1:colcon.colcon_core.package_identification:_identify(src/build-test_tool-Desktop-Debug/CMakeFiles/test_tool.dir) by extensions ['cmake', 'python']
[19.281s] Level 1:colcon.colcon_core.package_identification:_identify(src/build-test_tool-Desktop-Debug/CMakeFiles/test_tool.dir) by extension 'cmake'
[19.281s] Level 1:colcon.colcon_core.package_identification:_identify(src/build-test_tool-Desktop-Debug/CMakeFiles/test_tool.dir) by extension 'python'
[19.281s] Level 1:colcon.colcon_core.package_identification:_identify(src/build-test_tool-Desktop-Debug/CMakeFiles/test_tool.dir) by extensions ['python_setup_py']
[19.281s] Level 1:colcon.colcon_core.package_identification:_identify(src/build-test_tool-Desktop-Debug/CMakeFiles/test_tool.dir) by extension 'python_setup_py'
[19.281s] Level 1:colcon.colcon_core.package_identification:_identify(src/build-test_tool-Desktop-Debug/CMakeFiles/test_tool.dir/src) by extensions ['ignore', 'ignore_ament_install']
[19.282s] Level 1:colcon.colcon_core.package_identification:_identify(src/build-test_tool-Desktop-Debug/CMakeFiles/test_tool.dir/src) by extension 'ignore'
[19.282s] Level 1:colcon.colcon_core.package_identification:_identify(src/build-test_tool-Desktop-Debug/CMakeFiles/test_tool.dir/src) by extension 'ignore_ament_install'
[19.283s] Level 1:colcon.colcon_core.package_identification:_identify(src/build-test_tool-Desktop-Debug/CMakeFiles/test_tool.dir/src) by extensions ['colcon_pkg']
[19.283s] Level 1:colcon.colcon_core.package_identification:_identify(src/build-test_tool-Desktop-Debug/CMakeFiles/test_tool.dir/src) by extension 'colcon_pkg'
[19.283s] Level 1:colcon.colcon_core.package_identification:_identify(src/build-test_tool-Desktop-Debug/CMakeFiles/test_tool.dir/src) by extensions ['colcon_meta']
[19.283s] Level 1:colcon.colcon_core.package_identification:_identify(src/build-test_tool-Desktop-Debug/CMakeFiles/test_tool.dir/src) by extension 'colcon_meta'
[19.284s] Level 1:colcon.colcon_core.package_identification:_identify(src/build-test_tool-Desktop-Debug/CMakeFiles/test_tool.dir/src) by extensions ['ros']
[19.285s] Level 1:colcon.colcon_core.package_identification:_identify(src/build-test_tool-Desktop-Debug/CMakeFiles/test_tool.dir/src) by extension 'ros'
[19.285s] Level 1:colcon.colcon_core.package_identification:_identify(src/build-test_tool-Desktop-Debug/CMakeFiles/test_tool.dir/src) by extensions ['cmake', 'python']
[19.285s] Level 1:colcon.colcon_core.package_identification:_identify(src/build-test_tool-Desktop-Debug/CMakeFiles/test_tool.dir/src) by extension 'cmake'
[19.285s] Level 1:colcon.colcon_core.package_identification:_identify(src/build-test_tool-Desktop-Debug/CMakeFiles/test_tool.dir/src) by extension 'python'
[19.285s] Level 1:colcon.colcon_core.package_identification:_identify(src/build-test_tool-Desktop-Debug/CMakeFiles/test_tool.dir/src) by extensions ['python_setup_py']
[19.285s] Level 1:colcon.colcon_core.package_identification:_identify(src/build-test_tool-Desktop-Debug/CMakeFiles/test_tool.dir/src) by extension 'python_setup_py'
[19.286s] Level 1:colcon.colcon_core.package_identification:_identify(src/build-test_tool-Desktop-Debug/CMakeFiles/test_tool.dir/src/iris_tool) by extensions ['ignore', 'ignore_ament_install']
[19.286s] Level 1:colcon.colcon_core.package_identification:_identify(src/build-test_tool-Desktop-Debug/CMakeFiles/test_tool.dir/src/iris_tool) by extension 'ignore'
[19.286s] Level 1:colcon.colcon_core.package_identification:_identify(src/build-test_tool-Desktop-Debug/CMakeFiles/test_tool.dir/src/iris_tool) by extension 'ignore_ament_install'
[19.286s] Level 1:colcon.colcon_core.package_identification:_identify(src/build-test_tool-Desktop-Debug/CMakeFiles/test_tool.dir/src/iris_tool) by extensions ['colcon_pkg']
[19.286s] Level 1:colcon.colcon_core.package_identification:_identify(src/build-test_tool-Desktop-Debug/CMakeFiles/test_tool.dir/src/iris_tool) by extension 'colcon_pkg'
[19.286s] Level 1:colcon.colcon_core.package_identification:_identify(src/build-test_tool-Desktop-Debug/CMakeFiles/test_tool.dir/src/iris_tool) by extensions ['colcon_meta']
[19.287s] Level 1:colcon.colcon_core.package_identification:_identify(src/build-test_tool-Desktop-Debug/CMakeFiles/test_tool.dir/src/iris_tool) by extension 'colcon_meta'
[19.287s] Level 1:colcon.colcon_core.package_identification:_identify(src/build-test_tool-Desktop-Debug/CMakeFiles/test_tool.dir/src/iris_tool) by extensions ['ros']
[19.287s] Level 1:colcon.colcon_core.package_identification:_identify(src/build-test_tool-Desktop-Debug/CMakeFiles/test_tool.dir/src/iris_tool) by extension 'ros'
[19.287s] Level 1:colcon.colcon_core.package_identification:_identify(src/build-test_tool-Desktop-Debug/CMakeFiles/test_tool.dir/src/iris_tool) by extensions ['cmake', 'python']
[19.287s] Level 1:colcon.colcon_core.package_identification:_identify(src/build-test_tool-Desktop-Debug/CMakeFiles/test_tool.dir/src/iris_tool) by extension 'cmake'
[19.287s] Level 1:colcon.colcon_core.package_identification:_identify(src/build-test_tool-Desktop-Debug/CMakeFiles/test_tool.dir/src/iris_tool) by extension 'python'
[19.287s] Level 1:colcon.colcon_core.package_identification:_identify(src/build-test_tool-Desktop-Debug/CMakeFiles/test_tool.dir/src/iris_tool) by extensions ['python_setup_py']
[19.287s] Level 1:colcon.colcon_core.package_identification:_identify(src/build-test_tool-Desktop-Debug/CMakeFiles/test_tool.dir/src/iris_tool) by extension 'python_setup_py'
[19.288s] Level 1:colcon.colcon_core.package_identification:_identify(src/build-test_tool-Desktop-Debug/CMakeFiles/test_tool.dir/test_tool_autogen) by extensions ['ignore', 'ignore_ament_install']
[19.288s] Level 1:colcon.colcon_core.package_identification:_identify(src/build-test_tool-Desktop-Debug/CMakeFiles/test_tool.dir/test_tool_autogen) by extension 'ignore'
[19.288s] Level 1:colcon.colcon_core.package_identification:_identify(src/build-test_tool-Desktop-Debug/CMakeFiles/test_tool.dir/test_tool_autogen) by extension 'ignore_ament_install'
[19.288s] Level 1:colcon.colcon_core.package_identification:_identify(src/build-test_tool-Desktop-Debug/CMakeFiles/test_tool.dir/test_tool_autogen) by extensions ['colcon_pkg']
[19.288s] Level 1:colcon.colcon_core.package_identification:_identify(src/build-test_tool-Desktop-Debug/CMakeFiles/test_tool.dir/test_tool_autogen) by extension 'colcon_pkg'
[19.289s] Level 1:colcon.colcon_core.package_identification:_identify(src/build-test_tool-Desktop-Debug/CMakeFiles/test_tool.dir/test_tool_autogen) by extensions ['colcon_meta']
[19.289s] Level 1:colcon.colcon_core.package_identification:_identify(src/build-test_tool-Desktop-Debug/CMakeFiles/test_tool.dir/test_tool_autogen) by extension 'colcon_meta'
[19.289s] Level 1:colcon.colcon_core.package_identification:_identify(src/build-test_tool-Desktop-Debug/CMakeFiles/test_tool.dir/test_tool_autogen) by extensions ['ros']
[19.289s] Level 1:colcon.colcon_core.package_identification:_identify(src/build-test_tool-Desktop-Debug/CMakeFiles/test_tool.dir/test_tool_autogen) by extension 'ros'
[19.289s] Level 1:colcon.colcon_core.package_identification:_identify(src/build-test_tool-Desktop-Debug/CMakeFiles/test_tool.dir/test_tool_autogen) by extensions ['cmake', 'python']
[19.289s] Level 1:colcon.colcon_core.package_identification:_identify(src/build-test_tool-Desktop-Debug/CMakeFiles/test_tool.dir/test_tool_autogen) by extension 'cmake'
[19.290s] Level 1:colcon.colcon_core.package_identification:_identify(src/build-test_tool-Desktop-Debug/CMakeFiles/test_tool.dir/test_tool_autogen) by extension 'python'
[19.290s] Level 1:colcon.colcon_core.package_identification:_identify(src/build-test_tool-Desktop-Debug/CMakeFiles/test_tool.dir/test_tool_autogen) by extensions ['python_setup_py']
[19.290s] Level 1:colcon.colcon_core.package_identification:_identify(src/build-test_tool-Desktop-Debug/CMakeFiles/test_tool.dir/test_tool_autogen) by extension 'python_setup_py'
[19.290s] Level 1:colcon.colcon_core.package_identification:_identify(src/build-test_tool-Desktop-Debug/CMakeFiles/test_tool_autogen.dir) by extensions ['ignore', 'ignore_ament_install']
[19.290s] Level 1:colcon.colcon_core.package_identification:_identify(src/build-test_tool-Desktop-Debug/CMakeFiles/test_tool_autogen.dir) by extension 'ignore'
[19.290s] Level 1:colcon.colcon_core.package_identification:_identify(src/build-test_tool-Desktop-Debug/CMakeFiles/test_tool_autogen.dir) by extension 'ignore_ament_install'
[19.291s] Level 1:colcon.colcon_core.package_identification:_identify(src/build-test_tool-Desktop-Debug/CMakeFiles/test_tool_autogen.dir) by extensions ['colcon_pkg']
[19.291s] Level 1:colcon.colcon_core.package_identification:_identify(src/build-test_tool-Desktop-Debug/CMakeFiles/test_tool_autogen.dir) by extension 'colcon_pkg'
[19.291s] Level 1:colcon.colcon_core.package_identification:_identify(src/build-test_tool-Desktop-Debug/CMakeFiles/test_tool_autogen.dir) by extensions ['colcon_meta']
[19.291s] Level 1:colcon.colcon_core.package_identification:_identify(src/build-test_tool-Desktop-Debug/CMakeFiles/test_tool_autogen.dir) by extension 'colcon_meta'
[19.291s] Level 1:colcon.colcon_core.package_identification:_identify(src/build-test_tool-Desktop-Debug/CMakeFiles/test_tool_autogen.dir) by extensions ['ros']
[19.291s] Level 1:colcon.colcon_core.package_identification:_identify(src/build-test_tool-Desktop-Debug/CMakeFiles/test_tool_autogen.dir) by extension 'ros'
[19.291s] Level 1:colcon.colcon_core.package_identification:_identify(src/build-test_tool-Desktop-Debug/CMakeFiles/test_tool_autogen.dir) by extensions ['cmake', 'python']
[19.291s] Level 1:colcon.colcon_core.package_identification:_identify(src/build-test_tool-Desktop-Debug/CMakeFiles/test_tool_autogen.dir) by extension 'cmake'
[19.291s] Level 1:colcon.colcon_core.package_identification:_identify(src/build-test_tool-Desktop-Debug/CMakeFiles/test_tool_autogen.dir) by extension 'python'
[19.291s] Level 1:colcon.colcon_core.package_identification:_identify(src/build-test_tool-Desktop-Debug/CMakeFiles/test_tool_autogen.dir) by extensions ['python_setup_py']
[19.291s] Level 1:colcon.colcon_core.package_identification:_identify(src/build-test_tool-Desktop-Debug/CMakeFiles/test_tool_autogen.dir) by extension 'python_setup_py'
[19.291s] Level 1:colcon.colcon_core.package_identification:_identify(src/build-test_tool-Desktop-Debug/CMakeFiles/test_tool_uninstall.dir) by extensions ['ignore', 'ignore_ament_install']
[19.292s] Level 1:colcon.colcon_core.package_identification:_identify(src/build-test_tool-Desktop-Debug/CMakeFiles/test_tool_uninstall.dir) by extension 'ignore'
[19.292s] Level 1:colcon.colcon_core.package_identification:_identify(src/build-test_tool-Desktop-Debug/CMakeFiles/test_tool_uninstall.dir) by extension 'ignore_ament_install'
[19.292s] Level 1:colcon.colcon_core.package_identification:_identify(src/build-test_tool-Desktop-Debug/CMakeFiles/test_tool_uninstall.dir) by extensions ['colcon_pkg']
[19.292s] Level 1:colcon.colcon_core.package_identification:_identify(src/build-test_tool-Desktop-Debug/CMakeFiles/test_tool_uninstall.dir) by extension 'colcon_pkg'
[19.292s] Level 1:colcon.colcon_core.package_identification:_identify(src/build-test_tool-Desktop-Debug/CMakeFiles/test_tool_uninstall.dir) by extensions ['colcon_meta']
[19.292s] Level 1:colcon.colcon_core.package_identification:_identify(src/build-test_tool-Desktop-Debug/CMakeFiles/test_tool_uninstall.dir) by extension 'colcon_meta'
[19.292s] Level 1:colcon.colcon_core.package_identification:_identify(src/build-test_tool-Desktop-Debug/CMakeFiles/test_tool_uninstall.dir) by extensions ['ros']
[19.292s] Level 1:colcon.colcon_core.package_identification:_identify(src/build-test_tool-Desktop-Debug/CMakeFiles/test_tool_uninstall.dir) by extension 'ros'
[19.292s] Level 1:colcon.colcon_core.package_identification:_identify(src/build-test_tool-Desktop-Debug/CMakeFiles/test_tool_uninstall.dir) by extensions ['cmake', 'python']
[19.292s] Level 1:colcon.colcon_core.package_identification:_identify(src/build-test_tool-Desktop-Debug/CMakeFiles/test_tool_uninstall.dir) by extension 'cmake'
[19.292s] Level 1:colcon.colcon_core.package_identification:_identify(src/build-test_tool-Desktop-Debug/CMakeFiles/test_tool_uninstall.dir) by extension 'python'
[19.292s] Level 1:colcon.colcon_core.package_identification:_identify(src/build-test_tool-Desktop-Debug/CMakeFiles/test_tool_uninstall.dir) by extensions ['python_setup_py']
[19.292s] Level 1:colcon.colcon_core.package_identification:_identify(src/build-test_tool-Desktop-Debug/CMakeFiles/test_tool_uninstall.dir) by extension 'python_setup_py'
[19.293s] Level 1:colcon.colcon_core.package_identification:_identify(src/build-test_tool-Desktop-Debug/CMakeFiles/uninstall.dir) by extensions ['ignore', 'ignore_ament_install']
[19.293s] Level 1:colcon.colcon_core.package_identification:_identify(src/build-test_tool-Desktop-Debug/CMakeFiles/uninstall.dir) by extension 'ignore'
[19.293s] Level 1:colcon.colcon_core.package_identification:_identify(src/build-test_tool-Desktop-Debug/CMakeFiles/uninstall.dir) by extension 'ignore_ament_install'
[19.293s] Level 1:colcon.colcon_core.package_identification:_identify(src/build-test_tool-Desktop-Debug/CMakeFiles/uninstall.dir) by extensions ['colcon_pkg']
[19.293s] Level 1:colcon.colcon_core.package_identification:_identify(src/build-test_tool-Desktop-Debug/CMakeFiles/uninstall.dir) by extension 'colcon_pkg'
[19.293s] Level 1:colcon.colcon_core.package_identification:_identify(src/build-test_tool-Desktop-Debug/CMakeFiles/uninstall.dir) by extensions ['colcon_meta']
[19.293s] Level 1:colcon.colcon_core.package_identification:_identify(src/build-test_tool-Desktop-Debug/CMakeFiles/uninstall.dir) by extension 'colcon_meta'
[19.293s] Level 1:colcon.colcon_core.package_identification:_identify(src/build-test_tool-Desktop-Debug/CMakeFiles/uninstall.dir) by extensions ['ros']
[19.293s] Level 1:colcon.colcon_core.package_identification:_identify(src/build-test_tool-Desktop-Debug/CMakeFiles/uninstall.dir) by extension 'ros'
[19.293s] Level 1:colcon.colcon_core.package_identification:_identify(src/build-test_tool-Desktop-Debug/CMakeFiles/uninstall.dir) by extensions ['cmake', 'python']
[19.293s] Level 1:colcon.colcon_core.package_identification:_identify(src/build-test_tool-Desktop-Debug/CMakeFiles/uninstall.dir) by extension 'cmake'
[19.293s] Level 1:colcon.colcon_core.package_identification:_identify(src/build-test_tool-Desktop-Debug/CMakeFiles/uninstall.dir) by extension 'python'
[19.294s] Level 1:colcon.colcon_core.package_identification:_identify(src/build-test_tool-Desktop-Debug/CMakeFiles/uninstall.dir) by extensions ['python_setup_py']
[19.294s] Level 1:colcon.colcon_core.package_identification:_identify(src/build-test_tool-Desktop-Debug/CMakeFiles/uninstall.dir) by extension 'python_setup_py'
[19.294s] Level 1:colcon.colcon_core.package_identification:_identify(src/build-test_tool-Desktop-Debug/Testing) by extensions ['ignore', 'ignore_ament_install']
[19.294s] Level 1:colcon.colcon_core.package_identification:_identify(src/build-test_tool-Desktop-Debug/Testing) by extension 'ignore'
[19.294s] Level 1:colcon.colcon_core.package_identification:_identify(src/build-test_tool-Desktop-Debug/Testing) by extension 'ignore_ament_install'
[19.294s] Level 1:colcon.colcon_core.package_identification:_identify(src/build-test_tool-Desktop-Debug/Testing) by extensions ['colcon_pkg']
[19.294s] Level 1:colcon.colcon_core.package_identification:_identify(src/build-test_tool-Desktop-Debug/Testing) by extension 'colcon_pkg'
[19.294s] Level 1:colcon.colcon_core.package_identification:_identify(src/build-test_tool-Desktop-Debug/Testing) by extensions ['colcon_meta']
[19.294s] Level 1:colcon.colcon_core.package_identification:_identify(src/build-test_tool-Desktop-Debug/Testing) by extension 'colcon_meta'
[19.294s] Level 1:colcon.colcon_core.package_identification:_identify(src/build-test_tool-Desktop-Debug/Testing) by extensions ['ros']
[19.294s] Level 1:colcon.colcon_core.package_identification:_identify(src/build-test_tool-Desktop-Debug/Testing) by extension 'ros'
[19.294s] Level 1:colcon.colcon_core.package_identification:_identify(src/build-test_tool-Desktop-Debug/Testing) by extensions ['cmake', 'python']
[19.295s] Level 1:colcon.colcon_core.package_identification:_identify(src/build-test_tool-Desktop-Debug/Testing) by extension 'cmake'
[19.295s] Level 1:colcon.colcon_core.package_identification:_identify(src/build-test_tool-Desktop-Debug/Testing) by extension 'python'
[19.295s] Level 1:colcon.colcon_core.package_identification:_identify(src/build-test_tool-Desktop-Debug/Testing) by extensions ['python_setup_py']
[19.295s] Level 1:colcon.colcon_core.package_identification:_identify(src/build-test_tool-Desktop-Debug/Testing) by extension 'python_setup_py'
[19.295s] Level 1:colcon.colcon_core.package_identification:_identify(src/build-test_tool-Desktop-Debug/Testing/Temporary) by extensions ['ignore', 'ignore_ament_install']
[19.295s] Level 1:colcon.colcon_core.package_identification:_identify(src/build-test_tool-Desktop-Debug/Testing/Temporary) by extension 'ignore'
[19.295s] Level 1:colcon.colcon_core.package_identification:_identify(src/build-test_tool-Desktop-Debug/Testing/Temporary) by extension 'ignore_ament_install'
[19.295s] Level 1:colcon.colcon_core.package_identification:_identify(src/build-test_tool-Desktop-Debug/Testing/Temporary) by extensions ['colcon_pkg']
[19.295s] Level 1:colcon.colcon_core.package_identification:_identify(src/build-test_tool-Desktop-Debug/Testing/Temporary) by extension 'colcon_pkg'
[19.296s] Level 1:colcon.colcon_core.package_identification:_identify(src/build-test_tool-Desktop-Debug/Testing/Temporary) by extensions ['colcon_meta']
[19.296s] Level 1:colcon.colcon_core.package_identification:_identify(src/build-test_tool-Desktop-Debug/Testing/Temporary) by extension 'colcon_meta'
[19.296s] Level 1:colcon.colcon_core.package_identification:_identify(src/build-test_tool-Desktop-Debug/Testing/Temporary) by extensions ['ros']
[19.296s] Level 1:colcon.colcon_core.package_identification:_identify(src/build-test_tool-Desktop-Debug/Testing/Temporary) by extension 'ros'
[19.296s] Level 1:colcon.colcon_core.package_identification:_identify(src/build-test_tool-Desktop-Debug/Testing/Temporary) by extensions ['cmake', 'python']
[19.296s] Level 1:colcon.colcon_core.package_identification:_identify(src/build-test_tool-Desktop-Debug/Testing/Temporary) by extension 'cmake'
[19.296s] Level 1:colcon.colcon_core.package_identification:_identify(src/build-test_tool-Desktop-Debug/Testing/Temporary) by extension 'python'
[19.296s] Level 1:colcon.colcon_core.package_identification:_identify(src/build-test_tool-Desktop-Debug/Testing/Temporary) by extensions ['python_setup_py']
[19.297s] Level 1:colcon.colcon_core.package_identification:_identify(src/build-test_tool-Desktop-Debug/Testing/Temporary) by extension 'python_setup_py'
[19.297s] Level 1:colcon.colcon_core.package_identification:_identify(src/build-test_tool-Desktop-Debug/ament_cmake_core) by extensions ['ignore', 'ignore_ament_install']
[19.297s] Level 1:colcon.colcon_core.package_identification:_identify(src/build-test_tool-Desktop-Debug/ament_cmake_core) by extension 'ignore'
[19.297s] Level 1:colcon.colcon_core.package_identification:_identify(src/build-test_tool-Desktop-Debug/ament_cmake_core) by extension 'ignore_ament_install'
[19.297s] Level 1:colcon.colcon_core.package_identification:_identify(src/build-test_tool-Desktop-Debug/ament_cmake_core) by extensions ['colcon_pkg']
[19.297s] Level 1:colcon.colcon_core.package_identification:_identify(src/build-test_tool-Desktop-Debug/ament_cmake_core) by extension 'colcon_pkg'
[19.297s] Level 1:colcon.colcon_core.package_identification:_identify(src/build-test_tool-Desktop-Debug/ament_cmake_core) by extensions ['colcon_meta']
[19.297s] Level 1:colcon.colcon_core.package_identification:_identify(src/build-test_tool-Desktop-Debug/ament_cmake_core) by extension 'colcon_meta'
[19.298s] Level 1:colcon.colcon_core.package_identification:_identify(src/build-test_tool-Desktop-Debug/ament_cmake_core) by extensions ['ros']
[19.298s] Level 1:colcon.colcon_core.package_identification:_identify(src/build-test_tool-Desktop-Debug/ament_cmake_core) by extension 'ros'
[19.298s] Level 1:colcon.colcon_core.package_identification:_identify(src/build-test_tool-Desktop-Debug/ament_cmake_core) by extensions ['cmake', 'python']
[19.298s] Level 1:colcon.colcon_core.package_identification:_identify(src/build-test_tool-Desktop-Debug/ament_cmake_core) by extension 'cmake'
[19.298s] Level 1:colcon.colcon_core.package_identification:_identify(src/build-test_tool-Desktop-Debug/ament_cmake_core) by extension 'python'
[19.298s] Level 1:colcon.colcon_core.package_identification:_identify(src/build-test_tool-Desktop-Debug/ament_cmake_core) by extensions ['python_setup_py']
[19.298s] Level 1:colcon.colcon_core.package_identification:_identify(src/build-test_tool-Desktop-Debug/ament_cmake_core) by extension 'python_setup_py'
[19.298s] Level 1:colcon.colcon_core.package_identification:_identify(src/build-test_tool-Desktop-Debug/ament_cmake_core/stamps) by extensions ['ignore', 'ignore_ament_install']
[19.298s] Level 1:colcon.colcon_core.package_identification:_identify(src/build-test_tool-Desktop-Debug/ament_cmake_core/stamps) by extension 'ignore'
[19.299s] Level 1:colcon.colcon_core.package_identification:_identify(src/build-test_tool-Desktop-Debug/ament_cmake_core/stamps) by extension 'ignore_ament_install'
[19.299s] Level 1:colcon.colcon_core.package_identification:_identify(src/build-test_tool-Desktop-Debug/ament_cmake_core/stamps) by extensions ['colcon_pkg']
[19.299s] Level 1:colcon.colcon_core.package_identification:_identify(src/build-test_tool-Desktop-Debug/ament_cmake_core/stamps) by extension 'colcon_pkg'
[19.299s] Level 1:colcon.colcon_core.package_identification:_identify(src/build-test_tool-Desktop-Debug/ament_cmake_core/stamps) by extensions ['colcon_meta']
[19.299s] Level 1:colcon.colcon_core.package_identification:_identify(src/build-test_tool-Desktop-Debug/ament_cmake_core/stamps) by extension 'colcon_meta'
[19.299s] Level 1:colcon.colcon_core.package_identification:_identify(src/build-test_tool-Desktop-Debug/ament_cmake_core/stamps) by extensions ['ros']
[19.299s] Level 1:colcon.colcon_core.package_identification:_identify(src/build-test_tool-Desktop-Debug/ament_cmake_core/stamps) by extension 'ros'
[19.299s] Level 1:colcon.colcon_core.package_identification:_identify(src/build-test_tool-Desktop-Debug/ament_cmake_core/stamps) by extensions ['cmake', 'python']
[19.299s] Level 1:colcon.colcon_core.package_identification:_identify(src/build-test_tool-Desktop-Debug/ament_cmake_core/stamps) by extension 'cmake'
[19.299s] Level 1:colcon.colcon_core.package_identification:_identify(src/build-test_tool-Desktop-Debug/ament_cmake_core/stamps) by extension 'python'
[19.299s] Level 1:colcon.colcon_core.package_identification:_identify(src/build-test_tool-Desktop-Debug/ament_cmake_core/stamps) by extensions ['python_setup_py']
[19.300s] Level 1:colcon.colcon_core.package_identification:_identify(src/build-test_tool-Desktop-Debug/ament_cmake_core/stamps) by extension 'python_setup_py'
[19.300s] Level 1:colcon.colcon_core.package_identification:_identify(src/build-test_tool-Desktop-Debug/ament_cmake_environment_hooks) by extensions ['ignore', 'ignore_ament_install']
[19.300s] Level 1:colcon.colcon_core.package_identification:_identify(src/build-test_tool-Desktop-Debug/ament_cmake_environment_hooks) by extension 'ignore'
[19.300s] Level 1:colcon.colcon_core.package_identification:_identify(src/build-test_tool-Desktop-Debug/ament_cmake_environment_hooks) by extension 'ignore_ament_install'
[19.300s] Level 1:colcon.colcon_core.package_identification:_identify(src/build-test_tool-Desktop-Debug/ament_cmake_environment_hooks) by extensions ['colcon_pkg']
[19.300s] Level 1:colcon.colcon_core.package_identification:_identify(src/build-test_tool-Desktop-Debug/ament_cmake_environment_hooks) by extension 'colcon_pkg'
[19.301s] Level 1:colcon.colcon_core.package_identification:_identify(src/build-test_tool-Desktop-Debug/ament_cmake_environment_hooks) by extensions ['colcon_meta']
[19.301s] Level 1:colcon.colcon_core.package_identification:_identify(src/build-test_tool-Desktop-Debug/ament_cmake_environment_hooks) by extension 'colcon_meta'
[19.301s] Level 1:colcon.colcon_core.package_identification:_identify(src/build-test_tool-Desktop-Debug/ament_cmake_environment_hooks) by extensions ['ros']
[19.301s] Level 1:colcon.colcon_core.package_identification:_identify(src/build-test_tool-Desktop-Debug/ament_cmake_environment_hooks) by extension 'ros'
[19.301s] Level 1:colcon.colcon_core.package_identification:_identify(src/build-test_tool-Desktop-Debug/ament_cmake_environment_hooks) by extensions ['cmake', 'python']
[19.301s] Level 1:colcon.colcon_core.package_identification:_identify(src/build-test_tool-Desktop-Debug/ament_cmake_environment_hooks) by extension 'cmake'
[19.301s] Level 1:colcon.colcon_core.package_identification:_identify(src/build-test_tool-Desktop-Debug/ament_cmake_environment_hooks) by extension 'python'
[19.301s] Level 1:colcon.colcon_core.package_identification:_identify(src/build-test_tool-Desktop-Debug/ament_cmake_environment_hooks) by extensions ['python_setup_py']
[19.301s] Level 1:colcon.colcon_core.package_identification:_identify(src/build-test_tool-Desktop-Debug/ament_cmake_environment_hooks) by extension 'python_setup_py'
[19.302s] Level 1:colcon.colcon_core.package_identification:_identify(src/build-test_tool-Desktop-Debug/ament_cmake_index) by extensions ['ignore', 'ignore_ament_install']
[19.302s] Level 1:colcon.colcon_core.package_identification:_identify(src/build-test_tool-Desktop-Debug/ament_cmake_index) by extension 'ignore'
[19.302s] Level 1:colcon.colcon_core.package_identification:_identify(src/build-test_tool-Desktop-Debug/ament_cmake_index) by extension 'ignore_ament_install'
[19.302s] Level 1:colcon.colcon_core.package_identification:_identify(src/build-test_tool-Desktop-Debug/ament_cmake_index) by extensions ['colcon_pkg']
[19.302s] Level 1:colcon.colcon_core.package_identification:_identify(src/build-test_tool-Desktop-Debug/ament_cmake_index) by extension 'colcon_pkg'
[19.302s] Level 1:colcon.colcon_core.package_identification:_identify(src/build-test_tool-Desktop-Debug/ament_cmake_index) by extensions ['colcon_meta']
[19.302s] Level 1:colcon.colcon_core.package_identification:_identify(src/build-test_tool-Desktop-Debug/ament_cmake_index) by extension 'colcon_meta'
[19.302s] Level 1:colcon.colcon_core.package_identification:_identify(src/build-test_tool-Desktop-Debug/ament_cmake_index) by extensions ['ros']
[19.303s] Level 1:colcon.colcon_core.package_identification:_identify(src/build-test_tool-Desktop-Debug/ament_cmake_index) by extension 'ros'
[19.303s] Level 1:colcon.colcon_core.package_identification:_identify(src/build-test_tool-Desktop-Debug/ament_cmake_index) by extensions ['cmake', 'python']
[19.303s] Level 1:colcon.colcon_core.package_identification:_identify(src/build-test_tool-Desktop-Debug/ament_cmake_index) by extension 'cmake'
[19.303s] Level 1:colcon.colcon_core.package_identification:_identify(src/build-test_tool-Desktop-Debug/ament_cmake_index) by extension 'python'
[19.303s] Level 1:colcon.colcon_core.package_identification:_identify(src/build-test_tool-Desktop-Debug/ament_cmake_index) by extensions ['python_setup_py']
[19.303s] Level 1:colcon.colcon_core.package_identification:_identify(src/build-test_tool-Desktop-Debug/ament_cmake_index) by extension 'python_setup_py'
[19.303s] Level 1:colcon.colcon_core.package_identification:_identify(src/build-test_tool-Desktop-Debug/ament_cmake_index/share) by extensions ['ignore', 'ignore_ament_install']
[19.304s] Level 1:colcon.colcon_core.package_identification:_identify(src/build-test_tool-Desktop-Debug/ament_cmake_index/share) by extension 'ignore'
[19.304s] Level 1:colcon.colcon_core.package_identification:_identify(src/build-test_tool-Desktop-Debug/ament_cmake_index/share) by extension 'ignore_ament_install'
[19.304s] Level 1:colcon.colcon_core.package_identification:_identify(src/build-test_tool-Desktop-Debug/ament_cmake_index/share) by extensions ['colcon_pkg']
[19.304s] Level 1:colcon.colcon_core.package_identification:_identify(src/build-test_tool-Desktop-Debug/ament_cmake_index/share) by extension 'colcon_pkg'
[19.304s] Level 1:colcon.colcon_core.package_identification:_identify(src/build-test_tool-Desktop-Debug/ament_cmake_index/share) by extensions ['colcon_meta']
[19.304s] Level 1:colcon.colcon_core.package_identification:_identify(src/build-test_tool-Desktop-Debug/ament_cmake_index/share) by extension 'colcon_meta'
[19.304s] Level 1:colcon.colcon_core.package_identification:_identify(src/build-test_tool-Desktop-Debug/ament_cmake_index/share) by extensions ['ros']
[19.304s] Level 1:colcon.colcon_core.package_identification:_identify(src/build-test_tool-Desktop-Debug/ament_cmake_index/share) by extension 'ros'
[19.305s] Level 1:colcon.colcon_core.package_identification:_identify(src/build-test_tool-Desktop-Debug/ament_cmake_index/share) by extensions ['cmake', 'python']
[19.305s] Level 1:colcon.colcon_core.package_identification:_identify(src/build-test_tool-Desktop-Debug/ament_cmake_index/share) by extension 'cmake'
[19.305s] Level 1:colcon.colcon_core.package_identification:_identify(src/build-test_tool-Desktop-Debug/ament_cmake_index/share) by extension 'python'
[19.305s] Level 1:colcon.colcon_core.package_identification:_identify(src/build-test_tool-Desktop-Debug/ament_cmake_index/share) by extensions ['python_setup_py']
[19.305s] Level 1:colcon.colcon_core.package_identification:_identify(src/build-test_tool-Desktop-Debug/ament_cmake_index/share) by extension 'python_setup_py'
[19.305s] Level 1:colcon.colcon_core.package_identification:_identify(src/build-test_tool-Desktop-Debug/ament_cmake_index/share/ament_index) by extensions ['ignore', 'ignore_ament_install']
[19.306s] Level 1:colcon.colcon_core.package_identification:_identify(src/build-test_tool-Desktop-Debug/ament_cmake_index/share/ament_index) by extension 'ignore'
[19.306s] Level 1:colcon.colcon_core.package_identification:_identify(src/build-test_tool-Desktop-Debug/ament_cmake_index/share/ament_index) by extension 'ignore_ament_install'
[19.306s] Level 1:colcon.colcon_core.package_identification:_identify(src/build-test_tool-Desktop-Debug/ament_cmake_index/share/ament_index) by extensions ['colcon_pkg']
[19.306s] Level 1:colcon.colcon_core.package_identification:_identify(src/build-test_tool-Desktop-Debug/ament_cmake_index/share/ament_index) by extension 'colcon_pkg'
[19.306s] Level 1:colcon.colcon_core.package_identification:_identify(src/build-test_tool-Desktop-Debug/ament_cmake_index/share/ament_index) by extensions ['colcon_meta']
[19.306s] Level 1:colcon.colcon_core.package_identification:_identify(src/build-test_tool-Desktop-Debug/ament_cmake_index/share/ament_index) by extension 'colcon_meta'
[19.306s] Level 1:colcon.colcon_core.package_identification:_identify(src/build-test_tool-Desktop-Debug/ament_cmake_index/share/ament_index) by extensions ['ros']
[19.306s] Level 1:colcon.colcon_core.package_identification:_identify(src/build-test_tool-Desktop-Debug/ament_cmake_index/share/ament_index) by extension 'ros'
[19.307s] Level 1:colcon.colcon_core.package_identification:_identify(src/build-test_tool-Desktop-Debug/ament_cmake_index/share/ament_index) by extensions ['cmake', 'python']
[19.307s] Level 1:colcon.colcon_core.package_identification:_identify(src/build-test_tool-Desktop-Debug/ament_cmake_index/share/ament_index) by extension 'cmake'
[19.307s] Level 1:colcon.colcon_core.package_identification:_identify(src/build-test_tool-Desktop-Debug/ament_cmake_index/share/ament_index) by extension 'python'
[19.307s] Level 1:colcon.colcon_core.package_identification:_identify(src/build-test_tool-Desktop-Debug/ament_cmake_index/share/ament_index) by extensions ['python_setup_py']
[19.307s] Level 1:colcon.colcon_core.package_identification:_identify(src/build-test_tool-Desktop-Debug/ament_cmake_index/share/ament_index) by extension 'python_setup_py'
[19.307s] Level 1:colcon.colcon_core.package_identification:_identify(src/build-test_tool-Desktop-Debug/ament_cmake_index/share/ament_index/resource_index) by extensions ['ignore', 'ignore_ament_install']
[19.308s] Level 1:colcon.colcon_core.package_identification:_identify(src/build-test_tool-Desktop-Debug/ament_cmake_index/share/ament_index/resource_index) by extension 'ignore'
[19.308s] Level 1:colcon.colcon_core.package_identification:_identify(src/build-test_tool-Desktop-Debug/ament_cmake_index/share/ament_index/resource_index) by extension 'ignore_ament_install'
[19.308s] Level 1:colcon.colcon_core.package_identification:_identify(src/build-test_tool-Desktop-Debug/ament_cmake_index/share/ament_index/resource_index) by extensions ['colcon_pkg']
[19.308s] Level 1:colcon.colcon_core.package_identification:_identify(src/build-test_tool-Desktop-Debug/ament_cmake_index/share/ament_index/resource_index) by extension 'colcon_pkg'
[19.308s] Level 1:colcon.colcon_core.package_identification:_identify(src/build-test_tool-Desktop-Debug/ament_cmake_index/share/ament_index/resource_index) by extensions ['colcon_meta']
[19.308s] Level 1:colcon.colcon_core.package_identification:_identify(src/build-test_tool-Desktop-Debug/ament_cmake_index/share/ament_index/resource_index) by extension 'colcon_meta'
[19.308s] Level 1:colcon.colcon_core.package_identification:_identify(src/build-test_tool-Desktop-Debug/ament_cmake_index/share/ament_index/resource_index) by extensions ['ros']
[19.308s] Level 1:colcon.colcon_core.package_identification:_identify(src/build-test_tool-Desktop-Debug/ament_cmake_index/share/ament_index/resource_index) by extension 'ros'
[19.309s] Level 1:colcon.colcon_core.package_identification:_identify(src/build-test_tool-Desktop-Debug/ament_cmake_index/share/ament_index/resource_index) by extensions ['cmake', 'python']
[19.309s] Level 1:colcon.colcon_core.package_identification:_identify(src/build-test_tool-Desktop-Debug/ament_cmake_index/share/ament_index/resource_index) by extension 'cmake'
[19.309s] Level 1:colcon.colcon_core.package_identification:_identify(src/build-test_tool-Desktop-Debug/ament_cmake_index/share/ament_index/resource_index) by extension 'python'
[19.309s] Level 1:colcon.colcon_core.package_identification:_identify(src/build-test_tool-Desktop-Debug/ament_cmake_index/share/ament_index/resource_index) by extensions ['python_setup_py']
[19.309s] Level 1:colcon.colcon_core.package_identification:_identify(src/build-test_tool-Desktop-Debug/ament_cmake_index/share/ament_index/resource_index) by extension 'python_setup_py'
[19.309s] Level 1:colcon.colcon_core.package_identification:_identify(src/build-test_tool-Desktop-Debug/ament_cmake_index/share/ament_index/resource_index/package_run_dependencies) by extensions ['ignore', 'ignore_ament_install']
[19.310s] Level 1:colcon.colcon_core.package_identification:_identify(src/build-test_tool-Desktop-Debug/ament_cmake_index/share/ament_index/resource_index/package_run_dependencies) by extension 'ignore'
[19.310s] Level 1:colcon.colcon_core.package_identification:_identify(src/build-test_tool-Desktop-Debug/ament_cmake_index/share/ament_index/resource_index/package_run_dependencies) by extension 'ignore_ament_install'
[19.310s] Level 1:colcon.colcon_core.package_identification:_identify(src/build-test_tool-Desktop-Debug/ament_cmake_index/share/ament_index/resource_index/package_run_dependencies) by extensions ['colcon_pkg']
[19.310s] Level 1:colcon.colcon_core.package_identification:_identify(src/build-test_tool-Desktop-Debug/ament_cmake_index/share/ament_index/resource_index/package_run_dependencies) by extension 'colcon_pkg'
[19.310s] Level 1:colcon.colcon_core.package_identification:_identify(src/build-test_tool-Desktop-Debug/ament_cmake_index/share/ament_index/resource_index/package_run_dependencies) by extensions ['colcon_meta']
[19.310s] Level 1:colcon.colcon_core.package_identification:_identify(src/build-test_tool-Desktop-Debug/ament_cmake_index/share/ament_index/resource_index/package_run_dependencies) by extension 'colcon_meta'
[19.310s] Level 1:colcon.colcon_core.package_identification:_identify(src/build-test_tool-Desktop-Debug/ament_cmake_index/share/ament_index/resource_index/package_run_dependencies) by extensions ['ros']
[19.310s] Level 1:colcon.colcon_core.package_identification:_identify(src/build-test_tool-Desktop-Debug/ament_cmake_index/share/ament_index/resource_index/package_run_dependencies) by extension 'ros'
[19.311s] Level 1:colcon.colcon_core.package_identification:_identify(src/build-test_tool-Desktop-Debug/ament_cmake_index/share/ament_index/resource_index/package_run_dependencies) by extensions ['cmake', 'python']
[19.311s] Level 1:colcon.colcon_core.package_identification:_identify(src/build-test_tool-Desktop-Debug/ament_cmake_index/share/ament_index/resource_index/package_run_dependencies) by extension 'cmake'
[19.311s] Level 1:colcon.colcon_core.package_identification:_identify(src/build-test_tool-Desktop-Debug/ament_cmake_index/share/ament_index/resource_index/package_run_dependencies) by extension 'python'
[19.311s] Level 1:colcon.colcon_core.package_identification:_identify(src/build-test_tool-Desktop-Debug/ament_cmake_index/share/ament_index/resource_index/package_run_dependencies) by extensions ['python_setup_py']
[19.311s] Level 1:colcon.colcon_core.package_identification:_identify(src/build-test_tool-Desktop-Debug/ament_cmake_index/share/ament_index/resource_index/package_run_dependencies) by extension 'python_setup_py'
[19.311s] Level 1:colcon.colcon_core.package_identification:_identify(src/build-test_tool-Desktop-Debug/ament_cmake_index/share/ament_index/resource_index/packages) by extensions ['ignore', 'ignore_ament_install']
[19.312s] Level 1:colcon.colcon_core.package_identification:_identify(src/build-test_tool-Desktop-Debug/ament_cmake_index/share/ament_index/resource_index/packages) by extension 'ignore'
[19.312s] Level 1:colcon.colcon_core.package_identification:_identify(src/build-test_tool-Desktop-Debug/ament_cmake_index/share/ament_index/resource_index/packages) by extension 'ignore_ament_install'
[19.312s] Level 1:colcon.colcon_core.package_identification:_identify(src/build-test_tool-Desktop-Debug/ament_cmake_index/share/ament_index/resource_index/packages) by extensions ['colcon_pkg']
[19.312s] Level 1:colcon.colcon_core.package_identification:_identify(src/build-test_tool-Desktop-Debug/ament_cmake_index/share/ament_index/resource_index/packages) by extension 'colcon_pkg'
[19.312s] Level 1:colcon.colcon_core.package_identification:_identify(src/build-test_tool-Desktop-Debug/ament_cmake_index/share/ament_index/resource_index/packages) by extensions ['colcon_meta']
[19.312s] Level 1:colcon.colcon_core.package_identification:_identify(src/build-test_tool-Desktop-Debug/ament_cmake_index/share/ament_index/resource_index/packages) by extension 'colcon_meta'
[19.312s] Level 1:colcon.colcon_core.package_identification:_identify(src/build-test_tool-Desktop-Debug/ament_cmake_index/share/ament_index/resource_index/packages) by extensions ['ros']
[19.313s] Level 1:colcon.colcon_core.package_identification:_identify(src/build-test_tool-Desktop-Debug/ament_cmake_index/share/ament_index/resource_index/packages) by extension 'ros'
[19.313s] Level 1:colcon.colcon_core.package_identification:_identify(src/build-test_tool-Desktop-Debug/ament_cmake_index/share/ament_index/resource_index/packages) by extensions ['cmake', 'python']
[19.313s] Level 1:colcon.colcon_core.package_identification:_identify(src/build-test_tool-Desktop-Debug/ament_cmake_index/share/ament_index/resource_index/packages) by extension 'cmake'
[19.313s] Level 1:colcon.colcon_core.package_identification:_identify(src/build-test_tool-Desktop-Debug/ament_cmake_index/share/ament_index/resource_index/packages) by extension 'python'
[19.313s] Level 1:colcon.colcon_core.package_identification:_identify(src/build-test_tool-Desktop-Debug/ament_cmake_index/share/ament_index/resource_index/packages) by extensions ['python_setup_py']
[19.313s] Level 1:colcon.colcon_core.package_identification:_identify(src/build-test_tool-Desktop-Debug/ament_cmake_index/share/ament_index/resource_index/packages) by extension 'python_setup_py'
[19.313s] Level 1:colcon.colcon_core.package_identification:_identify(src/build-test_tool-Desktop-Debug/ament_cmake_index/share/ament_index/resource_index/parent_prefix_path) by extensions ['ignore', 'ignore_ament_install']
[19.314s] Level 1:colcon.colcon_core.package_identification:_identify(src/build-test_tool-Desktop-Debug/ament_cmake_index/share/ament_index/resource_index/parent_prefix_path) by extension 'ignore'
[19.314s] Level 1:colcon.colcon_core.package_identification:_identify(src/build-test_tool-Desktop-Debug/ament_cmake_index/share/ament_index/resource_index/parent_prefix_path) by extension 'ignore_ament_install'
[19.314s] Level 1:colcon.colcon_core.package_identification:_identify(src/build-test_tool-Desktop-Debug/ament_cmake_index/share/ament_index/resource_index/parent_prefix_path) by extensions ['colcon_pkg']
[19.314s] Level 1:colcon.colcon_core.package_identification:_identify(src/build-test_tool-Desktop-Debug/ament_cmake_index/share/ament_index/resource_index/parent_prefix_path) by extension 'colcon_pkg'
[19.314s] Level 1:colcon.colcon_core.package_identification:_identify(src/build-test_tool-Desktop-Debug/ament_cmake_index/share/ament_index/resource_index/parent_prefix_path) by extensions ['colcon_meta']
[19.314s] Level 1:colcon.colcon_core.package_identification:_identify(src/build-test_tool-Desktop-Debug/ament_cmake_index/share/ament_index/resource_index/parent_prefix_path) by extension 'colcon_meta'
[19.315s] Level 1:colcon.colcon_core.package_identification:_identify(src/build-test_tool-Desktop-Debug/ament_cmake_index/share/ament_index/resource_index/parent_prefix_path) by extensions ['ros']
[19.315s] Level 1:colcon.colcon_core.package_identification:_identify(src/build-test_tool-Desktop-Debug/ament_cmake_index/share/ament_index/resource_index/parent_prefix_path) by extension 'ros'
[19.315s] Level 1:colcon.colcon_core.package_identification:_identify(src/build-test_tool-Desktop-Debug/ament_cmake_index/share/ament_index/resource_index/parent_prefix_path) by extensions ['cmake', 'python']
[19.315s] Level 1:colcon.colcon_core.package_identification:_identify(src/build-test_tool-Desktop-Debug/ament_cmake_index/share/ament_index/resource_index/parent_prefix_path) by extension 'cmake'
[19.315s] Level 1:colcon.colcon_core.package_identification:_identify(src/build-test_tool-Desktop-Debug/ament_cmake_index/share/ament_index/resource_index/parent_prefix_path) by extension 'python'
[19.315s] Level 1:colcon.colcon_core.package_identification:_identify(src/build-test_tool-Desktop-Debug/ament_cmake_index/share/ament_index/resource_index/parent_prefix_path) by extensions ['python_setup_py']
[19.315s] Level 1:colcon.colcon_core.package_identification:_identify(src/build-test_tool-Desktop-Debug/ament_cmake_index/share/ament_index/resource_index/parent_prefix_path) by extension 'python_setup_py'
[19.316s] Level 1:colcon.colcon_core.package_identification:_identify(src/build-test_tool-Desktop-Debug/ament_cmake_package_templates) by extensions ['ignore', 'ignore_ament_install']
[19.316s] Level 1:colcon.colcon_core.package_identification:_identify(src/build-test_tool-Desktop-Debug/ament_cmake_package_templates) by extension 'ignore'
[19.316s] Level 1:colcon.colcon_core.package_identification:_identify(src/build-test_tool-Desktop-Debug/ament_cmake_package_templates) by extension 'ignore_ament_install'
[19.317s] Level 1:colcon.colcon_core.package_identification:_identify(src/build-test_tool-Desktop-Debug/ament_cmake_package_templates) by extensions ['colcon_pkg']
[19.317s] Level 1:colcon.colcon_core.package_identification:_identify(src/build-test_tool-Desktop-Debug/ament_cmake_package_templates) by extension 'colcon_pkg'
[19.317s] Level 1:colcon.colcon_core.package_identification:_identify(src/build-test_tool-Desktop-Debug/ament_cmake_package_templates) by extensions ['colcon_meta']
[19.317s] Level 1:colcon.colcon_core.package_identification:_identify(src/build-test_tool-Desktop-Debug/ament_cmake_package_templates) by extension 'colcon_meta'
[19.317s] Level 1:colcon.colcon_core.package_identification:_identify(src/build-test_tool-Desktop-Debug/ament_cmake_package_templates) by extensions ['ros']
[19.317s] Level 1:colcon.colcon_core.package_identification:_identify(src/build-test_tool-Desktop-Debug/ament_cmake_package_templates) by extension 'ros'
[19.318s] Level 1:colcon.colcon_core.package_identification:_identify(src/build-test_tool-Desktop-Debug/ament_cmake_package_templates) by extensions ['cmake', 'python']
[19.318s] Level 1:colcon.colcon_core.package_identification:_identify(src/build-test_tool-Desktop-Debug/ament_cmake_package_templates) by extension 'cmake'
[19.318s] Level 1:colcon.colcon_core.package_identification:_identify(src/build-test_tool-Desktop-Debug/ament_cmake_package_templates) by extension 'python'
[19.318s] Level 1:colcon.colcon_core.package_identification:_identify(src/build-test_tool-Desktop-Debug/ament_cmake_package_templates) by extensions ['python_setup_py']
[19.318s] Level 1:colcon.colcon_core.package_identification:_identify(src/build-test_tool-Desktop-Debug/ament_cmake_package_templates) by extension 'python_setup_py'
[19.318s] Level 1:colcon.colcon_core.package_identification:_identify(src/build-test_tool-Desktop-Debug/ament_cmake_uninstall_target) by extensions ['ignore', 'ignore_ament_install']
[19.319s] Level 1:colcon.colcon_core.package_identification:_identify(src/build-test_tool-Desktop-Debug/ament_cmake_uninstall_target) by extension 'ignore'
[19.319s] Level 1:colcon.colcon_core.package_identification:_identify(src/build-test_tool-Desktop-Debug/ament_cmake_uninstall_target) by extension 'ignore_ament_install'
[19.319s] Level 1:colcon.colcon_core.package_identification:_identify(src/build-test_tool-Desktop-Debug/ament_cmake_uninstall_target) by extensions ['colcon_pkg']
[19.319s] Level 1:colcon.colcon_core.package_identification:_identify(src/build-test_tool-Desktop-Debug/ament_cmake_uninstall_target) by extension 'colcon_pkg'
[19.319s] Level 1:colcon.colcon_core.package_identification:_identify(src/build-test_tool-Desktop-Debug/ament_cmake_uninstall_target) by extensions ['colcon_meta']
[19.319s] Level 1:colcon.colcon_core.package_identification:_identify(src/build-test_tool-Desktop-Debug/ament_cmake_uninstall_target) by extension 'colcon_meta'
[19.319s] Level 1:colcon.colcon_core.package_identification:_identify(src/build-test_tool-Desktop-Debug/ament_cmake_uninstall_target) by extensions ['ros']
[19.319s] Level 1:colcon.colcon_core.package_identification:_identify(src/build-test_tool-Desktop-Debug/ament_cmake_uninstall_target) by extension 'ros'
[19.319s] Level 1:colcon.colcon_core.package_identification:_identify(src/build-test_tool-Desktop-Debug/ament_cmake_uninstall_target) by extensions ['cmake', 'python']
[19.320s] Level 1:colcon.colcon_core.package_identification:_identify(src/build-test_tool-Desktop-Debug/ament_cmake_uninstall_target) by extension 'cmake'
[19.320s] Level 1:colcon.colcon_core.package_identification:_identify(src/build-test_tool-Desktop-Debug/ament_cmake_uninstall_target) by extension 'python'
[19.320s] Level 1:colcon.colcon_core.package_identification:_identify(src/build-test_tool-Desktop-Debug/ament_cmake_uninstall_target) by extensions ['python_setup_py']
[19.320s] Level 1:colcon.colcon_core.package_identification:_identify(src/build-test_tool-Desktop-Debug/ament_cmake_uninstall_target) by extension 'python_setup_py'
[19.320s] Level 1:colcon.colcon_core.package_identification:_identify(src/build-test_tool-Desktop-Debug/ament_cppcheck) by extensions ['ignore', 'ignore_ament_install']
[19.320s] Level 1:colcon.colcon_core.package_identification:_identify(src/build-test_tool-Desktop-Debug/ament_cppcheck) by extension 'ignore'
[19.320s] Level 1:colcon.colcon_core.package_identification:_identify(src/build-test_tool-Desktop-Debug/ament_cppcheck) by extension 'ignore_ament_install'
[19.321s] Level 1:colcon.colcon_core.package_identification:_identify(src/build-test_tool-Desktop-Debug/ament_cppcheck) by extensions ['colcon_pkg']
[19.321s] Level 1:colcon.colcon_core.package_identification:_identify(src/build-test_tool-Desktop-Debug/ament_cppcheck) by extension 'colcon_pkg'
[19.321s] Level 1:colcon.colcon_core.package_identification:_identify(src/build-test_tool-Desktop-Debug/ament_cppcheck) by extensions ['colcon_meta']
[19.321s] Level 1:colcon.colcon_core.package_identification:_identify(src/build-test_tool-Desktop-Debug/ament_cppcheck) by extension 'colcon_meta'
[19.321s] Level 1:colcon.colcon_core.package_identification:_identify(src/build-test_tool-Desktop-Debug/ament_cppcheck) by extensions ['ros']
[19.321s] Level 1:colcon.colcon_core.package_identification:_identify(src/build-test_tool-Desktop-Debug/ament_cppcheck) by extension 'ros'
[19.321s] Level 1:colcon.colcon_core.package_identification:_identify(src/build-test_tool-Desktop-Debug/ament_cppcheck) by extensions ['cmake', 'python']
[19.321s] Level 1:colcon.colcon_core.package_identification:_identify(src/build-test_tool-Desktop-Debug/ament_cppcheck) by extension 'cmake'
[19.321s] Level 1:colcon.colcon_core.package_identification:_identify(src/build-test_tool-Desktop-Debug/ament_cppcheck) by extension 'python'
[19.322s] Level 1:colcon.colcon_core.package_identification:_identify(src/build-test_tool-Desktop-Debug/ament_cppcheck) by extensions ['python_setup_py']
[19.322s] Level 1:colcon.colcon_core.package_identification:_identify(src/build-test_tool-Desktop-Debug/ament_cppcheck) by extension 'python_setup_py'
[19.322s] Level 1:colcon.colcon_core.package_identification:_identify(src/build-test_tool-Desktop-Debug/ament_flake8) by extensions ['ignore', 'ignore_ament_install']
[19.323s] Level 1:colcon.colcon_core.package_identification:_identify(src/build-test_tool-Desktop-Debug/ament_flake8) by extension 'ignore'
[19.323s] Level 1:colcon.colcon_core.package_identification:_identify(src/build-test_tool-Desktop-Debug/ament_flake8) by extension 'ignore_ament_install'
[19.323s] Level 1:colcon.colcon_core.package_identification:_identify(src/build-test_tool-Desktop-Debug/ament_flake8) by extensions ['colcon_pkg']
[19.323s] Level 1:colcon.colcon_core.package_identification:_identify(src/build-test_tool-Desktop-Debug/ament_flake8) by extension 'colcon_pkg'
[19.323s] Level 1:colcon.colcon_core.package_identification:_identify(src/build-test_tool-Desktop-Debug/ament_flake8) by extensions ['colcon_meta']
[19.323s] Level 1:colcon.colcon_core.package_identification:_identify(src/build-test_tool-Desktop-Debug/ament_flake8) by extension 'colcon_meta'
[19.324s] Level 1:colcon.colcon_core.package_identification:_identify(src/build-test_tool-Desktop-Debug/ament_flake8) by extensions ['ros']
[19.324s] Level 1:colcon.colcon_core.package_identification:_identify(src/build-test_tool-Desktop-Debug/ament_flake8) by extension 'ros'
[19.324s] Level 1:colcon.colcon_core.package_identification:_identify(src/build-test_tool-Desktop-Debug/ament_flake8) by extensions ['cmake', 'python']
[19.324s] Level 1:colcon.colcon_core.package_identification:_identify(src/build-test_tool-Desktop-Debug/ament_flake8) by extension 'cmake'
[19.325s] Level 1:colcon.colcon_core.package_identification:_identify(src/build-test_tool-Desktop-Debug/ament_flake8) by extension 'python'
[19.325s] Level 1:colcon.colcon_core.package_identification:_identify(src/build-test_tool-Desktop-Debug/ament_flake8) by extensions ['python_setup_py']
[19.325s] Level 1:colcon.colcon_core.package_identification:_identify(src/build-test_tool-Desktop-Debug/ament_flake8) by extension 'python_setup_py'
[19.325s] Level 1:colcon.colcon_core.package_identification:_identify(src/build-test_tool-Desktop-Debug/ament_lint_cmake) by extensions ['ignore', 'ignore_ament_install']
[19.326s] Level 1:colcon.colcon_core.package_identification:_identify(src/build-test_tool-Desktop-Debug/ament_lint_cmake) by extension 'ignore'
[19.326s] Level 1:colcon.colcon_core.package_identification:_identify(src/build-test_tool-Desktop-Debug/ament_lint_cmake) by extension 'ignore_ament_install'
[19.326s] Level 1:colcon.colcon_core.package_identification:_identify(src/build-test_tool-Desktop-Debug/ament_lint_cmake) by extensions ['colcon_pkg']
[19.326s] Level 1:colcon.colcon_core.package_identification:_identify(src/build-test_tool-Desktop-Debug/ament_lint_cmake) by extension 'colcon_pkg'
[19.327s] Level 1:colcon.colcon_core.package_identification:_identify(src/build-test_tool-Desktop-Debug/ament_lint_cmake) by extensions ['colcon_meta']
[19.327s] Level 1:colcon.colcon_core.package_identification:_identify(src/build-test_tool-Desktop-Debug/ament_lint_cmake) by extension 'colcon_meta'
[19.327s] Level 1:colcon.colcon_core.package_identification:_identify(src/build-test_tool-Desktop-Debug/ament_lint_cmake) by extensions ['ros']
[19.327s] Level 1:colcon.colcon_core.package_identification:_identify(src/build-test_tool-Desktop-Debug/ament_lint_cmake) by extension 'ros'
[19.327s] Level 1:colcon.colcon_core.package_identification:_identify(src/build-test_tool-Desktop-Debug/ament_lint_cmake) by extensions ['cmake', 'python']
[19.327s] Level 1:colcon.colcon_core.package_identification:_identify(src/build-test_tool-Desktop-Debug/ament_lint_cmake) by extension 'cmake'
[19.327s] Level 1:colcon.colcon_core.package_identification:_identify(src/build-test_tool-Desktop-Debug/ament_lint_cmake) by extension 'python'
[19.327s] Level 1:colcon.colcon_core.package_identification:_identify(src/build-test_tool-Desktop-Debug/ament_lint_cmake) by extensions ['python_setup_py']
[19.327s] Level 1:colcon.colcon_core.package_identification:_identify(src/build-test_tool-Desktop-Debug/ament_lint_cmake) by extension 'python_setup_py'
[19.327s] Level 1:colcon.colcon_core.package_identification:_identify(src/build-test_tool-Desktop-Debug/ament_pep257) by extensions ['ignore', 'ignore_ament_install']
[19.328s] Level 1:colcon.colcon_core.package_identification:_identify(src/build-test_tool-Desktop-Debug/ament_pep257) by extension 'ignore'
[19.328s] Level 1:colcon.colcon_core.package_identification:_identify(src/build-test_tool-Desktop-Debug/ament_pep257) by extension 'ignore_ament_install'
[19.328s] Level 1:colcon.colcon_core.package_identification:_identify(src/build-test_tool-Desktop-Debug/ament_pep257) by extensions ['colcon_pkg']
[19.328s] Level 1:colcon.colcon_core.package_identification:_identify(src/build-test_tool-Desktop-Debug/ament_pep257) by extension 'colcon_pkg'
[19.328s] Level 1:colcon.colcon_core.package_identification:_identify(src/build-test_tool-Desktop-Debug/ament_pep257) by extensions ['colcon_meta']
[19.328s] Level 1:colcon.colcon_core.package_identification:_identify(src/build-test_tool-Desktop-Debug/ament_pep257) by extension 'colcon_meta'
[19.328s] Level 1:colcon.colcon_core.package_identification:_identify(src/build-test_tool-Desktop-Debug/ament_pep257) by extensions ['ros']
[19.328s] Level 1:colcon.colcon_core.package_identification:_identify(src/build-test_tool-Desktop-Debug/ament_pep257) by extension 'ros'
[19.328s] Level 1:colcon.colcon_core.package_identification:_identify(src/build-test_tool-Desktop-Debug/ament_pep257) by extensions ['cmake', 'python']
[19.328s] Level 1:colcon.colcon_core.package_identification:_identify(src/build-test_tool-Desktop-Debug/ament_pep257) by extension 'cmake'
[19.328s] Level 1:colcon.colcon_core.package_identification:_identify(src/build-test_tool-Desktop-Debug/ament_pep257) by extension 'python'
[19.329s] Level 1:colcon.colcon_core.package_identification:_identify(src/build-test_tool-Desktop-Debug/ament_pep257) by extensions ['python_setup_py']
[19.329s] Level 1:colcon.colcon_core.package_identification:_identify(src/build-test_tool-Desktop-Debug/ament_pep257) by extension 'python_setup_py'
[19.329s] Level 1:colcon.colcon_core.package_identification:_identify(src/build-test_tool-Desktop-Debug/ament_uncrustify) by extensions ['ignore', 'ignore_ament_install']
[19.329s] Level 1:colcon.colcon_core.package_identification:_identify(src/build-test_tool-Desktop-Debug/ament_uncrustify) by extension 'ignore'
[19.329s] Level 1:colcon.colcon_core.package_identification:_identify(src/build-test_tool-Desktop-Debug/ament_uncrustify) by extension 'ignore_ament_install'
[19.329s] Level 1:colcon.colcon_core.package_identification:_identify(src/build-test_tool-Desktop-Debug/ament_uncrustify) by extensions ['colcon_pkg']
[19.329s] Level 1:colcon.colcon_core.package_identification:_identify(src/build-test_tool-Desktop-Debug/ament_uncrustify) by extension 'colcon_pkg'
[19.329s] Level 1:colcon.colcon_core.package_identification:_identify(src/build-test_tool-Desktop-Debug/ament_uncrustify) by extensions ['colcon_meta']
[19.329s] Level 1:colcon.colcon_core.package_identification:_identify(src/build-test_tool-Desktop-Debug/ament_uncrustify) by extension 'colcon_meta'
[19.329s] Level 1:colcon.colcon_core.package_identification:_identify(src/build-test_tool-Desktop-Debug/ament_uncrustify) by extensions ['ros']
[19.330s] Level 1:colcon.colcon_core.package_identification:_identify(src/build-test_tool-Desktop-Debug/ament_uncrustify) by extension 'ros'
[19.330s] Level 1:colcon.colcon_core.package_identification:_identify(src/build-test_tool-Desktop-Debug/ament_uncrustify) by extensions ['cmake', 'python']
[19.330s] Level 1:colcon.colcon_core.package_identification:_identify(src/build-test_tool-Desktop-Debug/ament_uncrustify) by extension 'cmake'
[19.330s] Level 1:colcon.colcon_core.package_identification:_identify(src/build-test_tool-Desktop-Debug/ament_uncrustify) by extension 'python'
[19.330s] Level 1:colcon.colcon_core.package_identification:_identify(src/build-test_tool-Desktop-Debug/ament_uncrustify) by extensions ['python_setup_py']
[19.330s] Level 1:colcon.colcon_core.package_identification:_identify(src/build-test_tool-Desktop-Debug/ament_uncrustify) by extension 'python_setup_py'
[19.330s] Level 1:colcon.colcon_core.package_identification:_identify(src/build-test_tool-Desktop-Debug/ament_xmllint) by extensions ['ignore', 'ignore_ament_install']
[19.330s] Level 1:colcon.colcon_core.package_identification:_identify(src/build-test_tool-Desktop-Debug/ament_xmllint) by extension 'ignore'
[19.330s] Level 1:colcon.colcon_core.package_identification:_identify(src/build-test_tool-Desktop-Debug/ament_xmllint) by extension 'ignore_ament_install'
[19.330s] Level 1:colcon.colcon_core.package_identification:_identify(src/build-test_tool-Desktop-Debug/ament_xmllint) by extensions ['colcon_pkg']
[19.331s] Level 1:colcon.colcon_core.package_identification:_identify(src/build-test_tool-Desktop-Debug/ament_xmllint) by extension 'colcon_pkg'
[19.331s] Level 1:colcon.colcon_core.package_identification:_identify(src/build-test_tool-Desktop-Debug/ament_xmllint) by extensions ['colcon_meta']
[19.331s] Level 1:colcon.colcon_core.package_identification:_identify(src/build-test_tool-Desktop-Debug/ament_xmllint) by extension 'colcon_meta'
[19.331s] Level 1:colcon.colcon_core.package_identification:_identify(src/build-test_tool-Desktop-Debug/ament_xmllint) by extensions ['ros']
[19.331s] Level 1:colcon.colcon_core.package_identification:_identify(src/build-test_tool-Desktop-Debug/ament_xmllint) by extension 'ros'
[19.331s] Level 1:colcon.colcon_core.package_identification:_identify(src/build-test_tool-Desktop-Debug/ament_xmllint) by extensions ['cmake', 'python']
[19.331s] Level 1:colcon.colcon_core.package_identification:_identify(src/build-test_tool-Desktop-Debug/ament_xmllint) by extension 'cmake'
[19.331s] Level 1:colcon.colcon_core.package_identification:_identify(src/build-test_tool-Desktop-Debug/ament_xmllint) by extension 'python'
[19.331s] Level 1:colcon.colcon_core.package_identification:_identify(src/build-test_tool-Desktop-Debug/ament_xmllint) by extensions ['python_setup_py']
[19.331s] Level 1:colcon.colcon_core.package_identification:_identify(src/build-test_tool-Desktop-Debug/ament_xmllint) by extension 'python_setup_py'
[19.331s] Level 1:colcon.colcon_core.package_identification:_identify(src/build-test_tool-Desktop-Debug/dummy_test_1_autogen) by extensions ['ignore', 'ignore_ament_install']
[19.332s] Level 1:colcon.colcon_core.package_identification:_identify(src/build-test_tool-Desktop-Debug/dummy_test_1_autogen) by extension 'ignore'
[19.332s] Level 1:colcon.colcon_core.package_identification:_identify(src/build-test_tool-Desktop-Debug/dummy_test_1_autogen) by extension 'ignore_ament_install'
[19.332s] Level 1:colcon.colcon_core.package_identification:_identify(src/build-test_tool-Desktop-Debug/dummy_test_1_autogen) by extensions ['colcon_pkg']
[19.332s] Level 1:colcon.colcon_core.package_identification:_identify(src/build-test_tool-Desktop-Debug/dummy_test_1_autogen) by extension 'colcon_pkg'
[19.332s] Level 1:colcon.colcon_core.package_identification:_identify(src/build-test_tool-Desktop-Debug/dummy_test_1_autogen) by extensions ['colcon_meta']
[19.332s] Level 1:colcon.colcon_core.package_identification:_identify(src/build-test_tool-Desktop-Debug/dummy_test_1_autogen) by extension 'colcon_meta'
[19.332s] Level 1:colcon.colcon_core.package_identification:_identify(src/build-test_tool-Desktop-Debug/dummy_test_1_autogen) by extensions ['ros']
[19.332s] Level 1:colcon.colcon_core.package_identification:_identify(src/build-test_tool-Desktop-Debug/dummy_test_1_autogen) by extension 'ros'
[19.332s] Level 1:colcon.colcon_core.package_identification:_identify(src/build-test_tool-Desktop-Debug/dummy_test_1_autogen) by extensions ['cmake', 'python']
[19.332s] Level 1:colcon.colcon_core.package_identification:_identify(src/build-test_tool-Desktop-Debug/dummy_test_1_autogen) by extension 'cmake'
[19.333s] Level 1:colcon.colcon_core.package_identification:_identify(src/build-test_tool-Desktop-Debug/dummy_test_1_autogen) by extension 'python'
[19.333s] Level 1:colcon.colcon_core.package_identification:_identify(src/build-test_tool-Desktop-Debug/dummy_test_1_autogen) by extensions ['python_setup_py']
[19.333s] Level 1:colcon.colcon_core.package_identification:_identify(src/build-test_tool-Desktop-Debug/dummy_test_1_autogen) by extension 'python_setup_py'
[19.333s] Level 1:colcon.colcon_core.package_identification:_identify(src/build-test_tool-Desktop-Debug/dummy_test_1_autogen/include) by extensions ['ignore', 'ignore_ament_install']
[19.333s] Level 1:colcon.colcon_core.package_identification:_identify(src/build-test_tool-Desktop-Debug/dummy_test_1_autogen/include) by extension 'ignore'
[19.333s] Level 1:colcon.colcon_core.package_identification:_identify(src/build-test_tool-Desktop-Debug/dummy_test_1_autogen/include) by extension 'ignore_ament_install'
[19.334s] Level 1:colcon.colcon_core.package_identification:_identify(src/build-test_tool-Desktop-Debug/dummy_test_1_autogen/include) by extensions ['colcon_pkg']
[19.334s] Level 1:colcon.colcon_core.package_identification:_identify(src/build-test_tool-Desktop-Debug/dummy_test_1_autogen/include) by extension 'colcon_pkg'
[19.334s] Level 1:colcon.colcon_core.package_identification:_identify(src/build-test_tool-Desktop-Debug/dummy_test_1_autogen/include) by extensions ['colcon_meta']
[19.334s] Level 1:colcon.colcon_core.package_identification:_identify(src/build-test_tool-Desktop-Debug/dummy_test_1_autogen/include) by extension 'colcon_meta'
[19.334s] Level 1:colcon.colcon_core.package_identification:_identify(src/build-test_tool-Desktop-Debug/dummy_test_1_autogen/include) by extensions ['ros']
[19.334s] Level 1:colcon.colcon_core.package_identification:_identify(src/build-test_tool-Desktop-Debug/dummy_test_1_autogen/include) by extension 'ros'
[19.334s] Level 1:colcon.colcon_core.package_identification:_identify(src/build-test_tool-Desktop-Debug/dummy_test_1_autogen/include) by extensions ['cmake', 'python']
[19.334s] Level 1:colcon.colcon_core.package_identification:_identify(src/build-test_tool-Desktop-Debug/dummy_test_1_autogen/include) by extension 'cmake'
[19.334s] Level 1:colcon.colcon_core.package_identification:_identify(src/build-test_tool-Desktop-Debug/dummy_test_1_autogen/include) by extension 'python'
[19.334s] Level 1:colcon.colcon_core.package_identification:_identify(src/build-test_tool-Desktop-Debug/dummy_test_1_autogen/include) by extensions ['python_setup_py']
[19.334s] Level 1:colcon.colcon_core.package_identification:_identify(src/build-test_tool-Desktop-Debug/dummy_test_1_autogen/include) by extension 'python_setup_py'
[19.335s] Level 1:colcon.colcon_core.package_identification:_identify(src/build-test_tool-Desktop-Debug/dummy_test_autogen) by extensions ['ignore', 'ignore_ament_install']
[19.335s] Level 1:colcon.colcon_core.package_identification:_identify(src/build-test_tool-Desktop-Debug/dummy_test_autogen) by extension 'ignore'
[19.335s] Level 1:colcon.colcon_core.package_identification:_identify(src/build-test_tool-Desktop-Debug/dummy_test_autogen) by extension 'ignore_ament_install'
[19.335s] Level 1:colcon.colcon_core.package_identification:_identify(src/build-test_tool-Desktop-Debug/dummy_test_autogen) by extensions ['colcon_pkg']
[19.335s] Level 1:colcon.colcon_core.package_identification:_identify(src/build-test_tool-Desktop-Debug/dummy_test_autogen) by extension 'colcon_pkg'
[19.335s] Level 1:colcon.colcon_core.package_identification:_identify(src/build-test_tool-Desktop-Debug/dummy_test_autogen) by extensions ['colcon_meta']
[19.335s] Level 1:colcon.colcon_core.package_identification:_identify(src/build-test_tool-Desktop-Debug/dummy_test_autogen) by extension 'colcon_meta'
[19.336s] Level 1:colcon.colcon_core.package_identification:_identify(src/build-test_tool-Desktop-Debug/dummy_test_autogen) by extensions ['ros']
[19.336s] Level 1:colcon.colcon_core.package_identification:_identify(src/build-test_tool-Desktop-Debug/dummy_test_autogen) by extension 'ros'
[19.336s] Level 1:colcon.colcon_core.package_identification:_identify(src/build-test_tool-Desktop-Debug/dummy_test_autogen) by extensions ['cmake', 'python']
[19.336s] Level 1:colcon.colcon_core.package_identification:_identify(src/build-test_tool-Desktop-Debug/dummy_test_autogen) by extension 'cmake'
[19.336s] Level 1:colcon.colcon_core.package_identification:_identify(src/build-test_tool-Desktop-Debug/dummy_test_autogen) by extension 'python'
[19.336s] Level 1:colcon.colcon_core.package_identification:_identify(src/build-test_tool-Desktop-Debug/dummy_test_autogen) by extensions ['python_setup_py']
[19.337s] Level 1:colcon.colcon_core.package_identification:_identify(src/build-test_tool-Desktop-Debug/dummy_test_autogen) by extension 'python_setup_py'
[19.337s] Level 1:colcon.colcon_core.package_identification:_identify(src/build-test_tool-Desktop-Debug/dummy_test_autogen/include) by extensions ['ignore', 'ignore_ament_install']
[19.337s] Level 1:colcon.colcon_core.package_identification:_identify(src/build-test_tool-Desktop-Debug/dummy_test_autogen/include) by extension 'ignore'
[19.337s] Level 1:colcon.colcon_core.package_identification:_identify(src/build-test_tool-Desktop-Debug/dummy_test_autogen/include) by extension 'ignore_ament_install'
[19.337s] Level 1:colcon.colcon_core.package_identification:_identify(src/build-test_tool-Desktop-Debug/dummy_test_autogen/include) by extensions ['colcon_pkg']
[19.337s] Level 1:colcon.colcon_core.package_identification:_identify(src/build-test_tool-Desktop-Debug/dummy_test_autogen/include) by extension 'colcon_pkg'
[19.338s] Level 1:colcon.colcon_core.package_identification:_identify(src/build-test_tool-Desktop-Debug/dummy_test_autogen/include) by extensions ['colcon_meta']
[19.338s] Level 1:colcon.colcon_core.package_identification:_identify(src/build-test_tool-Desktop-Debug/dummy_test_autogen/include) by extension 'colcon_meta'
[19.338s] Level 1:colcon.colcon_core.package_identification:_identify(src/build-test_tool-Desktop-Debug/dummy_test_autogen/include) by extensions ['ros']
[19.338s] Level 1:colcon.colcon_core.package_identification:_identify(src/build-test_tool-Desktop-Debug/dummy_test_autogen/include) by extension 'ros'
[19.338s] Level 1:colcon.colcon_core.package_identification:_identify(src/build-test_tool-Desktop-Debug/dummy_test_autogen/include) by extensions ['cmake', 'python']
[19.338s] Level 1:colcon.colcon_core.package_identification:_identify(src/build-test_tool-Desktop-Debug/dummy_test_autogen/include) by extension 'cmake'
[19.338s] Level 1:colcon.colcon_core.package_identification:_identify(src/build-test_tool-Desktop-Debug/dummy_test_autogen/include) by extension 'python'
[19.338s] Level 1:colcon.colcon_core.package_identification:_identify(src/build-test_tool-Desktop-Debug/dummy_test_autogen/include) by extensions ['python_setup_py']
[19.338s] Level 1:colcon.colcon_core.package_identification:_identify(src/build-test_tool-Desktop-Debug/dummy_test_autogen/include) by extension 'python_setup_py'
[19.339s] Level 1:colcon.colcon_core.package_identification:_identify(src/build-test_tool-Desktop-Debug/lidar_node_autogen) by extensions ['ignore', 'ignore_ament_install']
[19.339s] Level 1:colcon.colcon_core.package_identification:_identify(src/build-test_tool-Desktop-Debug/lidar_node_autogen) by extension 'ignore'
[19.339s] Level 1:colcon.colcon_core.package_identification:_identify(src/build-test_tool-Desktop-Debug/lidar_node_autogen) by extension 'ignore_ament_install'
[19.339s] Level 1:colcon.colcon_core.package_identification:_identify(src/build-test_tool-Desktop-Debug/lidar_node_autogen) by extensions ['colcon_pkg']
[19.340s] Level 1:colcon.colcon_core.package_identification:_identify(src/build-test_tool-Desktop-Debug/lidar_node_autogen) by extension 'colcon_pkg'
[19.340s] Level 1:colcon.colcon_core.package_identification:_identify(src/build-test_tool-Desktop-Debug/lidar_node_autogen) by extensions ['colcon_meta']
[19.340s] Level 1:colcon.colcon_core.package_identification:_identify(src/build-test_tool-Desktop-Debug/lidar_node_autogen) by extension 'colcon_meta'
[19.340s] Level 1:colcon.colcon_core.package_identification:_identify(src/build-test_tool-Desktop-Debug/lidar_node_autogen) by extensions ['ros']
[19.340s] Level 1:colcon.colcon_core.package_identification:_identify(src/build-test_tool-Desktop-Debug/lidar_node_autogen) by extension 'ros'
[19.340s] Level 1:colcon.colcon_core.package_identification:_identify(src/build-test_tool-Desktop-Debug/lidar_node_autogen) by extensions ['cmake', 'python']
[19.340s] Level 1:colcon.colcon_core.package_identification:_identify(src/build-test_tool-Desktop-Debug/lidar_node_autogen) by extension 'cmake'
[19.340s] Level 1:colcon.colcon_core.package_identification:_identify(src/build-test_tool-Desktop-Debug/lidar_node_autogen) by extension 'python'
[19.340s] Level 1:colcon.colcon_core.package_identification:_identify(src/build-test_tool-Desktop-Debug/lidar_node_autogen) by extensions ['python_setup_py']
[19.341s] Level 1:colcon.colcon_core.package_identification:_identify(src/build-test_tool-Desktop-Debug/lidar_node_autogen) by extension 'python_setup_py'
[19.341s] Level 1:colcon.colcon_core.package_identification:_identify(src/build-test_tool-Desktop-Debug/test_tool_autogen) by extensions ['ignore', 'ignore_ament_install']
[19.341s] Level 1:colcon.colcon_core.package_identification:_identify(src/build-test_tool-Desktop-Debug/test_tool_autogen) by extension 'ignore'
[19.341s] Level 1:colcon.colcon_core.package_identification:_identify(src/build-test_tool-Desktop-Debug/test_tool_autogen) by extension 'ignore_ament_install'
[19.341s] Level 1:colcon.colcon_core.package_identification:_identify(src/build-test_tool-Desktop-Debug/test_tool_autogen) by extensions ['colcon_pkg']
[19.341s] Level 1:colcon.colcon_core.package_identification:_identify(src/build-test_tool-Desktop-Debug/test_tool_autogen) by extension 'colcon_pkg'
[19.342s] Level 1:colcon.colcon_core.package_identification:_identify(src/build-test_tool-Desktop-Debug/test_tool_autogen) by extensions ['colcon_meta']
[19.342s] Level 1:colcon.colcon_core.package_identification:_identify(src/build-test_tool-Desktop-Debug/test_tool_autogen) by extension 'colcon_meta'
[19.342s] Level 1:colcon.colcon_core.package_identification:_identify(src/build-test_tool-Desktop-Debug/test_tool_autogen) by extensions ['ros']
[19.342s] Level 1:colcon.colcon_core.package_identification:_identify(src/build-test_tool-Desktop-Debug/test_tool_autogen) by extension 'ros'
[19.342s] Level 1:colcon.colcon_core.package_identification:_identify(src/build-test_tool-Desktop-Debug/test_tool_autogen) by extensions ['cmake', 'python']
[19.342s] Level 1:colcon.colcon_core.package_identification:_identify(src/build-test_tool-Desktop-Debug/test_tool_autogen) by extension 'cmake'
[19.343s] Level 1:colcon.colcon_core.package_identification:_identify(src/build-test_tool-Desktop-Debug/test_tool_autogen) by extension 'python'
[19.343s] Level 1:colcon.colcon_core.package_identification:_identify(src/build-test_tool-Desktop-Debug/test_tool_autogen) by extensions ['python_setup_py']
[19.343s] Level 1:colcon.colcon_core.package_identification:_identify(src/build-test_tool-Desktop-Debug/test_tool_autogen) by extension 'python_setup_py'
[19.343s] Level 1:colcon.colcon_core.package_identification:_identify(src/build-test_tool-Desktop-Debug/test_tool_autogen/TSGLY7GWS2) by extensions ['ignore', 'ignore_ament_install']
[19.343s] Level 1:colcon.colcon_core.package_identification:_identify(src/build-test_tool-Desktop-Debug/test_tool_autogen/TSGLY7GWS2) by extension 'ignore'
[19.344s] Level 1:colcon.colcon_core.package_identification:_identify(src/build-test_tool-Desktop-Debug/test_tool_autogen/TSGLY7GWS2) by extension 'ignore_ament_install'
[19.344s] Level 1:colcon.colcon_core.package_identification:_identify(src/build-test_tool-Desktop-Debug/test_tool_autogen/TSGLY7GWS2) by extensions ['colcon_pkg']
[19.344s] Level 1:colcon.colcon_core.package_identification:_identify(src/build-test_tool-Desktop-Debug/test_tool_autogen/TSGLY7GWS2) by extension 'colcon_pkg'
[19.344s] Level 1:colcon.colcon_core.package_identification:_identify(src/build-test_tool-Desktop-Debug/test_tool_autogen/TSGLY7GWS2) by extensions ['colcon_meta']
[19.344s] Level 1:colcon.colcon_core.package_identification:_identify(src/build-test_tool-Desktop-Debug/test_tool_autogen/TSGLY7GWS2) by extension 'colcon_meta'
[19.344s] Level 1:colcon.colcon_core.package_identification:_identify(src/build-test_tool-Desktop-Debug/test_tool_autogen/TSGLY7GWS2) by extensions ['ros']
[19.345s] Level 1:colcon.colcon_core.package_identification:_identify(src/build-test_tool-Desktop-Debug/test_tool_autogen/TSGLY7GWS2) by extension 'ros'
[19.345s] Level 1:colcon.colcon_core.package_identification:_identify(src/build-test_tool-Desktop-Debug/test_tool_autogen/TSGLY7GWS2) by extensions ['cmake', 'python']
[19.345s] Level 1:colcon.colcon_core.package_identification:_identify(src/build-test_tool-Desktop-Debug/test_tool_autogen/TSGLY7GWS2) by extension 'cmake'
[19.345s] Level 1:colcon.colcon_core.package_identification:_identify(src/build-test_tool-Desktop-Debug/test_tool_autogen/TSGLY7GWS2) by extension 'python'
[19.345s] Level 1:colcon.colcon_core.package_identification:_identify(src/build-test_tool-Desktop-Debug/test_tool_autogen/TSGLY7GWS2) by extensions ['python_setup_py']
[19.345s] Level 1:colcon.colcon_core.package_identification:_identify(src/build-test_tool-Desktop-Debug/test_tool_autogen/TSGLY7GWS2) by extension 'python_setup_py'
[19.346s] Level 1:colcon.colcon_core.package_identification:_identify(src/build-test_tool-Desktop-Debug/test_tool_autogen/include) by extensions ['ignore', 'ignore_ament_install']
[19.346s] Level 1:colcon.colcon_core.package_identification:_identify(src/build-test_tool-Desktop-Debug/test_tool_autogen/include) by extension 'ignore'
[19.346s] Level 1:colcon.colcon_core.package_identification:_identify(src/build-test_tool-Desktop-Debug/test_tool_autogen/include) by extension 'ignore_ament_install'
[19.346s] Level 1:colcon.colcon_core.package_identification:_identify(src/build-test_tool-Desktop-Debug/test_tool_autogen/include) by extensions ['colcon_pkg']
[19.346s] Level 1:colcon.colcon_core.package_identification:_identify(src/build-test_tool-Desktop-Debug/test_tool_autogen/include) by extension 'colcon_pkg'
[19.347s] Level 1:colcon.colcon_core.package_identification:_identify(src/build-test_tool-Desktop-Debug/test_tool_autogen/include) by extensions ['colcon_meta']
[19.347s] Level 1:colcon.colcon_core.package_identification:_identify(src/build-test_tool-Desktop-Debug/test_tool_autogen/include) by extension 'colcon_meta'
[19.347s] Level 1:colcon.colcon_core.package_identification:_identify(src/build-test_tool-Desktop-Debug/test_tool_autogen/include) by extensions ['ros']
[19.347s] Level 1:colcon.colcon_core.package_identification:_identify(src/build-test_tool-Desktop-Debug/test_tool_autogen/include) by extension 'ros'
[19.347s] Level 1:colcon.colcon_core.package_identification:_identify(src/build-test_tool-Desktop-Debug/test_tool_autogen/include) by extensions ['cmake', 'python']
[19.347s] Level 1:colcon.colcon_core.package_identification:_identify(src/build-test_tool-Desktop-Debug/test_tool_autogen/include) by extension 'cmake'
[19.347s] Level 1:colcon.colcon_core.package_identification:_identify(src/build-test_tool-Desktop-Debug/test_tool_autogen/include) by extension 'python'
[19.348s] Level 1:colcon.colcon_core.package_identification:_identify(src/build-test_tool-Desktop-Debug/test_tool_autogen/include) by extensions ['python_setup_py']
[19.348s] Level 1:colcon.colcon_core.package_identification:_identify(src/build-test_tool-Desktop-Debug/test_tool_autogen/include) by extension 'python_setup_py'
[19.348s] Level 1:colcon.colcon_core.package_identification:_identify(src/test_tool) by extensions ['ignore', 'ignore_ament_install']
[19.348s] Level 1:colcon.colcon_core.package_identification:_identify(src/test_tool) by extension 'ignore'
[19.349s] Level 1:colcon.colcon_core.package_identification:_identify(src/test_tool) by extension 'ignore_ament_install'
[19.349s] Level 1:colcon.colcon_core.package_identification:_identify(src/test_tool) by extensions ['colcon_pkg']
[19.349s] Level 1:colcon.colcon_core.package_identification:_identify(src/test_tool) by extension 'colcon_pkg'
[19.349s] Level 1:colcon.colcon_core.package_identification:_identify(src/test_tool) by extensions ['colcon_meta']
[19.349s] Level 1:colcon.colcon_core.package_identification:_identify(src/test_tool) by extension 'colcon_meta'
[19.349s] Level 1:colcon.colcon_core.package_identification:_identify(src/test_tool) by extensions ['ros']
[19.349s] Level 1:colcon.colcon_core.package_identification:_identify(src/test_tool) by extension 'ros'
[19.357s] DEBUG:colcon.colcon_core.package_identification:Package 'src/test_tool' with type 'ros.ament_cmake' and name 'test_tool'
[19.358s] Level 1:colcon.colcon_core.package_discovery:discover_packages(recursive) using defaults
[19.358s] Level 1:colcon.colcon_core.package_discovery:discover_packages(ignore) discover
[19.358s] Level 1:colcon.colcon_core.package_discovery:discover_packages(ignore) using defaults
[19.358s] Level 1:colcon.colcon_core.package_discovery:discover_packages(path) discover
[19.358s] Level 1:colcon.colcon_core.package_discovery:discover_packages(path) using defaults
[0.697s] Level 1:colcon.colcon_core.package_discovery:discover_packages(prefix_path) check parameters
[0.704s] Level 1:colcon.colcon_core.package_discovery:discover_packages(prefix_path) discover
[0.707s] DEBUG:colcon.colcon_installed_package_information.package_discovery:Found 1 installed packages in /home/maddy/iris_test_tool/install
[0.712s] DEBUG:colcon.colcon_installed_package_information.package_discovery:Found 339 installed packages in /opt/ros/humble
[0.717s] Level 1:colcon.colcon_core.package_discovery:discover_packages(prefix_path) using defaults
[0.802s] Level 5:colcon.colcon_core.verb:set package 'test_tool' build argument 'cmake_args' from command line to '['-DCMAKE_BUILD_TYPE=Debug']'
[0.802s] Level 5:colcon.colcon_core.verb:set package 'test_tool' build argument 'cmake_target' from command line to 'None'
[0.803s] Level 5:colcon.colcon_core.verb:set package 'test_tool' build argument 'cmake_target_skip_unavailable' from command line to 'False'
[0.803s] Level 5:colcon.colcon_core.verb:set package 'test_tool' build argument 'cmake_clean_cache' from command line to 'False'
[0.803s] Level 5:colcon.colcon_core.verb:set package 'test_tool' build argument 'cmake_clean_first' from command line to 'False'
[0.803s] Level 5:colcon.colcon_core.verb:set package 'test_tool' build argument 'cmake_force_configure' from command line to 'False'
[0.803s] Level 5:colcon.colcon_core.verb:set package 'test_tool' build argument 'ament_cmake_args' from command line to 'None'
[0.803s] Level 5:colcon.colcon_core.verb:set package 'test_tool' build argument 'catkin_cmake_args' from command line to 'None'
[0.803s] Level 5:colcon.colcon_core.verb:set package 'test_tool' build argument 'catkin_skip_building_tests' from command line to 'False'
[0.803s] DEBUG:colcon.colcon_core.verb:Building package 'test_tool' with the following arguments: {'ament_cmake_args': None, 'build_base': '/home/maddy/iris_test_tool/build/test_tool', 'catkin_cmake_args': None, 'catkin_skip_building_tests': False, 'cmake_args': ['-DCMAKE_BUILD_TYPE=Debug'], 'cmake_clean_cache': False, 'cmake_clean_first': False, 'cmake_force_configure': False, 'cmake_target': None, 'cmake_target_skip_unavailable': False, 'install_base': '/home/maddy/iris_test_tool/install/test_tool', 'merge_install': False, 'path': '/home/maddy/iris_test_tool/src/test_tool', 'symlink_install': False, 'test_result_base': None}
[0.803s] INFO:colcon.colcon_core.executor:Executing jobs using 'parallel' executor
[0.805s] DEBUG:colcon.colcon_parallel_executor.executor.parallel:run_until_complete
[0.805s] INFO:colcon.colcon_ros.task.ament_cmake.build:Building ROS package in '/home/maddy/iris_test_tool/src/test_tool' with build type 'ament_cmake'
[0.805s] INFO:colcon.colcon_cmake.task.cmake.build:Building CMake package in '/home/maddy/iris_test_tool/src/test_tool'
[0.809s] INFO:colcon.colcon_core.plugin_system:Skipping extension 'colcon_core.shell.bat': Not used on non-Windows systems
[0.809s] INFO:colcon.colcon_core.shell:Skip shell extension 'powershell' for command environment: Not usable outside of PowerShell
[0.810s] DEBUG:colcon.colcon_core.shell:Skip shell extension 'dsv' for command environment
[0.826s] DEBUG:colcon.colcon_core.event_handler.log_command:Invoking command in '/home/maddy/iris_test_tool/build/test_tool': CMAKE_PREFIX_PATH=${CMAKE_PREFIX_PATH}:/opt/ros/humble /usr/bin/cmake --build /home/maddy/iris_test_tool/build/test_tool -- -j8 -l8
[17.613s] DEBUG:colcon.colcon_core.event_handler.log_command:Invoked command in '/home/maddy/iris_test_tool/build/test_tool' returned '0': CMAKE_PREFIX_PATH=${CMAKE_PREFIX_PATH}:/opt/ros/humble /usr/bin/cmake --build /home/maddy/iris_test_tool/build/test_tool -- -j8 -l8
[17.626s] DEBUG:colcon.colcon_core.event_handler.log_command:Invoking command in '/home/maddy/iris_test_tool/build/test_tool': CMAKE_PREFIX_PATH=${CMAKE_PREFIX_PATH}:/opt/ros/humble /usr/bin/cmake --install /home/maddy/iris_test_tool/build/test_tool
[17.666s] Level 1:colcon.colcon_core.environment:create_environment_scripts_only(test_tool)
[17.667s] DEBUG:colcon.colcon_core.event_handler.log_command:Invoked command in '/home/maddy/iris_test_tool/build/test_tool' returned '0': CMAKE_PREFIX_PATH=${CMAKE_PREFIX_PATH}:/opt/ros/humble /usr/bin/cmake --install /home/maddy/iris_test_tool/build/test_tool
[17.670s] Level 1:colcon.colcon_core.environment:checking '/home/maddy/iris_test_tool/install/test_tool' for CMake module files
[17.671s] Level 1:colcon.colcon_core.environment:checking '/home/maddy/iris_test_tool/install/test_tool' for CMake config files
[17.671s] Level 1:colcon.colcon_core.shell:create_environment_hook('test_tool', 'cmake_prefix_path')
[17.672s] INFO:colcon.colcon_core.shell:Creating environment hook '/home/maddy/iris_test_tool/install/test_tool/share/test_tool/hook/cmake_prefix_path.ps1'
[17.672s] INFO:colcon.colcon_core.shell:Creating environment descriptor '/home/maddy/iris_test_tool/install/test_tool/share/test_tool/hook/cmake_prefix_path.dsv'
[17.673s] INFO:colcon.colcon_core.shell:Creating environment hook '/home/maddy/iris_test_tool/install/test_tool/share/test_tool/hook/cmake_prefix_path.sh'
[17.674s] Level 1:colcon.colcon_core.environment:checking '/home/maddy/iris_test_tool/install/test_tool/lib'
[17.674s] Level 1:colcon.colcon_core.environment:checking '/home/maddy/iris_test_tool/install/test_tool/bin'
[17.674s] Level 1:colcon.colcon_core.environment:checking '/home/maddy/iris_test_tool/install/test_tool/lib/pkgconfig/test_tool.pc'
[17.675s] Level 1:colcon.colcon_core.environment:checking '/home/maddy/iris_test_tool/install/test_tool/lib/python3.10/site-packages'
[17.675s] Level 1:colcon.colcon_core.environment:checking '/home/maddy/iris_test_tool/install/test_tool/bin'
[17.676s] INFO:colcon.colcon_core.shell:Creating package script '/home/maddy/iris_test_tool/install/test_tool/share/test_tool/package.ps1'
[17.677s] INFO:colcon.colcon_core.shell:Creating package descriptor '/home/maddy/iris_test_tool/install/test_tool/share/test_tool/package.dsv'
[17.677s] INFO:colcon.colcon_core.shell:Creating package script '/home/maddy/iris_test_tool/install/test_tool/share/test_tool/package.sh'
[17.678s] INFO:colcon.colcon_core.shell:Creating package script '/home/maddy/iris_test_tool/install/test_tool/share/test_tool/package.bash'
[17.679s] INFO:colcon.colcon_core.shell:Creating package script '/home/maddy/iris_test_tool/install/test_tool/share/test_tool/package.zsh'
[17.680s] Level 1:colcon.colcon_core.environment:create_file_with_runtime_dependencies(/home/maddy/iris_test_tool/install/test_tool/share/colcon-core/packages/test_tool)
[17.681s] Level 1:colcon.colcon_core.environment:create_environment_scripts_only(test_tool)
[17.681s] Level 1:colcon.colcon_core.environment:checking '/home/maddy/iris_test_tool/install/test_tool' for CMake module files
[17.682s] Level 1:colcon.colcon_core.environment:checking '/home/maddy/iris_test_tool/install/test_tool' for CMake config files
[17.682s] Level 1:colcon.colcon_core.shell:create_environment_hook('test_tool', 'cmake_prefix_path')
[17.683s] INFO:colcon.colcon_core.shell:Creating environment hook '/home/maddy/iris_test_tool/install/test_tool/share/test_tool/hook/cmake_prefix_path.ps1'
[17.683s] INFO:colcon.colcon_core.shell:Creating environment descriptor '/home/maddy/iris_test_tool/install/test_tool/share/test_tool/hook/cmake_prefix_path.dsv'
[17.684s] INFO:colcon.colcon_core.shell:Creating environment hook '/home/maddy/iris_test_tool/install/test_tool/share/test_tool/hook/cmake_prefix_path.sh'
[17.684s] Level 1:colcon.colcon_core.environment:checking '/home/maddy/iris_test_tool/install/test_tool/lib'
[17.685s] Level 1:colcon.colcon_core.environment:checking '/home/maddy/iris_test_tool/install/test_tool/bin'
[17.685s] Level 1:colcon.colcon_core.environment:checking '/home/maddy/iris_test_tool/install/test_tool/lib/pkgconfig/test_tool.pc'
[17.685s] Level 1:colcon.colcon_core.environment:checking '/home/maddy/iris_test_tool/install/test_tool/lib/python3.10/site-packages'
[17.685s] Level 1:colcon.colcon_core.environment:checking '/home/maddy/iris_test_tool/install/test_tool/bin'
[17.686s] INFO:colcon.colcon_core.shell:Creating package script '/home/maddy/iris_test_tool/install/test_tool/share/test_tool/package.ps1'
[17.687s] INFO:colcon.colcon_core.shell:Creating package descriptor '/home/maddy/iris_test_tool/install/test_tool/share/test_tool/package.dsv'
[17.687s] INFO:colcon.colcon_core.shell:Creating package script '/home/maddy/iris_test_tool/install/test_tool/share/test_tool/package.sh'
[17.688s] INFO:colcon.colcon_core.shell:Creating package script '/home/maddy/iris_test_tool/install/test_tool/share/test_tool/package.bash'
[17.688s] INFO:colcon.colcon_core.shell:Creating package script '/home/maddy/iris_test_tool/install/test_tool/share/test_tool/package.zsh'
[17.689s] Level 1:colcon.colcon_core.environment:create_file_with_runtime_dependencies(/home/maddy/iris_test_tool/install/test_tool/share/colcon-core/packages/test_tool)
[17.689s] DEBUG:colcon.colcon_parallel_executor.executor.parallel:closing loop
[17.690s] DEBUG:colcon.colcon_parallel_executor.executor.parallel:loop closed
[17.690s] DEBUG:colcon.colcon_parallel_executor.executor.parallel:run_until_complete finished with '0'
[17.690s] DEBUG:colcon.colcon_core.event_reactor:joining thread
[17.757s] INFO:colcon.colcon_core.plugin_system:Skipping extension 'colcon_notification.desktop_notification.notify_send': Could not find 'notify-send'
[17.757s] INFO:colcon.colcon_core.plugin_system:Skipping extension 'colcon_notification.desktop_notification.terminal_notifier': Not used on non-Darwin systems
[17.757s] INFO:colcon.colcon_core.plugin_system:Skipping extension 'colcon_notification.desktop_notification.win32': Not used on non-Windows systems
[17.757s] INFO:colcon.colcon_notification.desktop_notification:Sending desktop notification using 'notify2'
[17.758s] DEBUG:colcon.colcon_notification.desktop_notification.notify2:Failed to initialize notify2: org.freedesktop.DBus.Error.FileNotFound: Failed to connect to socket /run/user/1000/bus: No such file or directory
[17.758s] DEBUG:colcon.colcon_core.event_reactor:joined thread
[17.758s] INFO:colcon.colcon_core.shell:Creating prefix script '/home/maddy/iris_test_tool/install/local_setup.ps1'
[17.759s] INFO:colcon.colcon_core.shell:Creating prefix util module '/home/maddy/iris_test_tool/install/_local_setup_util_ps1.py'
[17.761s] INFO:colcon.colcon_core.shell:Creating prefix chain script '/home/maddy/iris_test_tool/install/setup.ps1'
[17.762s] INFO:colcon.colcon_core.shell:Creating prefix script '/home/maddy/iris_test_tool/install/local_setup.sh'
[17.763s] INFO:colcon.colcon_core.shell:Creating prefix util module '/home/maddy/iris_test_tool/install/_local_setup_util_sh.py'
[17.764s] INFO:colcon.colcon_core.shell:Creating prefix chain script '/home/maddy/iris_test_tool/install/setup.sh'
[17.765s] INFO:colcon.colcon_core.shell:Creating prefix script '/home/maddy/iris_test_tool/install/local_setup.bash'
[17.766s] INFO:colcon.colcon_core.shell:Creating prefix chain script '/home/maddy/iris_test_tool/install/setup.bash'
[17.767s] INFO:colcon.colcon_core.shell:Creating prefix script '/home/maddy/iris_test_tool/install/local_setup.zsh'
[17.768s] INFO:colcon.colcon_core.shell:Creating prefix chain script '/home/maddy/iris_test_tool/install/setup.zsh'
