[0.463s] DEBUG:colcon:Command line arguments: ['/usr/bin/colcon', 'build']
[0.463s] DEBUG:colcon:Parsed command line arguments: Namespace(log_base=None, log_level=None, verb_name='build', build_base='build', install_base='install', merge_install=False, symlink_install=False, test_result_base=None, continue_on_error=False, executor='parallel', parallel_workers=8, event_handlers=None, ignore_user_meta=False, metas=['./colcon.meta'], base_paths=['.'], packages_ignore=None, packages_ignore_regex=None, paths=None, packages_up_to=None, packages_up_to_regex=None, packages_above=None, packages_above_and_dependencies=None, packages_above_depth=None, packages_select_by_dep=None, packages_skip_by_dep=None, packages_skip_up_to=None, packages_select_build_failed=False, packages_skip_build_finished=False, packages_select_test_failures=False, packages_skip_test_passed=False, packages_select=None, packages_skip=None, packages_select_regex=None, packages_skip_regex=None, packages_start=None, packages_end=None, allow_overriding=[], cmake_args=None, cmake_target=None, cmake_target_skip_unavailable=False, cmake_clean_cache=False, cmake_clean_first=False, cmake_force_configure=False, ament_cmake_args=None, catkin_cmake_args=None, catkin_skip_building_tests=False, verb_parser=<colcon_defaults.argument_parser.defaults.DefaultArgumentsDecorator object at 0x7b2da441bcd0>, verb_extension=<colcon_core.verb.build.BuildVerb object at 0x7b2da4561060>, main=<bound method BuildVerb.main of <colcon_core.verb.build.BuildVerb object at 0x7b2da4561060>>)
[0.947s] Level 1:colcon.colcon_core.package_discovery:discover_packages(colcon_meta) check parameters
[0.948s] Level 1:colcon.colcon_core.package_discovery:discover_packages(recursive) check parameters
[0.948s] Level 1:colcon.colcon_core.package_discovery:discover_packages(ignore) check parameters
[0.948s] Level 1:colcon.colcon_core.package_discovery:discover_packages(path) check parameters
[0.948s] Level 1:colcon.colcon_core.package_discovery:discover_packages(colcon_meta) discover
[0.948s] Level 1:colcon.colcon_core.package_discovery:discover_packages(recursive) discover
[0.948s] INFO:colcon.colcon_core.package_discovery:Crawling recursively for packages in '/home/maddy/iris_test_tool'
[0.949s] Level 1:colcon.colcon_core.package_identification:_identify(.) by extensions ['ignore', 'ignore_ament_install']
[0.949s] Level 1:colcon.colcon_core.package_identification:_identify(.) by extension 'ignore'
[0.949s] Level 1:colcon.colcon_core.package_identification:_identify(.) by extension 'ignore_ament_install'
[0.950s] Level 1:colcon.colcon_core.package_identification:_identify(.) by extensions ['colcon_pkg']
[0.950s] Level 1:colcon.colcon_core.package_identification:_identify(.) by extension 'colcon_pkg'
[0.950s] Level 1:colcon.colcon_core.package_identification:_identify(.) by extensions ['colcon_meta']
[0.950s] Level 1:colcon.colcon_core.package_identification:_identify(.) by extension 'colcon_meta'
[0.951s] Level 1:colcon.colcon_core.package_identification:_identify(.) by extensions ['ros']
[0.952s] Level 1:colcon.colcon_core.package_identification:_identify(.) by extension 'ros'
[0.982s] Level 1:colcon.colcon_core.package_identification:_identify(.) by extensions ['cmake', 'python']
[0.982s] Level 1:colcon.colcon_core.package_identification:_identify(.) by extension 'cmake'
[0.983s] Level 1:colcon.colcon_core.package_identification:_identify(.) by extension 'python'
[0.983s] Level 1:colcon.colcon_core.package_identification:_identify(.) by extensions ['python_setup_py']
[0.983s] Level 1:colcon.colcon_core.package_identification:_identify(.) by extension 'python_setup_py'
[0.983s] Level 1:colcon.colcon_core.package_identification:_identify(build) by extensions ['ignore', 'ignore_ament_install']
[0.983s] Level 1:colcon.colcon_core.package_identification:_identify(build) by extension 'ignore'
[0.984s] Level 1:colcon.colcon_core.package_identification:_identify(build) ignored
[0.984s] Level 1:colcon.colcon_core.package_identification:_identify(install) by extensions ['ignore', 'ignore_ament_install']
[0.984s] Level 1:colcon.colcon_core.package_identification:_identify(install) by extension 'ignore'
[0.985s] Level 1:colcon.colcon_core.package_identification:_identify(install) ignored
[0.985s] Level 1:colcon.colcon_core.package_identification:_identify(log) by extensions ['ignore', 'ignore_ament_install']
[0.985s] Level 1:colcon.colcon_core.package_identification:_identify(log) by extension 'ignore'
[0.985s] Level 1:colcon.colcon_core.package_identification:_identify(log) ignored
[0.986s] Level 1:colcon.colcon_core.package_identification:_identify(picturees) by extensions ['ignore', 'ignore_ament_install']
[0.986s] Level 1:colcon.colcon_core.package_identification:_identify(picturees) by extension 'ignore'
[0.986s] Level 1:colcon.colcon_core.package_identification:_identify(picturees) by extension 'ignore_ament_install'
[0.987s] Level 1:colcon.colcon_core.package_identification:_identify(picturees) by extensions ['colcon_pkg']
[0.987s] Level 1:colcon.colcon_core.package_identification:_identify(picturees) by extension 'colcon_pkg'
[0.987s] Level 1:colcon.colcon_core.package_identification:_identify(picturees) by extensions ['colcon_meta']
[0.987s] Level 1:colcon.colcon_core.package_identification:_identify(picturees) by extension 'colcon_meta'
[0.987s] Level 1:colcon.colcon_core.package_identification:_identify(picturees) by extensions ['ros']
[0.987s] Level 1:colcon.colcon_core.package_identification:_identify(picturees) by extension 'ros'
[0.987s] Level 1:colcon.colcon_core.package_identification:_identify(picturees) by extensions ['cmake', 'python']
[0.988s] Level 1:colcon.colcon_core.package_identification:_identify(picturees) by extension 'cmake'
[0.988s] Level 1:colcon.colcon_core.package_identification:_identify(picturees) by extension 'python'
[0.988s] Level 1:colcon.colcon_core.package_identification:_identify(picturees) by extensions ['python_setup_py']
[0.988s] Level 1:colcon.colcon_core.package_identification:_identify(picturees) by extension 'python_setup_py'
[0.989s] Level 1:colcon.colcon_core.package_identification:_identify(src) by extensions ['ignore', 'ignore_ament_install']
[0.989s] Level 1:colcon.colcon_core.package_identification:_identify(src) by extension 'ignore'
[0.989s] Level 1:colcon.colcon_core.package_identification:_identify(src) by extension 'ignore_ament_install'
[0.989s] Level 1:colcon.colcon_core.package_identification:_identify(src) by extensions ['colcon_pkg']
[0.989s] Level 1:colcon.colcon_core.package_identification:_identify(src) by extension 'colcon_pkg'
[0.989s] Level 1:colcon.colcon_core.package_identification:_identify(src) by extensions ['colcon_meta']
[0.989s] Level 1:colcon.colcon_core.package_identification:_identify(src) by extension 'colcon_meta'
[0.989s] Level 1:colcon.colcon_core.package_identification:_identify(src) by extensions ['ros']
[0.990s] Level 1:colcon.colcon_core.package_identification:_identify(src) by extension 'ros'
[0.990s] Level 1:colcon.colcon_core.package_identification:_identify(src) by extensions ['cmake', 'python']
[0.990s] Level 1:colcon.colcon_core.package_identification:_identify(src) by extension 'cmake'
[0.990s] Level 1:colcon.colcon_core.package_identification:_identify(src) by extension 'python'
[0.990s] Level 1:colcon.colcon_core.package_identification:_identify(src) by extensions ['python_setup_py']
[0.990s] Level 1:colcon.colcon_core.package_identification:_identify(src) by extension 'python_setup_py'
[0.990s] Level 1:colcon.colcon_core.package_identification:_identify(src/build-test_tool-Desktop-Debug) by extensions ['ignore', 'ignore_ament_install']
[0.991s] Level 1:colcon.colcon_core.package_identification:_identify(src/build-test_tool-Desktop-Debug) by extension 'ignore'
[0.991s] Level 1:colcon.colcon_core.package_identification:_identify(src/build-test_tool-Desktop-Debug) by extension 'ignore_ament_install'
[0.991s] Level 1:colcon.colcon_core.package_identification:_identify(src/build-test_tool-Desktop-Debug) by extensions ['colcon_pkg']
[0.991s] Level 1:colcon.colcon_core.package_identification:_identify(src/build-test_tool-Desktop-Debug) by extension 'colcon_pkg'
[0.991s] Level 1:colcon.colcon_core.package_identification:_identify(src/build-test_tool-Desktop-Debug) by extensions ['colcon_meta']
[0.991s] Level 1:colcon.colcon_core.package_identification:_identify(src/build-test_tool-Desktop-Debug) by extension 'colcon_meta'
[0.991s] Level 1:colcon.colcon_core.package_identification:_identify(src/build-test_tool-Desktop-Debug) by extensions ['ros']
[0.991s] Level 1:colcon.colcon_core.package_identification:_identify(src/build-test_tool-Desktop-Debug) by extension 'ros'
[0.992s] Level 1:colcon.colcon_core.package_identification:_identify(src/build-test_tool-Desktop-Debug) by extensions ['cmake', 'python']
[0.992s] Level 1:colcon.colcon_core.package_identification:_identify(src/build-test_tool-Desktop-Debug) by extension 'cmake'
[0.992s] Level 1:colcon.colcon_core.package_identification:_identify(src/build-test_tool-Desktop-Debug) by extension 'python'
[0.992s] Level 1:colcon.colcon_core.package_identification:_identify(src/build-test_tool-Desktop-Debug) by extensions ['python_setup_py']
[0.992s] Level 1:colcon.colcon_core.package_identification:_identify(src/build-test_tool-Desktop-Debug) by extension 'python_setup_py'
[0.992s] Level 1:colcon.colcon_core.package_identification:_identify(src/build-test_tool-Desktop-Debug/CMakeFiles) by extensions ['ignore', 'ignore_ament_install']
[0.993s] Level 1:colcon.colcon_core.package_identification:_identify(src/build-test_tool-Desktop-Debug/CMakeFiles) by extension 'ignore'
[0.993s] Level 1:colcon.colcon_core.package_identification:_identify(src/build-test_tool-Desktop-Debug/CMakeFiles) by extension 'ignore_ament_install'
[0.993s] Level 1:colcon.colcon_core.package_identification:_identify(src/build-test_tool-Desktop-Debug/CMakeFiles) by extensions ['colcon_pkg']
[0.993s] Level 1:colcon.colcon_core.package_identification:_identify(src/build-test_tool-Desktop-Debug/CMakeFiles) by extension 'colcon_pkg'
[0.993s] Level 1:colcon.colcon_core.package_identification:_identify(src/build-test_tool-Desktop-Debug/CMakeFiles) by extensions ['colcon_meta']
[0.993s] Level 1:colcon.colcon_core.package_identification:_identify(src/build-test_tool-Desktop-Debug/CMakeFiles) by extension 'colcon_meta'
[0.994s] Level 1:colcon.colcon_core.package_identification:_identify(src/build-test_tool-Desktop-Debug/CMakeFiles) by extensions ['ros']
[0.994s] Level 1:colcon.colcon_core.package_identification:_identify(src/build-test_tool-Desktop-Debug/CMakeFiles) by extension 'ros'
[0.994s] Level 1:colcon.colcon_core.package_identification:_identify(src/build-test_tool-Desktop-Debug/CMakeFiles) by extensions ['cmake', 'python']
[0.994s] Level 1:colcon.colcon_core.package_identification:_identify(src/build-test_tool-Desktop-Debug/CMakeFiles) by extension 'cmake'
[0.995s] Level 1:colcon.colcon_core.package_identification:_identify(src/build-test_tool-Desktop-Debug/CMakeFiles) by extension 'python'
[0.995s] Level 1:colcon.colcon_core.package_identification:_identify(src/build-test_tool-Desktop-Debug/CMakeFiles) by extensions ['python_setup_py']
[0.995s] Level 1:colcon.colcon_core.package_identification:_identify(src/build-test_tool-Desktop-Debug/CMakeFiles) by extension 'python_setup_py'
[0.996s] Level 1:colcon.colcon_core.package_identification:_identify(src/build-test_tool-Desktop-Debug/CMakeFiles/3.22.1) by extensions ['ignore', 'ignore_ament_install']
[0.996s] Level 1:colcon.colcon_core.package_identification:_identify(src/build-test_tool-Desktop-Debug/CMakeFiles/3.22.1) by extension 'ignore'
[0.996s] Level 1:colcon.colcon_core.package_identification:_identify(src/build-test_tool-Desktop-Debug/CMakeFiles/3.22.1) by extension 'ignore_ament_install'
[0.997s] Level 1:colcon.colcon_core.package_identification:_identify(src/build-test_tool-Desktop-Debug/CMakeFiles/3.22.1) by extensions ['colcon_pkg']
[0.997s] Level 1:colcon.colcon_core.package_identification:_identify(src/build-test_tool-Desktop-Debug/CMakeFiles/3.22.1) by extension 'colcon_pkg'
[0.997s] Level 1:colcon.colcon_core.package_identification:_identify(src/build-test_tool-Desktop-Debug/CMakeFiles/3.22.1) by extensions ['colcon_meta']
[0.997s] Level 1:colcon.colcon_core.package_identification:_identify(src/build-test_tool-Desktop-Debug/CMakeFiles/3.22.1) by extension 'colcon_meta'
[0.997s] Level 1:colcon.colcon_core.package_identification:_identify(src/build-test_tool-Desktop-Debug/CMakeFiles/3.22.1) by extensions ['ros']
[0.997s] Level 1:colcon.colcon_core.package_identification:_identify(src/build-test_tool-Desktop-Debug/CMakeFiles/3.22.1) by extension 'ros'
[0.998s] Level 1:colcon.colcon_core.package_identification:_identify(src/build-test_tool-Desktop-Debug/CMakeFiles/3.22.1) by extensions ['cmake', 'python']
[0.998s] Level 1:colcon.colcon_core.package_identification:_identify(src/build-test_tool-Desktop-Debug/CMakeFiles/3.22.1) by extension 'cmake'
[0.998s] Level 1:colcon.colcon_core.package_identification:_identify(src/build-test_tool-Desktop-Debug/CMakeFiles/3.22.1) by extension 'python'
[0.998s] Level 1:colcon.colcon_core.package_identification:_identify(src/build-test_tool-Desktop-Debug/CMakeFiles/3.22.1) by extensions ['python_setup_py']
[0.998s] Level 1:colcon.colcon_core.package_identification:_identify(src/build-test_tool-Desktop-Debug/CMakeFiles/3.22.1) by extension 'python_setup_py'
[0.998s] Level 1:colcon.colcon_core.package_identification:_identify(src/build-test_tool-Desktop-Debug/CMakeFiles/3.22.1/CompilerIdCXX) by extensions ['ignore', 'ignore_ament_install']
[0.999s] Level 1:colcon.colcon_core.package_identification:_identify(src/build-test_tool-Desktop-Debug/CMakeFiles/3.22.1/CompilerIdCXX) by extension 'ignore'
[0.999s] Level 1:colcon.colcon_core.package_identification:_identify(src/build-test_tool-Desktop-Debug/CMakeFiles/3.22.1/CompilerIdCXX) by extension 'ignore_ament_install'
[0.999s] Level 1:colcon.colcon_core.package_identification:_identify(src/build-test_tool-Desktop-Debug/CMakeFiles/3.22.1/CompilerIdCXX) by extensions ['colcon_pkg']
[0.999s] Level 1:colcon.colcon_core.package_identification:_identify(src/build-test_tool-Desktop-Debug/CMakeFiles/3.22.1/CompilerIdCXX) by extension 'colcon_pkg'
[0.999s] Level 1:colcon.colcon_core.package_identification:_identify(src/build-test_tool-Desktop-Debug/CMakeFiles/3.22.1/CompilerIdCXX) by extensions ['colcon_meta']
[0.999s] Level 1:colcon.colcon_core.package_identification:_identify(src/build-test_tool-Desktop-Debug/CMakeFiles/3.22.1/CompilerIdCXX) by extension 'colcon_meta'
[1.000s] Level 1:colcon.colcon_core.package_identification:_identify(src/build-test_tool-Desktop-Debug/CMakeFiles/3.22.1/CompilerIdCXX) by extensions ['ros']
[1.000s] Level 1:colcon.colcon_core.package_identification:_identify(src/build-test_tool-Desktop-Debug/CMakeFiles/3.22.1/CompilerIdCXX) by extension 'ros'
[1.000s] Level 1:colcon.colcon_core.package_identification:_identify(src/build-test_tool-Desktop-Debug/CMakeFiles/3.22.1/CompilerIdCXX) by extensions ['cmake', 'python']
[1.000s] Level 1:colcon.colcon_core.package_identification:_identify(src/build-test_tool-Desktop-Debug/CMakeFiles/3.22.1/CompilerIdCXX) by extension 'cmake'
[1.000s] Level 1:colcon.colcon_core.package_identification:_identify(src/build-test_tool-Desktop-Debug/CMakeFiles/3.22.1/CompilerIdCXX) by extension 'python'
[1.000s] Level 1:colcon.colcon_core.package_identification:_identify(src/build-test_tool-Desktop-Debug/CMakeFiles/3.22.1/CompilerIdCXX) by extensions ['python_setup_py']
[1.000s] Level 1:colcon.colcon_core.package_identification:_identify(src/build-test_tool-Desktop-Debug/CMakeFiles/3.22.1/CompilerIdCXX) by extension 'python_setup_py'
[1.001s] Level 1:colcon.colcon_core.package_identification:_identify(src/build-test_tool-Desktop-Debug/CMakeFiles/CMakeTmp) by extensions ['ignore', 'ignore_ament_install']
[1.001s] Level 1:colcon.colcon_core.package_identification:_identify(src/build-test_tool-Desktop-Debug/CMakeFiles/CMakeTmp) by extension 'ignore'
[1.001s] Level 1:colcon.colcon_core.package_identification:_identify(src/build-test_tool-Desktop-Debug/CMakeFiles/CMakeTmp) by extension 'ignore_ament_install'
[1.001s] Level 1:colcon.colcon_core.package_identification:_identify(src/build-test_tool-Desktop-Debug/CMakeFiles/CMakeTmp) by extensions ['colcon_pkg']
[1.001s] Level 1:colcon.colcon_core.package_identification:_identify(src/build-test_tool-Desktop-Debug/CMakeFiles/CMakeTmp) by extension 'colcon_pkg'
[1.002s] Level 1:colcon.colcon_core.package_identification:_identify(src/build-test_tool-Desktop-Debug/CMakeFiles/CMakeTmp) by extensions ['colcon_meta']
[1.002s] Level 1:colcon.colcon_core.package_identification:_identify(src/build-test_tool-Desktop-Debug/CMakeFiles/CMakeTmp) by extension 'colcon_meta'
[1.002s] Level 1:colcon.colcon_core.package_identification:_identify(src/build-test_tool-Desktop-Debug/CMakeFiles/CMakeTmp) by extensions ['ros']
[1.002s] Level 1:colcon.colcon_core.package_identification:_identify(src/build-test_tool-Desktop-Debug/CMakeFiles/CMakeTmp) by extension 'ros'
[1.002s] Level 1:colcon.colcon_core.package_identification:_identify(src/build-test_tool-Desktop-Debug/CMakeFiles/CMakeTmp) by extensions ['cmake', 'python']
[1.002s] Level 1:colcon.colcon_core.package_identification:_identify(src/build-test_tool-Desktop-Debug/CMakeFiles/CMakeTmp) by extension 'cmake'
[1.002s] Level 1:colcon.colcon_core.package_identification:_identify(src/build-test_tool-Desktop-Debug/CMakeFiles/CMakeTmp) by extension 'python'
[1.003s] Level 1:colcon.colcon_core.package_identification:_identify(src/build-test_tool-Desktop-Debug/CMakeFiles/CMakeTmp) by extensions ['python_setup_py']
[1.003s] Level 1:colcon.colcon_core.package_identification:_identify(src/build-test_tool-Desktop-Debug/CMakeFiles/CMakeTmp) by extension 'python_setup_py'
[1.003s] Level 1:colcon.colcon_core.package_identification:_identify(src/build-test_tool-Desktop-Debug/CMakeFiles/CheckFunctionExists) by extensions ['ignore', 'ignore_ament_install']
[1.003s] Level 1:colcon.colcon_core.package_identification:_identify(src/build-test_tool-Desktop-Debug/CMakeFiles/CheckFunctionExists) by extension 'ignore'
[1.004s] Level 1:colcon.colcon_core.package_identification:_identify(src/build-test_tool-Desktop-Debug/CMakeFiles/CheckFunctionExists) by extension 'ignore_ament_install'
[1.004s] Level 1:colcon.colcon_core.package_identification:_identify(src/build-test_tool-Desktop-Debug/CMakeFiles/CheckFunctionExists) by extensions ['colcon_pkg']
[1.004s] Level 1:colcon.colcon_core.package_identification:_identify(src/build-test_tool-Desktop-Debug/CMakeFiles/CheckFunctionExists) by extension 'colcon_pkg'
[1.004s] Level 1:colcon.colcon_core.package_identification:_identify(src/build-test_tool-Desktop-Debug/CMakeFiles/CheckFunctionExists) by extensions ['colcon_meta']
[1.004s] Level 1:colcon.colcon_core.package_identification:_identify(src/build-test_tool-Desktop-Debug/CMakeFiles/CheckFunctionExists) by extension 'colcon_meta'
[1.004s] Level 1:colcon.colcon_core.package_identification:_identify(src/build-test_tool-Desktop-Debug/CMakeFiles/CheckFunctionExists) by extensions ['ros']
[1.004s] Level 1:colcon.colcon_core.package_identification:_identify(src/build-test_tool-Desktop-Debug/CMakeFiles/CheckFunctionExists) by extension 'ros'
[1.005s] Level 1:colcon.colcon_core.package_identification:_identify(src/build-test_tool-Desktop-Debug/CMakeFiles/CheckFunctionExists) by extensions ['cmake', 'python']
[1.005s] Level 1:colcon.colcon_core.package_identification:_identify(src/build-test_tool-Desktop-Debug/CMakeFiles/CheckFunctionExists) by extension 'cmake'
[1.005s] Level 1:colcon.colcon_core.package_identification:_identify(src/build-test_tool-Desktop-Debug/CMakeFiles/CheckFunctionExists) by extension 'python'
[1.005s] Level 1:colcon.colcon_core.package_identification:_identify(src/build-test_tool-Desktop-Debug/CMakeFiles/CheckFunctionExists) by extensions ['python_setup_py']
[1.005s] Level 1:colcon.colcon_core.package_identification:_identify(src/build-test_tool-Desktop-Debug/CMakeFiles/CheckFunctionExists) by extension 'python_setup_py'
[1.005s] Level 1:colcon.colcon_core.package_identification:_identify(src/build-test_tool-Desktop-Debug/CMakeFiles/CheckLibraryExists) by extensions ['ignore', 'ignore_ament_install']
[1.006s] Level 1:colcon.colcon_core.package_identification:_identify(src/build-test_tool-Desktop-Debug/CMakeFiles/CheckLibraryExists) by extension 'ignore'
[1.006s] Level 1:colcon.colcon_core.package_identification:_identify(src/build-test_tool-Desktop-Debug/CMakeFiles/CheckLibraryExists) by extension 'ignore_ament_install'
[1.006s] Level 1:colcon.colcon_core.package_identification:_identify(src/build-test_tool-Desktop-Debug/CMakeFiles/CheckLibraryExists) by extensions ['colcon_pkg']
[1.006s] Level 1:colcon.colcon_core.package_identification:_identify(src/build-test_tool-Desktop-Debug/CMakeFiles/CheckLibraryExists) by extension 'colcon_pkg'
[1.006s] Level 1:colcon.colcon_core.package_identification:_identify(src/build-test_tool-Desktop-Debug/CMakeFiles/CheckLibraryExists) by extensions ['colcon_meta']
[1.006s] Level 1:colcon.colcon_core.package_identification:_identify(src/build-test_tool-Desktop-Debug/CMakeFiles/CheckLibraryExists) by extension 'colcon_meta'
[1.007s] Level 1:colcon.colcon_core.package_identification:_identify(src/build-test_tool-Desktop-Debug/CMakeFiles/CheckLibraryExists) by extensions ['ros']
[1.007s] Level 1:colcon.colcon_core.package_identification:_identify(src/build-test_tool-Desktop-Debug/CMakeFiles/CheckLibraryExists) by extension 'ros'
[1.007s] Level 1:colcon.colcon_core.package_identification:_identify(src/build-test_tool-Desktop-Debug/CMakeFiles/CheckLibraryExists) by extensions ['cmake', 'python']
[1.007s] Level 1:colcon.colcon_core.package_identification:_identify(src/build-test_tool-Desktop-Debug/CMakeFiles/CheckLibraryExists) by extension 'cmake'
[1.007s] Level 1:colcon.colcon_core.package_identification:_identify(src/build-test_tool-Desktop-Debug/CMakeFiles/CheckLibraryExists) by extension 'python'
[1.007s] Level 1:colcon.colcon_core.package_identification:_identify(src/build-test_tool-Desktop-Debug/CMakeFiles/CheckLibraryExists) by extensions ['python_setup_py']
[1.007s] Level 1:colcon.colcon_core.package_identification:_identify(src/build-test_tool-Desktop-Debug/CMakeFiles/CheckLibraryExists) by extension 'python_setup_py'
[1.008s] Level 1:colcon.colcon_core.package_identification:_identify(src/build-test_tool-Desktop-Debug/CMakeFiles/dummy_test.dir) by extensions ['ignore', 'ignore_ament_install']
[1.008s] Level 1:colcon.colcon_core.package_identification:_identify(src/build-test_tool-Desktop-Debug/CMakeFiles/dummy_test.dir) by extension 'ignore'
[1.008s] Level 1:colcon.colcon_core.package_identification:_identify(src/build-test_tool-Desktop-Debug/CMakeFiles/dummy_test.dir) by extension 'ignore_ament_install'
[1.009s] Level 1:colcon.colcon_core.package_identification:_identify(src/build-test_tool-Desktop-Debug/CMakeFiles/dummy_test.dir) by extensions ['colcon_pkg']
[1.009s] Level 1:colcon.colcon_core.package_identification:_identify(src/build-test_tool-Desktop-Debug/CMakeFiles/dummy_test.dir) by extension 'colcon_pkg'
[1.009s] Level 1:colcon.colcon_core.package_identification:_identify(src/build-test_tool-Desktop-Debug/CMakeFiles/dummy_test.dir) by extensions ['colcon_meta']
[1.009s] Level 1:colcon.colcon_core.package_identification:_identify(src/build-test_tool-Desktop-Debug/CMakeFiles/dummy_test.dir) by extension 'colcon_meta'
[1.009s] Level 1:colcon.colcon_core.package_identification:_identify(src/build-test_tool-Desktop-Debug/CMakeFiles/dummy_test.dir) by extensions ['ros']
[1.009s] Level 1:colcon.colcon_core.package_identification:_identify(src/build-test_tool-Desktop-Debug/CMakeFiles/dummy_test.dir) by extension 'ros'
[1.010s] Level 1:colcon.colcon_core.package_identification:_identify(src/build-test_tool-Desktop-Debug/CMakeFiles/dummy_test.dir) by extensions ['cmake', 'python']
[1.010s] Level 1:colcon.colcon_core.package_identification:_identify(src/build-test_tool-Desktop-Debug/CMakeFiles/dummy_test.dir) by extension 'cmake'
[1.010s] Level 1:colcon.colcon_core.package_identification:_identify(src/build-test_tool-Desktop-Debug/CMakeFiles/dummy_test.dir) by extension 'python'
[1.010s] Level 1:colcon.colcon_core.package_identification:_identify(src/build-test_tool-Desktop-Debug/CMakeFiles/dummy_test.dir) by extensions ['python_setup_py']
[1.010s] Level 1:colcon.colcon_core.package_identification:_identify(src/build-test_tool-Desktop-Debug/CMakeFiles/dummy_test.dir) by extension 'python_setup_py'
[1.011s] Level 1:colcon.colcon_core.package_identification:_identify(src/build-test_tool-Desktop-Debug/CMakeFiles/dummy_test.dir/dummy_test_autogen) by extensions ['ignore', 'ignore_ament_install']
[1.011s] Level 1:colcon.colcon_core.package_identification:_identify(src/build-test_tool-Desktop-Debug/CMakeFiles/dummy_test.dir/dummy_test_autogen) by extension 'ignore'
[1.011s] Level 1:colcon.colcon_core.package_identification:_identify(src/build-test_tool-Desktop-Debug/CMakeFiles/dummy_test.dir/dummy_test_autogen) by extension 'ignore_ament_install'
[1.011s] Level 1:colcon.colcon_core.package_identification:_identify(src/build-test_tool-Desktop-Debug/CMakeFiles/dummy_test.dir/dummy_test_autogen) by extensions ['colcon_pkg']
[1.011s] Level 1:colcon.colcon_core.package_identification:_identify(src/build-test_tool-Desktop-Debug/CMakeFiles/dummy_test.dir/dummy_test_autogen) by extension 'colcon_pkg'
[1.011s] Level 1:colcon.colcon_core.package_identification:_identify(src/build-test_tool-Desktop-Debug/CMakeFiles/dummy_test.dir/dummy_test_autogen) by extensions ['colcon_meta']
[1.012s] Level 1:colcon.colcon_core.package_identification:_identify(src/build-test_tool-Desktop-Debug/CMakeFiles/dummy_test.dir/dummy_test_autogen) by extension 'colcon_meta'
[1.012s] Level 1:colcon.colcon_core.package_identification:_identify(src/build-test_tool-Desktop-Debug/CMakeFiles/dummy_test.dir/dummy_test_autogen) by extensions ['ros']
[1.012s] Level 1:colcon.colcon_core.package_identification:_identify(src/build-test_tool-Desktop-Debug/CMakeFiles/dummy_test.dir/dummy_test_autogen) by extension 'ros'
[1.012s] Level 1:colcon.colcon_core.package_identification:_identify(src/build-test_tool-Desktop-Debug/CMakeFiles/dummy_test.dir/dummy_test_autogen) by extensions ['cmake', 'python']
[1.012s] Level 1:colcon.colcon_core.package_identification:_identify(src/build-test_tool-Desktop-Debug/CMakeFiles/dummy_test.dir/dummy_test_autogen) by extension 'cmake'
[1.012s] Level 1:colcon.colcon_core.package_identification:_identify(src/build-test_tool-Desktop-Debug/CMakeFiles/dummy_test.dir/dummy_test_autogen) by extension 'python'
[1.013s] Level 1:colcon.colcon_core.package_identification:_identify(src/build-test_tool-Desktop-Debug/CMakeFiles/dummy_test.dir/dummy_test_autogen) by extensions ['python_setup_py']
[1.013s] Level 1:colcon.colcon_core.package_identification:_identify(src/build-test_tool-Desktop-Debug/CMakeFiles/dummy_test.dir/dummy_test_autogen) by extension 'python_setup_py'
[1.013s] Level 1:colcon.colcon_core.package_identification:_identify(src/build-test_tool-Desktop-Debug/CMakeFiles/dummy_test.dir/src) by extensions ['ignore', 'ignore_ament_install']
[1.013s] Level 1:colcon.colcon_core.package_identification:_identify(src/build-test_tool-Desktop-Debug/CMakeFiles/dummy_test.dir/src) by extension 'ignore'
[1.014s] Level 1:colcon.colcon_core.package_identification:_identify(src/build-test_tool-Desktop-Debug/CMakeFiles/dummy_test.dir/src) by extension 'ignore_ament_install'
[1.014s] Level 1:colcon.colcon_core.package_identification:_identify(src/build-test_tool-Desktop-Debug/CMakeFiles/dummy_test.dir/src) by extensions ['colcon_pkg']
[1.014s] Level 1:colcon.colcon_core.package_identification:_identify(src/build-test_tool-Desktop-Debug/CMakeFiles/dummy_test.dir/src) by extension 'colcon_pkg'
[1.014s] Level 1:colcon.colcon_core.package_identification:_identify(src/build-test_tool-Desktop-Debug/CMakeFiles/dummy_test.dir/src) by extensions ['colcon_meta']
[1.014s] Level 1:colcon.colcon_core.package_identification:_identify(src/build-test_tool-Desktop-Debug/CMakeFiles/dummy_test.dir/src) by extension 'colcon_meta'
[1.014s] Level 1:colcon.colcon_core.package_identification:_identify(src/build-test_tool-Desktop-Debug/CMakeFiles/dummy_test.dir/src) by extensions ['ros']
[1.014s] Level 1:colcon.colcon_core.package_identification:_identify(src/build-test_tool-Desktop-Debug/CMakeFiles/dummy_test.dir/src) by extension 'ros'
[1.015s] Level 1:colcon.colcon_core.package_identification:_identify(src/build-test_tool-Desktop-Debug/CMakeFiles/dummy_test.dir/src) by extensions ['cmake', 'python']
[1.015s] Level 1:colcon.colcon_core.package_identification:_identify(src/build-test_tool-Desktop-Debug/CMakeFiles/dummy_test.dir/src) by extension 'cmake'
[1.015s] Level 1:colcon.colcon_core.package_identification:_identify(src/build-test_tool-Desktop-Debug/CMakeFiles/dummy_test.dir/src) by extension 'python'
[1.015s] Level 1:colcon.colcon_core.package_identification:_identify(src/build-test_tool-Desktop-Debug/CMakeFiles/dummy_test.dir/src) by extensions ['python_setup_py']
[1.015s] Level 1:colcon.colcon_core.package_identification:_identify(src/build-test_tool-Desktop-Debug/CMakeFiles/dummy_test.dir/src) by extension 'python_setup_py'
[1.016s] Level 1:colcon.colcon_core.package_identification:_identify(src/build-test_tool-Desktop-Debug/CMakeFiles/dummy_test.dir/src/test_node) by extensions ['ignore', 'ignore_ament_install']
[1.016s] Level 1:colcon.colcon_core.package_identification:_identify(src/build-test_tool-Desktop-Debug/CMakeFiles/dummy_test.dir/src/test_node) by extension 'ignore'
[1.016s] Level 1:colcon.colcon_core.package_identification:_identify(src/build-test_tool-Desktop-Debug/CMakeFiles/dummy_test.dir/src/test_node) by extension 'ignore_ament_install'
[1.016s] Level 1:colcon.colcon_core.package_identification:_identify(src/build-test_tool-Desktop-Debug/CMakeFiles/dummy_test.dir/src/test_node) by extensions ['colcon_pkg']
[1.016s] Level 1:colcon.colcon_core.package_identification:_identify(src/build-test_tool-Desktop-Debug/CMakeFiles/dummy_test.dir/src/test_node) by extension 'colcon_pkg'
[1.016s] Level 1:colcon.colcon_core.package_identification:_identify(src/build-test_tool-Desktop-Debug/CMakeFiles/dummy_test.dir/src/test_node) by extensions ['colcon_meta']
[1.016s] Level 1:colcon.colcon_core.package_identification:_identify(src/build-test_tool-Desktop-Debug/CMakeFiles/dummy_test.dir/src/test_node) by extension 'colcon_meta'
[1.016s] Level 1:colcon.colcon_core.package_identification:_identify(src/build-test_tool-Desktop-Debug/CMakeFiles/dummy_test.dir/src/test_node) by extensions ['ros']
[1.017s] Level 1:colcon.colcon_core.package_identification:_identify(src/build-test_tool-Desktop-Debug/CMakeFiles/dummy_test.dir/src/test_node) by extension 'ros'
[1.017s] Level 1:colcon.colcon_core.package_identification:_identify(src/build-test_tool-Desktop-Debug/CMakeFiles/dummy_test.dir/src/test_node) by extensions ['cmake', 'python']
[1.017s] Level 1:colcon.colcon_core.package_identification:_identify(src/build-test_tool-Desktop-Debug/CMakeFiles/dummy_test.dir/src/test_node) by extension 'cmake'
[1.017s] Level 1:colcon.colcon_core.package_identification:_identify(src/build-test_tool-Desktop-Debug/CMakeFiles/dummy_test.dir/src/test_node) by extension 'python'
[1.017s] Level 1:colcon.colcon_core.package_identification:_identify(src/build-test_tool-Desktop-Debug/CMakeFiles/dummy_test.dir/src/test_node) by extensions ['python_setup_py']
[1.017s] Level 1:colcon.colcon_core.package_identification:_identify(src/build-test_tool-Desktop-Debug/CMakeFiles/dummy_test.dir/src/test_node) by extension 'python_setup_py'
[1.017s] Level 1:colcon.colcon_core.package_identification:_identify(src/build-test_tool-Desktop-Debug/CMakeFiles/dummy_test_1.dir) by extensions ['ignore', 'ignore_ament_install']
[1.018s] Level 1:colcon.colcon_core.package_identification:_identify(src/build-test_tool-Desktop-Debug/CMakeFiles/dummy_test_1.dir) by extension 'ignore'
[1.018s] Level 1:colcon.colcon_core.package_identification:_identify(src/build-test_tool-Desktop-Debug/CMakeFiles/dummy_test_1.dir) by extension 'ignore_ament_install'
[1.018s] Level 1:colcon.colcon_core.package_identification:_identify(src/build-test_tool-Desktop-Debug/CMakeFiles/dummy_test_1.dir) by extensions ['colcon_pkg']
[1.018s] Level 1:colcon.colcon_core.package_identification:_identify(src/build-test_tool-Desktop-Debug/CMakeFiles/dummy_test_1.dir) by extension 'colcon_pkg'
[1.018s] Level 1:colcon.colcon_core.package_identification:_identify(src/build-test_tool-Desktop-Debug/CMakeFiles/dummy_test_1.dir) by extensions ['colcon_meta']
[1.018s] Level 1:colcon.colcon_core.package_identification:_identify(src/build-test_tool-Desktop-Debug/CMakeFiles/dummy_test_1.dir) by extension 'colcon_meta'
[1.018s] Level 1:colcon.colcon_core.package_identification:_identify(src/build-test_tool-Desktop-Debug/CMakeFiles/dummy_test_1.dir) by extensions ['ros']
[1.018s] Level 1:colcon.colcon_core.package_identification:_identify(src/build-test_tool-Desktop-Debug/CMakeFiles/dummy_test_1.dir) by extension 'ros'
[1.019s] Level 1:colcon.colcon_core.package_identification:_identify(src/build-test_tool-Desktop-Debug/CMakeFiles/dummy_test_1.dir) by extensions ['cmake', 'python']
[1.019s] Level 1:colcon.colcon_core.package_identification:_identify(src/build-test_tool-Desktop-Debug/CMakeFiles/dummy_test_1.dir) by extension 'cmake'
[1.019s] Level 1:colcon.colcon_core.package_identification:_identify(src/build-test_tool-Desktop-Debug/CMakeFiles/dummy_test_1.dir) by extension 'python'
[1.019s] Level 1:colcon.colcon_core.package_identification:_identify(src/build-test_tool-Desktop-Debug/CMakeFiles/dummy_test_1.dir) by extensions ['python_setup_py']
[1.019s] Level 1:colcon.colcon_core.package_identification:_identify(src/build-test_tool-Desktop-Debug/CMakeFiles/dummy_test_1.dir) by extension 'python_setup_py'
[1.019s] Level 1:colcon.colcon_core.package_identification:_identify(src/build-test_tool-Desktop-Debug/CMakeFiles/dummy_test_1.dir/dummy_test_1_autogen) by extensions ['ignore', 'ignore_ament_install']
[1.019s] Level 1:colcon.colcon_core.package_identification:_identify(src/build-test_tool-Desktop-Debug/CMakeFiles/dummy_test_1.dir/dummy_test_1_autogen) by extension 'ignore'
[1.020s] Level 1:colcon.colcon_core.package_identification:_identify(src/build-test_tool-Desktop-Debug/CMakeFiles/dummy_test_1.dir/dummy_test_1_autogen) by extension 'ignore_ament_install'
[1.020s] Level 1:colcon.colcon_core.package_identification:_identify(src/build-test_tool-Desktop-Debug/CMakeFiles/dummy_test_1.dir/dummy_test_1_autogen) by extensions ['colcon_pkg']
[1.020s] Level 1:colcon.colcon_core.package_identification:_identify(src/build-test_tool-Desktop-Debug/CMakeFiles/dummy_test_1.dir/dummy_test_1_autogen) by extension 'colcon_pkg'
[1.020s] Level 1:colcon.colcon_core.package_identification:_identify(src/build-test_tool-Desktop-Debug/CMakeFiles/dummy_test_1.dir/dummy_test_1_autogen) by extensions ['colcon_meta']
[1.020s] Level 1:colcon.colcon_core.package_identification:_identify(src/build-test_tool-Desktop-Debug/CMakeFiles/dummy_test_1.dir/dummy_test_1_autogen) by extension 'colcon_meta'
[1.020s] Level 1:colcon.colcon_core.package_identification:_identify(src/build-test_tool-Desktop-Debug/CMakeFiles/dummy_test_1.dir/dummy_test_1_autogen) by extensions ['ros']
[1.020s] Level 1:colcon.colcon_core.package_identification:_identify(src/build-test_tool-Desktop-Debug/CMakeFiles/dummy_test_1.dir/dummy_test_1_autogen) by extension 'ros'
[1.021s] Level 1:colcon.colcon_core.package_identification:_identify(src/build-test_tool-Desktop-Debug/CMakeFiles/dummy_test_1.dir/dummy_test_1_autogen) by extensions ['cmake', 'python']
[1.021s] Level 1:colcon.colcon_core.package_identification:_identify(src/build-test_tool-Desktop-Debug/CMakeFiles/dummy_test_1.dir/dummy_test_1_autogen) by extension 'cmake'
[1.021s] Level 1:colcon.colcon_core.package_identification:_identify(src/build-test_tool-Desktop-Debug/CMakeFiles/dummy_test_1.dir/dummy_test_1_autogen) by extension 'python'
[1.021s] Level 1:colcon.colcon_core.package_identification:_identify(src/build-test_tool-Desktop-Debug/CMakeFiles/dummy_test_1.dir/dummy_test_1_autogen) by extensions ['python_setup_py']
[1.021s] Level 1:colcon.colcon_core.package_identification:_identify(src/build-test_tool-Desktop-Debug/CMakeFiles/dummy_test_1.dir/dummy_test_1_autogen) by extension 'python_setup_py'
[1.022s] Level 1:colcon.colcon_core.package_identification:_identify(src/build-test_tool-Desktop-Debug/CMakeFiles/dummy_test_1.dir/src) by extensions ['ignore', 'ignore_ament_install']
[1.022s] Level 1:colcon.colcon_core.package_identification:_identify(src/build-test_tool-Desktop-Debug/CMakeFiles/dummy_test_1.dir/src) by extension 'ignore'
[1.022s] Level 1:colcon.colcon_core.package_identification:_identify(src/build-test_tool-Desktop-Debug/CMakeFiles/dummy_test_1.dir/src) by extension 'ignore_ament_install'
[1.023s] Level 1:colcon.colcon_core.package_identification:_identify(src/build-test_tool-Desktop-Debug/CMakeFiles/dummy_test_1.dir/src) by extensions ['colcon_pkg']
[1.024s] Level 1:colcon.colcon_core.package_identification:_identify(src/build-test_tool-Desktop-Debug/CMakeFiles/dummy_test_1.dir/src) by extension 'colcon_pkg'
[1.025s] Level 1:colcon.colcon_core.package_identification:_identify(src/build-test_tool-Desktop-Debug/CMakeFiles/dummy_test_1.dir/src) by extensions ['colcon_meta']
[1.025s] Level 1:colcon.colcon_core.package_identification:_identify(src/build-test_tool-Desktop-Debug/CMakeFiles/dummy_test_1.dir/src) by extension 'colcon_meta'
[1.026s] Level 1:colcon.colcon_core.package_identification:_identify(src/build-test_tool-Desktop-Debug/CMakeFiles/dummy_test_1.dir/src) by extensions ['ros']
[1.026s] Level 1:colcon.colcon_core.package_identification:_identify(src/build-test_tool-Desktop-Debug/CMakeFiles/dummy_test_1.dir/src) by extension 'ros'
[1.027s] Level 1:colcon.colcon_core.package_identification:_identify(src/build-test_tool-Desktop-Debug/CMakeFiles/dummy_test_1.dir/src) by extensions ['cmake', 'python']
[1.027s] Level 1:colcon.colcon_core.package_identification:_identify(src/build-test_tool-Desktop-Debug/CMakeFiles/dummy_test_1.dir/src) by extension 'cmake'
[1.027s] Level 1:colcon.colcon_core.package_identification:_identify(src/build-test_tool-Desktop-Debug/CMakeFiles/dummy_test_1.dir/src) by extension 'python'
[1.027s] Level 1:colcon.colcon_core.package_identification:_identify(src/build-test_tool-Desktop-Debug/CMakeFiles/dummy_test_1.dir/src) by extensions ['python_setup_py']
[1.027s] Level 1:colcon.colcon_core.package_identification:_identify(src/build-test_tool-Desktop-Debug/CMakeFiles/dummy_test_1.dir/src) by extension 'python_setup_py'
[1.027s] Level 1:colcon.colcon_core.package_identification:_identify(src/build-test_tool-Desktop-Debug/CMakeFiles/dummy_test_1.dir/src/test_node) by extensions ['ignore', 'ignore_ament_install']
[1.028s] Level 1:colcon.colcon_core.package_identification:_identify(src/build-test_tool-Desktop-Debug/CMakeFiles/dummy_test_1.dir/src/test_node) by extension 'ignore'
[1.028s] Level 1:colcon.colcon_core.package_identification:_identify(src/build-test_tool-Desktop-Debug/CMakeFiles/dummy_test_1.dir/src/test_node) by extension 'ignore_ament_install'
[1.028s] Level 1:colcon.colcon_core.package_identification:_identify(src/build-test_tool-Desktop-Debug/CMakeFiles/dummy_test_1.dir/src/test_node) by extensions ['colcon_pkg']
[1.028s] Level 1:colcon.colcon_core.package_identification:_identify(src/build-test_tool-Desktop-Debug/CMakeFiles/dummy_test_1.dir/src/test_node) by extension 'colcon_pkg'
[1.028s] Level 1:colcon.colcon_core.package_identification:_identify(src/build-test_tool-Desktop-Debug/CMakeFiles/dummy_test_1.dir/src/test_node) by extensions ['colcon_meta']
[1.028s] Level 1:colcon.colcon_core.package_identification:_identify(src/build-test_tool-Desktop-Debug/CMakeFiles/dummy_test_1.dir/src/test_node) by extension 'colcon_meta'
[1.028s] Level 1:colcon.colcon_core.package_identification:_identify(src/build-test_tool-Desktop-Debug/CMakeFiles/dummy_test_1.dir/src/test_node) by extensions ['ros']
[1.028s] Level 1:colcon.colcon_core.package_identification:_identify(src/build-test_tool-Desktop-Debug/CMakeFiles/dummy_test_1.dir/src/test_node) by extension 'ros'
[1.029s] Level 1:colcon.colcon_core.package_identification:_identify(src/build-test_tool-Desktop-Debug/CMakeFiles/dummy_test_1.dir/src/test_node) by extensions ['cmake', 'python']
[1.029s] Level 1:colcon.colcon_core.package_identification:_identify(src/build-test_tool-Desktop-Debug/CMakeFiles/dummy_test_1.dir/src/test_node) by extension 'cmake'
[1.029s] Level 1:colcon.colcon_core.package_identification:_identify(src/build-test_tool-Desktop-Debug/CMakeFiles/dummy_test_1.dir/src/test_node) by extension 'python'
[1.029s] Level 1:colcon.colcon_core.package_identification:_identify(src/build-test_tool-Desktop-Debug/CMakeFiles/dummy_test_1.dir/src/test_node) by extensions ['python_setup_py']
[1.029s] Level 1:colcon.colcon_core.package_identification:_identify(src/build-test_tool-Desktop-Debug/CMakeFiles/dummy_test_1.dir/src/test_node) by extension 'python_setup_py'
[1.029s] Level 1:colcon.colcon_core.package_identification:_identify(src/build-test_tool-Desktop-Debug/CMakeFiles/dummy_test_1_autogen.dir) by extensions ['ignore', 'ignore_ament_install']
[1.029s] Level 1:colcon.colcon_core.package_identification:_identify(src/build-test_tool-Desktop-Debug/CMakeFiles/dummy_test_1_autogen.dir) by extension 'ignore'
[1.030s] Level 1:colcon.colcon_core.package_identification:_identify(src/build-test_tool-Desktop-Debug/CMakeFiles/dummy_test_1_autogen.dir) by extension 'ignore_ament_install'
[1.030s] Level 1:colcon.colcon_core.package_identification:_identify(src/build-test_tool-Desktop-Debug/CMakeFiles/dummy_test_1_autogen.dir) by extensions ['colcon_pkg']
[1.030s] Level 1:colcon.colcon_core.package_identification:_identify(src/build-test_tool-Desktop-Debug/CMakeFiles/dummy_test_1_autogen.dir) by extension 'colcon_pkg'
[1.030s] Level 1:colcon.colcon_core.package_identification:_identify(src/build-test_tool-Desktop-Debug/CMakeFiles/dummy_test_1_autogen.dir) by extensions ['colcon_meta']
[1.030s] Level 1:colcon.colcon_core.package_identification:_identify(src/build-test_tool-Desktop-Debug/CMakeFiles/dummy_test_1_autogen.dir) by extension 'colcon_meta'
[1.030s] Level 1:colcon.colcon_core.package_identification:_identify(src/build-test_tool-Desktop-Debug/CMakeFiles/dummy_test_1_autogen.dir) by extensions ['ros']
[1.030s] Level 1:colcon.colcon_core.package_identification:_identify(src/build-test_tool-Desktop-Debug/CMakeFiles/dummy_test_1_autogen.dir) by extension 'ros'
[1.030s] Level 1:colcon.colcon_core.package_identification:_identify(src/build-test_tool-Desktop-Debug/CMakeFiles/dummy_test_1_autogen.dir) by extensions ['cmake', 'python']
[1.030s] Level 1:colcon.colcon_core.package_identification:_identify(src/build-test_tool-Desktop-Debug/CMakeFiles/dummy_test_1_autogen.dir) by extension 'cmake'
[1.030s] Level 1:colcon.colcon_core.package_identification:_identify(src/build-test_tool-Desktop-Debug/CMakeFiles/dummy_test_1_autogen.dir) by extension 'python'
[1.030s] Level 1:colcon.colcon_core.package_identification:_identify(src/build-test_tool-Desktop-Debug/CMakeFiles/dummy_test_1_autogen.dir) by extensions ['python_setup_py']
[1.031s] Level 1:colcon.colcon_core.package_identification:_identify(src/build-test_tool-Desktop-Debug/CMakeFiles/dummy_test_1_autogen.dir) by extension 'python_setup_py'
[1.031s] Level 1:colcon.colcon_core.package_identification:_identify(src/build-test_tool-Desktop-Debug/CMakeFiles/dummy_test_autogen.dir) by extensions ['ignore', 'ignore_ament_install']
[1.031s] Level 1:colcon.colcon_core.package_identification:_identify(src/build-test_tool-Desktop-Debug/CMakeFiles/dummy_test_autogen.dir) by extension 'ignore'
[1.031s] Level 1:colcon.colcon_core.package_identification:_identify(src/build-test_tool-Desktop-Debug/CMakeFiles/dummy_test_autogen.dir) by extension 'ignore_ament_install'
[1.031s] Level 1:colcon.colcon_core.package_identification:_identify(src/build-test_tool-Desktop-Debug/CMakeFiles/dummy_test_autogen.dir) by extensions ['colcon_pkg']
[1.031s] Level 1:colcon.colcon_core.package_identification:_identify(src/build-test_tool-Desktop-Debug/CMakeFiles/dummy_test_autogen.dir) by extension 'colcon_pkg'
[1.031s] Level 1:colcon.colcon_core.package_identification:_identify(src/build-test_tool-Desktop-Debug/CMakeFiles/dummy_test_autogen.dir) by extensions ['colcon_meta']
[1.031s] Level 1:colcon.colcon_core.package_identification:_identify(src/build-test_tool-Desktop-Debug/CMakeFiles/dummy_test_autogen.dir) by extension 'colcon_meta'
[1.031s] Level 1:colcon.colcon_core.package_identification:_identify(src/build-test_tool-Desktop-Debug/CMakeFiles/dummy_test_autogen.dir) by extensions ['ros']
[1.031s] Level 1:colcon.colcon_core.package_identification:_identify(src/build-test_tool-Desktop-Debug/CMakeFiles/dummy_test_autogen.dir) by extension 'ros'
[1.032s] Level 1:colcon.colcon_core.package_identification:_identify(src/build-test_tool-Desktop-Debug/CMakeFiles/dummy_test_autogen.dir) by extensions ['cmake', 'python']
[1.032s] Level 1:colcon.colcon_core.package_identification:_identify(src/build-test_tool-Desktop-Debug/CMakeFiles/dummy_test_autogen.dir) by extension 'cmake'
[1.032s] Level 1:colcon.colcon_core.package_identification:_identify(src/build-test_tool-Desktop-Debug/CMakeFiles/dummy_test_autogen.dir) by extension 'python'
[1.032s] Level 1:colcon.colcon_core.package_identification:_identify(src/build-test_tool-Desktop-Debug/CMakeFiles/dummy_test_autogen.dir) by extensions ['python_setup_py']
[1.032s] Level 1:colcon.colcon_core.package_identification:_identify(src/build-test_tool-Desktop-Debug/CMakeFiles/dummy_test_autogen.dir) by extension 'python_setup_py'
[1.032s] Level 1:colcon.colcon_core.package_identification:_identify(src/build-test_tool-Desktop-Debug/CMakeFiles/lidar_node.dir) by extensions ['ignore', 'ignore_ament_install']
[1.032s] Level 1:colcon.colcon_core.package_identification:_identify(src/build-test_tool-Desktop-Debug/CMakeFiles/lidar_node.dir) by extension 'ignore'
[1.033s] Level 1:colcon.colcon_core.package_identification:_identify(src/build-test_tool-Desktop-Debug/CMakeFiles/lidar_node.dir) by extension 'ignore_ament_install'
[1.033s] Level 1:colcon.colcon_core.package_identification:_identify(src/build-test_tool-Desktop-Debug/CMakeFiles/lidar_node.dir) by extensions ['colcon_pkg']
[1.033s] Level 1:colcon.colcon_core.package_identification:_identify(src/build-test_tool-Desktop-Debug/CMakeFiles/lidar_node.dir) by extension 'colcon_pkg'
[1.033s] Level 1:colcon.colcon_core.package_identification:_identify(src/build-test_tool-Desktop-Debug/CMakeFiles/lidar_node.dir) by extensions ['colcon_meta']
[1.033s] Level 1:colcon.colcon_core.package_identification:_identify(src/build-test_tool-Desktop-Debug/CMakeFiles/lidar_node.dir) by extension 'colcon_meta'
[1.033s] Level 1:colcon.colcon_core.package_identification:_identify(src/build-test_tool-Desktop-Debug/CMakeFiles/lidar_node.dir) by extensions ['ros']
[1.033s] Level 1:colcon.colcon_core.package_identification:_identify(src/build-test_tool-Desktop-Debug/CMakeFiles/lidar_node.dir) by extension 'ros'
[1.033s] Level 1:colcon.colcon_core.package_identification:_identify(src/build-test_tool-Desktop-Debug/CMakeFiles/lidar_node.dir) by extensions ['cmake', 'python']
[1.033s] Level 1:colcon.colcon_core.package_identification:_identify(src/build-test_tool-Desktop-Debug/CMakeFiles/lidar_node.dir) by extension 'cmake'
[1.033s] Level 1:colcon.colcon_core.package_identification:_identify(src/build-test_tool-Desktop-Debug/CMakeFiles/lidar_node.dir) by extension 'python'
[1.034s] Level 1:colcon.colcon_core.package_identification:_identify(src/build-test_tool-Desktop-Debug/CMakeFiles/lidar_node.dir) by extensions ['python_setup_py']
[1.034s] Level 1:colcon.colcon_core.package_identification:_identify(src/build-test_tool-Desktop-Debug/CMakeFiles/lidar_node.dir) by extension 'python_setup_py'
[1.034s] Level 1:colcon.colcon_core.package_identification:_identify(src/build-test_tool-Desktop-Debug/CMakeFiles/lidar_node.dir/lidar_node_autogen) by extensions ['ignore', 'ignore_ament_install']
[1.034s] Level 1:colcon.colcon_core.package_identification:_identify(src/build-test_tool-Desktop-Debug/CMakeFiles/lidar_node.dir/lidar_node_autogen) by extension 'ignore'
[1.034s] Level 1:colcon.colcon_core.package_identification:_identify(src/build-test_tool-Desktop-Debug/CMakeFiles/lidar_node.dir/lidar_node_autogen) by extension 'ignore_ament_install'
[1.034s] Level 1:colcon.colcon_core.package_identification:_identify(src/build-test_tool-Desktop-Debug/CMakeFiles/lidar_node.dir/lidar_node_autogen) by extensions ['colcon_pkg']
[1.034s] Level 1:colcon.colcon_core.package_identification:_identify(src/build-test_tool-Desktop-Debug/CMakeFiles/lidar_node.dir/lidar_node_autogen) by extension 'colcon_pkg'
[1.034s] Level 1:colcon.colcon_core.package_identification:_identify(src/build-test_tool-Desktop-Debug/CMakeFiles/lidar_node.dir/lidar_node_autogen) by extensions ['colcon_meta']
[1.034s] Level 1:colcon.colcon_core.package_identification:_identify(src/build-test_tool-Desktop-Debug/CMakeFiles/lidar_node.dir/lidar_node_autogen) by extension 'colcon_meta'
[1.035s] Level 1:colcon.colcon_core.package_identification:_identify(src/build-test_tool-Desktop-Debug/CMakeFiles/lidar_node.dir/lidar_node_autogen) by extensions ['ros']
[1.035s] Level 1:colcon.colcon_core.package_identification:_identify(src/build-test_tool-Desktop-Debug/CMakeFiles/lidar_node.dir/lidar_node_autogen) by extension 'ros'
[1.035s] Level 1:colcon.colcon_core.package_identification:_identify(src/build-test_tool-Desktop-Debug/CMakeFiles/lidar_node.dir/lidar_node_autogen) by extensions ['cmake', 'python']
[1.035s] Level 1:colcon.colcon_core.package_identification:_identify(src/build-test_tool-Desktop-Debug/CMakeFiles/lidar_node.dir/lidar_node_autogen) by extension 'cmake'
[1.035s] Level 1:colcon.colcon_core.package_identification:_identify(src/build-test_tool-Desktop-Debug/CMakeFiles/lidar_node.dir/lidar_node_autogen) by extension 'python'
[1.035s] Level 1:colcon.colcon_core.package_identification:_identify(src/build-test_tool-Desktop-Debug/CMakeFiles/lidar_node.dir/lidar_node_autogen) by extensions ['python_setup_py']
[1.036s] Level 1:colcon.colcon_core.package_identification:_identify(src/build-test_tool-Desktop-Debug/CMakeFiles/lidar_node.dir/lidar_node_autogen) by extension 'python_setup_py'
[1.036s] Level 1:colcon.colcon_core.package_identification:_identify(src/build-test_tool-Desktop-Debug/CMakeFiles/lidar_node.dir/src) by extensions ['ignore', 'ignore_ament_install']
[1.037s] Level 1:colcon.colcon_core.package_identification:_identify(src/build-test_tool-Desktop-Debug/CMakeFiles/lidar_node.dir/src) by extension 'ignore'
[1.038s] Level 1:colcon.colcon_core.package_identification:_identify(src/build-test_tool-Desktop-Debug/CMakeFiles/lidar_node.dir/src) by extension 'ignore_ament_install'
[1.039s] Level 1:colcon.colcon_core.package_identification:_identify(src/build-test_tool-Desktop-Debug/CMakeFiles/lidar_node.dir/src) by extensions ['colcon_pkg']
[1.039s] Level 1:colcon.colcon_core.package_identification:_identify(src/build-test_tool-Desktop-Debug/CMakeFiles/lidar_node.dir/src) by extension 'colcon_pkg'
[1.039s] Level 1:colcon.colcon_core.package_identification:_identify(src/build-test_tool-Desktop-Debug/CMakeFiles/lidar_node.dir/src) by extensions ['colcon_meta']
[1.039s] Level 1:colcon.colcon_core.package_identification:_identify(src/build-test_tool-Desktop-Debug/CMakeFiles/lidar_node.dir/src) by extension 'colcon_meta'
[1.039s] Level 1:colcon.colcon_core.package_identification:_identify(src/build-test_tool-Desktop-Debug/CMakeFiles/lidar_node.dir/src) by extensions ['ros']
[1.039s] Level 1:colcon.colcon_core.package_identification:_identify(src/build-test_tool-Desktop-Debug/CMakeFiles/lidar_node.dir/src) by extension 'ros'
[1.040s] Level 1:colcon.colcon_core.package_identification:_identify(src/build-test_tool-Desktop-Debug/CMakeFiles/lidar_node.dir/src) by extensions ['cmake', 'python']
[1.040s] Level 1:colcon.colcon_core.package_identification:_identify(src/build-test_tool-Desktop-Debug/CMakeFiles/lidar_node.dir/src) by extension 'cmake'
[1.040s] Level 1:colcon.colcon_core.package_identification:_identify(src/build-test_tool-Desktop-Debug/CMakeFiles/lidar_node.dir/src) by extension 'python'
[1.041s] Level 1:colcon.colcon_core.package_identification:_identify(src/build-test_tool-Desktop-Debug/CMakeFiles/lidar_node.dir/src) by extensions ['python_setup_py']
[1.041s] Level 1:colcon.colcon_core.package_identification:_identify(src/build-test_tool-Desktop-Debug/CMakeFiles/lidar_node.dir/src) by extension 'python_setup_py'
[1.042s] Level 1:colcon.colcon_core.package_identification:_identify(src/build-test_tool-Desktop-Debug/CMakeFiles/lidar_node_autogen.dir) by extensions ['ignore', 'ignore_ament_install']
[1.042s] Level 1:colcon.colcon_core.package_identification:_identify(src/build-test_tool-Desktop-Debug/CMakeFiles/lidar_node_autogen.dir) by extension 'ignore'
[1.042s] Level 1:colcon.colcon_core.package_identification:_identify(src/build-test_tool-Desktop-Debug/CMakeFiles/lidar_node_autogen.dir) by extension 'ignore_ament_install'
[1.043s] Level 1:colcon.colcon_core.package_identification:_identify(src/build-test_tool-Desktop-Debug/CMakeFiles/lidar_node_autogen.dir) by extensions ['colcon_pkg']
[1.043s] Level 1:colcon.colcon_core.package_identification:_identify(src/build-test_tool-Desktop-Debug/CMakeFiles/lidar_node_autogen.dir) by extension 'colcon_pkg'
[1.043s] Level 1:colcon.colcon_core.package_identification:_identify(src/build-test_tool-Desktop-Debug/CMakeFiles/lidar_node_autogen.dir) by extensions ['colcon_meta']
[1.043s] Level 1:colcon.colcon_core.package_identification:_identify(src/build-test_tool-Desktop-Debug/CMakeFiles/lidar_node_autogen.dir) by extension 'colcon_meta'
[1.044s] Level 1:colcon.colcon_core.package_identification:_identify(src/build-test_tool-Desktop-Debug/CMakeFiles/lidar_node_autogen.dir) by extensions ['ros']
[1.044s] Level 1:colcon.colcon_core.package_identification:_identify(src/build-test_tool-Desktop-Debug/CMakeFiles/lidar_node_autogen.dir) by extension 'ros'
[1.044s] Level 1:colcon.colcon_core.package_identification:_identify(src/build-test_tool-Desktop-Debug/CMakeFiles/lidar_node_autogen.dir) by extensions ['cmake', 'python']
[1.045s] Level 1:colcon.colcon_core.package_identification:_identify(src/build-test_tool-Desktop-Debug/CMakeFiles/lidar_node_autogen.dir) by extension 'cmake'
[1.045s] Level 1:colcon.colcon_core.package_identification:_identify(src/build-test_tool-Desktop-Debug/CMakeFiles/lidar_node_autogen.dir) by extension 'python'
[1.045s] Level 1:colcon.colcon_core.package_identification:_identify(src/build-test_tool-Desktop-Debug/CMakeFiles/lidar_node_autogen.dir) by extensions ['python_setup_py']
[1.045s] Level 1:colcon.colcon_core.package_identification:_identify(src/build-test_tool-Desktop-Debug/CMakeFiles/lidar_node_autogen.dir) by extension 'python_setup_py'
[1.046s] Level 1:colcon.colcon_core.package_identification:_identify(src/build-test_tool-Desktop-Debug/CMakeFiles/test_tool.dir) by extensions ['ignore', 'ignore_ament_install']
[1.046s] Level 1:colcon.colcon_core.package_identification:_identify(src/build-test_tool-Desktop-Debug/CMakeFiles/test_tool.dir) by extension 'ignore'
[1.046s] Level 1:colcon.colcon_core.package_identification:_identify(src/build-test_tool-Desktop-Debug/CMakeFiles/test_tool.dir) by extension 'ignore_ament_install'
[1.046s] Level 1:colcon.colcon_core.package_identification:_identify(src/build-test_tool-Desktop-Debug/CMakeFiles/test_tool.dir) by extensions ['colcon_pkg']
[1.046s] Level 1:colcon.colcon_core.package_identification:_identify(src/build-test_tool-Desktop-Debug/CMakeFiles/test_tool.dir) by extension 'colcon_pkg'
[1.046s] Level 1:colcon.colcon_core.package_identification:_identify(src/build-test_tool-Desktop-Debug/CMakeFiles/test_tool.dir) by extensions ['colcon_meta']
[1.047s] Level 1:colcon.colcon_core.package_identification:_identify(src/build-test_tool-Desktop-Debug/CMakeFiles/test_tool.dir) by extension 'colcon_meta'
[1.047s] Level 1:colcon.colcon_core.package_identification:_identify(src/build-test_tool-Desktop-Debug/CMakeFiles/test_tool.dir) by extensions ['ros']
[1.047s] Level 1:colcon.colcon_core.package_identification:_identify(src/build-test_tool-Desktop-Debug/CMakeFiles/test_tool.dir) by extension 'ros'
[1.047s] Level 1:colcon.colcon_core.package_identification:_identify(src/build-test_tool-Desktop-Debug/CMakeFiles/test_tool.dir) by extensions ['cmake', 'python']
[1.047s] Level 1:colcon.colcon_core.package_identification:_identify(src/build-test_tool-Desktop-Debug/CMakeFiles/test_tool.dir) by extension 'cmake'
[1.047s] Level 1:colcon.colcon_core.package_identification:_identify(src/build-test_tool-Desktop-Debug/CMakeFiles/test_tool.dir) by extension 'python'
[1.047s] Level 1:colcon.colcon_core.package_identification:_identify(src/build-test_tool-Desktop-Debug/CMakeFiles/test_tool.dir) by extensions ['python_setup_py']
[1.047s] Level 1:colcon.colcon_core.package_identification:_identify(src/build-test_tool-Desktop-Debug/CMakeFiles/test_tool.dir) by extension 'python_setup_py'
[1.047s] Level 1:colcon.colcon_core.package_identification:_identify(src/build-test_tool-Desktop-Debug/CMakeFiles/test_tool.dir/src) by extensions ['ignore', 'ignore_ament_install']
[1.048s] Level 1:colcon.colcon_core.package_identification:_identify(src/build-test_tool-Desktop-Debug/CMakeFiles/test_tool.dir/src) by extension 'ignore'
[1.048s] Level 1:colcon.colcon_core.package_identification:_identify(src/build-test_tool-Desktop-Debug/CMakeFiles/test_tool.dir/src) by extension 'ignore_ament_install'
[1.048s] Level 1:colcon.colcon_core.package_identification:_identify(src/build-test_tool-Desktop-Debug/CMakeFiles/test_tool.dir/src) by extensions ['colcon_pkg']
[1.048s] Level 1:colcon.colcon_core.package_identification:_identify(src/build-test_tool-Desktop-Debug/CMakeFiles/test_tool.dir/src) by extension 'colcon_pkg'
[1.048s] Level 1:colcon.colcon_core.package_identification:_identify(src/build-test_tool-Desktop-Debug/CMakeFiles/test_tool.dir/src) by extensions ['colcon_meta']
[1.048s] Level 1:colcon.colcon_core.package_identification:_identify(src/build-test_tool-Desktop-Debug/CMakeFiles/test_tool.dir/src) by extension 'colcon_meta'
[1.048s] Level 1:colcon.colcon_core.package_identification:_identify(src/build-test_tool-Desktop-Debug/CMakeFiles/test_tool.dir/src) by extensions ['ros']
[1.048s] Level 1:colcon.colcon_core.package_identification:_identify(src/build-test_tool-Desktop-Debug/CMakeFiles/test_tool.dir/src) by extension 'ros'
[1.049s] Level 1:colcon.colcon_core.package_identification:_identify(src/build-test_tool-Desktop-Debug/CMakeFiles/test_tool.dir/src) by extensions ['cmake', 'python']
[1.049s] Level 1:colcon.colcon_core.package_identification:_identify(src/build-test_tool-Desktop-Debug/CMakeFiles/test_tool.dir/src) by extension 'cmake'
[1.049s] Level 1:colcon.colcon_core.package_identification:_identify(src/build-test_tool-Desktop-Debug/CMakeFiles/test_tool.dir/src) by extension 'python'
[1.049s] Level 1:colcon.colcon_core.package_identification:_identify(src/build-test_tool-Desktop-Debug/CMakeFiles/test_tool.dir/src) by extensions ['python_setup_py']
[1.049s] Level 1:colcon.colcon_core.package_identification:_identify(src/build-test_tool-Desktop-Debug/CMakeFiles/test_tool.dir/src) by extension 'python_setup_py'
[1.049s] Level 1:colcon.colcon_core.package_identification:_identify(src/build-test_tool-Desktop-Debug/CMakeFiles/test_tool.dir/src/iris_tool) by extensions ['ignore', 'ignore_ament_install']
[1.050s] Level 1:colcon.colcon_core.package_identification:_identify(src/build-test_tool-Desktop-Debug/CMakeFiles/test_tool.dir/src/iris_tool) by extension 'ignore'
[1.050s] Level 1:colcon.colcon_core.package_identification:_identify(src/build-test_tool-Desktop-Debug/CMakeFiles/test_tool.dir/src/iris_tool) by extension 'ignore_ament_install'
[1.050s] Level 1:colcon.colcon_core.package_identification:_identify(src/build-test_tool-Desktop-Debug/CMakeFiles/test_tool.dir/src/iris_tool) by extensions ['colcon_pkg']
[1.050s] Level 1:colcon.colcon_core.package_identification:_identify(src/build-test_tool-Desktop-Debug/CMakeFiles/test_tool.dir/src/iris_tool) by extension 'colcon_pkg'
[1.050s] Level 1:colcon.colcon_core.package_identification:_identify(src/build-test_tool-Desktop-Debug/CMakeFiles/test_tool.dir/src/iris_tool) by extensions ['colcon_meta']
[1.050s] Level 1:colcon.colcon_core.package_identification:_identify(src/build-test_tool-Desktop-Debug/CMakeFiles/test_tool.dir/src/iris_tool) by extension 'colcon_meta'
[1.050s] Level 1:colcon.colcon_core.package_identification:_identify(src/build-test_tool-Desktop-Debug/CMakeFiles/test_tool.dir/src/iris_tool) by extensions ['ros']
[1.051s] Level 1:colcon.colcon_core.package_identification:_identify(src/build-test_tool-Desktop-Debug/CMakeFiles/test_tool.dir/src/iris_tool) by extension 'ros'
[1.051s] Level 1:colcon.colcon_core.package_identification:_identify(src/build-test_tool-Desktop-Debug/CMakeFiles/test_tool.dir/src/iris_tool) by extensions ['cmake', 'python']
[1.051s] Level 1:colcon.colcon_core.package_identification:_identify(src/build-test_tool-Desktop-Debug/CMakeFiles/test_tool.dir/src/iris_tool) by extension 'cmake'
[1.051s] Level 1:colcon.colcon_core.package_identification:_identify(src/build-test_tool-Desktop-Debug/CMakeFiles/test_tool.dir/src/iris_tool) by extension 'python'
[1.051s] Level 1:colcon.colcon_core.package_identification:_identify(src/build-test_tool-Desktop-Debug/CMakeFiles/test_tool.dir/src/iris_tool) by extensions ['python_setup_py']
[1.051s] Level 1:colcon.colcon_core.package_identification:_identify(src/build-test_tool-Desktop-Debug/CMakeFiles/test_tool.dir/src/iris_tool) by extension 'python_setup_py'
[1.052s] Level 1:colcon.colcon_core.package_identification:_identify(src/build-test_tool-Desktop-Debug/CMakeFiles/test_tool.dir/src/iris_tool/A2) by extensions ['ignore', 'ignore_ament_install']
[1.052s] Level 1:colcon.colcon_core.package_identification:_identify(src/build-test_tool-Desktop-Debug/CMakeFiles/test_tool.dir/src/iris_tool/A2) by extension 'ignore'
[1.052s] Level 1:colcon.colcon_core.package_identification:_identify(src/build-test_tool-Desktop-Debug/CMakeFiles/test_tool.dir/src/iris_tool/A2) by extension 'ignore_ament_install'
[1.052s] Level 1:colcon.colcon_core.package_identification:_identify(src/build-test_tool-Desktop-Debug/CMakeFiles/test_tool.dir/src/iris_tool/A2) by extensions ['colcon_pkg']
[1.052s] Level 1:colcon.colcon_core.package_identification:_identify(src/build-test_tool-Desktop-Debug/CMakeFiles/test_tool.dir/src/iris_tool/A2) by extension 'colcon_pkg'
[1.052s] Level 1:colcon.colcon_core.package_identification:_identify(src/build-test_tool-Desktop-Debug/CMakeFiles/test_tool.dir/src/iris_tool/A2) by extensions ['colcon_meta']
[1.053s] Level 1:colcon.colcon_core.package_identification:_identify(src/build-test_tool-Desktop-Debug/CMakeFiles/test_tool.dir/src/iris_tool/A2) by extension 'colcon_meta'
[1.053s] Level 1:colcon.colcon_core.package_identification:_identify(src/build-test_tool-Desktop-Debug/CMakeFiles/test_tool.dir/src/iris_tool/A2) by extensions ['ros']
[1.053s] Level 1:colcon.colcon_core.package_identification:_identify(src/build-test_tool-Desktop-Debug/CMakeFiles/test_tool.dir/src/iris_tool/A2) by extension 'ros'
[1.053s] Level 1:colcon.colcon_core.package_identification:_identify(src/build-test_tool-Desktop-Debug/CMakeFiles/test_tool.dir/src/iris_tool/A2) by extensions ['cmake', 'python']
[1.053s] Level 1:colcon.colcon_core.package_identification:_identify(src/build-test_tool-Desktop-Debug/CMakeFiles/test_tool.dir/src/iris_tool/A2) by extension 'cmake'
[1.053s] Level 1:colcon.colcon_core.package_identification:_identify(src/build-test_tool-Desktop-Debug/CMakeFiles/test_tool.dir/src/iris_tool/A2) by extension 'python'
[1.053s] Level 1:colcon.colcon_core.package_identification:_identify(src/build-test_tool-Desktop-Debug/CMakeFiles/test_tool.dir/src/iris_tool/A2) by extensions ['python_setup_py']
[1.053s] Level 1:colcon.colcon_core.package_identification:_identify(src/build-test_tool-Desktop-Debug/CMakeFiles/test_tool.dir/src/iris_tool/A2) by extension 'python_setup_py'
[1.054s] Level 1:colcon.colcon_core.package_identification:_identify(src/build-test_tool-Desktop-Debug/CMakeFiles/test_tool.dir/src/iris_tool/A5) by extensions ['ignore', 'ignore_ament_install']
[1.054s] Level 1:colcon.colcon_core.package_identification:_identify(src/build-test_tool-Desktop-Debug/CMakeFiles/test_tool.dir/src/iris_tool/A5) by extension 'ignore'
[1.054s] Level 1:colcon.colcon_core.package_identification:_identify(src/build-test_tool-Desktop-Debug/CMakeFiles/test_tool.dir/src/iris_tool/A5) by extension 'ignore_ament_install'
[1.054s] Level 1:colcon.colcon_core.package_identification:_identify(src/build-test_tool-Desktop-Debug/CMakeFiles/test_tool.dir/src/iris_tool/A5) by extensions ['colcon_pkg']
[1.054s] Level 1:colcon.colcon_core.package_identification:_identify(src/build-test_tool-Desktop-Debug/CMakeFiles/test_tool.dir/src/iris_tool/A5) by extension 'colcon_pkg'
[1.054s] Level 1:colcon.colcon_core.package_identification:_identify(src/build-test_tool-Desktop-Debug/CMakeFiles/test_tool.dir/src/iris_tool/A5) by extensions ['colcon_meta']
[1.055s] Level 1:colcon.colcon_core.package_identification:_identify(src/build-test_tool-Desktop-Debug/CMakeFiles/test_tool.dir/src/iris_tool/A5) by extension 'colcon_meta'
[1.055s] Level 1:colcon.colcon_core.package_identification:_identify(src/build-test_tool-Desktop-Debug/CMakeFiles/test_tool.dir/src/iris_tool/A5) by extensions ['ros']
[1.055s] Level 1:colcon.colcon_core.package_identification:_identify(src/build-test_tool-Desktop-Debug/CMakeFiles/test_tool.dir/src/iris_tool/A5) by extension 'ros'
[1.055s] Level 1:colcon.colcon_core.package_identification:_identify(src/build-test_tool-Desktop-Debug/CMakeFiles/test_tool.dir/src/iris_tool/A5) by extensions ['cmake', 'python']
[1.055s] Level 1:colcon.colcon_core.package_identification:_identify(src/build-test_tool-Desktop-Debug/CMakeFiles/test_tool.dir/src/iris_tool/A5) by extension 'cmake'
[1.055s] Level 1:colcon.colcon_core.package_identification:_identify(src/build-test_tool-Desktop-Debug/CMakeFiles/test_tool.dir/src/iris_tool/A5) by extension 'python'
[1.056s] Level 1:colcon.colcon_core.package_identification:_identify(src/build-test_tool-Desktop-Debug/CMakeFiles/test_tool.dir/src/iris_tool/A5) by extensions ['python_setup_py']
[1.056s] Level 1:colcon.colcon_core.package_identification:_identify(src/build-test_tool-Desktop-Debug/CMakeFiles/test_tool.dir/src/iris_tool/A5) by extension 'python_setup_py'
[1.056s] Level 1:colcon.colcon_core.package_identification:_identify(src/build-test_tool-Desktop-Debug/CMakeFiles/test_tool.dir/test_tool_autogen) by extensions ['ignore', 'ignore_ament_install']
[1.056s] Level 1:colcon.colcon_core.package_identification:_identify(src/build-test_tool-Desktop-Debug/CMakeFiles/test_tool.dir/test_tool_autogen) by extension 'ignore'
[1.057s] Level 1:colcon.colcon_core.package_identification:_identify(src/build-test_tool-Desktop-Debug/CMakeFiles/test_tool.dir/test_tool_autogen) by extension 'ignore_ament_install'
[1.057s] Level 1:colcon.colcon_core.package_identification:_identify(src/build-test_tool-Desktop-Debug/CMakeFiles/test_tool.dir/test_tool_autogen) by extensions ['colcon_pkg']
[1.057s] Level 1:colcon.colcon_core.package_identification:_identify(src/build-test_tool-Desktop-Debug/CMakeFiles/test_tool.dir/test_tool_autogen) by extension 'colcon_pkg'
[1.057s] Level 1:colcon.colcon_core.package_identification:_identify(src/build-test_tool-Desktop-Debug/CMakeFiles/test_tool.dir/test_tool_autogen) by extensions ['colcon_meta']
[1.057s] Level 1:colcon.colcon_core.package_identification:_identify(src/build-test_tool-Desktop-Debug/CMakeFiles/test_tool.dir/test_tool_autogen) by extension 'colcon_meta'
[1.057s] Level 1:colcon.colcon_core.package_identification:_identify(src/build-test_tool-Desktop-Debug/CMakeFiles/test_tool.dir/test_tool_autogen) by extensions ['ros']
[1.057s] Level 1:colcon.colcon_core.package_identification:_identify(src/build-test_tool-Desktop-Debug/CMakeFiles/test_tool.dir/test_tool_autogen) by extension 'ros'
[1.057s] Level 1:colcon.colcon_core.package_identification:_identify(src/build-test_tool-Desktop-Debug/CMakeFiles/test_tool.dir/test_tool_autogen) by extensions ['cmake', 'python']
[1.058s] Level 1:colcon.colcon_core.package_identification:_identify(src/build-test_tool-Desktop-Debug/CMakeFiles/test_tool.dir/test_tool_autogen) by extension 'cmake'
[1.058s] Level 1:colcon.colcon_core.package_identification:_identify(src/build-test_tool-Desktop-Debug/CMakeFiles/test_tool.dir/test_tool_autogen) by extension 'python'
[1.058s] Level 1:colcon.colcon_core.package_identification:_identify(src/build-test_tool-Desktop-Debug/CMakeFiles/test_tool.dir/test_tool_autogen) by extensions ['python_setup_py']
[1.058s] Level 1:colcon.colcon_core.package_identification:_identify(src/build-test_tool-Desktop-Debug/CMakeFiles/test_tool.dir/test_tool_autogen) by extension 'python_setup_py'
[1.058s] Level 1:colcon.colcon_core.package_identification:_identify(src/build-test_tool-Desktop-Debug/CMakeFiles/test_tool_autogen.dir) by extensions ['ignore', 'ignore_ament_install']
[1.060s] Level 1:colcon.colcon_core.package_identification:_identify(src/build-test_tool-Desktop-Debug/CMakeFiles/test_tool_autogen.dir) by extension 'ignore'
[1.061s] Level 1:colcon.colcon_core.package_identification:_identify(src/build-test_tool-Desktop-Debug/CMakeFiles/test_tool_autogen.dir) by extension 'ignore_ament_install'
[1.061s] Level 1:colcon.colcon_core.package_identification:_identify(src/build-test_tool-Desktop-Debug/CMakeFiles/test_tool_autogen.dir) by extensions ['colcon_pkg']
[1.061s] Level 1:colcon.colcon_core.package_identification:_identify(src/build-test_tool-Desktop-Debug/CMakeFiles/test_tool_autogen.dir) by extension 'colcon_pkg'
[1.061s] Level 1:colcon.colcon_core.package_identification:_identify(src/build-test_tool-Desktop-Debug/CMakeFiles/test_tool_autogen.dir) by extensions ['colcon_meta']
[1.061s] Level 1:colcon.colcon_core.package_identification:_identify(src/build-test_tool-Desktop-Debug/CMakeFiles/test_tool_autogen.dir) by extension 'colcon_meta'
[1.062s] Level 1:colcon.colcon_core.package_identification:_identify(src/build-test_tool-Desktop-Debug/CMakeFiles/test_tool_autogen.dir) by extensions ['ros']
[1.062s] Level 1:colcon.colcon_core.package_identification:_identify(src/build-test_tool-Desktop-Debug/CMakeFiles/test_tool_autogen.dir) by extension 'ros'
[1.063s] Level 1:colcon.colcon_core.package_identification:_identify(src/build-test_tool-Desktop-Debug/CMakeFiles/test_tool_autogen.dir) by extensions ['cmake', 'python']
[1.063s] Level 1:colcon.colcon_core.package_identification:_identify(src/build-test_tool-Desktop-Debug/CMakeFiles/test_tool_autogen.dir) by extension 'cmake'
[1.064s] Level 1:colcon.colcon_core.package_identification:_identify(src/build-test_tool-Desktop-Debug/CMakeFiles/test_tool_autogen.dir) by extension 'python'
[1.064s] Level 1:colcon.colcon_core.package_identification:_identify(src/build-test_tool-Desktop-Debug/CMakeFiles/test_tool_autogen.dir) by extensions ['python_setup_py']
[1.064s] Level 1:colcon.colcon_core.package_identification:_identify(src/build-test_tool-Desktop-Debug/CMakeFiles/test_tool_autogen.dir) by extension 'python_setup_py'
[1.065s] Level 1:colcon.colcon_core.package_identification:_identify(src/build-test_tool-Desktop-Debug/CMakeFiles/test_tool_node.dir) by extensions ['ignore', 'ignore_ament_install']
[1.065s] Level 1:colcon.colcon_core.package_identification:_identify(src/build-test_tool-Desktop-Debug/CMakeFiles/test_tool_node.dir) by extension 'ignore'
[1.065s] Level 1:colcon.colcon_core.package_identification:_identify(src/build-test_tool-Desktop-Debug/CMakeFiles/test_tool_node.dir) by extension 'ignore_ament_install'
[1.065s] Level 1:colcon.colcon_core.package_identification:_identify(src/build-test_tool-Desktop-Debug/CMakeFiles/test_tool_node.dir) by extensions ['colcon_pkg']
[1.065s] Level 1:colcon.colcon_core.package_identification:_identify(src/build-test_tool-Desktop-Debug/CMakeFiles/test_tool_node.dir) by extension 'colcon_pkg'
[1.065s] Level 1:colcon.colcon_core.package_identification:_identify(src/build-test_tool-Desktop-Debug/CMakeFiles/test_tool_node.dir) by extensions ['colcon_meta']
[1.066s] Level 1:colcon.colcon_core.package_identification:_identify(src/build-test_tool-Desktop-Debug/CMakeFiles/test_tool_node.dir) by extension 'colcon_meta'
[1.066s] Level 1:colcon.colcon_core.package_identification:_identify(src/build-test_tool-Desktop-Debug/CMakeFiles/test_tool_node.dir) by extensions ['ros']
[1.066s] Level 1:colcon.colcon_core.package_identification:_identify(src/build-test_tool-Desktop-Debug/CMakeFiles/test_tool_node.dir) by extension 'ros'
[1.066s] Level 1:colcon.colcon_core.package_identification:_identify(src/build-test_tool-Desktop-Debug/CMakeFiles/test_tool_node.dir) by extensions ['cmake', 'python']
[1.066s] Level 1:colcon.colcon_core.package_identification:_identify(src/build-test_tool-Desktop-Debug/CMakeFiles/test_tool_node.dir) by extension 'cmake'
[1.066s] Level 1:colcon.colcon_core.package_identification:_identify(src/build-test_tool-Desktop-Debug/CMakeFiles/test_tool_node.dir) by extension 'python'
[1.066s] Level 1:colcon.colcon_core.package_identification:_identify(src/build-test_tool-Desktop-Debug/CMakeFiles/test_tool_node.dir) by extensions ['python_setup_py']
[1.067s] Level 1:colcon.colcon_core.package_identification:_identify(src/build-test_tool-Desktop-Debug/CMakeFiles/test_tool_node.dir) by extension 'python_setup_py'
[1.067s] Level 1:colcon.colcon_core.package_identification:_identify(src/build-test_tool-Desktop-Debug/CMakeFiles/test_tool_node.dir/src) by extensions ['ignore', 'ignore_ament_install']
[1.067s] Level 1:colcon.colcon_core.package_identification:_identify(src/build-test_tool-Desktop-Debug/CMakeFiles/test_tool_node.dir/src) by extension 'ignore'
[1.067s] Level 1:colcon.colcon_core.package_identification:_identify(src/build-test_tool-Desktop-Debug/CMakeFiles/test_tool_node.dir/src) by extension 'ignore_ament_install'
[1.067s] Level 1:colcon.colcon_core.package_identification:_identify(src/build-test_tool-Desktop-Debug/CMakeFiles/test_tool_node.dir/src) by extensions ['colcon_pkg']
[1.067s] Level 1:colcon.colcon_core.package_identification:_identify(src/build-test_tool-Desktop-Debug/CMakeFiles/test_tool_node.dir/src) by extension 'colcon_pkg'
[1.068s] Level 1:colcon.colcon_core.package_identification:_identify(src/build-test_tool-Desktop-Debug/CMakeFiles/test_tool_node.dir/src) by extensions ['colcon_meta']
[1.068s] Level 1:colcon.colcon_core.package_identification:_identify(src/build-test_tool-Desktop-Debug/CMakeFiles/test_tool_node.dir/src) by extension 'colcon_meta'
[1.068s] Level 1:colcon.colcon_core.package_identification:_identify(src/build-test_tool-Desktop-Debug/CMakeFiles/test_tool_node.dir/src) by extensions ['ros']
[1.068s] Level 1:colcon.colcon_core.package_identification:_identify(src/build-test_tool-Desktop-Debug/CMakeFiles/test_tool_node.dir/src) by extension 'ros'
[1.068s] Level 1:colcon.colcon_core.package_identification:_identify(src/build-test_tool-Desktop-Debug/CMakeFiles/test_tool_node.dir/src) by extensions ['cmake', 'python']
[1.068s] Level 1:colcon.colcon_core.package_identification:_identify(src/build-test_tool-Desktop-Debug/CMakeFiles/test_tool_node.dir/src) by extension 'cmake'
[1.068s] Level 1:colcon.colcon_core.package_identification:_identify(src/build-test_tool-Desktop-Debug/CMakeFiles/test_tool_node.dir/src) by extension 'python'
[1.069s] Level 1:colcon.colcon_core.package_identification:_identify(src/build-test_tool-Desktop-Debug/CMakeFiles/test_tool_node.dir/src) by extensions ['python_setup_py']
[1.069s] Level 1:colcon.colcon_core.package_identification:_identify(src/build-test_tool-Desktop-Debug/CMakeFiles/test_tool_node.dir/src) by extension 'python_setup_py'
[1.069s] Level 1:colcon.colcon_core.package_identification:_identify(src/build-test_tool-Desktop-Debug/CMakeFiles/test_tool_node.dir/src/iris_tool) by extensions ['ignore', 'ignore_ament_install']
[1.069s] Level 1:colcon.colcon_core.package_identification:_identify(src/build-test_tool-Desktop-Debug/CMakeFiles/test_tool_node.dir/src/iris_tool) by extension 'ignore'
[1.069s] Level 1:colcon.colcon_core.package_identification:_identify(src/build-test_tool-Desktop-Debug/CMakeFiles/test_tool_node.dir/src/iris_tool) by extension 'ignore_ament_install'
[1.070s] Level 1:colcon.colcon_core.package_identification:_identify(src/build-test_tool-Desktop-Debug/CMakeFiles/test_tool_node.dir/src/iris_tool) by extensions ['colcon_pkg']
[1.070s] Level 1:colcon.colcon_core.package_identification:_identify(src/build-test_tool-Desktop-Debug/CMakeFiles/test_tool_node.dir/src/iris_tool) by extension 'colcon_pkg'
[1.070s] Level 1:colcon.colcon_core.package_identification:_identify(src/build-test_tool-Desktop-Debug/CMakeFiles/test_tool_node.dir/src/iris_tool) by extensions ['colcon_meta']
[1.070s] Level 1:colcon.colcon_core.package_identification:_identify(src/build-test_tool-Desktop-Debug/CMakeFiles/test_tool_node.dir/src/iris_tool) by extension 'colcon_meta'
[1.070s] Level 1:colcon.colcon_core.package_identification:_identify(src/build-test_tool-Desktop-Debug/CMakeFiles/test_tool_node.dir/src/iris_tool) by extensions ['ros']
[1.070s] Level 1:colcon.colcon_core.package_identification:_identify(src/build-test_tool-Desktop-Debug/CMakeFiles/test_tool_node.dir/src/iris_tool) by extension 'ros'
[1.071s] Level 1:colcon.colcon_core.package_identification:_identify(src/build-test_tool-Desktop-Debug/CMakeFiles/test_tool_node.dir/src/iris_tool) by extensions ['cmake', 'python']
[1.071s] Level 1:colcon.colcon_core.package_identification:_identify(src/build-test_tool-Desktop-Debug/CMakeFiles/test_tool_node.dir/src/iris_tool) by extension 'cmake'
[1.071s] Level 1:colcon.colcon_core.package_identification:_identify(src/build-test_tool-Desktop-Debug/CMakeFiles/test_tool_node.dir/src/iris_tool) by extension 'python'
[1.071s] Level 1:colcon.colcon_core.package_identification:_identify(src/build-test_tool-Desktop-Debug/CMakeFiles/test_tool_node.dir/src/iris_tool) by extensions ['python_setup_py']
[1.071s] Level 1:colcon.colcon_core.package_identification:_identify(src/build-test_tool-Desktop-Debug/CMakeFiles/test_tool_node.dir/src/iris_tool) by extension 'python_setup_py'
[1.072s] Level 1:colcon.colcon_core.package_identification:_identify(src/build-test_tool-Desktop-Debug/CMakeFiles/test_tool_node.dir/src/iris_tool/A2) by extensions ['ignore', 'ignore_ament_install']
[1.072s] Level 1:colcon.colcon_core.package_identification:_identify(src/build-test_tool-Desktop-Debug/CMakeFiles/test_tool_node.dir/src/iris_tool/A2) by extension 'ignore'
[1.072s] Level 1:colcon.colcon_core.package_identification:_identify(src/build-test_tool-Desktop-Debug/CMakeFiles/test_tool_node.dir/src/iris_tool/A2) by extension 'ignore_ament_install'
[1.072s] Level 1:colcon.colcon_core.package_identification:_identify(src/build-test_tool-Desktop-Debug/CMakeFiles/test_tool_node.dir/src/iris_tool/A2) by extensions ['colcon_pkg']
[1.072s] Level 1:colcon.colcon_core.package_identification:_identify(src/build-test_tool-Desktop-Debug/CMakeFiles/test_tool_node.dir/src/iris_tool/A2) by extension 'colcon_pkg'
[1.072s] Level 1:colcon.colcon_core.package_identification:_identify(src/build-test_tool-Desktop-Debug/CMakeFiles/test_tool_node.dir/src/iris_tool/A2) by extensions ['colcon_meta']
[1.072s] Level 1:colcon.colcon_core.package_identification:_identify(src/build-test_tool-Desktop-Debug/CMakeFiles/test_tool_node.dir/src/iris_tool/A2) by extension 'colcon_meta'
[1.073s] Level 1:colcon.colcon_core.package_identification:_identify(src/build-test_tool-Desktop-Debug/CMakeFiles/test_tool_node.dir/src/iris_tool/A2) by extensions ['ros']
[1.073s] Level 1:colcon.colcon_core.package_identification:_identify(src/build-test_tool-Desktop-Debug/CMakeFiles/test_tool_node.dir/src/iris_tool/A2) by extension 'ros'
[1.073s] Level 1:colcon.colcon_core.package_identification:_identify(src/build-test_tool-Desktop-Debug/CMakeFiles/test_tool_node.dir/src/iris_tool/A2) by extensions ['cmake', 'python']
[1.073s] Level 1:colcon.colcon_core.package_identification:_identify(src/build-test_tool-Desktop-Debug/CMakeFiles/test_tool_node.dir/src/iris_tool/A2) by extension 'cmake'
[1.073s] Level 1:colcon.colcon_core.package_identification:_identify(src/build-test_tool-Desktop-Debug/CMakeFiles/test_tool_node.dir/src/iris_tool/A2) by extension 'python'
[1.073s] Level 1:colcon.colcon_core.package_identification:_identify(src/build-test_tool-Desktop-Debug/CMakeFiles/test_tool_node.dir/src/iris_tool/A2) by extensions ['python_setup_py']
[1.074s] Level 1:colcon.colcon_core.package_identification:_identify(src/build-test_tool-Desktop-Debug/CMakeFiles/test_tool_node.dir/src/iris_tool/A2) by extension 'python_setup_py'
[1.074s] Level 1:colcon.colcon_core.package_identification:_identify(src/build-test_tool-Desktop-Debug/CMakeFiles/test_tool_node.dir/test_tool_node_autogen) by extensions ['ignore', 'ignore_ament_install']
[1.074s] Level 1:colcon.colcon_core.package_identification:_identify(src/build-test_tool-Desktop-Debug/CMakeFiles/test_tool_node.dir/test_tool_node_autogen) by extension 'ignore'
[1.074s] Level 1:colcon.colcon_core.package_identification:_identify(src/build-test_tool-Desktop-Debug/CMakeFiles/test_tool_node.dir/test_tool_node_autogen) by extension 'ignore_ament_install'
[1.075s] Level 1:colcon.colcon_core.package_identification:_identify(src/build-test_tool-Desktop-Debug/CMakeFiles/test_tool_node.dir/test_tool_node_autogen) by extensions ['colcon_pkg']
[1.075s] Level 1:colcon.colcon_core.package_identification:_identify(src/build-test_tool-Desktop-Debug/CMakeFiles/test_tool_node.dir/test_tool_node_autogen) by extension 'colcon_pkg'
[1.075s] Level 1:colcon.colcon_core.package_identification:_identify(src/build-test_tool-Desktop-Debug/CMakeFiles/test_tool_node.dir/test_tool_node_autogen) by extensions ['colcon_meta']
[1.075s] Level 1:colcon.colcon_core.package_identification:_identify(src/build-test_tool-Desktop-Debug/CMakeFiles/test_tool_node.dir/test_tool_node_autogen) by extension 'colcon_meta'
[1.075s] Level 1:colcon.colcon_core.package_identification:_identify(src/build-test_tool-Desktop-Debug/CMakeFiles/test_tool_node.dir/test_tool_node_autogen) by extensions ['ros']
[1.075s] Level 1:colcon.colcon_core.package_identification:_identify(src/build-test_tool-Desktop-Debug/CMakeFiles/test_tool_node.dir/test_tool_node_autogen) by extension 'ros'
[1.076s] Level 1:colcon.colcon_core.package_identification:_identify(src/build-test_tool-Desktop-Debug/CMakeFiles/test_tool_node.dir/test_tool_node_autogen) by extensions ['cmake', 'python']
[1.076s] Level 1:colcon.colcon_core.package_identification:_identify(src/build-test_tool-Desktop-Debug/CMakeFiles/test_tool_node.dir/test_tool_node_autogen) by extension 'cmake'
[1.076s] Level 1:colcon.colcon_core.package_identification:_identify(src/build-test_tool-Desktop-Debug/CMakeFiles/test_tool_node.dir/test_tool_node_autogen) by extension 'python'
[1.076s] Level 1:colcon.colcon_core.package_identification:_identify(src/build-test_tool-Desktop-Debug/CMakeFiles/test_tool_node.dir/test_tool_node_autogen) by extensions ['python_setup_py']
[1.076s] Level 1:colcon.colcon_core.package_identification:_identify(src/build-test_tool-Desktop-Debug/CMakeFiles/test_tool_node.dir/test_tool_node_autogen) by extension 'python_setup_py'
[1.077s] Level 1:colcon.colcon_core.package_identification:_identify(src/build-test_tool-Desktop-Debug/CMakeFiles/test_tool_node_autogen.dir) by extensions ['ignore', 'ignore_ament_install']
[1.077s] Level 1:colcon.colcon_core.package_identification:_identify(src/build-test_tool-Desktop-Debug/CMakeFiles/test_tool_node_autogen.dir) by extension 'ignore'
[1.078s] Level 1:colcon.colcon_core.package_identification:_identify(src/build-test_tool-Desktop-Debug/CMakeFiles/test_tool_node_autogen.dir) by extension 'ignore_ament_install'
[1.078s] Level 1:colcon.colcon_core.package_identification:_identify(src/build-test_tool-Desktop-Debug/CMakeFiles/test_tool_node_autogen.dir) by extensions ['colcon_pkg']
[1.078s] Level 1:colcon.colcon_core.package_identification:_identify(src/build-test_tool-Desktop-Debug/CMakeFiles/test_tool_node_autogen.dir) by extension 'colcon_pkg'
[1.078s] Level 1:colcon.colcon_core.package_identification:_identify(src/build-test_tool-Desktop-Debug/CMakeFiles/test_tool_node_autogen.dir) by extensions ['colcon_meta']
[1.078s] Level 1:colcon.colcon_core.package_identification:_identify(src/build-test_tool-Desktop-Debug/CMakeFiles/test_tool_node_autogen.dir) by extension 'colcon_meta'
[1.078s] Level 1:colcon.colcon_core.package_identification:_identify(src/build-test_tool-Desktop-Debug/CMakeFiles/test_tool_node_autogen.dir) by extensions ['ros']
[1.079s] Level 1:colcon.colcon_core.package_identification:_identify(src/build-test_tool-Desktop-Debug/CMakeFiles/test_tool_node_autogen.dir) by extension 'ros'
[1.079s] Level 1:colcon.colcon_core.package_identification:_identify(src/build-test_tool-Desktop-Debug/CMakeFiles/test_tool_node_autogen.dir) by extensions ['cmake', 'python']
[1.079s] Level 1:colcon.colcon_core.package_identification:_identify(src/build-test_tool-Desktop-Debug/CMakeFiles/test_tool_node_autogen.dir) by extension 'cmake'
[1.079s] Level 1:colcon.colcon_core.package_identification:_identify(src/build-test_tool-Desktop-Debug/CMakeFiles/test_tool_node_autogen.dir) by extension 'python'
[1.079s] Level 1:colcon.colcon_core.package_identification:_identify(src/build-test_tool-Desktop-Debug/CMakeFiles/test_tool_node_autogen.dir) by extensions ['python_setup_py']
[1.079s] Level 1:colcon.colcon_core.package_identification:_identify(src/build-test_tool-Desktop-Debug/CMakeFiles/test_tool_node_autogen.dir) by extension 'python_setup_py'
[1.081s] Level 1:colcon.colcon_core.package_identification:_identify(src/build-test_tool-Desktop-Debug/CMakeFiles/test_tool_uninstall.dir) by extensions ['ignore', 'ignore_ament_install']
[1.082s] Level 1:colcon.colcon_core.package_identification:_identify(src/build-test_tool-Desktop-Debug/CMakeFiles/test_tool_uninstall.dir) by extension 'ignore'
[1.083s] Level 1:colcon.colcon_core.package_identification:_identify(src/build-test_tool-Desktop-Debug/CMakeFiles/test_tool_uninstall.dir) by extension 'ignore_ament_install'
[1.083s] Level 1:colcon.colcon_core.package_identification:_identify(src/build-test_tool-Desktop-Debug/CMakeFiles/test_tool_uninstall.dir) by extensions ['colcon_pkg']
[1.084s] Level 1:colcon.colcon_core.package_identification:_identify(src/build-test_tool-Desktop-Debug/CMakeFiles/test_tool_uninstall.dir) by extension 'colcon_pkg'
[1.084s] Level 1:colcon.colcon_core.package_identification:_identify(src/build-test_tool-Desktop-Debug/CMakeFiles/test_tool_uninstall.dir) by extensions ['colcon_meta']
[1.084s] Level 1:colcon.colcon_core.package_identification:_identify(src/build-test_tool-Desktop-Debug/CMakeFiles/test_tool_uninstall.dir) by extension 'colcon_meta'
[1.085s] Level 1:colcon.colcon_core.package_identification:_identify(src/build-test_tool-Desktop-Debug/CMakeFiles/test_tool_uninstall.dir) by extensions ['ros']
[1.085s] Level 1:colcon.colcon_core.package_identification:_identify(src/build-test_tool-Desktop-Debug/CMakeFiles/test_tool_uninstall.dir) by extension 'ros'
[1.085s] Level 1:colcon.colcon_core.package_identification:_identify(src/build-test_tool-Desktop-Debug/CMakeFiles/test_tool_uninstall.dir) by extensions ['cmake', 'python']
[1.086s] Level 1:colcon.colcon_core.package_identification:_identify(src/build-test_tool-Desktop-Debug/CMakeFiles/test_tool_uninstall.dir) by extension 'cmake'
[1.086s] Level 1:colcon.colcon_core.package_identification:_identify(src/build-test_tool-Desktop-Debug/CMakeFiles/test_tool_uninstall.dir) by extension 'python'
[1.086s] Level 1:colcon.colcon_core.package_identification:_identify(src/build-test_tool-Desktop-Debug/CMakeFiles/test_tool_uninstall.dir) by extensions ['python_setup_py']
[1.086s] Level 1:colcon.colcon_core.package_identification:_identify(src/build-test_tool-Desktop-Debug/CMakeFiles/test_tool_uninstall.dir) by extension 'python_setup_py'
[1.087s] Level 1:colcon.colcon_core.package_identification:_identify(src/build-test_tool-Desktop-Debug/CMakeFiles/uninstall.dir) by extensions ['ignore', 'ignore_ament_install']
[1.087s] Level 1:colcon.colcon_core.package_identification:_identify(src/build-test_tool-Desktop-Debug/CMakeFiles/uninstall.dir) by extension 'ignore'
[1.087s] Level 1:colcon.colcon_core.package_identification:_identify(src/build-test_tool-Desktop-Debug/CMakeFiles/uninstall.dir) by extension 'ignore_ament_install'
[1.087s] Level 1:colcon.colcon_core.package_identification:_identify(src/build-test_tool-Desktop-Debug/CMakeFiles/uninstall.dir) by extensions ['colcon_pkg']
[1.087s] Level 1:colcon.colcon_core.package_identification:_identify(src/build-test_tool-Desktop-Debug/CMakeFiles/uninstall.dir) by extension 'colcon_pkg'
[1.088s] Level 1:colcon.colcon_core.package_identification:_identify(src/build-test_tool-Desktop-Debug/CMakeFiles/uninstall.dir) by extensions ['colcon_meta']
[1.088s] Level 1:colcon.colcon_core.package_identification:_identify(src/build-test_tool-Desktop-Debug/CMakeFiles/uninstall.dir) by extension 'colcon_meta'
[1.088s] Level 1:colcon.colcon_core.package_identification:_identify(src/build-test_tool-Desktop-Debug/CMakeFiles/uninstall.dir) by extensions ['ros']
[1.088s] Level 1:colcon.colcon_core.package_identification:_identify(src/build-test_tool-Desktop-Debug/CMakeFiles/uninstall.dir) by extension 'ros'
[1.088s] Level 1:colcon.colcon_core.package_identification:_identify(src/build-test_tool-Desktop-Debug/CMakeFiles/uninstall.dir) by extensions ['cmake', 'python']
[1.088s] Level 1:colcon.colcon_core.package_identification:_identify(src/build-test_tool-Desktop-Debug/CMakeFiles/uninstall.dir) by extension 'cmake'
[1.088s] Level 1:colcon.colcon_core.package_identification:_identify(src/build-test_tool-Desktop-Debug/CMakeFiles/uninstall.dir) by extension 'python'
[1.089s] Level 1:colcon.colcon_core.package_identification:_identify(src/build-test_tool-Desktop-Debug/CMakeFiles/uninstall.dir) by extensions ['python_setup_py']
[1.089s] Level 1:colcon.colcon_core.package_identification:_identify(src/build-test_tool-Desktop-Debug/CMakeFiles/uninstall.dir) by extension 'python_setup_py'
[1.089s] Level 1:colcon.colcon_core.package_identification:_identify(src/build-test_tool-Desktop-Debug/Testing) by extensions ['ignore', 'ignore_ament_install']
[1.089s] Level 1:colcon.colcon_core.package_identification:_identify(src/build-test_tool-Desktop-Debug/Testing) by extension 'ignore'
[1.090s] Level 1:colcon.colcon_core.package_identification:_identify(src/build-test_tool-Desktop-Debug/Testing) by extension 'ignore_ament_install'
[1.090s] Level 1:colcon.colcon_core.package_identification:_identify(src/build-test_tool-Desktop-Debug/Testing) by extensions ['colcon_pkg']
[1.090s] Level 1:colcon.colcon_core.package_identification:_identify(src/build-test_tool-Desktop-Debug/Testing) by extension 'colcon_pkg'
[1.090s] Level 1:colcon.colcon_core.package_identification:_identify(src/build-test_tool-Desktop-Debug/Testing) by extensions ['colcon_meta']
[1.090s] Level 1:colcon.colcon_core.package_identification:_identify(src/build-test_tool-Desktop-Debug/Testing) by extension 'colcon_meta'
[1.090s] Level 1:colcon.colcon_core.package_identification:_identify(src/build-test_tool-Desktop-Debug/Testing) by extensions ['ros']
[1.091s] Level 1:colcon.colcon_core.package_identification:_identify(src/build-test_tool-Desktop-Debug/Testing) by extension 'ros'
[1.091s] Level 1:colcon.colcon_core.package_identification:_identify(src/build-test_tool-Desktop-Debug/Testing) by extensions ['cmake', 'python']
[1.091s] Level 1:colcon.colcon_core.package_identification:_identify(src/build-test_tool-Desktop-Debug/Testing) by extension 'cmake'
[1.091s] Level 1:colcon.colcon_core.package_identification:_identify(src/build-test_tool-Desktop-Debug/Testing) by extension 'python'
[1.091s] Level 1:colcon.colcon_core.package_identification:_identify(src/build-test_tool-Desktop-Debug/Testing) by extensions ['python_setup_py']
[1.091s] Level 1:colcon.colcon_core.package_identification:_identify(src/build-test_tool-Desktop-Debug/Testing) by extension 'python_setup_py'
[1.091s] Level 1:colcon.colcon_core.package_identification:_identify(src/build-test_tool-Desktop-Debug/Testing/Temporary) by extensions ['ignore', 'ignore_ament_install']
[1.091s] Level 1:colcon.colcon_core.package_identification:_identify(src/build-test_tool-Desktop-Debug/Testing/Temporary) by extension 'ignore'
[1.092s] Level 1:colcon.colcon_core.package_identification:_identify(src/build-test_tool-Desktop-Debug/Testing/Temporary) by extension 'ignore_ament_install'
[1.092s] Level 1:colcon.colcon_core.package_identification:_identify(src/build-test_tool-Desktop-Debug/Testing/Temporary) by extensions ['colcon_pkg']
[1.092s] Level 1:colcon.colcon_core.package_identification:_identify(src/build-test_tool-Desktop-Debug/Testing/Temporary) by extension 'colcon_pkg'
[1.092s] Level 1:colcon.colcon_core.package_identification:_identify(src/build-test_tool-Desktop-Debug/Testing/Temporary) by extensions ['colcon_meta']
[1.092s] Level 1:colcon.colcon_core.package_identification:_identify(src/build-test_tool-Desktop-Debug/Testing/Temporary) by extension 'colcon_meta'
[1.092s] Level 1:colcon.colcon_core.package_identification:_identify(src/build-test_tool-Desktop-Debug/Testing/Temporary) by extensions ['ros']
[1.092s] Level 1:colcon.colcon_core.package_identification:_identify(src/build-test_tool-Desktop-Debug/Testing/Temporary) by extension 'ros'
[1.093s] Level 1:colcon.colcon_core.package_identification:_identify(src/build-test_tool-Desktop-Debug/Testing/Temporary) by extensions ['cmake', 'python']
[1.093s] Level 1:colcon.colcon_core.package_identification:_identify(src/build-test_tool-Desktop-Debug/Testing/Temporary) by extension 'cmake'
[1.093s] Level 1:colcon.colcon_core.package_identification:_identify(src/build-test_tool-Desktop-Debug/Testing/Temporary) by extension 'python'
[1.093s] Level 1:colcon.colcon_core.package_identification:_identify(src/build-test_tool-Desktop-Debug/Testing/Temporary) by extensions ['python_setup_py']
[1.093s] Level 1:colcon.colcon_core.package_identification:_identify(src/build-test_tool-Desktop-Debug/Testing/Temporary) by extension 'python_setup_py'
[1.094s] Level 1:colcon.colcon_core.package_identification:_identify(src/build-test_tool-Desktop-Debug/ament_cmake_core) by extensions ['ignore', 'ignore_ament_install']
[1.094s] Level 1:colcon.colcon_core.package_identification:_identify(src/build-test_tool-Desktop-Debug/ament_cmake_core) by extension 'ignore'
[1.094s] Level 1:colcon.colcon_core.package_identification:_identify(src/build-test_tool-Desktop-Debug/ament_cmake_core) by extension 'ignore_ament_install'
[1.094s] Level 1:colcon.colcon_core.package_identification:_identify(src/build-test_tool-Desktop-Debug/ament_cmake_core) by extensions ['colcon_pkg']
[1.094s] Level 1:colcon.colcon_core.package_identification:_identify(src/build-test_tool-Desktop-Debug/ament_cmake_core) by extension 'colcon_pkg'
[1.094s] Level 1:colcon.colcon_core.package_identification:_identify(src/build-test_tool-Desktop-Debug/ament_cmake_core) by extensions ['colcon_meta']
[1.095s] Level 1:colcon.colcon_core.package_identification:_identify(src/build-test_tool-Desktop-Debug/ament_cmake_core) by extension 'colcon_meta'
[1.095s] Level 1:colcon.colcon_core.package_identification:_identify(src/build-test_tool-Desktop-Debug/ament_cmake_core) by extensions ['ros']
[1.095s] Level 1:colcon.colcon_core.package_identification:_identify(src/build-test_tool-Desktop-Debug/ament_cmake_core) by extension 'ros'
[1.095s] Level 1:colcon.colcon_core.package_identification:_identify(src/build-test_tool-Desktop-Debug/ament_cmake_core) by extensions ['cmake', 'python']
[1.096s] Level 1:colcon.colcon_core.package_identification:_identify(src/build-test_tool-Desktop-Debug/ament_cmake_core) by extension 'cmake'
[1.096s] Level 1:colcon.colcon_core.package_identification:_identify(src/build-test_tool-Desktop-Debug/ament_cmake_core) by extension 'python'
[1.096s] Level 1:colcon.colcon_core.package_identification:_identify(src/build-test_tool-Desktop-Debug/ament_cmake_core) by extensions ['python_setup_py']
[1.096s] Level 1:colcon.colcon_core.package_identification:_identify(src/build-test_tool-Desktop-Debug/ament_cmake_core) by extension 'python_setup_py'
[1.096s] Level 1:colcon.colcon_core.package_identification:_identify(src/build-test_tool-Desktop-Debug/ament_cmake_core/stamps) by extensions ['ignore', 'ignore_ament_install']
[1.097s] Level 1:colcon.colcon_core.package_identification:_identify(src/build-test_tool-Desktop-Debug/ament_cmake_core/stamps) by extension 'ignore'
[1.097s] Level 1:colcon.colcon_core.package_identification:_identify(src/build-test_tool-Desktop-Debug/ament_cmake_core/stamps) by extension 'ignore_ament_install'
[1.098s] Level 1:colcon.colcon_core.package_identification:_identify(src/build-test_tool-Desktop-Debug/ament_cmake_core/stamps) by extensions ['colcon_pkg']
[1.098s] Level 1:colcon.colcon_core.package_identification:_identify(src/build-test_tool-Desktop-Debug/ament_cmake_core/stamps) by extension 'colcon_pkg'
[1.098s] Level 1:colcon.colcon_core.package_identification:_identify(src/build-test_tool-Desktop-Debug/ament_cmake_core/stamps) by extensions ['colcon_meta']
[1.099s] Level 1:colcon.colcon_core.package_identification:_identify(src/build-test_tool-Desktop-Debug/ament_cmake_core/stamps) by extension 'colcon_meta'
[1.099s] Level 1:colcon.colcon_core.package_identification:_identify(src/build-test_tool-Desktop-Debug/ament_cmake_core/stamps) by extensions ['ros']
[1.099s] Level 1:colcon.colcon_core.package_identification:_identify(src/build-test_tool-Desktop-Debug/ament_cmake_core/stamps) by extension 'ros'
[1.099s] Level 1:colcon.colcon_core.package_identification:_identify(src/build-test_tool-Desktop-Debug/ament_cmake_core/stamps) by extensions ['cmake', 'python']
[1.100s] Level 1:colcon.colcon_core.package_identification:_identify(src/build-test_tool-Desktop-Debug/ament_cmake_core/stamps) by extension 'cmake'
[1.100s] Level 1:colcon.colcon_core.package_identification:_identify(src/build-test_tool-Desktop-Debug/ament_cmake_core/stamps) by extension 'python'
[1.101s] Level 1:colcon.colcon_core.package_identification:_identify(src/build-test_tool-Desktop-Debug/ament_cmake_core/stamps) by extensions ['python_setup_py']
[1.101s] Level 1:colcon.colcon_core.package_identification:_identify(src/build-test_tool-Desktop-Debug/ament_cmake_core/stamps) by extension 'python_setup_py'
[1.102s] Level 1:colcon.colcon_core.package_identification:_identify(src/build-test_tool-Desktop-Debug/ament_cmake_environment_hooks) by extensions ['ignore', 'ignore_ament_install']
[1.102s] Level 1:colcon.colcon_core.package_identification:_identify(src/build-test_tool-Desktop-Debug/ament_cmake_environment_hooks) by extension 'ignore'
[1.103s] Level 1:colcon.colcon_core.package_identification:_identify(src/build-test_tool-Desktop-Debug/ament_cmake_environment_hooks) by extension 'ignore_ament_install'
[1.103s] Level 1:colcon.colcon_core.package_identification:_identify(src/build-test_tool-Desktop-Debug/ament_cmake_environment_hooks) by extensions ['colcon_pkg']
[1.105s] Level 1:colcon.colcon_core.package_identification:_identify(src/build-test_tool-Desktop-Debug/ament_cmake_environment_hooks) by extension 'colcon_pkg'
[1.106s] Level 1:colcon.colcon_core.package_identification:_identify(src/build-test_tool-Desktop-Debug/ament_cmake_environment_hooks) by extensions ['colcon_meta']
[1.107s] Level 1:colcon.colcon_core.package_identification:_identify(src/build-test_tool-Desktop-Debug/ament_cmake_environment_hooks) by extension 'colcon_meta'
[1.107s] Level 1:colcon.colcon_core.package_identification:_identify(src/build-test_tool-Desktop-Debug/ament_cmake_environment_hooks) by extensions ['ros']
[1.107s] Level 1:colcon.colcon_core.package_identification:_identify(src/build-test_tool-Desktop-Debug/ament_cmake_environment_hooks) by extension 'ros'
[1.108s] Level 1:colcon.colcon_core.package_identification:_identify(src/build-test_tool-Desktop-Debug/ament_cmake_environment_hooks) by extensions ['cmake', 'python']
[1.108s] Level 1:colcon.colcon_core.package_identification:_identify(src/build-test_tool-Desktop-Debug/ament_cmake_environment_hooks) by extension 'cmake'
[1.108s] Level 1:colcon.colcon_core.package_identification:_identify(src/build-test_tool-Desktop-Debug/ament_cmake_environment_hooks) by extension 'python'
[1.108s] Level 1:colcon.colcon_core.package_identification:_identify(src/build-test_tool-Desktop-Debug/ament_cmake_environment_hooks) by extensions ['python_setup_py']
[1.108s] Level 1:colcon.colcon_core.package_identification:_identify(src/build-test_tool-Desktop-Debug/ament_cmake_environment_hooks) by extension 'python_setup_py'
[1.109s] Level 1:colcon.colcon_core.package_identification:_identify(src/build-test_tool-Desktop-Debug/ament_cmake_export_dependencies) by extensions ['ignore', 'ignore_ament_install']
[1.109s] Level 1:colcon.colcon_core.package_identification:_identify(src/build-test_tool-Desktop-Debug/ament_cmake_export_dependencies) by extension 'ignore'
[1.109s] Level 1:colcon.colcon_core.package_identification:_identify(src/build-test_tool-Desktop-Debug/ament_cmake_export_dependencies) by extension 'ignore_ament_install'
[1.109s] Level 1:colcon.colcon_core.package_identification:_identify(src/build-test_tool-Desktop-Debug/ament_cmake_export_dependencies) by extensions ['colcon_pkg']
[1.109s] Level 1:colcon.colcon_core.package_identification:_identify(src/build-test_tool-Desktop-Debug/ament_cmake_export_dependencies) by extension 'colcon_pkg'
[1.109s] Level 1:colcon.colcon_core.package_identification:_identify(src/build-test_tool-Desktop-Debug/ament_cmake_export_dependencies) by extensions ['colcon_meta']
[1.109s] Level 1:colcon.colcon_core.package_identification:_identify(src/build-test_tool-Desktop-Debug/ament_cmake_export_dependencies) by extension 'colcon_meta'
[1.109s] Level 1:colcon.colcon_core.package_identification:_identify(src/build-test_tool-Desktop-Debug/ament_cmake_export_dependencies) by extensions ['ros']
[1.110s] Level 1:colcon.colcon_core.package_identification:_identify(src/build-test_tool-Desktop-Debug/ament_cmake_export_dependencies) by extension 'ros'
[1.110s] Level 1:colcon.colcon_core.package_identification:_identify(src/build-test_tool-Desktop-Debug/ament_cmake_export_dependencies) by extensions ['cmake', 'python']
[1.110s] Level 1:colcon.colcon_core.package_identification:_identify(src/build-test_tool-Desktop-Debug/ament_cmake_export_dependencies) by extension 'cmake'
[1.110s] Level 1:colcon.colcon_core.package_identification:_identify(src/build-test_tool-Desktop-Debug/ament_cmake_export_dependencies) by extension 'python'
[1.110s] Level 1:colcon.colcon_core.package_identification:_identify(src/build-test_tool-Desktop-Debug/ament_cmake_export_dependencies) by extensions ['python_setup_py']
[1.110s] Level 1:colcon.colcon_core.package_identification:_identify(src/build-test_tool-Desktop-Debug/ament_cmake_export_dependencies) by extension 'python_setup_py'
[1.111s] Level 1:colcon.colcon_core.package_identification:_identify(src/build-test_tool-Desktop-Debug/ament_cmake_index) by extensions ['ignore', 'ignore_ament_install']
[1.111s] Level 1:colcon.colcon_core.package_identification:_identify(src/build-test_tool-Desktop-Debug/ament_cmake_index) by extension 'ignore'
[1.111s] Level 1:colcon.colcon_core.package_identification:_identify(src/build-test_tool-Desktop-Debug/ament_cmake_index) by extension 'ignore_ament_install'
[1.111s] Level 1:colcon.colcon_core.package_identification:_identify(src/build-test_tool-Desktop-Debug/ament_cmake_index) by extensions ['colcon_pkg']
[1.111s] Level 1:colcon.colcon_core.package_identification:_identify(src/build-test_tool-Desktop-Debug/ament_cmake_index) by extension 'colcon_pkg'
[1.111s] Level 1:colcon.colcon_core.package_identification:_identify(src/build-test_tool-Desktop-Debug/ament_cmake_index) by extensions ['colcon_meta']
[1.111s] Level 1:colcon.colcon_core.package_identification:_identify(src/build-test_tool-Desktop-Debug/ament_cmake_index) by extension 'colcon_meta'
[1.112s] Level 1:colcon.colcon_core.package_identification:_identify(src/build-test_tool-Desktop-Debug/ament_cmake_index) by extensions ['ros']
[1.112s] Level 1:colcon.colcon_core.package_identification:_identify(src/build-test_tool-Desktop-Debug/ament_cmake_index) by extension 'ros'
[1.112s] Level 1:colcon.colcon_core.package_identification:_identify(src/build-test_tool-Desktop-Debug/ament_cmake_index) by extensions ['cmake', 'python']
[1.112s] Level 1:colcon.colcon_core.package_identification:_identify(src/build-test_tool-Desktop-Debug/ament_cmake_index) by extension 'cmake'
[1.112s] Level 1:colcon.colcon_core.package_identification:_identify(src/build-test_tool-Desktop-Debug/ament_cmake_index) by extension 'python'
[1.112s] Level 1:colcon.colcon_core.package_identification:_identify(src/build-test_tool-Desktop-Debug/ament_cmake_index) by extensions ['python_setup_py']
[1.113s] Level 1:colcon.colcon_core.package_identification:_identify(src/build-test_tool-Desktop-Debug/ament_cmake_index) by extension 'python_setup_py'
[1.113s] Level 1:colcon.colcon_core.package_identification:_identify(src/build-test_tool-Desktop-Debug/ament_cmake_index/share) by extensions ['ignore', 'ignore_ament_install']
[1.113s] Level 1:colcon.colcon_core.package_identification:_identify(src/build-test_tool-Desktop-Debug/ament_cmake_index/share) by extension 'ignore'
[1.113s] Level 1:colcon.colcon_core.package_identification:_identify(src/build-test_tool-Desktop-Debug/ament_cmake_index/share) by extension 'ignore_ament_install'
[1.113s] Level 1:colcon.colcon_core.package_identification:_identify(src/build-test_tool-Desktop-Debug/ament_cmake_index/share) by extensions ['colcon_pkg']
[1.114s] Level 1:colcon.colcon_core.package_identification:_identify(src/build-test_tool-Desktop-Debug/ament_cmake_index/share) by extension 'colcon_pkg'
[1.114s] Level 1:colcon.colcon_core.package_identification:_identify(src/build-test_tool-Desktop-Debug/ament_cmake_index/share) by extensions ['colcon_meta']
[1.114s] Level 1:colcon.colcon_core.package_identification:_identify(src/build-test_tool-Desktop-Debug/ament_cmake_index/share) by extension 'colcon_meta'
[1.114s] Level 1:colcon.colcon_core.package_identification:_identify(src/build-test_tool-Desktop-Debug/ament_cmake_index/share) by extensions ['ros']
[1.114s] Level 1:colcon.colcon_core.package_identification:_identify(src/build-test_tool-Desktop-Debug/ament_cmake_index/share) by extension 'ros'
[1.115s] Level 1:colcon.colcon_core.package_identification:_identify(src/build-test_tool-Desktop-Debug/ament_cmake_index/share) by extensions ['cmake', 'python']
[1.115s] Level 1:colcon.colcon_core.package_identification:_identify(src/build-test_tool-Desktop-Debug/ament_cmake_index/share) by extension 'cmake'
[1.115s] Level 1:colcon.colcon_core.package_identification:_identify(src/build-test_tool-Desktop-Debug/ament_cmake_index/share) by extension 'python'
[1.115s] Level 1:colcon.colcon_core.package_identification:_identify(src/build-test_tool-Desktop-Debug/ament_cmake_index/share) by extensions ['python_setup_py']
[1.115s] Level 1:colcon.colcon_core.package_identification:_identify(src/build-test_tool-Desktop-Debug/ament_cmake_index/share) by extension 'python_setup_py'
[1.115s] Level 1:colcon.colcon_core.package_identification:_identify(src/build-test_tool-Desktop-Debug/ament_cmake_index/share/ament_index) by extensions ['ignore', 'ignore_ament_install']
[1.115s] Level 1:colcon.colcon_core.package_identification:_identify(src/build-test_tool-Desktop-Debug/ament_cmake_index/share/ament_index) by extension 'ignore'
[1.116s] Level 1:colcon.colcon_core.package_identification:_identify(src/build-test_tool-Desktop-Debug/ament_cmake_index/share/ament_index) by extension 'ignore_ament_install'
[1.116s] Level 1:colcon.colcon_core.package_identification:_identify(src/build-test_tool-Desktop-Debug/ament_cmake_index/share/ament_index) by extensions ['colcon_pkg']
[1.116s] Level 1:colcon.colcon_core.package_identification:_identify(src/build-test_tool-Desktop-Debug/ament_cmake_index/share/ament_index) by extension 'colcon_pkg'
[1.116s] Level 1:colcon.colcon_core.package_identification:_identify(src/build-test_tool-Desktop-Debug/ament_cmake_index/share/ament_index) by extensions ['colcon_meta']
[1.116s] Level 1:colcon.colcon_core.package_identification:_identify(src/build-test_tool-Desktop-Debug/ament_cmake_index/share/ament_index) by extension 'colcon_meta'
[1.116s] Level 1:colcon.colcon_core.package_identification:_identify(src/build-test_tool-Desktop-Debug/ament_cmake_index/share/ament_index) by extensions ['ros']
[1.117s] Level 1:colcon.colcon_core.package_identification:_identify(src/build-test_tool-Desktop-Debug/ament_cmake_index/share/ament_index) by extension 'ros'
[1.117s] Level 1:colcon.colcon_core.package_identification:_identify(src/build-test_tool-Desktop-Debug/ament_cmake_index/share/ament_index) by extensions ['cmake', 'python']
[1.121s] Level 1:colcon.colcon_core.package_identification:_identify(src/build-test_tool-Desktop-Debug/ament_cmake_index/share/ament_index) by extension 'cmake'
[1.124s] Level 1:colcon.colcon_core.package_identification:_identify(src/build-test_tool-Desktop-Debug/ament_cmake_index/share/ament_index) by extension 'python'
[1.124s] Level 1:colcon.colcon_core.package_identification:_identify(src/build-test_tool-Desktop-Debug/ament_cmake_index/share/ament_index) by extensions ['python_setup_py']
[1.124s] Level 1:colcon.colcon_core.package_identification:_identify(src/build-test_tool-Desktop-Debug/ament_cmake_index/share/ament_index) by extension 'python_setup_py'
[1.124s] Level 1:colcon.colcon_core.package_identification:_identify(src/build-test_tool-Desktop-Debug/ament_cmake_index/share/ament_index/resource_index) by extensions ['ignore', 'ignore_ament_install']
[1.126s] Level 1:colcon.colcon_core.package_identification:_identify(src/build-test_tool-Desktop-Debug/ament_cmake_index/share/ament_index/resource_index) by extension 'ignore'
[1.126s] Level 1:colcon.colcon_core.package_identification:_identify(src/build-test_tool-Desktop-Debug/ament_cmake_index/share/ament_index/resource_index) by extension 'ignore_ament_install'
[1.126s] Level 1:colcon.colcon_core.package_identification:_identify(src/build-test_tool-Desktop-Debug/ament_cmake_index/share/ament_index/resource_index) by extensions ['colcon_pkg']
[1.126s] Level 1:colcon.colcon_core.package_identification:_identify(src/build-test_tool-Desktop-Debug/ament_cmake_index/share/ament_index/resource_index) by extension 'colcon_pkg'
[1.127s] Level 1:colcon.colcon_core.package_identification:_identify(src/build-test_tool-Desktop-Debug/ament_cmake_index/share/ament_index/resource_index) by extensions ['colcon_meta']
[1.127s] Level 1:colcon.colcon_core.package_identification:_identify(src/build-test_tool-Desktop-Debug/ament_cmake_index/share/ament_index/resource_index) by extension 'colcon_meta'
[1.127s] Level 1:colcon.colcon_core.package_identification:_identify(src/build-test_tool-Desktop-Debug/ament_cmake_index/share/ament_index/resource_index) by extensions ['ros']
[1.127s] Level 1:colcon.colcon_core.package_identification:_identify(src/build-test_tool-Desktop-Debug/ament_cmake_index/share/ament_index/resource_index) by extension 'ros'
[1.127s] Level 1:colcon.colcon_core.package_identification:_identify(src/build-test_tool-Desktop-Debug/ament_cmake_index/share/ament_index/resource_index) by extensions ['cmake', 'python']
[1.127s] Level 1:colcon.colcon_core.package_identification:_identify(src/build-test_tool-Desktop-Debug/ament_cmake_index/share/ament_index/resource_index) by extension 'cmake'
[1.127s] Level 1:colcon.colcon_core.package_identification:_identify(src/build-test_tool-Desktop-Debug/ament_cmake_index/share/ament_index/resource_index) by extension 'python'
[1.128s] Level 1:colcon.colcon_core.package_identification:_identify(src/build-test_tool-Desktop-Debug/ament_cmake_index/share/ament_index/resource_index) by extensions ['python_setup_py']
[1.128s] Level 1:colcon.colcon_core.package_identification:_identify(src/build-test_tool-Desktop-Debug/ament_cmake_index/share/ament_index/resource_index) by extension 'python_setup_py'
[1.128s] Level 1:colcon.colcon_core.package_identification:_identify(src/build-test_tool-Desktop-Debug/ament_cmake_index/share/ament_index/resource_index/package_run_dependencies) by extensions ['ignore', 'ignore_ament_install']
[1.128s] Level 1:colcon.colcon_core.package_identification:_identify(src/build-test_tool-Desktop-Debug/ament_cmake_index/share/ament_index/resource_index/package_run_dependencies) by extension 'ignore'
[1.129s] Level 1:colcon.colcon_core.package_identification:_identify(src/build-test_tool-Desktop-Debug/ament_cmake_index/share/ament_index/resource_index/package_run_dependencies) by extension 'ignore_ament_install'
[1.129s] Level 1:colcon.colcon_core.package_identification:_identify(src/build-test_tool-Desktop-Debug/ament_cmake_index/share/ament_index/resource_index/package_run_dependencies) by extensions ['colcon_pkg']
[1.129s] Level 1:colcon.colcon_core.package_identification:_identify(src/build-test_tool-Desktop-Debug/ament_cmake_index/share/ament_index/resource_index/package_run_dependencies) by extension 'colcon_pkg'
[1.129s] Level 1:colcon.colcon_core.package_identification:_identify(src/build-test_tool-Desktop-Debug/ament_cmake_index/share/ament_index/resource_index/package_run_dependencies) by extensions ['colcon_meta']
[1.129s] Level 1:colcon.colcon_core.package_identification:_identify(src/build-test_tool-Desktop-Debug/ament_cmake_index/share/ament_index/resource_index/package_run_dependencies) by extension 'colcon_meta'
[1.129s] Level 1:colcon.colcon_core.package_identification:_identify(src/build-test_tool-Desktop-Debug/ament_cmake_index/share/ament_index/resource_index/package_run_dependencies) by extensions ['ros']
[1.129s] Level 1:colcon.colcon_core.package_identification:_identify(src/build-test_tool-Desktop-Debug/ament_cmake_index/share/ament_index/resource_index/package_run_dependencies) by extension 'ros'
[1.130s] Level 1:colcon.colcon_core.package_identification:_identify(src/build-test_tool-Desktop-Debug/ament_cmake_index/share/ament_index/resource_index/package_run_dependencies) by extensions ['cmake', 'python']
[1.130s] Level 1:colcon.colcon_core.package_identification:_identify(src/build-test_tool-Desktop-Debug/ament_cmake_index/share/ament_index/resource_index/package_run_dependencies) by extension 'cmake'
[1.130s] Level 1:colcon.colcon_core.package_identification:_identify(src/build-test_tool-Desktop-Debug/ament_cmake_index/share/ament_index/resource_index/package_run_dependencies) by extension 'python'
[1.130s] Level 1:colcon.colcon_core.package_identification:_identify(src/build-test_tool-Desktop-Debug/ament_cmake_index/share/ament_index/resource_index/package_run_dependencies) by extensions ['python_setup_py']
[1.130s] Level 1:colcon.colcon_core.package_identification:_identify(src/build-test_tool-Desktop-Debug/ament_cmake_index/share/ament_index/resource_index/package_run_dependencies) by extension 'python_setup_py'
[1.131s] Level 1:colcon.colcon_core.package_identification:_identify(src/build-test_tool-Desktop-Debug/ament_cmake_index/share/ament_index/resource_index/packages) by extensions ['ignore', 'ignore_ament_install']
[1.131s] Level 1:colcon.colcon_core.package_identification:_identify(src/build-test_tool-Desktop-Debug/ament_cmake_index/share/ament_index/resource_index/packages) by extension 'ignore'
[1.131s] Level 1:colcon.colcon_core.package_identification:_identify(src/build-test_tool-Desktop-Debug/ament_cmake_index/share/ament_index/resource_index/packages) by extension 'ignore_ament_install'
[1.131s] Level 1:colcon.colcon_core.package_identification:_identify(src/build-test_tool-Desktop-Debug/ament_cmake_index/share/ament_index/resource_index/packages) by extensions ['colcon_pkg']
[1.131s] Level 1:colcon.colcon_core.package_identification:_identify(src/build-test_tool-Desktop-Debug/ament_cmake_index/share/ament_index/resource_index/packages) by extension 'colcon_pkg'
[1.131s] Level 1:colcon.colcon_core.package_identification:_identify(src/build-test_tool-Desktop-Debug/ament_cmake_index/share/ament_index/resource_index/packages) by extensions ['colcon_meta']
[1.132s] Level 1:colcon.colcon_core.package_identification:_identify(src/build-test_tool-Desktop-Debug/ament_cmake_index/share/ament_index/resource_index/packages) by extension 'colcon_meta'
[1.132s] Level 1:colcon.colcon_core.package_identification:_identify(src/build-test_tool-Desktop-Debug/ament_cmake_index/share/ament_index/resource_index/packages) by extensions ['ros']
[1.132s] Level 1:colcon.colcon_core.package_identification:_identify(src/build-test_tool-Desktop-Debug/ament_cmake_index/share/ament_index/resource_index/packages) by extension 'ros'
[1.133s] Level 1:colcon.colcon_core.package_identification:_identify(src/build-test_tool-Desktop-Debug/ament_cmake_index/share/ament_index/resource_index/packages) by extensions ['cmake', 'python']
[1.134s] Level 1:colcon.colcon_core.package_identification:_identify(src/build-test_tool-Desktop-Debug/ament_cmake_index/share/ament_index/resource_index/packages) by extension 'cmake'
[1.135s] Level 1:colcon.colcon_core.package_identification:_identify(src/build-test_tool-Desktop-Debug/ament_cmake_index/share/ament_index/resource_index/packages) by extension 'python'
[1.136s] Level 1:colcon.colcon_core.package_identification:_identify(src/build-test_tool-Desktop-Debug/ament_cmake_index/share/ament_index/resource_index/packages) by extensions ['python_setup_py']
[1.136s] Level 1:colcon.colcon_core.package_identification:_identify(src/build-test_tool-Desktop-Debug/ament_cmake_index/share/ament_index/resource_index/packages) by extension 'python_setup_py'
[1.139s] Level 1:colcon.colcon_core.package_identification:_identify(src/build-test_tool-Desktop-Debug/ament_cmake_index/share/ament_index/resource_index/parent_prefix_path) by extensions ['ignore', 'ignore_ament_install']
[1.141s] Level 1:colcon.colcon_core.package_identification:_identify(src/build-test_tool-Desktop-Debug/ament_cmake_index/share/ament_index/resource_index/parent_prefix_path) by extension 'ignore'
[1.141s] Level 1:colcon.colcon_core.package_identification:_identify(src/build-test_tool-Desktop-Debug/ament_cmake_index/share/ament_index/resource_index/parent_prefix_path) by extension 'ignore_ament_install'
[1.142s] Level 1:colcon.colcon_core.package_identification:_identify(src/build-test_tool-Desktop-Debug/ament_cmake_index/share/ament_index/resource_index/parent_prefix_path) by extensions ['colcon_pkg']
[1.144s] Level 1:colcon.colcon_core.package_identification:_identify(src/build-test_tool-Desktop-Debug/ament_cmake_index/share/ament_index/resource_index/parent_prefix_path) by extension 'colcon_pkg'
[1.145s] Level 1:colcon.colcon_core.package_identification:_identify(src/build-test_tool-Desktop-Debug/ament_cmake_index/share/ament_index/resource_index/parent_prefix_path) by extensions ['colcon_meta']
[1.145s] Level 1:colcon.colcon_core.package_identification:_identify(src/build-test_tool-Desktop-Debug/ament_cmake_index/share/ament_index/resource_index/parent_prefix_path) by extension 'colcon_meta'
[1.145s] Level 1:colcon.colcon_core.package_identification:_identify(src/build-test_tool-Desktop-Debug/ament_cmake_index/share/ament_index/resource_index/parent_prefix_path) by extensions ['ros']
[1.145s] Level 1:colcon.colcon_core.package_identification:_identify(src/build-test_tool-Desktop-Debug/ament_cmake_index/share/ament_index/resource_index/parent_prefix_path) by extension 'ros'
[1.145s] Level 1:colcon.colcon_core.package_identification:_identify(src/build-test_tool-Desktop-Debug/ament_cmake_index/share/ament_index/resource_index/parent_prefix_path) by extensions ['cmake', 'python']
[1.145s] Level 1:colcon.colcon_core.package_identification:_identify(src/build-test_tool-Desktop-Debug/ament_cmake_index/share/ament_index/resource_index/parent_prefix_path) by extension 'cmake'
[1.146s] Level 1:colcon.colcon_core.package_identification:_identify(src/build-test_tool-Desktop-Debug/ament_cmake_index/share/ament_index/resource_index/parent_prefix_path) by extension 'python'
[1.146s] Level 1:colcon.colcon_core.package_identification:_identify(src/build-test_tool-Desktop-Debug/ament_cmake_index/share/ament_index/resource_index/parent_prefix_path) by extensions ['python_setup_py']
[1.146s] Level 1:colcon.colcon_core.package_identification:_identify(src/build-test_tool-Desktop-Debug/ament_cmake_index/share/ament_index/resource_index/parent_prefix_path) by extension 'python_setup_py'
[1.146s] Level 1:colcon.colcon_core.package_identification:_identify(src/build-test_tool-Desktop-Debug/ament_cmake_package_templates) by extensions ['ignore', 'ignore_ament_install']
[1.147s] Level 1:colcon.colcon_core.package_identification:_identify(src/build-test_tool-Desktop-Debug/ament_cmake_package_templates) by extension 'ignore'
[1.147s] Level 1:colcon.colcon_core.package_identification:_identify(src/build-test_tool-Desktop-Debug/ament_cmake_package_templates) by extension 'ignore_ament_install'
[1.147s] Level 1:colcon.colcon_core.package_identification:_identify(src/build-test_tool-Desktop-Debug/ament_cmake_package_templates) by extensions ['colcon_pkg']
[1.147s] Level 1:colcon.colcon_core.package_identification:_identify(src/build-test_tool-Desktop-Debug/ament_cmake_package_templates) by extension 'colcon_pkg'
[1.147s] Level 1:colcon.colcon_core.package_identification:_identify(src/build-test_tool-Desktop-Debug/ament_cmake_package_templates) by extensions ['colcon_meta']
[1.147s] Level 1:colcon.colcon_core.package_identification:_identify(src/build-test_tool-Desktop-Debug/ament_cmake_package_templates) by extension 'colcon_meta'
[1.147s] Level 1:colcon.colcon_core.package_identification:_identify(src/build-test_tool-Desktop-Debug/ament_cmake_package_templates) by extensions ['ros']
[1.148s] Level 1:colcon.colcon_core.package_identification:_identify(src/build-test_tool-Desktop-Debug/ament_cmake_package_templates) by extension 'ros'
[1.148s] Level 1:colcon.colcon_core.package_identification:_identify(src/build-test_tool-Desktop-Debug/ament_cmake_package_templates) by extensions ['cmake', 'python']
[1.148s] Level 1:colcon.colcon_core.package_identification:_identify(src/build-test_tool-Desktop-Debug/ament_cmake_package_templates) by extension 'cmake'
[1.148s] Level 1:colcon.colcon_core.package_identification:_identify(src/build-test_tool-Desktop-Debug/ament_cmake_package_templates) by extension 'python'
[1.148s] Level 1:colcon.colcon_core.package_identification:_identify(src/build-test_tool-Desktop-Debug/ament_cmake_package_templates) by extensions ['python_setup_py']
[1.148s] Level 1:colcon.colcon_core.package_identification:_identify(src/build-test_tool-Desktop-Debug/ament_cmake_package_templates) by extension 'python_setup_py'
[1.149s] Level 1:colcon.colcon_core.package_identification:_identify(src/build-test_tool-Desktop-Debug/ament_cmake_uninstall_target) by extensions ['ignore', 'ignore_ament_install']
[1.149s] Level 1:colcon.colcon_core.package_identification:_identify(src/build-test_tool-Desktop-Debug/ament_cmake_uninstall_target) by extension 'ignore'
[1.150s] Level 1:colcon.colcon_core.package_identification:_identify(src/build-test_tool-Desktop-Debug/ament_cmake_uninstall_target) by extension 'ignore_ament_install'
[1.153s] Level 1:colcon.colcon_core.package_identification:_identify(src/build-test_tool-Desktop-Debug/ament_cmake_uninstall_target) by extensions ['colcon_pkg']
[1.153s] Level 1:colcon.colcon_core.package_identification:_identify(src/build-test_tool-Desktop-Debug/ament_cmake_uninstall_target) by extension 'colcon_pkg'
[1.153s] Level 1:colcon.colcon_core.package_identification:_identify(src/build-test_tool-Desktop-Debug/ament_cmake_uninstall_target) by extensions ['colcon_meta']
[1.153s] Level 1:colcon.colcon_core.package_identification:_identify(src/build-test_tool-Desktop-Debug/ament_cmake_uninstall_target) by extension 'colcon_meta'
[1.153s] Level 1:colcon.colcon_core.package_identification:_identify(src/build-test_tool-Desktop-Debug/ament_cmake_uninstall_target) by extensions ['ros']
[1.154s] Level 1:colcon.colcon_core.package_identification:_identify(src/build-test_tool-Desktop-Debug/ament_cmake_uninstall_target) by extension 'ros'
[1.154s] Level 1:colcon.colcon_core.package_identification:_identify(src/build-test_tool-Desktop-Debug/ament_cmake_uninstall_target) by extensions ['cmake', 'python']
[1.154s] Level 1:colcon.colcon_core.package_identification:_identify(src/build-test_tool-Desktop-Debug/ament_cmake_uninstall_target) by extension 'cmake'
[1.155s] Level 1:colcon.colcon_core.package_identification:_identify(src/build-test_tool-Desktop-Debug/ament_cmake_uninstall_target) by extension 'python'
[1.155s] Level 1:colcon.colcon_core.package_identification:_identify(src/build-test_tool-Desktop-Debug/ament_cmake_uninstall_target) by extensions ['python_setup_py']
[1.155s] Level 1:colcon.colcon_core.package_identification:_identify(src/build-test_tool-Desktop-Debug/ament_cmake_uninstall_target) by extension 'python_setup_py'
[1.155s] Level 1:colcon.colcon_core.package_identification:_identify(src/build-test_tool-Desktop-Debug/ament_cppcheck) by extensions ['ignore', 'ignore_ament_install']
[1.155s] Level 1:colcon.colcon_core.package_identification:_identify(src/build-test_tool-Desktop-Debug/ament_cppcheck) by extension 'ignore'
[1.156s] Level 1:colcon.colcon_core.package_identification:_identify(src/build-test_tool-Desktop-Debug/ament_cppcheck) by extension 'ignore_ament_install'
[1.156s] Level 1:colcon.colcon_core.package_identification:_identify(src/build-test_tool-Desktop-Debug/ament_cppcheck) by extensions ['colcon_pkg']
[1.156s] Level 1:colcon.colcon_core.package_identification:_identify(src/build-test_tool-Desktop-Debug/ament_cppcheck) by extension 'colcon_pkg'
[1.156s] Level 1:colcon.colcon_core.package_identification:_identify(src/build-test_tool-Desktop-Debug/ament_cppcheck) by extensions ['colcon_meta']
[1.156s] Level 1:colcon.colcon_core.package_identification:_identify(src/build-test_tool-Desktop-Debug/ament_cppcheck) by extension 'colcon_meta'
[1.157s] Level 1:colcon.colcon_core.package_identification:_identify(src/build-test_tool-Desktop-Debug/ament_cppcheck) by extensions ['ros']
[1.158s] Level 1:colcon.colcon_core.package_identification:_identify(src/build-test_tool-Desktop-Debug/ament_cppcheck) by extension 'ros'
[1.161s] Level 1:colcon.colcon_core.package_identification:_identify(src/build-test_tool-Desktop-Debug/ament_cppcheck) by extensions ['cmake', 'python']
[1.161s] Level 1:colcon.colcon_core.package_identification:_identify(src/build-test_tool-Desktop-Debug/ament_cppcheck) by extension 'cmake'
[1.161s] Level 1:colcon.colcon_core.package_identification:_identify(src/build-test_tool-Desktop-Debug/ament_cppcheck) by extension 'python'
[1.161s] Level 1:colcon.colcon_core.package_identification:_identify(src/build-test_tool-Desktop-Debug/ament_cppcheck) by extensions ['python_setup_py']
[1.161s] Level 1:colcon.colcon_core.package_identification:_identify(src/build-test_tool-Desktop-Debug/ament_cppcheck) by extension 'python_setup_py'
[1.162s] Level 1:colcon.colcon_core.package_identification:_identify(src/build-test_tool-Desktop-Debug/ament_flake8) by extensions ['ignore', 'ignore_ament_install']
[1.162s] Level 1:colcon.colcon_core.package_identification:_identify(src/build-test_tool-Desktop-Debug/ament_flake8) by extension 'ignore'
[1.162s] Level 1:colcon.colcon_core.package_identification:_identify(src/build-test_tool-Desktop-Debug/ament_flake8) by extension 'ignore_ament_install'
[1.162s] Level 1:colcon.colcon_core.package_identification:_identify(src/build-test_tool-Desktop-Debug/ament_flake8) by extensions ['colcon_pkg']
[1.162s] Level 1:colcon.colcon_core.package_identification:_identify(src/build-test_tool-Desktop-Debug/ament_flake8) by extension 'colcon_pkg'
[1.163s] Level 1:colcon.colcon_core.package_identification:_identify(src/build-test_tool-Desktop-Debug/ament_flake8) by extensions ['colcon_meta']
[1.163s] Level 1:colcon.colcon_core.package_identification:_identify(src/build-test_tool-Desktop-Debug/ament_flake8) by extension 'colcon_meta'
[1.163s] Level 1:colcon.colcon_core.package_identification:_identify(src/build-test_tool-Desktop-Debug/ament_flake8) by extensions ['ros']
[1.163s] Level 1:colcon.colcon_core.package_identification:_identify(src/build-test_tool-Desktop-Debug/ament_flake8) by extension 'ros'
[1.163s] Level 1:colcon.colcon_core.package_identification:_identify(src/build-test_tool-Desktop-Debug/ament_flake8) by extensions ['cmake', 'python']
[1.163s] Level 1:colcon.colcon_core.package_identification:_identify(src/build-test_tool-Desktop-Debug/ament_flake8) by extension 'cmake'
[1.163s] Level 1:colcon.colcon_core.package_identification:_identify(src/build-test_tool-Desktop-Debug/ament_flake8) by extension 'python'
[1.164s] Level 1:colcon.colcon_core.package_identification:_identify(src/build-test_tool-Desktop-Debug/ament_flake8) by extensions ['python_setup_py']
[1.164s] Level 1:colcon.colcon_core.package_identification:_identify(src/build-test_tool-Desktop-Debug/ament_flake8) by extension 'python_setup_py'
[1.164s] Level 1:colcon.colcon_core.package_identification:_identify(src/build-test_tool-Desktop-Debug/ament_lint_cmake) by extensions ['ignore', 'ignore_ament_install']
[1.164s] Level 1:colcon.colcon_core.package_identification:_identify(src/build-test_tool-Desktop-Debug/ament_lint_cmake) by extension 'ignore'
[1.164s] Level 1:colcon.colcon_core.package_identification:_identify(src/build-test_tool-Desktop-Debug/ament_lint_cmake) by extension 'ignore_ament_install'
[1.165s] Level 1:colcon.colcon_core.package_identification:_identify(src/build-test_tool-Desktop-Debug/ament_lint_cmake) by extensions ['colcon_pkg']
[1.165s] Level 1:colcon.colcon_core.package_identification:_identify(src/build-test_tool-Desktop-Debug/ament_lint_cmake) by extension 'colcon_pkg'
[1.165s] Level 1:colcon.colcon_core.package_identification:_identify(src/build-test_tool-Desktop-Debug/ament_lint_cmake) by extensions ['colcon_meta']
[1.165s] Level 1:colcon.colcon_core.package_identification:_identify(src/build-test_tool-Desktop-Debug/ament_lint_cmake) by extension 'colcon_meta'
[1.165s] Level 1:colcon.colcon_core.package_identification:_identify(src/build-test_tool-Desktop-Debug/ament_lint_cmake) by extensions ['ros']
[1.165s] Level 1:colcon.colcon_core.package_identification:_identify(src/build-test_tool-Desktop-Debug/ament_lint_cmake) by extension 'ros'
[1.165s] Level 1:colcon.colcon_core.package_identification:_identify(src/build-test_tool-Desktop-Debug/ament_lint_cmake) by extensions ['cmake', 'python']
[1.165s] Level 1:colcon.colcon_core.package_identification:_identify(src/build-test_tool-Desktop-Debug/ament_lint_cmake) by extension 'cmake'
[1.166s] Level 1:colcon.colcon_core.package_identification:_identify(src/build-test_tool-Desktop-Debug/ament_lint_cmake) by extension 'python'
[1.166s] Level 1:colcon.colcon_core.package_identification:_identify(src/build-test_tool-Desktop-Debug/ament_lint_cmake) by extensions ['python_setup_py']
[1.166s] Level 1:colcon.colcon_core.package_identification:_identify(src/build-test_tool-Desktop-Debug/ament_lint_cmake) by extension 'python_setup_py'
[1.166s] Level 1:colcon.colcon_core.package_identification:_identify(src/build-test_tool-Desktop-Debug/ament_pep257) by extensions ['ignore', 'ignore_ament_install']
[1.166s] Level 1:colcon.colcon_core.package_identification:_identify(src/build-test_tool-Desktop-Debug/ament_pep257) by extension 'ignore'
[1.166s] Level 1:colcon.colcon_core.package_identification:_identify(src/build-test_tool-Desktop-Debug/ament_pep257) by extension 'ignore_ament_install'
[1.167s] Level 1:colcon.colcon_core.package_identification:_identify(src/build-test_tool-Desktop-Debug/ament_pep257) by extensions ['colcon_pkg']
[1.167s] Level 1:colcon.colcon_core.package_identification:_identify(src/build-test_tool-Desktop-Debug/ament_pep257) by extension 'colcon_pkg'
[1.167s] Level 1:colcon.colcon_core.package_identification:_identify(src/build-test_tool-Desktop-Debug/ament_pep257) by extensions ['colcon_meta']
[1.167s] Level 1:colcon.colcon_core.package_identification:_identify(src/build-test_tool-Desktop-Debug/ament_pep257) by extension 'colcon_meta'
[1.168s] Level 1:colcon.colcon_core.package_identification:_identify(src/build-test_tool-Desktop-Debug/ament_pep257) by extensions ['ros']
[1.168s] Level 1:colcon.colcon_core.package_identification:_identify(src/build-test_tool-Desktop-Debug/ament_pep257) by extension 'ros'
[1.168s] Level 1:colcon.colcon_core.package_identification:_identify(src/build-test_tool-Desktop-Debug/ament_pep257) by extensions ['cmake', 'python']
[1.168s] Level 1:colcon.colcon_core.package_identification:_identify(src/build-test_tool-Desktop-Debug/ament_pep257) by extension 'cmake'
[1.168s] Level 1:colcon.colcon_core.package_identification:_identify(src/build-test_tool-Desktop-Debug/ament_pep257) by extension 'python'
[1.169s] Level 1:colcon.colcon_core.package_identification:_identify(src/build-test_tool-Desktop-Debug/ament_pep257) by extensions ['python_setup_py']
[1.169s] Level 1:colcon.colcon_core.package_identification:_identify(src/build-test_tool-Desktop-Debug/ament_pep257) by extension 'python_setup_py'
[1.169s] Level 1:colcon.colcon_core.package_identification:_identify(src/build-test_tool-Desktop-Debug/ament_uncrustify) by extensions ['ignore', 'ignore_ament_install']
[1.170s] Level 1:colcon.colcon_core.package_identification:_identify(src/build-test_tool-Desktop-Debug/ament_uncrustify) by extension 'ignore'
[1.173s] Level 1:colcon.colcon_core.package_identification:_identify(src/build-test_tool-Desktop-Debug/ament_uncrustify) by extension 'ignore_ament_install'
[1.174s] Level 1:colcon.colcon_core.package_identification:_identify(src/build-test_tool-Desktop-Debug/ament_uncrustify) by extensions ['colcon_pkg']
[1.175s] Level 1:colcon.colcon_core.package_identification:_identify(src/build-test_tool-Desktop-Debug/ament_uncrustify) by extension 'colcon_pkg'
[1.177s] Level 1:colcon.colcon_core.package_identification:_identify(src/build-test_tool-Desktop-Debug/ament_uncrustify) by extensions ['colcon_meta']
[1.178s] Level 1:colcon.colcon_core.package_identification:_identify(src/build-test_tool-Desktop-Debug/ament_uncrustify) by extension 'colcon_meta'
[1.178s] Level 1:colcon.colcon_core.package_identification:_identify(src/build-test_tool-Desktop-Debug/ament_uncrustify) by extensions ['ros']
[1.178s] Level 1:colcon.colcon_core.package_identification:_identify(src/build-test_tool-Desktop-Debug/ament_uncrustify) by extension 'ros'
[1.178s] Level 1:colcon.colcon_core.package_identification:_identify(src/build-test_tool-Desktop-Debug/ament_uncrustify) by extensions ['cmake', 'python']
[1.179s] Level 1:colcon.colcon_core.package_identification:_identify(src/build-test_tool-Desktop-Debug/ament_uncrustify) by extension 'cmake'
[1.179s] Level 1:colcon.colcon_core.package_identification:_identify(src/build-test_tool-Desktop-Debug/ament_uncrustify) by extension 'python'
[1.179s] Level 1:colcon.colcon_core.package_identification:_identify(src/build-test_tool-Desktop-Debug/ament_uncrustify) by extensions ['python_setup_py']
[1.179s] Level 1:colcon.colcon_core.package_identification:_identify(src/build-test_tool-Desktop-Debug/ament_uncrustify) by extension 'python_setup_py'
[1.179s] Level 1:colcon.colcon_core.package_identification:_identify(src/build-test_tool-Desktop-Debug/ament_xmllint) by extensions ['ignore', 'ignore_ament_install']
[1.180s] Level 1:colcon.colcon_core.package_identification:_identify(src/build-test_tool-Desktop-Debug/ament_xmllint) by extension 'ignore'
[1.180s] Level 1:colcon.colcon_core.package_identification:_identify(src/build-test_tool-Desktop-Debug/ament_xmllint) by extension 'ignore_ament_install'
[1.180s] Level 1:colcon.colcon_core.package_identification:_identify(src/build-test_tool-Desktop-Debug/ament_xmllint) by extensions ['colcon_pkg']
[1.180s] Level 1:colcon.colcon_core.package_identification:_identify(src/build-test_tool-Desktop-Debug/ament_xmllint) by extension 'colcon_pkg'
[1.180s] Level 1:colcon.colcon_core.package_identification:_identify(src/build-test_tool-Desktop-Debug/ament_xmllint) by extensions ['colcon_meta']
[1.180s] Level 1:colcon.colcon_core.package_identification:_identify(src/build-test_tool-Desktop-Debug/ament_xmllint) by extension 'colcon_meta'
[1.180s] Level 1:colcon.colcon_core.package_identification:_identify(src/build-test_tool-Desktop-Debug/ament_xmllint) by extensions ['ros']
[1.180s] Level 1:colcon.colcon_core.package_identification:_identify(src/build-test_tool-Desktop-Debug/ament_xmllint) by extension 'ros'
[1.181s] Level 1:colcon.colcon_core.package_identification:_identify(src/build-test_tool-Desktop-Debug/ament_xmllint) by extensions ['cmake', 'python']
[1.181s] Level 1:colcon.colcon_core.package_identification:_identify(src/build-test_tool-Desktop-Debug/ament_xmllint) by extension 'cmake'
[1.181s] Level 1:colcon.colcon_core.package_identification:_identify(src/build-test_tool-Desktop-Debug/ament_xmllint) by extension 'python'
[1.181s] Level 1:colcon.colcon_core.package_identification:_identify(src/build-test_tool-Desktop-Debug/ament_xmllint) by extensions ['python_setup_py']
[1.181s] Level 1:colcon.colcon_core.package_identification:_identify(src/build-test_tool-Desktop-Debug/ament_xmllint) by extension 'python_setup_py'
[1.181s] Level 1:colcon.colcon_core.package_identification:_identify(src/build-test_tool-Desktop-Debug/dummy_test_1_autogen) by extensions ['ignore', 'ignore_ament_install']
[1.182s] Level 1:colcon.colcon_core.package_identification:_identify(src/build-test_tool-Desktop-Debug/dummy_test_1_autogen) by extension 'ignore'
[1.182s] Level 1:colcon.colcon_core.package_identification:_identify(src/build-test_tool-Desktop-Debug/dummy_test_1_autogen) by extension 'ignore_ament_install'
[1.182s] Level 1:colcon.colcon_core.package_identification:_identify(src/build-test_tool-Desktop-Debug/dummy_test_1_autogen) by extensions ['colcon_pkg']
[1.182s] Level 1:colcon.colcon_core.package_identification:_identify(src/build-test_tool-Desktop-Debug/dummy_test_1_autogen) by extension 'colcon_pkg'
[1.182s] Level 1:colcon.colcon_core.package_identification:_identify(src/build-test_tool-Desktop-Debug/dummy_test_1_autogen) by extensions ['colcon_meta']
[1.182s] Level 1:colcon.colcon_core.package_identification:_identify(src/build-test_tool-Desktop-Debug/dummy_test_1_autogen) by extension 'colcon_meta'
[1.183s] Level 1:colcon.colcon_core.package_identification:_identify(src/build-test_tool-Desktop-Debug/dummy_test_1_autogen) by extensions ['ros']
[1.184s] Level 1:colcon.colcon_core.package_identification:_identify(src/build-test_tool-Desktop-Debug/dummy_test_1_autogen) by extension 'ros'
[1.184s] Level 1:colcon.colcon_core.package_identification:_identify(src/build-test_tool-Desktop-Debug/dummy_test_1_autogen) by extensions ['cmake', 'python']
[1.185s] Level 1:colcon.colcon_core.package_identification:_identify(src/build-test_tool-Desktop-Debug/dummy_test_1_autogen) by extension 'cmake'
[1.185s] Level 1:colcon.colcon_core.package_identification:_identify(src/build-test_tool-Desktop-Debug/dummy_test_1_autogen) by extension 'python'
[1.185s] Level 1:colcon.colcon_core.package_identification:_identify(src/build-test_tool-Desktop-Debug/dummy_test_1_autogen) by extensions ['python_setup_py']
[1.185s] Level 1:colcon.colcon_core.package_identification:_identify(src/build-test_tool-Desktop-Debug/dummy_test_1_autogen) by extension 'python_setup_py'
[1.186s] Level 1:colcon.colcon_core.package_identification:_identify(src/build-test_tool-Desktop-Debug/dummy_test_1_autogen/include) by extensions ['ignore', 'ignore_ament_install']
[1.186s] Level 1:colcon.colcon_core.package_identification:_identify(src/build-test_tool-Desktop-Debug/dummy_test_1_autogen/include) by extension 'ignore'
[1.186s] Level 1:colcon.colcon_core.package_identification:_identify(src/build-test_tool-Desktop-Debug/dummy_test_1_autogen/include) by extension 'ignore_ament_install'
[1.186s] Level 1:colcon.colcon_core.package_identification:_identify(src/build-test_tool-Desktop-Debug/dummy_test_1_autogen/include) by extensions ['colcon_pkg']
[1.186s] Level 1:colcon.colcon_core.package_identification:_identify(src/build-test_tool-Desktop-Debug/dummy_test_1_autogen/include) by extension 'colcon_pkg'
[1.186s] Level 1:colcon.colcon_core.package_identification:_identify(src/build-test_tool-Desktop-Debug/dummy_test_1_autogen/include) by extensions ['colcon_meta']
[1.194s] Level 1:colcon.colcon_core.package_identification:_identify(src/build-test_tool-Desktop-Debug/dummy_test_1_autogen/include) by extension 'colcon_meta'
[1.194s] Level 1:colcon.colcon_core.package_identification:_identify(src/build-test_tool-Desktop-Debug/dummy_test_1_autogen/include) by extensions ['ros']
[1.194s] Level 1:colcon.colcon_core.package_identification:_identify(src/build-test_tool-Desktop-Debug/dummy_test_1_autogen/include) by extension 'ros'
[1.194s] Level 1:colcon.colcon_core.package_identification:_identify(src/build-test_tool-Desktop-Debug/dummy_test_1_autogen/include) by extensions ['cmake', 'python']
[1.195s] Level 1:colcon.colcon_core.package_identification:_identify(src/build-test_tool-Desktop-Debug/dummy_test_1_autogen/include) by extension 'cmake'
[1.195s] Level 1:colcon.colcon_core.package_identification:_identify(src/build-test_tool-Desktop-Debug/dummy_test_1_autogen/include) by extension 'python'
[1.195s] Level 1:colcon.colcon_core.package_identification:_identify(src/build-test_tool-Desktop-Debug/dummy_test_1_autogen/include) by extensions ['python_setup_py']
[1.195s] Level 1:colcon.colcon_core.package_identification:_identify(src/build-test_tool-Desktop-Debug/dummy_test_1_autogen/include) by extension 'python_setup_py'
[1.195s] Level 1:colcon.colcon_core.package_identification:_identify(src/build-test_tool-Desktop-Debug/dummy_test_autogen) by extensions ['ignore', 'ignore_ament_install']
[1.195s] Level 1:colcon.colcon_core.package_identification:_identify(src/build-test_tool-Desktop-Debug/dummy_test_autogen) by extension 'ignore'
[1.196s] Level 1:colcon.colcon_core.package_identification:_identify(src/build-test_tool-Desktop-Debug/dummy_test_autogen) by extension 'ignore_ament_install'
[1.196s] Level 1:colcon.colcon_core.package_identification:_identify(src/build-test_tool-Desktop-Debug/dummy_test_autogen) by extensions ['colcon_pkg']
[1.196s] Level 1:colcon.colcon_core.package_identification:_identify(src/build-test_tool-Desktop-Debug/dummy_test_autogen) by extension 'colcon_pkg'
[1.196s] Level 1:colcon.colcon_core.package_identification:_identify(src/build-test_tool-Desktop-Debug/dummy_test_autogen) by extensions ['colcon_meta']
[1.196s] Level 1:colcon.colcon_core.package_identification:_identify(src/build-test_tool-Desktop-Debug/dummy_test_autogen) by extension 'colcon_meta'
[1.196s] Level 1:colcon.colcon_core.package_identification:_identify(src/build-test_tool-Desktop-Debug/dummy_test_autogen) by extensions ['ros']
[1.196s] Level 1:colcon.colcon_core.package_identification:_identify(src/build-test_tool-Desktop-Debug/dummy_test_autogen) by extension 'ros'
[1.197s] Level 1:colcon.colcon_core.package_identification:_identify(src/build-test_tool-Desktop-Debug/dummy_test_autogen) by extensions ['cmake', 'python']
[1.197s] Level 1:colcon.colcon_core.package_identification:_identify(src/build-test_tool-Desktop-Debug/dummy_test_autogen) by extension 'cmake'
[1.197s] Level 1:colcon.colcon_core.package_identification:_identify(src/build-test_tool-Desktop-Debug/dummy_test_autogen) by extension 'python'
[1.197s] Level 1:colcon.colcon_core.package_identification:_identify(src/build-test_tool-Desktop-Debug/dummy_test_autogen) by extensions ['python_setup_py']
[1.197s] Level 1:colcon.colcon_core.package_identification:_identify(src/build-test_tool-Desktop-Debug/dummy_test_autogen) by extension 'python_setup_py'
[1.197s] Level 1:colcon.colcon_core.package_identification:_identify(src/build-test_tool-Desktop-Debug/dummy_test_autogen/include) by extensions ['ignore', 'ignore_ament_install']
[1.198s] Level 1:colcon.colcon_core.package_identification:_identify(src/build-test_tool-Desktop-Debug/dummy_test_autogen/include) by extension 'ignore'
[1.198s] Level 1:colcon.colcon_core.package_identification:_identify(src/build-test_tool-Desktop-Debug/dummy_test_autogen/include) by extension 'ignore_ament_install'
[1.198s] Level 1:colcon.colcon_core.package_identification:_identify(src/build-test_tool-Desktop-Debug/dummy_test_autogen/include) by extensions ['colcon_pkg']
[1.198s] Level 1:colcon.colcon_core.package_identification:_identify(src/build-test_tool-Desktop-Debug/dummy_test_autogen/include) by extension 'colcon_pkg'
[1.198s] Level 1:colcon.colcon_core.package_identification:_identify(src/build-test_tool-Desktop-Debug/dummy_test_autogen/include) by extensions ['colcon_meta']
[1.198s] Level 1:colcon.colcon_core.package_identification:_identify(src/build-test_tool-Desktop-Debug/dummy_test_autogen/include) by extension 'colcon_meta'
[1.198s] Level 1:colcon.colcon_core.package_identification:_identify(src/build-test_tool-Desktop-Debug/dummy_test_autogen/include) by extensions ['ros']
[1.199s] Level 1:colcon.colcon_core.package_identification:_identify(src/build-test_tool-Desktop-Debug/dummy_test_autogen/include) by extension 'ros'
[1.199s] Level 1:colcon.colcon_core.package_identification:_identify(src/build-test_tool-Desktop-Debug/dummy_test_autogen/include) by extensions ['cmake', 'python']
[1.199s] Level 1:colcon.colcon_core.package_identification:_identify(src/build-test_tool-Desktop-Debug/dummy_test_autogen/include) by extension 'cmake'
[1.199s] Level 1:colcon.colcon_core.package_identification:_identify(src/build-test_tool-Desktop-Debug/dummy_test_autogen/include) by extension 'python'
[1.199s] Level 1:colcon.colcon_core.package_identification:_identify(src/build-test_tool-Desktop-Debug/dummy_test_autogen/include) by extensions ['python_setup_py']
[1.199s] Level 1:colcon.colcon_core.package_identification:_identify(src/build-test_tool-Desktop-Debug/dummy_test_autogen/include) by extension 'python_setup_py'
[1.200s] Level 1:colcon.colcon_core.package_identification:_identify(src/build-test_tool-Desktop-Debug/lidar_node_autogen) by extensions ['ignore', 'ignore_ament_install']
[1.200s] Level 1:colcon.colcon_core.package_identification:_identify(src/build-test_tool-Desktop-Debug/lidar_node_autogen) by extension 'ignore'
[1.200s] Level 1:colcon.colcon_core.package_identification:_identify(src/build-test_tool-Desktop-Debug/lidar_node_autogen) by extension 'ignore_ament_install'
[1.200s] Level 1:colcon.colcon_core.package_identification:_identify(src/build-test_tool-Desktop-Debug/lidar_node_autogen) by extensions ['colcon_pkg']
[1.200s] Level 1:colcon.colcon_core.package_identification:_identify(src/build-test_tool-Desktop-Debug/lidar_node_autogen) by extension 'colcon_pkg'
[1.201s] Level 1:colcon.colcon_core.package_identification:_identify(src/build-test_tool-Desktop-Debug/lidar_node_autogen) by extensions ['colcon_meta']
[1.201s] Level 1:colcon.colcon_core.package_identification:_identify(src/build-test_tool-Desktop-Debug/lidar_node_autogen) by extension 'colcon_meta'
[1.201s] Level 1:colcon.colcon_core.package_identification:_identify(src/build-test_tool-Desktop-Debug/lidar_node_autogen) by extensions ['ros']
[1.201s] Level 1:colcon.colcon_core.package_identification:_identify(src/build-test_tool-Desktop-Debug/lidar_node_autogen) by extension 'ros'
[1.201s] Level 1:colcon.colcon_core.package_identification:_identify(src/build-test_tool-Desktop-Debug/lidar_node_autogen) by extensions ['cmake', 'python']
[1.201s] Level 1:colcon.colcon_core.package_identification:_identify(src/build-test_tool-Desktop-Debug/lidar_node_autogen) by extension 'cmake'
[1.201s] Level 1:colcon.colcon_core.package_identification:_identify(src/build-test_tool-Desktop-Debug/lidar_node_autogen) by extension 'python'
[1.201s] Level 1:colcon.colcon_core.package_identification:_identify(src/build-test_tool-Desktop-Debug/lidar_node_autogen) by extensions ['python_setup_py']
[1.201s] Level 1:colcon.colcon_core.package_identification:_identify(src/build-test_tool-Desktop-Debug/lidar_node_autogen) by extension 'python_setup_py'
[1.202s] Level 1:colcon.colcon_core.package_identification:_identify(src/build-test_tool-Desktop-Debug/test_tool_autogen) by extensions ['ignore', 'ignore_ament_install']
[1.202s] Level 1:colcon.colcon_core.package_identification:_identify(src/build-test_tool-Desktop-Debug/test_tool_autogen) by extension 'ignore'
[1.202s] Level 1:colcon.colcon_core.package_identification:_identify(src/build-test_tool-Desktop-Debug/test_tool_autogen) by extension 'ignore_ament_install'
[1.202s] Level 1:colcon.colcon_core.package_identification:_identify(src/build-test_tool-Desktop-Debug/test_tool_autogen) by extensions ['colcon_pkg']
[1.202s] Level 1:colcon.colcon_core.package_identification:_identify(src/build-test_tool-Desktop-Debug/test_tool_autogen) by extension 'colcon_pkg'
[1.202s] Level 1:colcon.colcon_core.package_identification:_identify(src/build-test_tool-Desktop-Debug/test_tool_autogen) by extensions ['colcon_meta']
[1.203s] Level 1:colcon.colcon_core.package_identification:_identify(src/build-test_tool-Desktop-Debug/test_tool_autogen) by extension 'colcon_meta'
[1.203s] Level 1:colcon.colcon_core.package_identification:_identify(src/build-test_tool-Desktop-Debug/test_tool_autogen) by extensions ['ros']
[1.203s] Level 1:colcon.colcon_core.package_identification:_identify(src/build-test_tool-Desktop-Debug/test_tool_autogen) by extension 'ros'
[1.203s] Level 1:colcon.colcon_core.package_identification:_identify(src/build-test_tool-Desktop-Debug/test_tool_autogen) by extensions ['cmake', 'python']
[1.203s] Level 1:colcon.colcon_core.package_identification:_identify(src/build-test_tool-Desktop-Debug/test_tool_autogen) by extension 'cmake'
[1.203s] Level 1:colcon.colcon_core.package_identification:_identify(src/build-test_tool-Desktop-Debug/test_tool_autogen) by extension 'python'
[1.204s] Level 1:colcon.colcon_core.package_identification:_identify(src/build-test_tool-Desktop-Debug/test_tool_autogen) by extensions ['python_setup_py']
[1.204s] Level 1:colcon.colcon_core.package_identification:_identify(src/build-test_tool-Desktop-Debug/test_tool_autogen) by extension 'python_setup_py'
[1.205s] Level 1:colcon.colcon_core.package_identification:_identify(src/build-test_tool-Desktop-Debug/test_tool_autogen/TSGLY7GWS2) by extensions ['ignore', 'ignore_ament_install']
[1.205s] Level 1:colcon.colcon_core.package_identification:_identify(src/build-test_tool-Desktop-Debug/test_tool_autogen/TSGLY7GWS2) by extension 'ignore'
[1.205s] Level 1:colcon.colcon_core.package_identification:_identify(src/build-test_tool-Desktop-Debug/test_tool_autogen/TSGLY7GWS2) by extension 'ignore_ament_install'
[1.205s] Level 1:colcon.colcon_core.package_identification:_identify(src/build-test_tool-Desktop-Debug/test_tool_autogen/TSGLY7GWS2) by extensions ['colcon_pkg']
[1.205s] Level 1:colcon.colcon_core.package_identification:_identify(src/build-test_tool-Desktop-Debug/test_tool_autogen/TSGLY7GWS2) by extension 'colcon_pkg'
[1.206s] Level 1:colcon.colcon_core.package_identification:_identify(src/build-test_tool-Desktop-Debug/test_tool_autogen/TSGLY7GWS2) by extensions ['colcon_meta']
[1.206s] Level 1:colcon.colcon_core.package_identification:_identify(src/build-test_tool-Desktop-Debug/test_tool_autogen/TSGLY7GWS2) by extension 'colcon_meta'
[1.206s] Level 1:colcon.colcon_core.package_identification:_identify(src/build-test_tool-Desktop-Debug/test_tool_autogen/TSGLY7GWS2) by extensions ['ros']
[1.206s] Level 1:colcon.colcon_core.package_identification:_identify(src/build-test_tool-Desktop-Debug/test_tool_autogen/TSGLY7GWS2) by extension 'ros'
[1.206s] Level 1:colcon.colcon_core.package_identification:_identify(src/build-test_tool-Desktop-Debug/test_tool_autogen/TSGLY7GWS2) by extensions ['cmake', 'python']
[1.206s] Level 1:colcon.colcon_core.package_identification:_identify(src/build-test_tool-Desktop-Debug/test_tool_autogen/TSGLY7GWS2) by extension 'cmake'
[1.207s] Level 1:colcon.colcon_core.package_identification:_identify(src/build-test_tool-Desktop-Debug/test_tool_autogen/TSGLY7GWS2) by extension 'python'
[1.207s] Level 1:colcon.colcon_core.package_identification:_identify(src/build-test_tool-Desktop-Debug/test_tool_autogen/TSGLY7GWS2) by extensions ['python_setup_py']
[1.207s] Level 1:colcon.colcon_core.package_identification:_identify(src/build-test_tool-Desktop-Debug/test_tool_autogen/TSGLY7GWS2) by extension 'python_setup_py'
[1.207s] Level 1:colcon.colcon_core.package_identification:_identify(src/build-test_tool-Desktop-Debug/test_tool_autogen/include) by extensions ['ignore', 'ignore_ament_install']
[1.207s] Level 1:colcon.colcon_core.package_identification:_identify(src/build-test_tool-Desktop-Debug/test_tool_autogen/include) by extension 'ignore'
[1.207s] Level 1:colcon.colcon_core.package_identification:_identify(src/build-test_tool-Desktop-Debug/test_tool_autogen/include) by extension 'ignore_ament_install'
[1.208s] Level 1:colcon.colcon_core.package_identification:_identify(src/build-test_tool-Desktop-Debug/test_tool_autogen/include) by extensions ['colcon_pkg']
[1.208s] Level 1:colcon.colcon_core.package_identification:_identify(src/build-test_tool-Desktop-Debug/test_tool_autogen/include) by extension 'colcon_pkg'
[1.208s] Level 1:colcon.colcon_core.package_identification:_identify(src/build-test_tool-Desktop-Debug/test_tool_autogen/include) by extensions ['colcon_meta']
[1.208s] Level 1:colcon.colcon_core.package_identification:_identify(src/build-test_tool-Desktop-Debug/test_tool_autogen/include) by extension 'colcon_meta'
[1.208s] Level 1:colcon.colcon_core.package_identification:_identify(src/build-test_tool-Desktop-Debug/test_tool_autogen/include) by extensions ['ros']
[1.208s] Level 1:colcon.colcon_core.package_identification:_identify(src/build-test_tool-Desktop-Debug/test_tool_autogen/include) by extension 'ros'
[1.208s] Level 1:colcon.colcon_core.package_identification:_identify(src/build-test_tool-Desktop-Debug/test_tool_autogen/include) by extensions ['cmake', 'python']
[1.208s] Level 1:colcon.colcon_core.package_identification:_identify(src/build-test_tool-Desktop-Debug/test_tool_autogen/include) by extension 'cmake'
[1.209s] Level 1:colcon.colcon_core.package_identification:_identify(src/build-test_tool-Desktop-Debug/test_tool_autogen/include) by extension 'python'
[1.209s] Level 1:colcon.colcon_core.package_identification:_identify(src/build-test_tool-Desktop-Debug/test_tool_autogen/include) by extensions ['python_setup_py']
[1.209s] Level 1:colcon.colcon_core.package_identification:_identify(src/build-test_tool-Desktop-Debug/test_tool_autogen/include) by extension 'python_setup_py'
[1.209s] Level 1:colcon.colcon_core.package_identification:_identify(src/iris_interfaces) by extensions ['ignore', 'ignore_ament_install']
[1.209s] Level 1:colcon.colcon_core.package_identification:_identify(src/iris_interfaces) by extension 'ignore'
[1.209s] Level 1:colcon.colcon_core.package_identification:_identify(src/iris_interfaces) by extension 'ignore_ament_install'
[1.209s] Level 1:colcon.colcon_core.package_identification:_identify(src/iris_interfaces) by extensions ['colcon_pkg']
[1.210s] Level 1:colcon.colcon_core.package_identification:_identify(src/iris_interfaces) by extension 'colcon_pkg'
[1.210s] Level 1:colcon.colcon_core.package_identification:_identify(src/iris_interfaces) by extensions ['colcon_meta']
[1.210s] Level 1:colcon.colcon_core.package_identification:_identify(src/iris_interfaces) by extension 'colcon_meta'
[1.210s] Level 1:colcon.colcon_core.package_identification:_identify(src/iris_interfaces) by extensions ['ros']
[1.210s] Level 1:colcon.colcon_core.package_identification:_identify(src/iris_interfaces) by extension 'ros'
[1.216s] DEBUG:colcon.colcon_core.package_identification:Package 'src/iris_interfaces' with type 'ros.ament_cmake' and name 'iris_interfaces'
[1.217s] Level 1:colcon.colcon_core.package_identification:_identify(src/test_tool) by extensions ['ignore', 'ignore_ament_install']
[1.218s] Level 1:colcon.colcon_core.package_identification:_identify(src/test_tool) by extension 'ignore'
[1.219s] Level 1:colcon.colcon_core.package_identification:_identify(src/test_tool) by extension 'ignore_ament_install'
[1.219s] Level 1:colcon.colcon_core.package_identification:_identify(src/test_tool) by extensions ['colcon_pkg']
[1.219s] Level 1:colcon.colcon_core.package_identification:_identify(src/test_tool) by extension 'colcon_pkg'
[1.219s] Level 1:colcon.colcon_core.package_identification:_identify(src/test_tool) by extensions ['colcon_meta']
[1.219s] Level 1:colcon.colcon_core.package_identification:_identify(src/test_tool) by extension 'colcon_meta'
[1.220s] Level 1:colcon.colcon_core.package_identification:_identify(src/test_tool) by extensions ['ros']
[1.221s] Level 1:colcon.colcon_core.package_identification:_identify(src/test_tool) by extension 'ros'
[1.225s] DEBUG:colcon.colcon_core.package_identification:Package 'src/test_tool' with type 'ros.ament_cmake' and name 'test_tool'
[1.225s] Level 1:colcon.colcon_core.package_identification:_identify(src/test_tool_dummy) by extensions ['ignore', 'ignore_ament_install']
[1.225s] Level 1:colcon.colcon_core.package_identification:_identify(src/test_tool_dummy) by extension 'ignore'
[1.226s] Level 1:colcon.colcon_core.package_identification:_identify(src/test_tool_dummy) by extension 'ignore_ament_install'
[1.226s] Level 1:colcon.colcon_core.package_identification:_identify(src/test_tool_dummy) by extensions ['colcon_pkg']
[1.226s] Level 1:colcon.colcon_core.package_identification:_identify(src/test_tool_dummy) by extension 'colcon_pkg'
[1.226s] Level 1:colcon.colcon_core.package_identification:_identify(src/test_tool_dummy) by extensions ['colcon_meta']
[1.226s] Level 1:colcon.colcon_core.package_identification:_identify(src/test_tool_dummy) by extension 'colcon_meta'
[1.226s] Level 1:colcon.colcon_core.package_identification:_identify(src/test_tool_dummy) by extensions ['ros']
[1.226s] Level 1:colcon.colcon_core.package_identification:_identify(src/test_tool_dummy) by extension 'ros'
[1.228s] DEBUG:colcon.colcon_core.package_identification:Failed to parse potential ROS package manifest in'src/test_tool_dummy': Error(s) in package 'src/test_tool_dummy/package.xml':
Error(s):
- The generic dependency on 'rclpy' is redundant with: exec_depend
- The generic dependency on 'iris_interfaces' is redundant with: exec_depend
[1.229s] Level 1:colcon.colcon_core.package_identification:_identify(src/test_tool_dummy) by extensions ['cmake', 'python']
[1.229s] Level 1:colcon.colcon_core.package_identification:_identify(src/test_tool_dummy) by extension 'cmake'
[1.229s] Level 1:colcon.colcon_core.package_identification:_identify(src/test_tool_dummy) by extension 'python'
[1.229s] DEBUG:colcon.colcon_core.package_identification:Python package in 'src/test_tool_dummy' passes arguments to the setup() function which requires a different identification extension than 'python'
[1.229s] Level 1:colcon.colcon_core.package_identification:_identify(src/test_tool_dummy) by extensions ['python_setup_py']
[1.229s] Level 1:colcon.colcon_core.package_identification:_identify(src/test_tool_dummy) by extension 'python_setup_py'
[1.834s] DEBUG:colcon.colcon_core.package_identification:Package 'src/test_tool_dummy' with type 'python' and name 'test_tool_dummy'
[1.834s] Level 1:colcon.colcon_core.package_discovery:discover_packages(recursive) using defaults
[1.835s] Level 1:colcon.colcon_core.package_discovery:discover_packages(ignore) discover
[1.835s] Level 1:colcon.colcon_core.package_discovery:discover_packages(ignore) using defaults
[1.835s] Level 1:colcon.colcon_core.package_discovery:discover_packages(path) discover
[1.835s] Level 1:colcon.colcon_core.package_discovery:discover_packages(path) using defaults
[1.891s] Level 1:colcon.colcon_core.package_discovery:discover_packages(prefix_path) check parameters
[1.892s] Level 1:colcon.colcon_core.package_discovery:discover_packages(prefix_path) discover
[1.897s] DEBUG:colcon.colcon_installed_package_information.package_discovery:Found 344 installed packages in /opt/ros/humble
[1.900s] Level 1:colcon.colcon_core.package_discovery:discover_packages(prefix_path) using defaults
[1.996s] Level 5:colcon.colcon_core.verb:set package 'iris_interfaces' build argument 'cmake_args' from command line to 'None'
[1.996s] Level 5:colcon.colcon_core.verb:set package 'iris_interfaces' build argument 'cmake_target' from command line to 'None'
[1.996s] Level 5:colcon.colcon_core.verb:set package 'iris_interfaces' build argument 'cmake_target_skip_unavailable' from command line to 'False'
[1.996s] Level 5:colcon.colcon_core.verb:set package 'iris_interfaces' build argument 'cmake_clean_cache' from command line to 'False'
[1.996s] Level 5:colcon.colcon_core.verb:set package 'iris_interfaces' build argument 'cmake_clean_first' from command line to 'False'
[1.996s] Level 5:colcon.colcon_core.verb:set package 'iris_interfaces' build argument 'cmake_force_configure' from command line to 'False'
[1.996s] Level 5:colcon.colcon_core.verb:set package 'iris_interfaces' build argument 'ament_cmake_args' from command line to 'None'
[1.996s] Level 5:colcon.colcon_core.verb:set package 'iris_interfaces' build argument 'catkin_cmake_args' from command line to 'None'
[1.996s] Level 5:colcon.colcon_core.verb:set package 'iris_interfaces' build argument 'catkin_skip_building_tests' from command line to 'False'
[1.996s] DEBUG:colcon.colcon_core.verb:Building package 'iris_interfaces' with the following arguments: {'ament_cmake_args': None, 'build_base': '/home/maddy/iris_test_tool/build/iris_interfaces', 'catkin_cmake_args': None, 'catkin_skip_building_tests': False, 'cmake_args': None, 'cmake_clean_cache': False, 'cmake_clean_first': False, 'cmake_force_configure': False, 'cmake_target': None, 'cmake_target_skip_unavailable': False, 'install_base': '/home/maddy/iris_test_tool/install/iris_interfaces', 'merge_install': False, 'path': '/home/maddy/iris_test_tool/src/iris_interfaces', 'symlink_install': False, 'test_result_base': None}
[1.997s] Level 5:colcon.colcon_core.verb:set package 'test_tool_dummy' build argument 'cmake_args' from command line to 'None'
[1.997s] Level 5:colcon.colcon_core.verb:set package 'test_tool_dummy' build argument 'cmake_target' from command line to 'None'
[1.997s] Level 5:colcon.colcon_core.verb:set package 'test_tool_dummy' build argument 'cmake_target_skip_unavailable' from command line to 'False'
[1.997s] Level 5:colcon.colcon_core.verb:set package 'test_tool_dummy' build argument 'cmake_clean_cache' from command line to 'False'
[1.997s] Level 5:colcon.colcon_core.verb:set package 'test_tool_dummy' build argument 'cmake_clean_first' from command line to 'False'
[1.997s] Level 5:colcon.colcon_core.verb:set package 'test_tool_dummy' build argument 'cmake_force_configure' from command line to 'False'
[1.997s] Level 5:colcon.colcon_core.verb:set package 'test_tool_dummy' build argument 'ament_cmake_args' from command line to 'None'
[1.997s] Level 5:colcon.colcon_core.verb:set package 'test_tool_dummy' build argument 'catkin_cmake_args' from command line to 'None'
[1.997s] Level 5:colcon.colcon_core.verb:set package 'test_tool_dummy' build argument 'catkin_skip_building_tests' from command line to 'False'
[1.997s] DEBUG:colcon.colcon_core.verb:Building package 'test_tool_dummy' with the following arguments: {'ament_cmake_args': None, 'build_base': '/home/maddy/iris_test_tool/build/test_tool_dummy', 'catkin_cmake_args': None, 'catkin_skip_building_tests': False, 'cmake_args': None, 'cmake_clean_cache': False, 'cmake_clean_first': False, 'cmake_force_configure': False, 'cmake_target': None, 'cmake_target_skip_unavailable': False, 'install_base': '/home/maddy/iris_test_tool/install/test_tool_dummy', 'merge_install': False, 'path': '/home/maddy/iris_test_tool/src/test_tool_dummy', 'symlink_install': False, 'test_result_base': None}
[1.998s] Level 5:colcon.colcon_core.verb:set package 'test_tool' build argument 'cmake_args' from command line to 'None'
[1.998s] Level 5:colcon.colcon_core.verb:set package 'test_tool' build argument 'cmake_target' from command line to 'None'
[1.998s] Level 5:colcon.colcon_core.verb:set package 'test_tool' build argument 'cmake_target_skip_unavailable' from command line to 'False'
[1.998s] Level 5:colcon.colcon_core.verb:set package 'test_tool' build argument 'cmake_clean_cache' from command line to 'False'
[1.998s] Level 5:colcon.colcon_core.verb:set package 'test_tool' build argument 'cmake_clean_first' from command line to 'False'
[1.998s] Level 5:colcon.colcon_core.verb:set package 'test_tool' build argument 'cmake_force_configure' from command line to 'False'
[1.998s] Level 5:colcon.colcon_core.verb:set package 'test_tool' build argument 'ament_cmake_args' from command line to 'None'
[1.998s] Level 5:colcon.colcon_core.verb:set package 'test_tool' build argument 'catkin_cmake_args' from command line to 'None'
[1.998s] Level 5:colcon.colcon_core.verb:set package 'test_tool' build argument 'catkin_skip_building_tests' from command line to 'False'
[1.998s] DEBUG:colcon.colcon_core.verb:Building package 'test_tool' with the following arguments: {'ament_cmake_args': None, 'build_base': '/home/maddy/iris_test_tool/build/test_tool', 'catkin_cmake_args': None, 'catkin_skip_building_tests': False, 'cmake_args': None, 'cmake_clean_cache': False, 'cmake_clean_first': False, 'cmake_force_configure': False, 'cmake_target': None, 'cmake_target_skip_unavailable': False, 'install_base': '/home/maddy/iris_test_tool/install/test_tool', 'merge_install': False, 'path': '/home/maddy/iris_test_tool/src/test_tool', 'symlink_install': False, 'test_result_base': None}
[1.998s] INFO:colcon.colcon_core.executor:Executing jobs using 'parallel' executor
[2.000s] DEBUG:colcon.colcon_parallel_executor.executor.parallel:run_until_complete
[2.001s] INFO:colcon.colcon_ros.task.ament_cmake.build:Building ROS package in '/home/maddy/iris_test_tool/src/iris_interfaces' with build type 'ament_cmake'
[2.001s] INFO:colcon.colcon_cmake.task.cmake.build:Building CMake package in '/home/maddy/iris_test_tool/src/iris_interfaces'
[2.004s] INFO:colcon.colcon_core.plugin_system:Skipping extension 'colcon_core.shell.bat': Not used on non-Windows systems
[2.004s] INFO:colcon.colcon_core.shell:Skip shell extension 'powershell' for command environment: Not usable outside of PowerShell
[2.004s] DEBUG:colcon.colcon_core.shell:Skip shell extension 'dsv' for command environment
[2.010s] INFO:colcon.colcon_core.task.python.build:Building Python package in '/home/maddy/iris_test_tool/src/test_tool_dummy'
[2.011s] INFO:colcon.colcon_core.shell:Skip shell extension 'powershell' for command environment: Not usable outside of PowerShell
[2.011s] DEBUG:colcon.colcon_core.shell:Skip shell extension 'dsv' for command environment
[2.027s] DEBUG:colcon.colcon_core.event_handler.log_command:Invoking command in '/home/maddy/iris_test_tool/build/iris_interfaces': CMAKE_PREFIX_PATH=/opt/ros/humble /usr/bin/cmake --build /home/maddy/iris_test_tool/build/iris_interfaces -- -j8 -l8
[2.771s] DEBUG:colcon.colcon_core.event_handler.log_command:Invoked command in '/home/maddy/iris_test_tool/build/iris_interfaces' returned '0': CMAKE_PREFIX_PATH=/opt/ros/humble /usr/bin/cmake --build /home/maddy/iris_test_tool/build/iris_interfaces -- -j8 -l8
[2.787s] DEBUG:colcon.colcon_core.event_handler.log_command:Invoking command in '/home/maddy/iris_test_tool/build/iris_interfaces': CMAKE_PREFIX_PATH=/opt/ros/humble /usr/bin/cmake --install /home/maddy/iris_test_tool/build/iris_interfaces
[3.019s] Level 1:colcon.colcon_core.environment:create_environment_scripts_only(iris_interfaces)
[3.030s] DEBUG:colcon.colcon_core.event_handler.log_command:Invoked command in '/home/maddy/iris_test_tool/build/iris_interfaces' returned '0': CMAKE_PREFIX_PATH=/opt/ros/humble /usr/bin/cmake --install /home/maddy/iris_test_tool/build/iris_interfaces
[3.032s] Level 1:colcon.colcon_core.environment:checking '/home/maddy/iris_test_tool/install/iris_interfaces' for CMake module files
[3.033s] Level 1:colcon.colcon_core.environment:checking '/home/maddy/iris_test_tool/install/iris_interfaces' for CMake config files
[3.036s] Level 1:colcon.colcon_core.shell:create_environment_hook('iris_interfaces', 'cmake_prefix_path')
[3.036s] INFO:colcon.colcon_core.shell:Creating environment hook '/home/maddy/iris_test_tool/install/iris_interfaces/share/iris_interfaces/hook/cmake_prefix_path.ps1'
[3.037s] INFO:colcon.colcon_core.shell:Creating environment descriptor '/home/maddy/iris_test_tool/install/iris_interfaces/share/iris_interfaces/hook/cmake_prefix_path.dsv'
[3.037s] INFO:colcon.colcon_core.shell:Creating environment hook '/home/maddy/iris_test_tool/install/iris_interfaces/share/iris_interfaces/hook/cmake_prefix_path.sh'
[3.039s] Level 1:colcon.colcon_core.environment:checking '/home/maddy/iris_test_tool/install/iris_interfaces/lib'
[3.040s] Level 1:colcon.colcon_core.shell:create_environment_hook('iris_interfaces', 'ld_library_path_lib')
[3.040s] INFO:colcon.colcon_core.shell:Creating environment hook '/home/maddy/iris_test_tool/install/iris_interfaces/share/iris_interfaces/hook/ld_library_path_lib.ps1'
[3.042s] INFO:colcon.colcon_core.shell:Creating environment descriptor '/home/maddy/iris_test_tool/install/iris_interfaces/share/iris_interfaces/hook/ld_library_path_lib.dsv'
[3.042s] INFO:colcon.colcon_core.shell:Creating environment hook '/home/maddy/iris_test_tool/install/iris_interfaces/share/iris_interfaces/hook/ld_library_path_lib.sh'
[3.043s] Level 1:colcon.colcon_core.environment:checking '/home/maddy/iris_test_tool/install/iris_interfaces/bin'
[3.044s] Level 1:colcon.colcon_core.environment:checking '/home/maddy/iris_test_tool/install/iris_interfaces/lib/pkgconfig/iris_interfaces.pc'
[3.044s] Level 1:colcon.colcon_core.environment:checking '/home/maddy/iris_test_tool/install/iris_interfaces/lib/python3.10/site-packages'
[3.045s] Level 1:colcon.colcon_core.environment:checking '/home/maddy/iris_test_tool/install/iris_interfaces/bin'
[3.046s] INFO:colcon.colcon_core.shell:Creating package script '/home/maddy/iris_test_tool/install/iris_interfaces/share/iris_interfaces/package.ps1'
[3.048s] INFO:colcon.colcon_core.shell:Creating package descriptor '/home/maddy/iris_test_tool/install/iris_interfaces/share/iris_interfaces/package.dsv'
[3.049s] INFO:colcon.colcon_core.shell:Creating package script '/home/maddy/iris_test_tool/install/iris_interfaces/share/iris_interfaces/package.sh'
[3.051s] INFO:colcon.colcon_core.shell:Creating package script '/home/maddy/iris_test_tool/install/iris_interfaces/share/iris_interfaces/package.bash'
[3.052s] INFO:colcon.colcon_core.shell:Creating package script '/home/maddy/iris_test_tool/install/iris_interfaces/share/iris_interfaces/package.zsh'
[3.054s] Level 1:colcon.colcon_core.environment:create_file_with_runtime_dependencies(/home/maddy/iris_test_tool/install/iris_interfaces/share/colcon-core/packages/iris_interfaces)
[3.055s] Level 1:colcon.colcon_core.environment:create_environment_scripts_only(iris_interfaces)
[3.056s] Level 1:colcon.colcon_core.environment:checking '/home/maddy/iris_test_tool/install/iris_interfaces' for CMake module files
[3.058s] Level 1:colcon.colcon_core.environment:checking '/home/maddy/iris_test_tool/install/iris_interfaces' for CMake config files
[3.062s] Level 1:colcon.colcon_core.shell:create_environment_hook('iris_interfaces', 'cmake_prefix_path')
[3.062s] INFO:colcon.colcon_core.shell:Creating environment hook '/home/maddy/iris_test_tool/install/iris_interfaces/share/iris_interfaces/hook/cmake_prefix_path.ps1'
[3.063s] INFO:colcon.colcon_core.shell:Creating environment descriptor '/home/maddy/iris_test_tool/install/iris_interfaces/share/iris_interfaces/hook/cmake_prefix_path.dsv'
[3.064s] INFO:colcon.colcon_core.shell:Creating environment hook '/home/maddy/iris_test_tool/install/iris_interfaces/share/iris_interfaces/hook/cmake_prefix_path.sh'
[3.065s] Level 1:colcon.colcon_core.environment:checking '/home/maddy/iris_test_tool/install/iris_interfaces/lib'
[3.065s] Level 1:colcon.colcon_core.shell:create_environment_hook('iris_interfaces', 'ld_library_path_lib')
[3.065s] INFO:colcon.colcon_core.shell:Creating environment hook '/home/maddy/iris_test_tool/install/iris_interfaces/share/iris_interfaces/hook/ld_library_path_lib.ps1'
[3.066s] INFO:colcon.colcon_core.shell:Creating environment descriptor '/home/maddy/iris_test_tool/install/iris_interfaces/share/iris_interfaces/hook/ld_library_path_lib.dsv'
[3.066s] INFO:colcon.colcon_core.shell:Creating environment hook '/home/maddy/iris_test_tool/install/iris_interfaces/share/iris_interfaces/hook/ld_library_path_lib.sh'
[3.067s] Level 1:colcon.colcon_core.environment:checking '/home/maddy/iris_test_tool/install/iris_interfaces/bin'
[3.067s] Level 1:colcon.colcon_core.environment:checking '/home/maddy/iris_test_tool/install/iris_interfaces/lib/pkgconfig/iris_interfaces.pc'
[3.067s] Level 1:colcon.colcon_core.environment:checking '/home/maddy/iris_test_tool/install/iris_interfaces/lib/python3.10/site-packages'
[3.068s] Level 1:colcon.colcon_core.environment:checking '/home/maddy/iris_test_tool/install/iris_interfaces/bin'
[3.068s] INFO:colcon.colcon_core.shell:Creating package script '/home/maddy/iris_test_tool/install/iris_interfaces/share/iris_interfaces/package.ps1'
[3.069s] INFO:colcon.colcon_core.shell:Creating package descriptor '/home/maddy/iris_test_tool/install/iris_interfaces/share/iris_interfaces/package.dsv'
[3.070s] INFO:colcon.colcon_core.shell:Creating package script '/home/maddy/iris_test_tool/install/iris_interfaces/share/iris_interfaces/package.sh'
[3.070s] INFO:colcon.colcon_core.shell:Creating package script '/home/maddy/iris_test_tool/install/iris_interfaces/share/iris_interfaces/package.bash'
[3.071s] INFO:colcon.colcon_core.shell:Creating package script '/home/maddy/iris_test_tool/install/iris_interfaces/share/iris_interfaces/package.zsh'
[3.073s] Level 1:colcon.colcon_core.environment:create_file_with_runtime_dependencies(/home/maddy/iris_test_tool/install/iris_interfaces/share/colcon-core/packages/iris_interfaces)
[3.074s] INFO:colcon.colcon_ros.task.ament_cmake.build:Building ROS package in '/home/maddy/iris_test_tool/src/test_tool' with build type 'ament_cmake'
[3.074s] INFO:colcon.colcon_cmake.task.cmake.build:Building CMake package in '/home/maddy/iris_test_tool/src/test_tool'
[3.074s] INFO:colcon.colcon_core.shell:Skip shell extension 'powershell' for command environment: Not usable outside of PowerShell
[3.074s] DEBUG:colcon.colcon_core.shell:Skip shell extension 'dsv' for command environment
[3.259s] DEBUG:colcon.colcon_core.event_handler.log_command:Invoking command in '/home/maddy/iris_test_tool/build/test_tool': AMENT_PREFIX_PATH=/home/maddy/iris_test_tool/install/iris_interfaces:${AMENT_PREFIX_PATH} CMAKE_PREFIX_PATH=/home/maddy/iris_test_tool/install/iris_interfaces:/opt/ros/humble LD_LIBRARY_PATH=/home/maddy/iris_test_tool/install/iris_interfaces/lib:${LD_LIBRARY_PATH} PYTHONPATH=/home/maddy/iris_test_tool/install/iris_interfaces/local/lib/python3.10/dist-packages:${PYTHONPATH} /usr/bin/cmake --build /home/maddy/iris_test_tool/build/test_tool -- -j8 -l8
[3.341s] DEBUG:colcon.colcon_core.event_handler.log_command:Invoking command in '/home/maddy/iris_test_tool/src/test_tool_dummy': PYTHONPATH=/home/maddy/iris_test_tool/build/test_tool_dummy/prefix_override:/usr/lib/python3/dist-packages/colcon_core/task/python/colcon_distutils_commands:/home/maddy/iris_test_tool/install/test_tool_dummy/lib/python3.10/site-packages:${PYTHONPATH} /usr/bin/python3 -W ignore:setup.py install is deprecated -W ignore:easy_install command is deprecated setup.py egg_info --egg-base ../../build/test_tool_dummy build --build-base /home/maddy/iris_test_tool/build/test_tool_dummy/build install --record /home/maddy/iris_test_tool/build/test_tool_dummy/install.log --install-scripts $base/lib/test_tool_dummy --single-version-externally-managed
[3.911s] Level 1:colcon.colcon_core.environment:checking '/home/maddy/iris_test_tool/install/test_tool_dummy' for CMake module files
[3.913s] DEBUG:colcon.colcon_core.event_handler.log_command:Invoked command in '/home/maddy/iris_test_tool/src/test_tool_dummy' returned '0': PYTHONPATH=/home/maddy/iris_test_tool/build/test_tool_dummy/prefix_override:/usr/lib/python3/dist-packages/colcon_core/task/python/colcon_distutils_commands:/home/maddy/iris_test_tool/install/test_tool_dummy/lib/python3.10/site-packages:${PYTHONPATH} /usr/bin/python3 -W ignore:setup.py install is deprecated -W ignore:easy_install command is deprecated setup.py egg_info --egg-base ../../build/test_tool_dummy build --build-base /home/maddy/iris_test_tool/build/test_tool_dummy/build install --record /home/maddy/iris_test_tool/build/test_tool_dummy/install.log --install-scripts $base/lib/test_tool_dummy --single-version-externally-managed
[3.913s] Level 1:colcon.colcon_core.environment:checking '/home/maddy/iris_test_tool/install/test_tool_dummy' for CMake config files
[3.915s] Level 1:colcon.colcon_core.environment:checking '/home/maddy/iris_test_tool/install/test_tool_dummy/lib'
[3.915s] Level 1:colcon.colcon_core.environment:checking '/home/maddy/iris_test_tool/install/test_tool_dummy/bin'
[3.915s] Level 1:colcon.colcon_core.environment:checking '/home/maddy/iris_test_tool/install/test_tool_dummy/lib/pkgconfig/test_tool_dummy.pc'
[3.915s] Level 1:colcon.colcon_core.environment:checking '/home/maddy/iris_test_tool/install/test_tool_dummy/lib/python3.10/site-packages'
[3.915s] Level 1:colcon.colcon_core.shell:create_environment_hook('test_tool_dummy', 'pythonpath')
[3.916s] INFO:colcon.colcon_core.shell:Creating environment hook '/home/maddy/iris_test_tool/install/test_tool_dummy/share/test_tool_dummy/hook/pythonpath.ps1'
[3.916s] INFO:colcon.colcon_core.shell:Creating environment descriptor '/home/maddy/iris_test_tool/install/test_tool_dummy/share/test_tool_dummy/hook/pythonpath.dsv'
[3.917s] INFO:colcon.colcon_core.shell:Creating environment hook '/home/maddy/iris_test_tool/install/test_tool_dummy/share/test_tool_dummy/hook/pythonpath.sh'
[3.918s] Level 1:colcon.colcon_core.environment:checking '/home/maddy/iris_test_tool/install/test_tool_dummy/bin'
[3.918s] Level 1:colcon.colcon_core.environment:create_environment_scripts_only(test_tool_dummy)
[3.918s] INFO:colcon.colcon_core.shell:Creating package script '/home/maddy/iris_test_tool/install/test_tool_dummy/share/test_tool_dummy/package.ps1'
[3.919s] INFO:colcon.colcon_core.shell:Creating package descriptor '/home/maddy/iris_test_tool/install/test_tool_dummy/share/test_tool_dummy/package.dsv'
[3.920s] INFO:colcon.colcon_core.shell:Creating package script '/home/maddy/iris_test_tool/install/test_tool_dummy/share/test_tool_dummy/package.sh'
[3.920s] INFO:colcon.colcon_core.shell:Creating package script '/home/maddy/iris_test_tool/install/test_tool_dummy/share/test_tool_dummy/package.bash'
[3.921s] INFO:colcon.colcon_core.shell:Creating package script '/home/maddy/iris_test_tool/install/test_tool_dummy/share/test_tool_dummy/package.zsh'
[3.921s] Level 1:colcon.colcon_core.environment:create_file_with_runtime_dependencies(/home/maddy/iris_test_tool/install/test_tool_dummy/share/colcon-core/packages/test_tool_dummy)
[55.520s] DEBUG:colcon.colcon_core.event_handler.log_command:Invoked command in '/home/maddy/iris_test_tool/build/test_tool' returned '0': AMENT_PREFIX_PATH=/home/maddy/iris_test_tool/install/iris_interfaces:${AMENT_PREFIX_PATH} CMAKE_PREFIX_PATH=/home/maddy/iris_test_tool/install/iris_interfaces:/opt/ros/humble LD_LIBRARY_PATH=/home/maddy/iris_test_tool/install/iris_interfaces/lib:${LD_LIBRARY_PATH} PYTHONPATH=/home/maddy/iris_test_tool/install/iris_interfaces/local/lib/python3.10/dist-packages:${PYTHONPATH} /usr/bin/cmake --build /home/maddy/iris_test_tool/build/test_tool -- -j8 -l8
[55.525s] DEBUG:colcon.colcon_core.event_handler.log_command:Invoking command in '/home/maddy/iris_test_tool/build/test_tool': AMENT_PREFIX_PATH=/home/maddy/iris_test_tool/install/iris_interfaces:${AMENT_PREFIX_PATH} CMAKE_PREFIX_PATH=/home/maddy/iris_test_tool/install/iris_interfaces:/opt/ros/humble LD_LIBRARY_PATH=/home/maddy/iris_test_tool/install/iris_interfaces/lib:${LD_LIBRARY_PATH} PYTHONPATH=/home/maddy/iris_test_tool/install/iris_interfaces/local/lib/python3.10/dist-packages:${PYTHONPATH} /usr/bin/cmake --install /home/maddy/iris_test_tool/build/test_tool
[55.558s] Level 1:colcon.colcon_core.environment:create_environment_scripts_only(test_tool)
[55.558s] Level 1:colcon.colcon_core.environment:checking '/home/maddy/iris_test_tool/install/test_tool' for CMake module files
[55.559s] DEBUG:colcon.colcon_core.event_handler.log_command:Invoked command in '/home/maddy/iris_test_tool/build/test_tool' returned '0': AMENT_PREFIX_PATH=/home/maddy/iris_test_tool/install/iris_interfaces:${AMENT_PREFIX_PATH} CMAKE_PREFIX_PATH=/home/maddy/iris_test_tool/install/iris_interfaces:/opt/ros/humble LD_LIBRARY_PATH=/home/maddy/iris_test_tool/install/iris_interfaces/lib:${LD_LIBRARY_PATH} PYTHONPATH=/home/maddy/iris_test_tool/install/iris_interfaces/local/lib/python3.10/dist-packages:${PYTHONPATH} /usr/bin/cmake --install /home/maddy/iris_test_tool/build/test_tool
[55.560s] Level 1:colcon.colcon_core.environment:checking '/home/maddy/iris_test_tool/install/test_tool' for CMake config files
[55.561s] Level 1:colcon.colcon_core.shell:create_environment_hook('test_tool', 'cmake_prefix_path')
[55.561s] INFO:colcon.colcon_core.shell:Creating environment hook '/home/maddy/iris_test_tool/install/test_tool/share/test_tool/hook/cmake_prefix_path.ps1'
[55.563s] INFO:colcon.colcon_core.shell:Creating environment descriptor '/home/maddy/iris_test_tool/install/test_tool/share/test_tool/hook/cmake_prefix_path.dsv'
[55.563s] INFO:colcon.colcon_core.shell:Creating environment hook '/home/maddy/iris_test_tool/install/test_tool/share/test_tool/hook/cmake_prefix_path.sh'
[55.564s] Level 1:colcon.colcon_core.environment:checking '/home/maddy/iris_test_tool/install/test_tool/lib'
[55.564s] Level 1:colcon.colcon_core.environment:checking '/home/maddy/iris_test_tool/install/test_tool/bin'
[55.564s] Level 1:colcon.colcon_core.environment:checking '/home/maddy/iris_test_tool/install/test_tool/lib/pkgconfig/test_tool.pc'
[55.565s] Level 1:colcon.colcon_core.environment:checking '/home/maddy/iris_test_tool/install/test_tool/lib/python3.10/site-packages'
[55.565s] Level 1:colcon.colcon_core.environment:checking '/home/maddy/iris_test_tool/install/test_tool/bin'
[55.566s] INFO:colcon.colcon_core.shell:Creating package script '/home/maddy/iris_test_tool/install/test_tool/share/test_tool/package.ps1'
[55.566s] INFO:colcon.colcon_core.shell:Creating package descriptor '/home/maddy/iris_test_tool/install/test_tool/share/test_tool/package.dsv'
[55.567s] INFO:colcon.colcon_core.shell:Creating package script '/home/maddy/iris_test_tool/install/test_tool/share/test_tool/package.sh'
[55.568s] INFO:colcon.colcon_core.shell:Creating package script '/home/maddy/iris_test_tool/install/test_tool/share/test_tool/package.bash'
[55.568s] INFO:colcon.colcon_core.shell:Creating package script '/home/maddy/iris_test_tool/install/test_tool/share/test_tool/package.zsh'
[55.569s] Level 1:colcon.colcon_core.environment:create_file_with_runtime_dependencies(/home/maddy/iris_test_tool/install/test_tool/share/colcon-core/packages/test_tool)
[55.569s] Level 1:colcon.colcon_core.environment:create_environment_scripts_only(test_tool)
[55.570s] Level 1:colcon.colcon_core.environment:checking '/home/maddy/iris_test_tool/install/test_tool' for CMake module files
[55.571s] Level 1:colcon.colcon_core.environment:checking '/home/maddy/iris_test_tool/install/test_tool' for CMake config files
[55.571s] Level 1:colcon.colcon_core.shell:create_environment_hook('test_tool', 'cmake_prefix_path')
[55.571s] INFO:colcon.colcon_core.shell:Creating environment hook '/home/maddy/iris_test_tool/install/test_tool/share/test_tool/hook/cmake_prefix_path.ps1'
[55.572s] INFO:colcon.colcon_core.shell:Creating environment descriptor '/home/maddy/iris_test_tool/install/test_tool/share/test_tool/hook/cmake_prefix_path.dsv'
[55.573s] INFO:colcon.colcon_core.shell:Creating environment hook '/home/maddy/iris_test_tool/install/test_tool/share/test_tool/hook/cmake_prefix_path.sh'
[55.574s] Level 1:colcon.colcon_core.environment:checking '/home/maddy/iris_test_tool/install/test_tool/lib'
[55.574s] Level 1:colcon.colcon_core.environment:checking '/home/maddy/iris_test_tool/install/test_tool/bin'
[55.574s] Level 1:colcon.colcon_core.environment:checking '/home/maddy/iris_test_tool/install/test_tool/lib/pkgconfig/test_tool.pc'
[55.574s] Level 1:colcon.colcon_core.environment:checking '/home/maddy/iris_test_tool/install/test_tool/lib/python3.10/site-packages'
[55.575s] Level 1:colcon.colcon_core.environment:checking '/home/maddy/iris_test_tool/install/test_tool/bin'
[55.575s] INFO:colcon.colcon_core.shell:Creating package script '/home/maddy/iris_test_tool/install/test_tool/share/test_tool/package.ps1'
[55.576s] INFO:colcon.colcon_core.shell:Creating package descriptor '/home/maddy/iris_test_tool/install/test_tool/share/test_tool/package.dsv'
[55.577s] INFO:colcon.colcon_core.shell:Creating package script '/home/maddy/iris_test_tool/install/test_tool/share/test_tool/package.sh'
[55.577s] INFO:colcon.colcon_core.shell:Creating package script '/home/maddy/iris_test_tool/install/test_tool/share/test_tool/package.bash'
[55.578s] INFO:colcon.colcon_core.shell:Creating package script '/home/maddy/iris_test_tool/install/test_tool/share/test_tool/package.zsh'
[55.579s] Level 1:colcon.colcon_core.environment:create_file_with_runtime_dependencies(/home/maddy/iris_test_tool/install/test_tool/share/colcon-core/packages/test_tool)
[55.580s] DEBUG:colcon.colcon_parallel_executor.executor.parallel:closing loop
[55.580s] DEBUG:colcon.colcon_parallel_executor.executor.parallel:loop closed
[55.580s] DEBUG:colcon.colcon_parallel_executor.executor.parallel:run_until_complete finished with '0'
[55.580s] DEBUG:colcon.colcon_core.event_reactor:joining thread
[35.887s] INFO:colcon.colcon_core.plugin_system:Skipping extension 'colcon_notification.desktop_notification.notify_send': Could not find 'notify-send'
[35.887s] INFO:colcon.colcon_core.plugin_system:Skipping extension 'colcon_notification.desktop_notification.terminal_notifier': Not used on non-Darwin systems
[35.888s] INFO:colcon.colcon_core.plugin_system:Skipping extension 'colcon_notification.desktop_notification.win32': Not used on non-Windows systems
[35.888s] INFO:colcon.colcon_notification.desktop_notification:Sending desktop notification using 'notify2'
[35.888s] DEBUG:colcon.colcon_notification.desktop_notification.notify2:Failed to initialize notify2: org.freedesktop.DBus.Error.FileNotFound: Failed to connect to socket /run/user/1000/bus: No such file or directory
[35.888s] DEBUG:colcon.colcon_core.event_reactor:joined thread
[35.889s] INFO:colcon.colcon_core.shell:Creating prefix script '/home/maddy/iris_test_tool/install/local_setup.ps1'
[35.890s] INFO:colcon.colcon_core.shell:Creating prefix util module '/home/maddy/iris_test_tool/install/_local_setup_util_ps1.py'
[35.892s] INFO:colcon.colcon_core.shell:Creating prefix chain script '/home/maddy/iris_test_tool/install/setup.ps1'
[35.893s] INFO:colcon.colcon_core.shell:Creating prefix script '/home/maddy/iris_test_tool/install/local_setup.sh'
[35.894s] INFO:colcon.colcon_core.shell:Creating prefix util module '/home/maddy/iris_test_tool/install/_local_setup_util_sh.py'
[35.895s] INFO:colcon.colcon_core.shell:Creating prefix chain script '/home/maddy/iris_test_tool/install/setup.sh'
[35.896s] INFO:colcon.colcon_core.shell:Creating prefix script '/home/maddy/iris_test_tool/install/local_setup.bash'
[35.897s] INFO:colcon.colcon_core.shell:Creating prefix chain script '/home/maddy/iris_test_tool/install/setup.bash'
[35.899s] INFO:colcon.colcon_core.shell:Creating prefix script '/home/maddy/iris_test_tool/install/local_setup.zsh'
[35.900s] INFO:colcon.colcon_core.shell:Creating prefix chain script '/home/maddy/iris_test_tool/install/setup.zsh'
