[0.000000] (-) TimerEvent: {}
[0.000326] (iris_interfaces) JobQueued: {'identifier': 'iris_interfaces', 'dependencies': OrderedDict()}
[0.000399] (test_tool_dummy) JobQueued: {'identifier': 'test_tool_dummy', 'dependencies': OrderedDict()}
[0.000435] (test_tool) JobQueued: {'identifier': 'test_tool', 'dependencies': OrderedDict([('iris_interfaces', '/home/maddy/iris_test_tool/install/iris_interfaces')])}
[0.000472] (iris_interfaces) JobStarted: {'identifier': 'iris_interfaces'}
[0.014217] (test_tool_dummy) JobStarted: {'identifier': 'test_tool_dummy'}
[0.022675] (iris_interfaces) JobProgress: {'identifier': 'iris_interfaces', 'progress': 'cmake'}
[0.025080] (iris_interfaces) JobProgress: {'identifier': 'iris_interfaces', 'progress': 'build'}
[0.026228] (iris_interfaces) Command: {'cmd': ['/usr/bin/cmake', '--build', '/home/maddy/iris_test_tool/build/iris_interfaces', '--', '-j8', '-l8'], 'cwd': '/home/maddy/iris_test_tool/build/iris_interfaces', 'env': OrderedDict([('TMUX', '/tmp/tmux-1000/default,8485,0'), ('USER', 'maddy'), ('LD_LIBRARY_PATH', '/home/maddy/iris_test_tool/install/iris_interfaces/lib:/usr/lib/x86_64-linux-gnu/gazebo-11/plugins:/opt/ros/humble/opt/rviz_ogre_vendor/lib:/opt/ros/humble/lib/x86_64-linux-gnu:/opt/ros/humble/lib'), ('SHLVL', '2'), ('HOME', '/home/maddy'), ('LESS', '-R'), ('OLDPWD', '/home/maddy/iris_test_tool'), ('TERM_PROGRAM_VERSION', '3.2a'), ('LSCOLORS', 'Gxfxcxdxbxegedabagacad'), ('PAGER', 'less'), ('ROS_PYTHON_VERSION', '3'), ('DBUS_SESSION_BUS_ADDRESS', 'unix:path=/run/user/1000/bus'), ('P9K_TTY', 'old'), ('WSL_DISTRO_NAME', 'Ubuntu-22.04'), ('COLCON_PREFIX_PATH', '/home/maddy/iris_test_tool/install'), ('ROS_DISTRO', 'humble'), ('WAYLAND_DISPLAY', 'wayland-0'), ('LOGNAME', 'maddy'), ('NAME', 'RMCCORPDE-DT024'), ('PULSE_SERVER', 'unix:/mnt/wslg/PulseServer'), ('WSL_INTEROP', '/run/WSL/361_interop'), ('_', '/usr/bin/colcon'), ('_P9K_SSH_TTY', '/dev/pts/3'), ('ROS_VERSION', '2'), ('TERM', 'screen-256color'), ('ROS_LOCALHOST_ONLY', '0'), ('PATH', '/opt/ros/humble/bin:/usr/local/sbin:/usr/local/bin:/usr/sbin:/usr/bin:/sbin:/bin:/usr/games:/usr/local/games:/usr/lib/wsl/lib:/mnt/c/Program Files/Common Files/Oracle/Java/javapath:/mnt/c/Program Files/Eclipse Adoptium/jdk-17.0.15.6-hotspot/bin:/mnt/c/Program Files (x86)/Common Files/Oracle/Java/java8path:/mnt/c/Program Files (x86)/Common Files/Oracle/Java/javapath:/mnt/c/Windows/system32:/mnt/c/Windows:/mnt/c/Windows/System32/Wbem:/mnt/c/Windows/System32/WindowsPowerShell/v1.0/:/mnt/c/Windows/System32/OpenSSH/:/mnt/c/Program Files/dotnet/:/mnt/c/Program Files/Git/cmd:/mnt/c/Program Files (x86)/Microsoft SQL Server/160/Tools/Binn/:/mnt/c/Program Files/Microsoft SQL Server/160/Tools/Binn/:/mnt/c/Program Files/Microsoft SQL Server/Client SDK/ODBC/170/Tools/Binn/:/mnt/c/Program Files/Microsoft SQL Server/160/DTS/Binn/:/mnt/c/Program Files (x86)/Windows Kits/10/Windows Performance Toolkit/:/mnt/c/Program Files/PostgreSQL/17/bin:/mnt/c/sonar-scanner-7.1.0.4889-windows-x64/bin:/mnt/c/msys64/mingw64/bin:/mnt/c/Program Files/CMake/bin:/mnt/c/Users/RMCPDEDT024/AppData/Local/Programs/Python/Python313/Scripts/:/mnt/c/Users/RMCPDEDT024/AppData/Local/Programs/Python/Python313/:/mnt/c/Users/RMCPDEDT024/AppData/Local/Programs/Python/Launcher/:/mnt/c/Users/RMCPDEDT024/AppData/Local/Microsoft/WindowsApps:/mnt/c/Users/RMCPDEDT024/AppData/Local/Programs/Microsoft VS Code/bin:/mnt/c/Users/RMCPDEDT024/AppData/Local/Python/bin'), ('XDG_RUNTIME_DIR', '/run/user/1000'), ('DISPLAY', ':0'), ('LANG', 'en_US.UTF-8'), ('LS_COLORS', 'rs=0:di=01;34:ln=01;36:mh=00:pi=40;33:so=01;35:do=01;35:bd=40;33;01:cd=40;33;01:or=40;31;01:mi=00:su=37;41:sg=30;43:ca=30;41:tw=30;42:ow=34;42:st=37;44:ex=01;32:*.tar=01;31:*.tgz=01;31:*.arc=01;31:*.arj=01;31:*.taz=01;31:*.lha=01;31:*.lz4=01;31:*.lzh=01;31:*.lzma=01;31:*.tlz=01;31:*.txz=01;31:*.tzo=01;31:*.t7z=01;31:*.zip=01;31:*.z=01;31:*.dz=01;31:*.gz=01;31:*.lrz=01;31:*.lz=01;31:*.lzo=01;31:*.xz=01;31:*.zst=01;31:*.tzst=01;31:*.bz2=01;31:*.bz=01;31:*.tbz=01;31:*.tbz2=01;31:*.tz=01;31:*.deb=01;31:*.rpm=01;31:*.jar=01;31:*.war=01;31:*.ear=01;31:*.sar=01;31:*.rar=01;31:*.alz=01;31:*.ace=01;31:*.zoo=01;31:*.cpio=01;31:*.7z=01;31:*.rz=01;31:*.cab=01;31:*.wim=01;31:*.swm=01;31:*.dwm=01;31:*.esd=01;31:*.jpg=01;35:*.jpeg=01;35:*.mjpg=01;35:*.mjpeg=01;35:*.gif=01;35:*.bmp=01;35:*.pbm=01;35:*.pgm=01;35:*.ppm=01;35:*.tga=01;35:*.xbm=01;35:*.xpm=01;35:*.tif=01;35:*.tiff=01;35:*.png=01;35:*.svg=01;35:*.svgz=01;35:*.mng=01;35:*.pcx=01;35:*.mov=01;35:*.mpg=01;35:*.mpeg=01;35:*.m2v=01;35:*.mkv=01;35:*.webm=01;35:*.webp=01;35:*.ogm=01;35:*.mp4=01;35:*.m4v=01;35:*.mp4v=01;35:*.vob=01;35:*.qt=01;35:*.nuv=01;35:*.wmv=01;35:*.asf=01;35:*.rm=01;35:*.rmvb=01;35:*.flc=01;35:*.avi=01;35:*.fli=01;35:*.flv=01;35:*.gl=01;35:*.dl=01;35:*.xcf=01;35:*.xwd=01;35:*.yuv=01;35:*.cgm=01;35:*.emf=01;35:*.ogv=01;35:*.ogx=01;35:*.aac=00;36:*.au=00;36:*.flac=00;36:*.m4a=00;36:*.mid=00;36:*.midi=00;36:*.mka=00;36:*.mp3=00;36:*.mpc=00;36:*.ogg=00;36:*.ra=00;36:*.wav=00;36:*.oga=00;36:*.opus=00;36:*.spx=00;36:*.xspf=00;36:'), ('TERM_PROGRAM', 'tmux'), ('AMENT_PREFIX_PATH', '/home/maddy/iris_test_tool/install/test_tool:/home/maddy/iris_test_tool/install/iris_interfaces:/opt/ros/humble'), ('SHELL', '/usr/bin/zsh'), ('P9K_SSH', '0'), ('PWD', '/home/maddy/iris_test_tool/build/iris_interfaces'), ('_P9K_TTY', '/dev/pts/3'), ('PYTHONPATH', '/home/maddy/iris_test_tool/install/test_tool_dummy/lib/python3.10/site-packages:/home/maddy/iris_test_tool/install/iris_interfaces/local/lib/python3.10/dist-packages:/opt/ros/humble/lib/python3.10/site-packages:/opt/ros/humble/local/lib/python3.10/dist-packages'), ('COLCON', '1'), ('HOSTTYPE', 'x86_64'), ('TMUX_PANE', '%0'), ('WSL2_GUI_APPS_ENABLED', '1'), ('CMAKE_PREFIX_PATH', '/home/maddy/iris_test_tool/install/test_tool:/home/maddy/iris_test_tool/install/iris_interfaces:/opt/ros/humble'), ('WSLENV', '')]), 'shell': False}
[0.098538] (-) TimerEvent: {}
[0.199110] (-) TimerEvent: {}
[0.299605] (-) TimerEvent: {}
[0.325326] (iris_interfaces) StdoutLine: {'line': b'[  0%] Built target iris_interfaces__cpp\n'}
[0.369040] (iris_interfaces) StdoutLine: {'line': b'[ 12%] Built target iris_interfaces__rosidl_generator_c\n'}
[0.400438] (-) TimerEvent: {}
[0.426385] (iris_interfaces) StdoutLine: {'line': b'[ 24%] Built target iris_interfaces__rosidl_typesupport_cpp\n'}
[0.443210] (iris_interfaces) StdoutLine: {'line': b'[ 36%] Built target iris_interfaces__rosidl_typesupport_fastrtps_cpp\n'}
[0.455569] (iris_interfaces) StdoutLine: {'line': b'[ 49%] Built target iris_interfaces__rosidl_typesupport_introspection_cpp\n'}
[0.466721] (iris_interfaces) StdoutLine: {'line': b'[ 62%] Built target iris_interfaces__rosidl_typesupport_c\n'}
[0.484167] (iris_interfaces) StdoutLine: {'line': b'[ 75%] Built target iris_interfaces__rosidl_typesupport_introspection_c\n'}
[0.500618] (-) TimerEvent: {}
[0.515918] (iris_interfaces) StdoutLine: {'line': b'[ 88%] Built target iris_interfaces__rosidl_typesupport_fastrtps_c\n'}
[0.544565] (iris_interfaces) StdoutLine: {'line': b'[ 88%] Built target ament_cmake_python_copy_iris_interfaces\n'}
[0.567737] (iris_interfaces) StdoutLine: {'line': b'[ 88%] Built target iris_interfaces\n'}
[0.603134] (-) TimerEvent: {}
[0.630084] (iris_interfaces) StdoutLine: {'line': b'[ 88%] Built target iris_interfaces__py\n'}
[0.703259] (-) TimerEvent: {}
[0.734865] (iris_interfaces) StdoutLine: {'line': b'[100%] Built target iris_interfaces__rosidl_generator_py\n'}
[0.795132] (iris_interfaces) StdoutLine: {'line': b'[100%] Built target iris_interfaces__rosidl_typesupport_fastrtps_c__pyext\n'}
[0.798904] (iris_interfaces) StdoutLine: {'line': b'[100%] Built target iris_interfaces__rosidl_typesupport_c__pyext\n'}
[0.802875] (iris_interfaces) StdoutLine: {'line': b'[100%] Built target iris_interfaces__rosidl_typesupport_introspection_c__pyext\n'}
[0.803329] (-) TimerEvent: {}
[0.903703] (-) TimerEvent: {}
[1.004284] (-) TimerEvent: {}
[1.105025] (-) TimerEvent: {}
[1.157682] (iris_interfaces) StdoutLine: {'line': b'running egg_info\n'}
[1.160171] (iris_interfaces) StdoutLine: {'line': b'writing iris_interfaces.egg-info/PKG-INFO\n'}
[1.161009] (iris_interfaces) StdoutLine: {'line': b'writing dependency_links to iris_interfaces.egg-info/dependency_links.txt\n'}
[1.161791] (iris_interfaces) StdoutLine: {'line': b'writing top-level names to iris_interfaces.egg-info/top_level.txt\n'}
[1.171275] (iris_interfaces) StdoutLine: {'line': b"reading manifest file 'iris_interfaces.egg-info/SOURCES.txt'\n"}
[1.171832] (iris_interfaces) StdoutLine: {'line': b"writing manifest file 'iris_interfaces.egg-info/SOURCES.txt'\n"}
[1.205225] (-) TimerEvent: {}
[1.244085] (iris_interfaces) StdoutLine: {'line': b'[100%] Built target ament_cmake_python_build_iris_interfaces_egg\n'}
[1.275316] (iris_interfaces) CommandEnded: {'returncode': 0}
[1.279131] (iris_interfaces) JobProgress: {'identifier': 'iris_interfaces', 'progress': 'install'}
[1.297835] (iris_interfaces) Command: {'cmd': ['/usr/bin/cmake', '--install', '/home/maddy/iris_test_tool/build/iris_interfaces'], 'cwd': '/home/maddy/iris_test_tool/build/iris_interfaces', 'env': OrderedDict([('TMUX', '/tmp/tmux-1000/default,8485,0'), ('USER', 'maddy'), ('LD_LIBRARY_PATH', '/home/maddy/iris_test_tool/install/iris_interfaces/lib:/usr/lib/x86_64-linux-gnu/gazebo-11/plugins:/opt/ros/humble/opt/rviz_ogre_vendor/lib:/opt/ros/humble/lib/x86_64-linux-gnu:/opt/ros/humble/lib'), ('SHLVL', '2'), ('HOME', '/home/maddy'), ('LESS', '-R'), ('OLDPWD', '/home/maddy/iris_test_tool'), ('TERM_PROGRAM_VERSION', '3.2a'), ('LSCOLORS', 'Gxfxcxdxbxegedabagacad'), ('PAGER', 'less'), ('ROS_PYTHON_VERSION', '3'), ('DBUS_SESSION_BUS_ADDRESS', 'unix:path=/run/user/1000/bus'), ('P9K_TTY', 'old'), ('WSL_DISTRO_NAME', 'Ubuntu-22.04'), ('COLCON_PREFIX_PATH', '/home/maddy/iris_test_tool/install'), ('ROS_DISTRO', 'humble'), ('WAYLAND_DISPLAY', 'wayland-0'), ('LOGNAME', 'maddy'), ('NAME', 'RMCCORPDE-DT024'), ('PULSE_SERVER', 'unix:/mnt/wslg/PulseServer'), ('WSL_INTEROP', '/run/WSL/361_interop'), ('_', '/usr/bin/colcon'), ('_P9K_SSH_TTY', '/dev/pts/3'), ('ROS_VERSION', '2'), ('TERM', 'screen-256color'), ('ROS_LOCALHOST_ONLY', '0'), ('PATH', '/opt/ros/humble/bin:/usr/local/sbin:/usr/local/bin:/usr/sbin:/usr/bin:/sbin:/bin:/usr/games:/usr/local/games:/usr/lib/wsl/lib:/mnt/c/Program Files/Common Files/Oracle/Java/javapath:/mnt/c/Program Files/Eclipse Adoptium/jdk-17.0.15.6-hotspot/bin:/mnt/c/Program Files (x86)/Common Files/Oracle/Java/java8path:/mnt/c/Program Files (x86)/Common Files/Oracle/Java/javapath:/mnt/c/Windows/system32:/mnt/c/Windows:/mnt/c/Windows/System32/Wbem:/mnt/c/Windows/System32/WindowsPowerShell/v1.0/:/mnt/c/Windows/System32/OpenSSH/:/mnt/c/Program Files/dotnet/:/mnt/c/Program Files/Git/cmd:/mnt/c/Program Files (x86)/Microsoft SQL Server/160/Tools/Binn/:/mnt/c/Program Files/Microsoft SQL Server/160/Tools/Binn/:/mnt/c/Program Files/Microsoft SQL Server/Client SDK/ODBC/170/Tools/Binn/:/mnt/c/Program Files/Microsoft SQL Server/160/DTS/Binn/:/mnt/c/Program Files (x86)/Windows Kits/10/Windows Performance Toolkit/:/mnt/c/Program Files/PostgreSQL/17/bin:/mnt/c/sonar-scanner-7.1.0.4889-windows-x64/bin:/mnt/c/msys64/mingw64/bin:/mnt/c/Program Files/CMake/bin:/mnt/c/Users/RMCPDEDT024/AppData/Local/Programs/Python/Python313/Scripts/:/mnt/c/Users/RMCPDEDT024/AppData/Local/Programs/Python/Python313/:/mnt/c/Users/RMCPDEDT024/AppData/Local/Programs/Python/Launcher/:/mnt/c/Users/RMCPDEDT024/AppData/Local/Microsoft/WindowsApps:/mnt/c/Users/RMCPDEDT024/AppData/Local/Programs/Microsoft VS Code/bin:/mnt/c/Users/RMCPDEDT024/AppData/Local/Python/bin'), ('XDG_RUNTIME_DIR', '/run/user/1000'), ('DISPLAY', ':0'), ('LANG', 'en_US.UTF-8'), ('LS_COLORS', 'rs=0:di=01;34:ln=01;36:mh=00:pi=40;33:so=01;35:do=01;35:bd=40;33;01:cd=40;33;01:or=40;31;01:mi=00:su=37;41:sg=30;43:ca=30;41:tw=30;42:ow=34;42:st=37;44:ex=01;32:*.tar=01;31:*.tgz=01;31:*.arc=01;31:*.arj=01;31:*.taz=01;31:*.lha=01;31:*.lz4=01;31:*.lzh=01;31:*.lzma=01;31:*.tlz=01;31:*.txz=01;31:*.tzo=01;31:*.t7z=01;31:*.zip=01;31:*.z=01;31:*.dz=01;31:*.gz=01;31:*.lrz=01;31:*.lz=01;31:*.lzo=01;31:*.xz=01;31:*.zst=01;31:*.tzst=01;31:*.bz2=01;31:*.bz=01;31:*.tbz=01;31:*.tbz2=01;31:*.tz=01;31:*.deb=01;31:*.rpm=01;31:*.jar=01;31:*.war=01;31:*.ear=01;31:*.sar=01;31:*.rar=01;31:*.alz=01;31:*.ace=01;31:*.zoo=01;31:*.cpio=01;31:*.7z=01;31:*.rz=01;31:*.cab=01;31:*.wim=01;31:*.swm=01;31:*.dwm=01;31:*.esd=01;31:*.jpg=01;35:*.jpeg=01;35:*.mjpg=01;35:*.mjpeg=01;35:*.gif=01;35:*.bmp=01;35:*.pbm=01;35:*.pgm=01;35:*.ppm=01;35:*.tga=01;35:*.xbm=01;35:*.xpm=01;35:*.tif=01;35:*.tiff=01;35:*.png=01;35:*.svg=01;35:*.svgz=01;35:*.mng=01;35:*.pcx=01;35:*.mov=01;35:*.mpg=01;35:*.mpeg=01;35:*.m2v=01;35:*.mkv=01;35:*.webm=01;35:*.webp=01;35:*.ogm=01;35:*.mp4=01;35:*.m4v=01;35:*.mp4v=01;35:*.vob=01;35:*.qt=01;35:*.nuv=01;35:*.wmv=01;35:*.asf=01;35:*.rm=01;35:*.rmvb=01;35:*.flc=01;35:*.avi=01;35:*.fli=01;35:*.flv=01;35:*.gl=01;35:*.dl=01;35:*.xcf=01;35:*.xwd=01;35:*.yuv=01;35:*.cgm=01;35:*.emf=01;35:*.ogv=01;35:*.ogx=01;35:*.aac=00;36:*.au=00;36:*.flac=00;36:*.m4a=00;36:*.mid=00;36:*.midi=00;36:*.mka=00;36:*.mp3=00;36:*.mpc=00;36:*.ogg=00;36:*.ra=00;36:*.wav=00;36:*.oga=00;36:*.opus=00;36:*.spx=00;36:*.xspf=00;36:'), ('TERM_PROGRAM', 'tmux'), ('AMENT_PREFIX_PATH', '/home/maddy/iris_test_tool/install/test_tool:/home/maddy/iris_test_tool/install/iris_interfaces:/opt/ros/humble'), ('SHELL', '/usr/bin/zsh'), ('P9K_SSH', '0'), ('PWD', '/home/maddy/iris_test_tool/build/iris_interfaces'), ('_P9K_TTY', '/dev/pts/3'), ('PYTHONPATH', '/home/maddy/iris_test_tool/install/test_tool_dummy/lib/python3.10/site-packages:/home/maddy/iris_test_tool/install/iris_interfaces/local/lib/python3.10/dist-packages:/opt/ros/humble/lib/python3.10/site-packages:/opt/ros/humble/local/lib/python3.10/dist-packages'), ('COLCON', '1'), ('HOSTTYPE', 'x86_64'), ('TMUX_PANE', '%0'), ('WSL2_GUI_APPS_ENABLED', '1'), ('CMAKE_PREFIX_PATH', '/home/maddy/iris_test_tool/install/test_tool:/home/maddy/iris_test_tool/install/iris_interfaces:/opt/ros/humble'), ('WSLENV', '')]), 'shell': False}
[1.305427] (-) TimerEvent: {}
[1.318189] (iris_interfaces) StdoutLine: {'line': b'-- Install configuration: "Debug"\n'}
[1.320707] (iris_interfaces) StdoutLine: {'line': b'-- Up-to-date: /home/maddy/iris_test_tool/install/iris_interfaces/share/ament_index/resource_index/rosidl_interfaces/iris_interfaces\n'}
[1.321587] (iris_interfaces) StdoutLine: {'line': b'-- Up-to-date: /home/maddy/iris_test_tool/install/iris_interfaces/include/iris_interfaces/iris_interfaces\n'}
[1.323166] (iris_interfaces) StdoutLine: {'line': b'-- Up-to-date: /home/maddy/iris_test_tool/install/iris_interfaces/include/iris_interfaces/iris_interfaces/srv\n'}
[1.324930] (iris_interfaces) StdoutLine: {'line': b'-- Up-to-date: /home/maddy/iris_test_tool/install/iris_interfaces/include/iris_interfaces/iris_interfaces/srv/reset_a2_faults.h\n'}
[1.325385] (iris_interfaces) StdoutLine: {'line': b'-- Up-to-date: /home/maddy/iris_test_tool/install/iris_interfaces/include/iris_interfaces/iris_interfaces/srv/update_motor_controller_parameters.h\n'}
[1.326518] (iris_interfaces) StdoutLine: {'line': b'-- Up-to-date: /home/maddy/iris_test_tool/install/iris_interfaces/include/iris_interfaces/iris_interfaces/srv/reset_wheel_encoders.h\n'}
[1.327072] (iris_interfaces) StdoutLine: {'line': b'-- Up-to-date: /home/maddy/iris_test_tool/install/iris_interfaces/include/iris_interfaces/iris_interfaces/srv/restart_motor_controller.h\n'}
[1.327348] (iris_interfaces) StdoutLine: {'line': b'-- Up-to-date: /home/maddy/iris_test_tool/install/iris_interfaces/include/iris_interfaces/iris_interfaces/srv/update_motor_controller_reference_source.h\n'}
[1.327754] (iris_interfaces) StdoutLine: {'line': b'-- Up-to-date: /home/maddy/iris_test_tool/install/iris_interfaces/include/iris_interfaces/iris_interfaces/srv/detail\n'}
[1.328068] (iris_interfaces) StdoutLine: {'line': b'-- Up-to-date: /home/maddy/iris_test_tool/install/iris_interfaces/include/iris_interfaces/iris_interfaces/srv/detail/reset_a2_faults__struct.h\n'}
[1.328831] (iris_interfaces) StdoutLine: {'line': b'-- Up-to-date: /home/maddy/iris_test_tool/install/iris_interfaces/include/iris_interfaces/iris_interfaces/srv/detail/process_manager__struct.h\n'}
[1.329080] (iris_interfaces) StdoutLine: {'line': b'-- Up-to-date: /home/maddy/iris_test_tool/install/iris_interfaces/include/iris_interfaces/iris_interfaces/srv/detail/get_wifi_status__functions.h\n'}
[1.329307] (iris_interfaces) StdoutLine: {'line': b'-- Up-to-date: /home/maddy/iris_test_tool/install/iris_interfaces/include/iris_interfaces/iris_interfaces/srv/detail/reset_wheel_encoders__struct.h\n'}
[1.329620] (iris_interfaces) StdoutLine: {'line': b'-- Up-to-date: /home/maddy/iris_test_tool/install/iris_interfaces/include/iris_interfaces/iris_interfaces/srv/detail/update_motor_controller_parameters__functions.c\n'}
[1.330100] (iris_interfaces) StdoutLine: {'line': b'-- Up-to-date: /home/maddy/iris_test_tool/install/iris_interfaces/include/iris_interfaces/iris_interfaces/srv/detail/update_motor_controller_parameters__functions.h\n'}
[1.330609] (iris_interfaces) StdoutLine: {'line': b'-- Up-to-date: /home/maddy/iris_test_tool/install/iris_interfaces/include/iris_interfaces/iris_interfaces/srv/detail/reset_wheel_encoders__functions.h\n'}
[1.331500] (iris_interfaces) StdoutLine: {'line': b'-- Up-to-date: /home/maddy/iris_test_tool/install/iris_interfaces/include/iris_interfaces/iris_interfaces/srv/detail/process_manager__functions.c\n'}
[1.332226] (iris_interfaces) StdoutLine: {'line': b'-- Up-to-date: /home/maddy/iris_test_tool/install/iris_interfaces/include/iris_interfaces/iris_interfaces/srv/detail/a2_command__functions.c\n'}
[1.332639] (iris_interfaces) StdoutLine: {'line': b'-- Up-to-date: /home/maddy/iris_test_tool/install/iris_interfaces/include/iris_interfaces/iris_interfaces/srv/detail/state_manager__functions.c\n'}
[1.332952] (iris_interfaces) StdoutLine: {'line': b'-- Up-to-date: /home/maddy/iris_test_tool/install/iris_interfaces/include/iris_interfaces/iris_interfaces/srv/detail/a2_command__type_support.h\n'}
[1.333188] (iris_interfaces) StdoutLine: {'line': b'-- Up-to-date: /home/maddy/iris_test_tool/install/iris_interfaces/include/iris_interfaces/iris_interfaces/srv/detail/reset_wheel_encoders__functions.c\n'}
[1.334897] (iris_interfaces) StdoutLine: {'line': b'-- Up-to-date: /home/maddy/iris_test_tool/install/iris_interfaces/include/iris_interfaces/iris_interfaces/srv/detail/update_motor_controller_reference_source__struct.h\n'}
[1.337089] (iris_interfaces) StdoutLine: {'line': b'-- Up-to-date: /home/maddy/iris_test_tool/install/iris_interfaces/include/iris_interfaces/iris_interfaces/srv/detail/update_motor_controller_parameters__type_support.h\n'}
[1.337665] (iris_interfaces) StdoutLine: {'line': b'-- Up-to-date: /home/maddy/iris_test_tool/install/iris_interfaces/include/iris_interfaces/iris_interfaces/srv/detail/restart_motor_controller__struct.h\n'}
[1.338213] (iris_interfaces) StdoutLine: {'line': b'-- Up-to-date: /home/maddy/iris_test_tool/install/iris_interfaces/include/iris_interfaces/iris_interfaces/srv/detail/state_manager__functions.h\n'}
[1.338623] (iris_interfaces) StdoutLine: {'line': b'-- Up-to-date: /home/maddy/iris_test_tool/install/iris_interfaces/include/iris_interfaces/iris_interfaces/srv/detail/state_manager__struct.h\n'}
[1.339017] (iris_interfaces) StdoutLine: {'line': b'-- Up-to-date: /home/maddy/iris_test_tool/install/iris_interfaces/include/iris_interfaces/iris_interfaces/srv/detail/a2_command__struct.h\n'}
[1.339681] (iris_interfaces) StdoutLine: {'line': b'-- Up-to-date: /home/maddy/iris_test_tool/install/iris_interfaces/include/iris_interfaces/iris_interfaces/srv/detail/reset_a2_faults__functions.c\n'}
[1.340090] (iris_interfaces) StdoutLine: {'line': b'-- Up-to-date: /home/maddy/iris_test_tool/install/iris_interfaces/include/iris_interfaces/iris_interfaces/srv/detail/update_motor_controller_parameters__struct.h\n'}
[1.340613] (iris_interfaces) StdoutLine: {'line': b'-- Up-to-date: /home/maddy/iris_test_tool/install/iris_interfaces/include/iris_interfaces/iris_interfaces/srv/detail/restart_motor_controller__functions.h\n'}
[1.341084] (iris_interfaces) StdoutLine: {'line': b'-- Up-to-date: /home/maddy/iris_test_tool/install/iris_interfaces/include/iris_interfaces/iris_interfaces/srv/detail/state_manager__type_support.h\n'}
[1.341355] (iris_interfaces) StdoutLine: {'line': b'-- Up-to-date: /home/maddy/iris_test_tool/install/iris_interfaces/include/iris_interfaces/iris_interfaces/srv/detail/restart_motor_controller__functions.c\n'}
[1.341562] (iris_interfaces) StdoutLine: {'line': b'-- Up-to-date: /home/maddy/iris_test_tool/install/iris_interfaces/include/iris_interfaces/iris_interfaces/srv/detail/update_motor_controller_reference_source__type_support.h\n'}
[1.341909] (iris_interfaces) StdoutLine: {'line': b'-- Up-to-date: /home/maddy/iris_test_tool/install/iris_interfaces/include/iris_interfaces/iris_interfaces/srv/detail/wifi_discovery__functions.c\n'}
[1.342202] (iris_interfaces) StdoutLine: {'line': b'-- Up-to-date: /home/maddy/iris_test_tool/install/iris_interfaces/include/iris_interfaces/iris_interfaces/srv/detail/reset_wheel_encoders__type_support.h\n'}
[1.342724] (iris_interfaces) StdoutLine: {'line': b'-- Up-to-date: /home/maddy/iris_test_tool/install/iris_interfaces/include/iris_interfaces/iris_interfaces/srv/detail/wifi_discovery__type_support.h\n'}
[1.343160] (iris_interfaces) StdoutLine: {'line': b'-- Up-to-date: /home/maddy/iris_test_tool/install/iris_interfaces/include/iris_interfaces/iris_interfaces/srv/detail/get_wifi_status__struct.h\n'}
[1.343454] (iris_interfaces) StdoutLine: {'line': b'-- Up-to-date: /home/maddy/iris_test_tool/install/iris_interfaces/include/iris_interfaces/iris_interfaces/srv/detail/disconnect_wifi__functions.c\n'}
[1.343804] (iris_interfaces) StdoutLine: {'line': b'-- Up-to-date: /home/maddy/iris_test_tool/install/iris_interfaces/include/iris_interfaces/iris_interfaces/srv/detail/disconnect_wifi__struct.h\n'}
[1.344258] (iris_interfaces) StdoutLine: {'line': b'-- Up-to-date: /home/maddy/iris_test_tool/install/iris_interfaces/include/iris_interfaces/iris_interfaces/srv/detail/wifi_discovery__functions.h\n'}
[1.344438] (iris_interfaces) StdoutLine: {'line': b'-- Up-to-date: /home/maddy/iris_test_tool/install/iris_interfaces/include/iris_interfaces/iris_interfaces/srv/detail/a2_command__functions.h\n'}
[1.344612] (iris_interfaces) StdoutLine: {'line': b'-- Up-to-date: /home/maddy/iris_test_tool/install/iris_interfaces/include/iris_interfaces/iris_interfaces/srv/detail/get_wifi_status__functions.c\n'}
[1.345177] (iris_interfaces) StdoutLine: {'line': b'-- Up-to-date: /home/maddy/iris_test_tool/install/iris_interfaces/include/iris_interfaces/iris_interfaces/srv/detail/disconnect_wifi__functions.h\n'}
[1.345349] (iris_interfaces) StdoutLine: {'line': b'-- Up-to-date: /home/maddy/iris_test_tool/install/iris_interfaces/include/iris_interfaces/iris_interfaces/srv/detail/reset_a2_faults__functions.h\n'}
[1.345650] (iris_interfaces) StdoutLine: {'line': b'-- Up-to-date: /home/maddy/iris_test_tool/install/iris_interfaces/include/iris_interfaces/iris_interfaces/srv/detail/wifi_discovery__struct.h\n'}
[1.345837] (iris_interfaces) StdoutLine: {'line': b'-- Up-to-date: /home/maddy/iris_test_tool/install/iris_interfaces/include/iris_interfaces/iris_interfaces/srv/detail/get_wifi_status__type_support.h\n'}
[1.346005] (iris_interfaces) StdoutLine: {'line': b'-- Up-to-date: /home/maddy/iris_test_tool/install/iris_interfaces/include/iris_interfaces/iris_interfaces/srv/detail/disconnect_wifi__type_support.h\n'}
[1.346206] (iris_interfaces) StdoutLine: {'line': b'-- Up-to-date: /home/maddy/iris_test_tool/install/iris_interfaces/include/iris_interfaces/iris_interfaces/srv/detail/connect_wifi__functions.c\n'}
[1.346480] (iris_interfaces) StdoutLine: {'line': b'-- Up-to-date: /home/maddy/iris_test_tool/install/iris_interfaces/include/iris_interfaces/iris_interfaces/srv/detail/reset_a2_faults__type_support.h\n'}
[1.346651] (iris_interfaces) StdoutLine: {'line': b'-- Up-to-date: /home/maddy/iris_test_tool/install/iris_interfaces/include/iris_interfaces/iris_interfaces/srv/detail/restart_motor_controller__type_support.h\n'}
[1.347105] (iris_interfaces) StdoutLine: {'line': b'-- Up-to-date: /home/maddy/iris_test_tool/install/iris_interfaces/include/iris_interfaces/iris_interfaces/srv/detail/connect_wifi__struct.h\n'}
[1.347299] (iris_interfaces) StdoutLine: {'line': b'-- Up-to-date: /home/maddy/iris_test_tool/install/iris_interfaces/include/iris_interfaces/iris_interfaces/srv/detail/process_manager__functions.h\n'}
[1.347494] (iris_interfaces) StdoutLine: {'line': b'-- Up-to-date: /home/maddy/iris_test_tool/install/iris_interfaces/include/iris_interfaces/iris_interfaces/srv/detail/connect_wifi__functions.h\n'}
[1.347766] (iris_interfaces) StdoutLine: {'line': b'-- Up-to-date: /home/maddy/iris_test_tool/install/iris_interfaces/include/iris_interfaces/iris_interfaces/srv/detail/update_motor_controller_reference_source__functions.c\n'}
[1.347988] (iris_interfaces) StdoutLine: {'line': b'-- Up-to-date: /home/maddy/iris_test_tool/install/iris_interfaces/include/iris_interfaces/iris_interfaces/srv/detail/update_motor_controller_reference_source__functions.h\n'}
[1.348151] (iris_interfaces) StdoutLine: {'line': b'-- Up-to-date: /home/maddy/iris_test_tool/install/iris_interfaces/include/iris_interfaces/iris_interfaces/srv/detail/process_manager__type_support.h\n'}
[1.348373] (iris_interfaces) StdoutLine: {'line': b'-- Up-to-date: /home/maddy/iris_test_tool/install/iris_interfaces/include/iris_interfaces/iris_interfaces/srv/detail/connect_wifi__type_support.h\n'}
[1.348998] (iris_interfaces) StdoutLine: {'line': b'-- Up-to-date: /home/maddy/iris_test_tool/install/iris_interfaces/include/iris_interfaces/iris_interfaces/srv/wifi_discovery.h\n'}
[1.349279] (iris_interfaces) StdoutLine: {'line': b'-- Up-to-date: /home/maddy/iris_test_tool/install/iris_interfaces/include/iris_interfaces/iris_interfaces/srv/get_wifi_status.h\n'}
[1.349488] (iris_interfaces) StdoutLine: {'line': b'-- Up-to-date: /home/maddy/iris_test_tool/install/iris_interfaces/include/iris_interfaces/iris_interfaces/srv/disconnect_wifi.h\n'}
[1.349672] (iris_interfaces) StdoutLine: {'line': b'-- Up-to-date: /home/maddy/iris_test_tool/install/iris_interfaces/include/iris_interfaces/iris_interfaces/srv/process_manager.h\n'}
[1.349922] (iris_interfaces) StdoutLine: {'line': b'-- Up-to-date: /home/maddy/iris_test_tool/install/iris_interfaces/include/iris_interfaces/iris_interfaces/srv/state_manager.h\n'}
[1.350189] (iris_interfaces) StdoutLine: {'line': b'-- Up-to-date: /home/maddy/iris_test_tool/install/iris_interfaces/include/iris_interfaces/iris_interfaces/srv/connect_wifi.h\n'}
[1.350395] (iris_interfaces) StdoutLine: {'line': b'-- Up-to-date: /home/maddy/iris_test_tool/install/iris_interfaces/include/iris_interfaces/iris_interfaces/srv/a2_command.h\n'}
[1.350636] (iris_interfaces) StdoutLine: {'line': b'-- Up-to-date: /home/maddy/iris_test_tool/install/iris_interfaces/include/iris_interfaces/iris_interfaces/action\n'}
[1.350901] (iris_interfaces) StdoutLine: {'line': b'-- Up-to-date: /home/maddy/iris_test_tool/install/iris_interfaces/include/iris_interfaces/iris_interfaces/action/navigate_path_coverage.h\n'}
[1.351581] (iris_interfaces) StdoutLine: {'line': b'-- Up-to-date: /home/maddy/iris_test_tool/install/iris_interfaces/include/iris_interfaces/iris_interfaces/action/path_coverage_controller.h\n'}
[1.352218] (iris_interfaces) StdoutLine: {'line': b'-- Up-to-date: /home/maddy/iris_test_tool/install/iris_interfaces/include/iris_interfaces/iris_interfaces/action/detail\n'}
[1.352615] (iris_interfaces) StdoutLine: {'line': b'-- Up-to-date: /home/maddy/iris_test_tool/install/iris_interfaces/include/iris_interfaces/iris_interfaces/action/detail/compute_path_coverage__functions.h\n'}
[1.352989] (iris_interfaces) StdoutLine: {'line': b'-- Up-to-date: /home/maddy/iris_test_tool/install/iris_interfaces/include/iris_interfaces/iris_interfaces/action/detail/compute_path_coverage__struct.h\n'}
[1.353623] (iris_interfaces) StdoutLine: {'line': b'-- Up-to-date: /home/maddy/iris_test_tool/install/iris_interfaces/include/iris_interfaces/iris_interfaces/action/detail/navigate_path_coverage__functions.h\n'}
[1.354215] (iris_interfaces) StdoutLine: {'line': b'-- Up-to-date: /home/maddy/iris_test_tool/install/iris_interfaces/include/iris_interfaces/iris_interfaces/action/detail/path_coverage_controller__type_support.h\n'}
[1.355585] (iris_interfaces) StdoutLine: {'line': b'-- Up-to-date: /home/maddy/iris_test_tool/install/iris_interfaces/include/iris_interfaces/iris_interfaces/action/detail/navigate_path_coverage__functions.c\n'}
[1.355811] (iris_interfaces) StdoutLine: {'line': b'-- Up-to-date: /home/maddy/iris_test_tool/install/iris_interfaces/include/iris_interfaces/iris_interfaces/action/detail/compute_path_coverage__type_support.h\n'}
[1.356104] (iris_interfaces) StdoutLine: {'line': b'-- Up-to-date: /home/maddy/iris_test_tool/install/iris_interfaces/include/iris_interfaces/iris_interfaces/action/detail/path_coverage_controller__functions.c\n'}
[1.356425] (iris_interfaces) StdoutLine: {'line': b'-- Up-to-date: /home/maddy/iris_test_tool/install/iris_interfaces/include/iris_interfaces/iris_interfaces/action/detail/navigate_path_coverage__type_support.h\n'}
[1.356868] (iris_interfaces) StdoutLine: {'line': b'-- Up-to-date: /home/maddy/iris_test_tool/install/iris_interfaces/include/iris_interfaces/iris_interfaces/action/detail/path_coverage_controller__struct.h\n'}
[1.357060] (iris_interfaces) StdoutLine: {'line': b'-- Up-to-date: /home/maddy/iris_test_tool/install/iris_interfaces/include/iris_interfaces/iris_interfaces/action/detail/compute_path_coverage__functions.c\n'}
[1.357240] (iris_interfaces) StdoutLine: {'line': b'-- Up-to-date: /home/maddy/iris_test_tool/install/iris_interfaces/include/iris_interfaces/iris_interfaces/action/detail/navigate_path_coverage__struct.h\n'}
[1.357413] (iris_interfaces) StdoutLine: {'line': b'-- Up-to-date: /home/maddy/iris_test_tool/install/iris_interfaces/include/iris_interfaces/iris_interfaces/action/detail/path_coverage_controller__functions.h\n'}
[1.357637] (iris_interfaces) StdoutLine: {'line': b'-- Up-to-date: /home/maddy/iris_test_tool/install/iris_interfaces/include/iris_interfaces/iris_interfaces/action/compute_path_coverage.h\n'}
[1.357810] (iris_interfaces) StdoutLine: {'line': b'-- Up-to-date: /home/maddy/iris_test_tool/install/iris_interfaces/include/iris_interfaces/iris_interfaces/msg\n'}
[1.357980] (iris_interfaces) StdoutLine: {'line': b'-- Up-to-date: /home/maddy/iris_test_tool/install/iris_interfaces/include/iris_interfaces/iris_interfaces/msg/headband_mode.h\n'}
[1.358147] (iris_interfaces) StdoutLine: {'line': b'-- Up-to-date: /home/maddy/iris_test_tool/install/iris_interfaces/include/iris_interfaces/iris_interfaces/msg/follow_path_result.h\n'}
[1.358404] (iris_interfaces) StdoutLine: {'line': b'-- Up-to-date: /home/maddy/iris_test_tool/install/iris_interfaces/include/iris_interfaces/iris_interfaces/msg/system_software_status.h\n'}
[1.358784] (iris_interfaces) StdoutLine: {'line': b'-- Up-to-date: /home/maddy/iris_test_tool/install/iris_interfaces/include/iris_interfaces/iris_interfaces/msg/mender_client_status.h\n'}
[1.358993] (iris_interfaces) StdoutLine: {'line': b'-- Up-to-date: /home/maddy/iris_test_tool/install/iris_interfaces/include/iris_interfaces/iris_interfaces/msg/rosidl_generator_c__visibility_control.h\n'}
[1.359316] (iris_interfaces) StdoutLine: {'line': b'-- Up-to-date: /home/maddy/iris_test_tool/install/iris_interfaces/include/iris_interfaces/iris_interfaces/msg/actuator_status.h\n'}
[1.359964] (iris_interfaces) StdoutLine: {'line': b'-- Up-to-date: /home/maddy/iris_test_tool/install/iris_interfaces/include/iris_interfaces/iris_interfaces/msg/ota_status.h\n'}
[1.360522] (iris_interfaces) StdoutLine: {'line': b'-- Up-to-date: /home/maddy/iris_test_tool/install/iris_interfaces/include/iris_interfaces/iris_interfaces/msg/navigation_mode.h\n'}
[1.361199] (iris_interfaces) StdoutLine: {'line': b'-- Up-to-date: /home/maddy/iris_test_tool/install/iris_interfaces/include/iris_interfaces/iris_interfaces/msg/brush_faults.h\n'}
[1.361424] (iris_interfaces) StdoutLine: {'line': b'-- Up-to-date: /home/maddy/iris_test_tool/install/iris_interfaces/include/iris_interfaces/iris_interfaces/msg/wheel_encoders.h\n'}
[1.361631] (iris_interfaces) StdoutLine: {'line': b'-- Up-to-date: /home/maddy/iris_test_tool/install/iris_interfaces/include/iris_interfaces/iris_interfaces/msg/a2_functional_status.h\n'}
[1.361899] (iris_interfaces) StdoutLine: {'line': b'-- Up-to-date: /home/maddy/iris_test_tool/install/iris_interfaces/include/iris_interfaces/iris_interfaces/msg/led_control.h\n'}
[1.362111] (iris_interfaces) StdoutLine: {'line': b'-- Up-to-date: /home/maddy/iris_test_tool/install/iris_interfaces/include/iris_interfaces/iris_interfaces/msg/a2_fault_status.h\n'}
[1.362356] (iris_interfaces) StdoutLine: {'line': b'-- Up-to-date: /home/maddy/iris_test_tool/install/iris_interfaces/include/iris_interfaces/iris_interfaces/msg/brush_status.h\n'}
[1.362617] (iris_interfaces) StdoutLine: {'line': b'-- Up-to-date: /home/maddy/iris_test_tool/install/iris_interfaces/include/iris_interfaces/iris_interfaces/msg/vacuum_status.h\n'}
[1.362848] (iris_interfaces) StdoutLine: {'line': b'-- Up-to-date: /home/maddy/iris_test_tool/install/iris_interfaces/include/iris_interfaces/iris_interfaces/msg/detail\n'}
[1.363373] (iris_interfaces) StdoutLine: {'line': b'-- Up-to-date: /home/maddy/iris_test_tool/install/iris_interfaces/include/iris_interfaces/iris_interfaces/msg/detail/navigation_mode__functions.h\n'}
[1.363721] (iris_interfaces) StdoutLine: {'line': b'-- Up-to-date: /home/maddy/iris_test_tool/install/iris_interfaces/include/iris_interfaces/iris_interfaces/msg/detail/a5_status__type_support.h\n'}
[1.363927] (iris_interfaces) StdoutLine: {'line': b'-- Up-to-date: /home/maddy/iris_test_tool/install/iris_interfaces/include/iris_interfaces/iris_interfaces/msg/detail/motor_status__functions.c\n'}
[1.364192] (iris_interfaces) StdoutLine: {'line': b'-- Up-to-date: /home/maddy/iris_test_tool/install/iris_interfaces/include/iris_interfaces/iris_interfaces/msg/detail/water_tank_levels__type_support.h\n'}
[1.364425] (iris_interfaces) StdoutLine: {'line': b'-- Up-to-date: /home/maddy/iris_test_tool/install/iris_interfaces/include/iris_interfaces/iris_interfaces/msg/detail/led_control__type_support.h\n'}
[1.364696] (iris_interfaces) StdoutLine: {'line': b'-- Up-to-date: /home/maddy/iris_test_tool/install/iris_interfaces/include/iris_interfaces/iris_interfaces/msg/detail/ota_status__type_support.h\n'}
[1.364971] (iris_interfaces) StdoutLine: {'line': b'-- Up-to-date: /home/maddy/iris_test_tool/install/iris_interfaces/include/iris_interfaces/iris_interfaces/msg/detail/headband_mode__type_support.h\n'}
[1.365659] (iris_interfaces) StdoutLine: {'line': b'-- Up-to-date: /home/maddy/iris_test_tool/install/iris_interfaces/include/iris_interfaces/iris_interfaces/msg/detail/ultrasonic_ranges__type_support.h\n'}
[1.367111] (iris_interfaces) StdoutLine: {'line': b'-- Up-to-date: /home/maddy/iris_test_tool/install/iris_interfaces/include/iris_interfaces/iris_interfaces/msg/detail/wheel_encoders__functions.h\n'}
[1.367426] (iris_interfaces) StdoutLine: {'line': b'-- Up-to-date: /home/maddy/iris_test_tool/install/iris_interfaces/include/iris_interfaces/iris_interfaces/msg/detail/a2_command__functions.c\n'}
[1.367634] (iris_interfaces) StdoutLine: {'line': b'-- Up-to-date: /home/maddy/iris_test_tool/install/iris_interfaces/include/iris_interfaces/iris_interfaces/msg/detail/wheel_command_speed__functions.h\n'}
[1.367830] (iris_interfaces) StdoutLine: {'line': b'-- Up-to-date: /home/maddy/iris_test_tool/install/iris_interfaces/include/iris_interfaces/iris_interfaces/msg/detail/a2_fault_status__type_support.h\n'}
[1.368036] (iris_interfaces) StdoutLine: {'line': b'-- Up-to-date: /home/maddy/iris_test_tool/install/iris_interfaces/include/iris_interfaces/iris_interfaces/msg/detail/ota_status__functions.h\n'}
[1.368338] (iris_interfaces) StdoutLine: {'line': b'-- Up-to-date: /home/maddy/iris_test_tool/install/iris_interfaces/include/iris_interfaces/iris_interfaces/msg/detail/a2_functional_status__functions.h\n'}
[1.368563] (iris_interfaces) StdoutLine: {'line': b'-- Up-to-date: /home/maddy/iris_test_tool/install/iris_interfaces/include/iris_interfaces/iris_interfaces/msg/detail/wheel_encoders__functions.c\n'}
[1.368791] (iris_interfaces) StdoutLine: {'line': b'-- Up-to-date: /home/maddy/iris_test_tool/install/iris_interfaces/include/iris_interfaces/iris_interfaces/msg/detail/wheel_command_speed__struct.h\n'}
[1.369000] (iris_interfaces) StdoutLine: {'line': b'-- Up-to-date: /home/maddy/iris_test_tool/install/iris_interfaces/include/iris_interfaces/iris_interfaces/msg/detail/navigation_mode__struct.h\n'}
[1.369227] (iris_interfaces) StdoutLine: {'line': b'-- Up-to-date: /home/maddy/iris_test_tool/install/iris_interfaces/include/iris_interfaces/iris_interfaces/msg/detail/mender_client_status__functions.h\n'}
[1.369896] (iris_interfaces) StdoutLine: {'line': b'-- Up-to-date: /home/maddy/iris_test_tool/install/iris_interfaces/include/iris_interfaces/iris_interfaces/msg/detail/brush_status__functions.h\n'}
[1.370562] (iris_interfaces) StdoutLine: {'line': b'-- Up-to-date: /home/maddy/iris_test_tool/install/iris_interfaces/include/iris_interfaces/iris_interfaces/msg/detail/a2_functional_status__struct.h\n'}
[1.370870] (iris_interfaces) StdoutLine: {'line': b'-- Up-to-date: /home/maddy/iris_test_tool/install/iris_interfaces/include/iris_interfaces/iris_interfaces/msg/detail/mender_client_status__functions.c\n'}
[1.371294] (iris_interfaces) StdoutLine: {'line': b'-- Up-to-date: /home/maddy/iris_test_tool/install/iris_interfaces/include/iris_interfaces/iris_interfaces/msg/detail/ota_status__functions.c\n'}
[1.371552] (iris_interfaces) StdoutLine: {'line': b'-- Up-to-date: /home/maddy/iris_test_tool/install/iris_interfaces/include/iris_interfaces/iris_interfaces/msg/detail/follow_path_result__struct.h\n'}
[1.371783] (iris_interfaces) StdoutLine: {'line': b'-- Up-to-date: /home/maddy/iris_test_tool/install/iris_interfaces/include/iris_interfaces/iris_interfaces/msg/detail/system_software_status__functions.c\n'}
[1.372675] (iris_interfaces) StdoutLine: {'line': b'-- Up-to-date: /home/maddy/iris_test_tool/install/iris_interfaces/include/iris_interfaces/iris_interfaces/msg/detail/a2_command__type_support.h\n'}
[1.373039] (iris_interfaces) StdoutLine: {'line': b'-- Up-to-date: /home/maddy/iris_test_tool/install/iris_interfaces/include/iris_interfaces/iris_interfaces/msg/detail/vacuum_status__type_support.h\n'}
[1.373316] (iris_interfaces) StdoutLine: {'line': b'-- Up-to-date: /home/maddy/iris_test_tool/install/iris_interfaces/include/iris_interfaces/iris_interfaces/msg/detail/mender_client_status__type_support.h\n'}
[1.373555] (iris_interfaces) StdoutLine: {'line': b'-- Up-to-date: /home/maddy/iris_test_tool/install/iris_interfaces/include/iris_interfaces/iris_interfaces/msg/detail/vacuum_faults__functions.c\n'}
[1.373840] (iris_interfaces) StdoutLine: {'line': b'-- Up-to-date: /home/maddy/iris_test_tool/install/iris_interfaces/include/iris_interfaces/iris_interfaces/msg/detail/a2_functional_status__type_support.h\n'}
[1.374040] (iris_interfaces) StdoutLine: {'line': b'-- Up-to-date: /home/maddy/iris_test_tool/install/iris_interfaces/include/iris_interfaces/iris_interfaces/msg/detail/follow_path_result__type_support.h\n'}
[1.374234] (iris_interfaces) StdoutLine: {'line': b'-- Up-to-date: /home/maddy/iris_test_tool/install/iris_interfaces/include/iris_interfaces/iris_interfaces/msg/detail/led_control__functions.h\n'}
[1.374426] (iris_interfaces) StdoutLine: {'line': b'-- Up-to-date: /home/maddy/iris_test_tool/install/iris_interfaces/include/iris_interfaces/iris_interfaces/msg/detail/actuator_status__type_support.h\n'}
[1.374617] (iris_interfaces) StdoutLine: {'line': b'-- Up-to-date: /home/maddy/iris_test_tool/install/iris_interfaces/include/iris_interfaces/iris_interfaces/msg/detail/wheel_encoders__struct.h\n'}
[1.374834] (iris_interfaces) StdoutLine: {'line': b'-- Up-to-date: /home/maddy/iris_test_tool/install/iris_interfaces/include/iris_interfaces/iris_interfaces/msg/detail/a5_status__functions.h\n'}
[1.375065] (iris_interfaces) StdoutLine: {'line': b'-- Up-to-date: /home/maddy/iris_test_tool/install/iris_interfaces/include/iris_interfaces/iris_interfaces/msg/detail/sensor_status__struct.h\n'}
[1.375297] (iris_interfaces) StdoutLine: {'line': b'-- Up-to-date: /home/maddy/iris_test_tool/install/iris_interfaces/include/iris_interfaces/iris_interfaces/msg/detail/vacuum_status__functions.h\n'}
[1.375529] (iris_interfaces) StdoutLine: {'line': b'-- Up-to-date: /home/maddy/iris_test_tool/install/iris_interfaces/include/iris_interfaces/iris_interfaces/msg/detail/a2_fault_status__functions.c\n'}
[1.375733] (iris_interfaces) StdoutLine: {'line': b'-- Up-to-date: /home/maddy/iris_test_tool/install/iris_interfaces/include/iris_interfaces/iris_interfaces/msg/detail/motor_status__functions.h\n'}
[1.375942] (iris_interfaces) StdoutLine: {'line': b'-- Up-to-date: /home/maddy/iris_test_tool/install/iris_interfaces/include/iris_interfaces/iris_interfaces/msg/detail/a2_command__struct.h\n'}
[1.376396] (iris_interfaces) StdoutLine: {'line': b'-- Up-to-date: /home/maddy/iris_test_tool/install/iris_interfaces/include/iris_interfaces/iris_interfaces/msg/detail/follow_path_result__functions.c\n'}
[1.377069] (iris_interfaces) StdoutLine: {'line': b'-- Up-to-date: /home/maddy/iris_test_tool/install/iris_interfaces/include/iris_interfaces/iris_interfaces/msg/detail/motor_controller_status__functions.c\n'}
[1.377499] (iris_interfaces) StdoutLine: {'line': b'-- Up-to-date: /home/maddy/iris_test_tool/install/iris_interfaces/include/iris_interfaces/iris_interfaces/msg/detail/sensor_status__functions.c\n'}
[1.378125] (iris_interfaces) StdoutLine: {'line': b'-- Up-to-date: /home/maddy/iris_test_tool/install/iris_interfaces/include/iris_interfaces/iris_interfaces/msg/detail/system_software_status__struct.h\n'}
[1.378895] (iris_interfaces) StdoutLine: {'line': b'-- Up-to-date: /home/maddy/iris_test_tool/install/iris_interfaces/include/iris_interfaces/iris_interfaces/msg/detail/sensor_status__functions.h\n'}
[1.379199] (iris_interfaces) StdoutLine: {'line': b'-- Up-to-date: /home/maddy/iris_test_tool/install/iris_interfaces/include/iris_interfaces/iris_interfaces/msg/detail/led_control__struct.h\n'}
[1.379656] (iris_interfaces) StdoutLine: {'line': b'-- Up-to-date: /home/maddy/iris_test_tool/install/iris_interfaces/include/iris_interfaces/iris_interfaces/msg/detail/water_tank_levels__struct.h\n'}
[1.380075] (iris_interfaces) StdoutLine: {'line': b'-- Up-to-date: /home/maddy/iris_test_tool/install/iris_interfaces/include/iris_interfaces/iris_interfaces/msg/detail/a2_fault_status__functions.h\n'}
[1.380666] (iris_interfaces) StdoutLine: {'line': b'-- Up-to-date: /home/maddy/iris_test_tool/install/iris_interfaces/include/iris_interfaces/iris_interfaces/msg/detail/actuator_status__functions.h\n'}
[1.381050] (iris_interfaces) StdoutLine: {'line': b'-- Up-to-date: /home/maddy/iris_test_tool/install/iris_interfaces/include/iris_interfaces/iris_interfaces/msg/detail/navigation_mode__functions.c\n'}
[1.381663] (iris_interfaces) StdoutLine: {'line': b'-- Up-to-date: /home/maddy/iris_test_tool/install/iris_interfaces/include/iris_interfaces/iris_interfaces/msg/detail/vacuum_status__functions.c\n'}
[1.382114] (iris_interfaces) StdoutLine: {'line': b'-- Up-to-date: /home/maddy/iris_test_tool/install/iris_interfaces/include/iris_interfaces/iris_interfaces/msg/detail/vacuum_faults__functions.h\n'}
[1.382473] (iris_interfaces) StdoutLine: {'line': b'-- Up-to-date: /home/maddy/iris_test_tool/install/iris_interfaces/include/iris_interfaces/iris_interfaces/msg/detail/brush_faults__functions.h\n'}
[1.382859] (iris_interfaces) StdoutLine: {'line': b'-- Up-to-date: /home/maddy/iris_test_tool/install/iris_interfaces/include/iris_interfaces/iris_interfaces/msg/detail/brush_status__struct.h\n'}
[1.383823] (iris_interfaces) StdoutLine: {'line': b'-- Up-to-date: /home/maddy/iris_test_tool/install/iris_interfaces/include/iris_interfaces/iris_interfaces/msg/detail/mender_client_status__struct.h\n'}
[1.384643] (iris_interfaces) StdoutLine: {'line': b'-- Up-to-date: /home/maddy/iris_test_tool/install/iris_interfaces/include/iris_interfaces/iris_interfaces/msg/detail/vacuum_faults__type_support.h\n'}
[1.385107] (iris_interfaces) StdoutLine: {'line': b'-- Up-to-date: /home/maddy/iris_test_tool/install/iris_interfaces/include/iris_interfaces/iris_interfaces/msg/detail/headband_mode__functions.c\n'}
[1.385583] (iris_interfaces) StdoutLine: {'line': b'-- Up-to-date: /home/maddy/iris_test_tool/install/iris_interfaces/include/iris_interfaces/iris_interfaces/msg/detail/navigation_mode__type_support.h\n'}
[1.386209] (iris_interfaces) StdoutLine: {'line': b'-- Up-to-date: /home/maddy/iris_test_tool/install/iris_interfaces/include/iris_interfaces/iris_interfaces/msg/detail/a2_command__functions.h\n'}
[1.386700] (iris_interfaces) StdoutLine: {'line': b'-- Up-to-date: /home/maddy/iris_test_tool/install/iris_interfaces/include/iris_interfaces/iris_interfaces/msg/detail/a2_fault_status__struct.h\n'}
[1.387449] (iris_interfaces) StdoutLine: {'line': b'-- Up-to-date: /home/maddy/iris_test_tool/install/iris_interfaces/include/iris_interfaces/iris_interfaces/msg/detail/motor_status__struct.h\n'}
[1.387913] (iris_interfaces) StdoutLine: {'line': b'-- Up-to-date: /home/maddy/iris_test_tool/install/iris_interfaces/include/iris_interfaces/iris_interfaces/msg/detail/a5_status__functions.c\n'}
[1.388225] (iris_interfaces) StdoutLine: {'line': b'-- Up-to-date: /home/maddy/iris_test_tool/install/iris_interfaces/include/iris_interfaces/iris_interfaces/msg/detail/motor_controller_status__struct.h\n'}
[1.388741] (iris_interfaces) StdoutLine: {'line': b'-- Up-to-date: /home/maddy/iris_test_tool/install/iris_interfaces/include/iris_interfaces/iris_interfaces/msg/detail/brush_faults__struct.h\n'}
[1.389194] (iris_interfaces) StdoutLine: {'line': b'-- Up-to-date: /home/maddy/iris_test_tool/install/iris_interfaces/include/iris_interfaces/iris_interfaces/msg/detail/brush_faults__type_support.h\n'}
[1.389461] (iris_interfaces) StdoutLine: {'line': b'-- Up-to-date: /home/maddy/iris_test_tool/install/iris_interfaces/include/iris_interfaces/iris_interfaces/msg/detail/wheel_encoders__type_support.h\n'}
[1.389701] (iris_interfaces) StdoutLine: {'line': b'-- Up-to-date: /home/maddy/iris_test_tool/install/iris_interfaces/include/iris_interfaces/iris_interfaces/msg/detail/motor_controller_status__type_support.h\n'}
[1.389931] (iris_interfaces) StdoutLine: {'line': b'-- Up-to-date: /home/maddy/iris_test_tool/install/iris_interfaces/include/iris_interfaces/iris_interfaces/msg/detail/water_tank_levels__functions.h\n'}
[1.390121] (iris_interfaces) StdoutLine: {'line': b'-- Up-to-date: /home/maddy/iris_test_tool/install/iris_interfaces/include/iris_interfaces/iris_interfaces/msg/detail/follow_path_result__functions.h\n'}
[1.390338] (iris_interfaces) StdoutLine: {'line': b'-- Up-to-date: /home/maddy/iris_test_tool/install/iris_interfaces/include/iris_interfaces/iris_interfaces/msg/detail/a2_functional_status__functions.c\n'}
[1.390535] (iris_interfaces) StdoutLine: {'line': b'-- Up-to-date: /home/maddy/iris_test_tool/install/iris_interfaces/include/iris_interfaces/iris_interfaces/msg/detail/a5_status__struct.h\n'}
[1.390749] (iris_interfaces) StdoutLine: {'line': b'-- Up-to-date: /home/maddy/iris_test_tool/install/iris_interfaces/include/iris_interfaces/iris_interfaces/msg/detail/ota_status__struct.h\n'}
[1.390954] (iris_interfaces) StdoutLine: {'line': b'-- Up-to-date: /home/maddy/iris_test_tool/install/iris_interfaces/include/iris_interfaces/iris_interfaces/msg/detail/sensor_status__type_support.h\n'}
[1.391269] (iris_interfaces) StdoutLine: {'line': b'-- Up-to-date: /home/maddy/iris_test_tool/install/iris_interfaces/include/iris_interfaces/iris_interfaces/msg/detail/headband_mode__functions.h\n'}
[1.392388] (iris_interfaces) StdoutLine: {'line': b'-- Up-to-date: /home/maddy/iris_test_tool/install/iris_interfaces/include/iris_interfaces/iris_interfaces/msg/detail/motor_controller_status__functions.h\n'}
[1.393002] (iris_interfaces) StdoutLine: {'line': b'-- Up-to-date: /home/maddy/iris_test_tool/install/iris_interfaces/include/iris_interfaces/iris_interfaces/msg/detail/wheel_command_speed__functions.c\n'}
[1.393221] (iris_interfaces) StdoutLine: {'line': b'-- Up-to-date: /home/maddy/iris_test_tool/install/iris_interfaces/include/iris_interfaces/iris_interfaces/msg/detail/actuator_status__functions.c\n'}
[1.393501] (iris_interfaces) StdoutLine: {'line': b'-- Up-to-date: /home/maddy/iris_test_tool/install/iris_interfaces/include/iris_interfaces/iris_interfaces/msg/detail/headband_mode__struct.h\n'}
[1.393763] (iris_interfaces) StdoutLine: {'line': b'-- Up-to-date: /home/maddy/iris_test_tool/install/iris_interfaces/include/iris_interfaces/iris_interfaces/msg/detail/actuator_status__struct.h\n'}
[1.393982] (iris_interfaces) StdoutLine: {'line': b'-- Up-to-date: /home/maddy/iris_test_tool/install/iris_interfaces/include/iris_interfaces/iris_interfaces/msg/detail/system_software_status__type_support.h\n'}
[1.394270] (iris_interfaces) StdoutLine: {'line': b'-- Up-to-date: /home/maddy/iris_test_tool/install/iris_interfaces/include/iris_interfaces/iris_interfaces/msg/detail/brush_status__functions.c\n'}
[1.394517] (iris_interfaces) StdoutLine: {'line': b'-- Up-to-date: /home/maddy/iris_test_tool/install/iris_interfaces/include/iris_interfaces/iris_interfaces/msg/detail/vacuum_status__struct.h\n'}
[1.394790] (iris_interfaces) StdoutLine: {'line': b'-- Up-to-date: /home/maddy/iris_test_tool/install/iris_interfaces/include/iris_interfaces/iris_interfaces/msg/detail/ultrasonic_ranges__struct.h\n'}
[1.395030] (iris_interfaces) StdoutLine: {'line': b'-- Up-to-date: /home/maddy/iris_test_tool/install/iris_interfaces/include/iris_interfaces/iris_interfaces/msg/detail/wheel_command_speed__type_support.h\n'}
[1.395689] (iris_interfaces) StdoutLine: {'line': b'-- Up-to-date: /home/maddy/iris_test_tool/install/iris_interfaces/include/iris_interfaces/iris_interfaces/msg/detail/brush_status__type_support.h\n'}
[1.396160] (iris_interfaces) StdoutLine: {'line': b'-- Up-to-date: /home/maddy/iris_test_tool/install/iris_interfaces/include/iris_interfaces/iris_interfaces/msg/detail/motor_status__type_support.h\n'}
[1.396719] (iris_interfaces) StdoutLine: {'line': b'-- Up-to-date: /home/maddy/iris_test_tool/install/iris_interfaces/include/iris_interfaces/iris_interfaces/msg/detail/ultrasonic_ranges__functions.h\n'}
[1.397084] (iris_interfaces) StdoutLine: {'line': b'-- Up-to-date: /home/maddy/iris_test_tool/install/iris_interfaces/include/iris_interfaces/iris_interfaces/msg/detail/system_software_status__functions.h\n'}
[1.397310] (iris_interfaces) StdoutLine: {'line': b'-- Up-to-date: /home/maddy/iris_test_tool/install/iris_interfaces/include/iris_interfaces/iris_interfaces/msg/detail/ultrasonic_ranges__functions.c\n'}
[1.397798] (iris_interfaces) StdoutLine: {'line': b'-- Up-to-date: /home/maddy/iris_test_tool/install/iris_interfaces/include/iris_interfaces/iris_interfaces/msg/detail/vacuum_faults__struct.h\n'}
[1.398191] (iris_interfaces) StdoutLine: {'line': b'-- Up-to-date: /home/maddy/iris_test_tool/install/iris_interfaces/include/iris_interfaces/iris_interfaces/msg/detail/brush_faults__functions.c\n'}
[1.398631] (iris_interfaces) StdoutLine: {'line': b'-- Up-to-date: /home/maddy/iris_test_tool/install/iris_interfaces/include/iris_interfaces/iris_interfaces/msg/detail/led_control__functions.c\n'}
[1.399302] (iris_interfaces) StdoutLine: {'line': b'-- Up-to-date: /home/maddy/iris_test_tool/install/iris_interfaces/include/iris_interfaces/iris_interfaces/msg/detail/water_tank_levels__functions.c\n'}
[1.399849] (iris_interfaces) StdoutLine: {'line': b'-- Up-to-date: /home/maddy/iris_test_tool/install/iris_interfaces/include/iris_interfaces/iris_interfaces/msg/wheel_command_speed.h\n'}
[1.400254] (iris_interfaces) StdoutLine: {'line': b'-- Up-to-date: /home/maddy/iris_test_tool/install/iris_interfaces/include/iris_interfaces/iris_interfaces/msg/motor_controller_status.h\n'}
[1.400639] (iris_interfaces) StdoutLine: {'line': b'-- Up-to-date: /home/maddy/iris_test_tool/install/iris_interfaces/include/iris_interfaces/iris_interfaces/msg/water_tank_levels.h\n'}
[1.401308] (iris_interfaces) StdoutLine: {'line': b'-- Up-to-date: /home/maddy/iris_test_tool/install/iris_interfaces/include/iris_interfaces/iris_interfaces/msg/a5_status.h\n'}
[1.401665] (iris_interfaces) StdoutLine: {'line': b'-- Up-to-date: /home/maddy/iris_test_tool/install/iris_interfaces/include/iris_interfaces/iris_interfaces/msg/ultrasonic_ranges.h\n'}
[1.402418] (iris_interfaces) StdoutLine: {'line': b'-- Up-to-date: /home/maddy/iris_test_tool/install/iris_interfaces/include/iris_interfaces/iris_interfaces/msg/vacuum_faults.h\n'}
[1.402812] (iris_interfaces) StdoutLine: {'line': b'-- Up-to-date: /home/maddy/iris_test_tool/install/iris_interfaces/include/iris_interfaces/iris_interfaces/msg/sensor_status.h\n'}
[1.403344] (iris_interfaces) StdoutLine: {'line': b'-- Up-to-date: /home/maddy/iris_test_tool/install/iris_interfaces/include/iris_interfaces/iris_interfaces/msg/a2_command.h\n'}
[1.403942] (iris_interfaces) StdoutLine: {'line': b'-- Up-to-date: /home/maddy/iris_test_tool/install/iris_interfaces/include/iris_interfaces/iris_interfaces/msg/motor_status.h\n'}
[1.404396] (iris_interfaces) StdoutLine: {'line': b'-- Up-to-date: /home/maddy/iris_test_tool/install/iris_interfaces/share/iris_interfaces/environment/library_path.sh\n'}
[1.404669] (iris_interfaces) StdoutLine: {'line': b'-- Up-to-date: /home/maddy/iris_test_tool/install/iris_interfaces/share/iris_interfaces/environment/library_path.dsv\n'}
[1.405154] (iris_interfaces) StdoutLine: {'line': b'-- Up-to-date: /home/maddy/iris_test_tool/install/iris_interfaces/lib/libiris_interfaces__rosidl_generator_c.so\n'}
[1.405679] (-) TimerEvent: {}
[1.406113] (iris_interfaces) StdoutLine: {'line': b'-- Up-to-date: /home/maddy/iris_test_tool/install/iris_interfaces/include/iris_interfaces/iris_interfaces\n'}
[1.406969] (iris_interfaces) StdoutLine: {'line': b'-- Up-to-date: /home/maddy/iris_test_tool/install/iris_interfaces/include/iris_interfaces/iris_interfaces/srv\n'}
[1.407547] (iris_interfaces) StdoutLine: {'line': b'-- Up-to-date: /home/maddy/iris_test_tool/install/iris_interfaces/include/iris_interfaces/iris_interfaces/srv/detail\n'}
[1.407857] (iris_interfaces) StdoutLine: {'line': b'-- Up-to-date: /home/maddy/iris_test_tool/install/iris_interfaces/include/iris_interfaces/iris_interfaces/srv/detail/update_motor_controller_reference_source__rosidl_typesupport_fastrtps_c.h\n'}
[1.408188] (iris_interfaces) StdoutLine: {'line': b'-- Up-to-date: /home/maddy/iris_test_tool/install/iris_interfaces/include/iris_interfaces/iris_interfaces/srv/detail/wifi_discovery__rosidl_typesupport_fastrtps_c.h\n'}
[1.408575] (iris_interfaces) StdoutLine: {'line': b'-- Up-to-date: /home/maddy/iris_test_tool/install/iris_interfaces/include/iris_interfaces/iris_interfaces/srv/detail/get_wifi_status__rosidl_typesupport_fastrtps_c.h\n'}
[1.408969] (iris_interfaces) StdoutLine: {'line': b'-- Up-to-date: /home/maddy/iris_test_tool/install/iris_interfaces/include/iris_interfaces/iris_interfaces/srv/detail/reset_wheel_encoders__rosidl_typesupport_fastrtps_c.h\n'}
[1.409350] (iris_interfaces) StdoutLine: {'line': b'-- Up-to-date: /home/maddy/iris_test_tool/install/iris_interfaces/include/iris_interfaces/iris_interfaces/srv/detail/a2_command__rosidl_typesupport_fastrtps_c.h\n'}
[1.409715] (iris_interfaces) StdoutLine: {'line': b'-- Up-to-date: /home/maddy/iris_test_tool/install/iris_interfaces/include/iris_interfaces/iris_interfaces/srv/detail/disconnect_wifi__rosidl_typesupport_fastrtps_c.h\n'}
[1.410033] (iris_interfaces) StdoutLine: {'line': b'-- Up-to-date: /home/maddy/iris_test_tool/install/iris_interfaces/include/iris_interfaces/iris_interfaces/srv/detail/reset_a2_faults__rosidl_typesupport_fastrtps_c.h\n'}
[1.411414] (iris_interfaces) StdoutLine: {'line': b'-- Up-to-date: /home/maddy/iris_test_tool/install/iris_interfaces/include/iris_interfaces/iris_interfaces/srv/detail/process_manager__rosidl_typesupport_fastrtps_c.h\n'}
[1.411919] (iris_interfaces) StdoutLine: {'line': b'-- Up-to-date: /home/maddy/iris_test_tool/install/iris_interfaces/include/iris_interfaces/iris_interfaces/srv/detail/restart_motor_controller__rosidl_typesupport_fastrtps_c.h\n'}
[1.412417] (iris_interfaces) StdoutLine: {'line': b'-- Up-to-date: /home/maddy/iris_test_tool/install/iris_interfaces/include/iris_interfaces/iris_interfaces/srv/detail/state_manager__rosidl_typesupport_fastrtps_c.h\n'}
[1.412778] (iris_interfaces) StdoutLine: {'line': b'-- Up-to-date: /home/maddy/iris_test_tool/install/iris_interfaces/include/iris_interfaces/iris_interfaces/srv/detail/connect_wifi__rosidl_typesupport_fastrtps_c.h\n'}
[1.413184] (iris_interfaces) StdoutLine: {'line': b'-- Up-to-date: /home/maddy/iris_test_tool/install/iris_interfaces/include/iris_interfaces/iris_interfaces/srv/detail/update_motor_controller_parameters__rosidl_typesupport_fastrtps_c.h\n'}
[1.413389] (iris_interfaces) StdoutLine: {'line': b'-- Up-to-date: /home/maddy/iris_test_tool/install/iris_interfaces/include/iris_interfaces/iris_interfaces/action\n'}
[1.413685] (iris_interfaces) StdoutLine: {'line': b'-- Up-to-date: /home/maddy/iris_test_tool/install/iris_interfaces/include/iris_interfaces/iris_interfaces/action/detail\n'}
[1.413912] (iris_interfaces) StdoutLine: {'line': b'-- Up-to-date: /home/maddy/iris_test_tool/install/iris_interfaces/include/iris_interfaces/iris_interfaces/action/detail/compute_path_coverage__rosidl_typesupport_fastrtps_c.h\n'}
[1.414151] (iris_interfaces) StdoutLine: {'line': b'-- Up-to-date: /home/maddy/iris_test_tool/install/iris_interfaces/include/iris_interfaces/iris_interfaces/action/detail/navigate_path_coverage__rosidl_typesupport_fastrtps_c.h\n'}
[1.414544] (iris_interfaces) StdoutLine: {'line': b'-- Up-to-date: /home/maddy/iris_test_tool/install/iris_interfaces/include/iris_interfaces/iris_interfaces/action/detail/path_coverage_controller__rosidl_typesupport_fastrtps_c.h\n'}
[1.414876] (iris_interfaces) StdoutLine: {'line': b'-- Up-to-date: /home/maddy/iris_test_tool/install/iris_interfaces/include/iris_interfaces/iris_interfaces/msg\n'}
[1.415392] (iris_interfaces) StdoutLine: {'line': b'-- Up-to-date: /home/maddy/iris_test_tool/install/iris_interfaces/include/iris_interfaces/iris_interfaces/msg/rosidl_typesupport_fastrtps_c__visibility_control.h\n'}
[1.415842] (iris_interfaces) StdoutLine: {'line': b'-- Up-to-date: /home/maddy/iris_test_tool/install/iris_interfaces/include/iris_interfaces/iris_interfaces/msg/detail\n'}
[1.416244] (iris_interfaces) StdoutLine: {'line': b'-- Up-to-date: /home/maddy/iris_test_tool/install/iris_interfaces/include/iris_interfaces/iris_interfaces/msg/detail/a2_fault_status__rosidl_typesupport_fastrtps_c.h\n'}
[1.416566] (iris_interfaces) StdoutLine: {'line': b'-- Up-to-date: /home/maddy/iris_test_tool/install/iris_interfaces/include/iris_interfaces/iris_interfaces/msg/detail/motor_controller_status__rosidl_typesupport_fastrtps_c.h\n'}
[1.417242] (iris_interfaces) StdoutLine: {'line': b'-- Up-to-date: /home/maddy/iris_test_tool/install/iris_interfaces/include/iris_interfaces/iris_interfaces/msg/detail/headband_mode__rosidl_typesupport_fastrtps_c.h\n'}
[1.417591] (iris_interfaces) StdoutLine: {'line': b'-- Up-to-date: /home/maddy/iris_test_tool/install/iris_interfaces/include/iris_interfaces/iris_interfaces/msg/detail/sensor_status__rosidl_typesupport_fastrtps_c.h\n'}
[1.417924] (iris_interfaces) StdoutLine: {'line': b'-- Up-to-date: /home/maddy/iris_test_tool/install/iris_interfaces/include/iris_interfaces/iris_interfaces/msg/detail/follow_path_result__rosidl_typesupport_fastrtps_c.h\n'}
[1.418323] (iris_interfaces) StdoutLine: {'line': b'-- Up-to-date: /home/maddy/iris_test_tool/install/iris_interfaces/include/iris_interfaces/iris_interfaces/msg/detail/brush_faults__rosidl_typesupport_fastrtps_c.h\n'}
[1.419080] (iris_interfaces) StdoutLine: {'line': b'-- Up-to-date: /home/maddy/iris_test_tool/install/iris_interfaces/include/iris_interfaces/iris_interfaces/msg/detail/wheel_encoders__rosidl_typesupport_fastrtps_c.h\n'}
[1.419501] (iris_interfaces) StdoutLine: {'line': b'-- Up-to-date: /home/maddy/iris_test_tool/install/iris_interfaces/include/iris_interfaces/iris_interfaces/msg/detail/wheel_command_speed__rosidl_typesupport_fastrtps_c.h\n'}
[1.420181] (iris_interfaces) StdoutLine: {'line': b'-- Up-to-date: /home/maddy/iris_test_tool/install/iris_interfaces/include/iris_interfaces/iris_interfaces/msg/detail/actuator_status__rosidl_typesupport_fastrtps_c.h\n'}
[1.420717] (iris_interfaces) StdoutLine: {'line': b'-- Up-to-date: /home/maddy/iris_test_tool/install/iris_interfaces/include/iris_interfaces/iris_interfaces/msg/detail/a2_command__rosidl_typesupport_fastrtps_c.h\n'}
[1.421075] (iris_interfaces) StdoutLine: {'line': b'-- Up-to-date: /home/maddy/iris_test_tool/install/iris_interfaces/include/iris_interfaces/iris_interfaces/msg/detail/led_control__rosidl_typesupport_fastrtps_c.h\n'}
[1.421698] (iris_interfaces) StdoutLine: {'line': b'-- Up-to-date: /home/maddy/iris_test_tool/install/iris_interfaces/include/iris_interfaces/iris_interfaces/msg/detail/mender_client_status__rosidl_typesupport_fastrtps_c.h\n'}
[1.422095] (iris_interfaces) StdoutLine: {'line': b'-- Up-to-date: /home/maddy/iris_test_tool/install/iris_interfaces/include/iris_interfaces/iris_interfaces/msg/detail/brush_status__rosidl_typesupport_fastrtps_c.h\n'}
[1.422477] (iris_interfaces) StdoutLine: {'line': b'-- Up-to-date: /home/maddy/iris_test_tool/install/iris_interfaces/include/iris_interfaces/iris_interfaces/msg/detail/vacuum_status__rosidl_typesupport_fastrtps_c.h\n'}
[1.422867] (iris_interfaces) StdoutLine: {'line': b'-- Up-to-date: /home/maddy/iris_test_tool/install/iris_interfaces/include/iris_interfaces/iris_interfaces/msg/detail/ultrasonic_ranges__rosidl_typesupport_fastrtps_c.h\n'}
[1.423603] (iris_interfaces) StdoutLine: {'line': b'-- Up-to-date: /home/maddy/iris_test_tool/install/iris_interfaces/include/iris_interfaces/iris_interfaces/msg/detail/ota_status__rosidl_typesupport_fastrtps_c.h\n'}
[1.424048] (iris_interfaces) StdoutLine: {'line': b'-- Up-to-date: /home/maddy/iris_test_tool/install/iris_interfaces/include/iris_interfaces/iris_interfaces/msg/detail/motor_status__rosidl_typesupport_fastrtps_c.h\n'}
[1.424375] (iris_interfaces) StdoutLine: {'line': b'-- Up-to-date: /home/maddy/iris_test_tool/install/iris_interfaces/include/iris_interfaces/iris_interfaces/msg/detail/water_tank_levels__rosidl_typesupport_fastrtps_c.h\n'}
[1.424698] (iris_interfaces) StdoutLine: {'line': b'-- Up-to-date: /home/maddy/iris_test_tool/install/iris_interfaces/include/iris_interfaces/iris_interfaces/msg/detail/navigation_mode__rosidl_typesupport_fastrtps_c.h\n'}
[1.424969] (iris_interfaces) StdoutLine: {'line': b'-- Up-to-date: /home/maddy/iris_test_tool/install/iris_interfaces/include/iris_interfaces/iris_interfaces/msg/detail/a5_status__rosidl_typesupport_fastrtps_c.h\n'}
[1.425253] (iris_interfaces) StdoutLine: {'line': b'-- Up-to-date: /home/maddy/iris_test_tool/install/iris_interfaces/include/iris_interfaces/iris_interfaces/msg/detail/a2_functional_status__rosidl_typesupport_fastrtps_c.h\n'}
[1.425940] (iris_interfaces) StdoutLine: {'line': b'-- Up-to-date: /home/maddy/iris_test_tool/install/iris_interfaces/include/iris_interfaces/iris_interfaces/msg/detail/vacuum_faults__rosidl_typesupport_fastrtps_c.h\n'}
[1.426200] (iris_interfaces) StdoutLine: {'line': b'-- Up-to-date: /home/maddy/iris_test_tool/install/iris_interfaces/include/iris_interfaces/iris_interfaces/msg/detail/system_software_status__rosidl_typesupport_fastrtps_c.h\n'}
[1.426923] (iris_interfaces) StdoutLine: {'line': b'-- Up-to-date: /home/maddy/iris_test_tool/install/iris_interfaces/lib/libiris_interfaces__rosidl_typesupport_fastrtps_c.so\n'}
[1.427217] (iris_interfaces) StdoutLine: {'line': b'-- Up-to-date: /home/maddy/iris_test_tool/install/iris_interfaces/include/iris_interfaces/iris_interfaces\n'}
[1.427412] (iris_interfaces) StdoutLine: {'line': b'-- Up-to-date: /home/maddy/iris_test_tool/install/iris_interfaces/include/iris_interfaces/iris_interfaces/srv\n'}
[1.427671] (iris_interfaces) StdoutLine: {'line': b'-- Up-to-date: /home/maddy/iris_test_tool/install/iris_interfaces/include/iris_interfaces/iris_interfaces/srv/detail\n'}
[1.427909] (iris_interfaces) StdoutLine: {'line': b'-- Up-to-date: /home/maddy/iris_test_tool/install/iris_interfaces/include/iris_interfaces/iris_interfaces/srv/detail/reset_a2_faults__rosidl_typesupport_introspection_c.h\n'}
[1.428158] (iris_interfaces) StdoutLine: {'line': b'-- Up-to-date: /home/maddy/iris_test_tool/install/iris_interfaces/include/iris_interfaces/iris_interfaces/srv/detail/update_motor_controller_reference_source__rosidl_typesupport_introspection_c.h\n'}
[1.428927] (iris_interfaces) StdoutLine: {'line': b'-- Up-to-date: /home/maddy/iris_test_tool/install/iris_interfaces/include/iris_interfaces/iris_interfaces/srv/detail/disconnect_wifi__rosidl_typesupport_introspection_c.h\n'}
[1.429277] (iris_interfaces) StdoutLine: {'line': b'-- Up-to-date: /home/maddy/iris_test_tool/install/iris_interfaces/include/iris_interfaces/iris_interfaces/srv/detail/disconnect_wifi__type_support.c\n'}
[1.429661] (iris_interfaces) StdoutLine: {'line': b'-- Up-to-date: /home/maddy/iris_test_tool/install/iris_interfaces/include/iris_interfaces/iris_interfaces/srv/detail/get_wifi_status__rosidl_typesupport_introspection_c.h\n'}
[1.429877] (iris_interfaces) StdoutLine: {'line': b'-- Up-to-date: /home/maddy/iris_test_tool/install/iris_interfaces/include/iris_interfaces/iris_interfaces/srv/detail/update_motor_controller_reference_source__type_support.c\n'}
[1.430089] (iris_interfaces) StdoutLine: {'line': b'-- Up-to-date: /home/maddy/iris_test_tool/install/iris_interfaces/include/iris_interfaces/iris_interfaces/srv/detail/restart_motor_controller__type_support.c\n'}
[1.430276] (iris_interfaces) StdoutLine: {'line': b'-- Up-to-date: /home/maddy/iris_test_tool/install/iris_interfaces/include/iris_interfaces/iris_interfaces/srv/detail/wifi_discovery__type_support.c\n'}
[1.430453] (iris_interfaces) StdoutLine: {'line': b'-- Up-to-date: /home/maddy/iris_test_tool/install/iris_interfaces/include/iris_interfaces/iris_interfaces/srv/detail/process_manager__type_support.c\n'}
[1.430679] (iris_interfaces) StdoutLine: {'line': b'-- Up-to-date: /home/maddy/iris_test_tool/install/iris_interfaces/include/iris_interfaces/iris_interfaces/srv/detail/connect_wifi__rosidl_typesupport_introspection_c.h\n'}
[1.430890] (iris_interfaces) StdoutLine: {'line': b'-- Up-to-date: /home/maddy/iris_test_tool/install/iris_interfaces/include/iris_interfaces/iris_interfaces/srv/detail/get_wifi_status__type_support.c\n'}
[1.431111] (iris_interfaces) StdoutLine: {'line': b'-- Up-to-date: /home/maddy/iris_test_tool/install/iris_interfaces/include/iris_interfaces/iris_interfaces/srv/detail/update_motor_controller_parameters__rosidl_typesupport_introspection_c.h\n'}
[1.431367] (iris_interfaces) StdoutLine: {'line': b'-- Up-to-date: /home/maddy/iris_test_tool/install/iris_interfaces/include/iris_interfaces/iris_interfaces/srv/detail/connect_wifi__type_support.c\n'}
[1.431544] (iris_interfaces) StdoutLine: {'line': b'-- Up-to-date: /home/maddy/iris_test_tool/install/iris_interfaces/include/iris_interfaces/iris_interfaces/srv/detail/reset_wheel_encoders__type_support.c\n'}
[1.431829] (iris_interfaces) StdoutLine: {'line': b'-- Up-to-date: /home/maddy/iris_test_tool/install/iris_interfaces/include/iris_interfaces/iris_interfaces/srv/detail/state_manager__type_support.c\n'}
[1.432309] (iris_interfaces) StdoutLine: {'line': b'-- Up-to-date: /home/maddy/iris_test_tool/install/iris_interfaces/include/iris_interfaces/iris_interfaces/srv/detail/process_manager__rosidl_typesupport_introspection_c.h\n'}
[1.432562] (iris_interfaces) StdoutLine: {'line': b'-- Up-to-date: /home/maddy/iris_test_tool/install/iris_interfaces/include/iris_interfaces/iris_interfaces/srv/detail/reset_wheel_encoders__rosidl_typesupport_introspection_c.h\n'}
[1.432776] (iris_interfaces) StdoutLine: {'line': b'-- Up-to-date: /home/maddy/iris_test_tool/install/iris_interfaces/include/iris_interfaces/iris_interfaces/srv/detail/update_motor_controller_parameters__type_support.c\n'}
[1.433185] (iris_interfaces) StdoutLine: {'line': b'-- Up-to-date: /home/maddy/iris_test_tool/install/iris_interfaces/include/iris_interfaces/iris_interfaces/srv/detail/wifi_discovery__rosidl_typesupport_introspection_c.h\n'}
[1.433812] (iris_interfaces) StdoutLine: {'line': b'-- Up-to-date: /home/maddy/iris_test_tool/install/iris_interfaces/include/iris_interfaces/iris_interfaces/srv/detail/restart_motor_controller__rosidl_typesupport_introspection_c.h\n'}
[1.434008] (iris_interfaces) StdoutLine: {'line': b'-- Up-to-date: /home/maddy/iris_test_tool/install/iris_interfaces/include/iris_interfaces/iris_interfaces/srv/detail/state_manager__rosidl_typesupport_introspection_c.h\n'}
[1.434383] (iris_interfaces) StdoutLine: {'line': b'-- Up-to-date: /home/maddy/iris_test_tool/install/iris_interfaces/include/iris_interfaces/iris_interfaces/srv/detail/a2_command__type_support.c\n'}
[1.434580] (iris_interfaces) StdoutLine: {'line': b'-- Up-to-date: /home/maddy/iris_test_tool/install/iris_interfaces/include/iris_interfaces/iris_interfaces/srv/detail/a2_command__rosidl_typesupport_introspection_c.h\n'}
[1.434957] (iris_interfaces) StdoutLine: {'line': b'-- Up-to-date: /home/maddy/iris_test_tool/install/iris_interfaces/include/iris_interfaces/iris_interfaces/srv/detail/reset_a2_faults__type_support.c\n'}
[1.435317] (iris_interfaces) StdoutLine: {'line': b'-- Up-to-date: /home/maddy/iris_test_tool/install/iris_interfaces/include/iris_interfaces/iris_interfaces/action\n'}
[1.435545] (iris_interfaces) StdoutLine: {'line': b'-- Up-to-date: /home/maddy/iris_test_tool/install/iris_interfaces/include/iris_interfaces/iris_interfaces/action/detail\n'}
[1.435742] (iris_interfaces) StdoutLine: {'line': b'-- Up-to-date: /home/maddy/iris_test_tool/install/iris_interfaces/include/iris_interfaces/iris_interfaces/action/detail/navigate_path_coverage__rosidl_typesupport_introspection_c.h\n'}
[1.436113] (iris_interfaces) StdoutLine: {'line': b'-- Up-to-date: /home/maddy/iris_test_tool/install/iris_interfaces/include/iris_interfaces/iris_interfaces/action/detail/navigate_path_coverage__type_support.c\n'}
[1.436533] (iris_interfaces) StdoutLine: {'line': b'-- Up-to-date: /home/maddy/iris_test_tool/install/iris_interfaces/include/iris_interfaces/iris_interfaces/action/detail/compute_path_coverage__rosidl_typesupport_introspection_c.h\n'}
[1.436938] (iris_interfaces) StdoutLine: {'line': b'-- Up-to-date: /home/maddy/iris_test_tool/install/iris_interfaces/include/iris_interfaces/iris_interfaces/action/detail/compute_path_coverage__type_support.c\n'}
[1.437528] (iris_interfaces) StdoutLine: {'line': b'-- Up-to-date: /home/maddy/iris_test_tool/install/iris_interfaces/include/iris_interfaces/iris_interfaces/action/detail/path_coverage_controller__type_support.c\n'}
[1.437925] (iris_interfaces) StdoutLine: {'line': b'-- Up-to-date: /home/maddy/iris_test_tool/install/iris_interfaces/include/iris_interfaces/iris_interfaces/action/detail/path_coverage_controller__rosidl_typesupport_introspection_c.h\n'}
[1.438642] (iris_interfaces) StdoutLine: {'line': b'-- Up-to-date: /home/maddy/iris_test_tool/install/iris_interfaces/include/iris_interfaces/iris_interfaces/msg\n'}
[1.439001] (iris_interfaces) StdoutLine: {'line': b'-- Up-to-date: /home/maddy/iris_test_tool/install/iris_interfaces/include/iris_interfaces/iris_interfaces/msg/detail\n'}
[1.439539] (iris_interfaces) StdoutLine: {'line': b'-- Up-to-date: /home/maddy/iris_test_tool/install/iris_interfaces/include/iris_interfaces/iris_interfaces/msg/detail/navigation_mode__type_support.c\n'}
[1.439814] (iris_interfaces) StdoutLine: {'line': b'-- Up-to-date: /home/maddy/iris_test_tool/install/iris_interfaces/include/iris_interfaces/iris_interfaces/msg/detail/a2_fault_status__rosidl_typesupport_introspection_c.h\n'}
[1.440292] (iris_interfaces) StdoutLine: {'line': b'-- Up-to-date: /home/maddy/iris_test_tool/install/iris_interfaces/include/iris_interfaces/iris_interfaces/msg/detail/vacuum_faults__rosidl_typesupport_introspection_c.h\n'}
[1.440708] (iris_interfaces) StdoutLine: {'line': b'-- Up-to-date: /home/maddy/iris_test_tool/install/iris_interfaces/include/iris_interfaces/iris_interfaces/msg/detail/follow_path_result__type_support.c\n'}
[1.441069] (iris_interfaces) StdoutLine: {'line': b'-- Up-to-date: /home/maddy/iris_test_tool/install/iris_interfaces/include/iris_interfaces/iris_interfaces/msg/detail/vacuum_status__type_support.c\n'}
[1.441470] (iris_interfaces) StdoutLine: {'line': b'-- Up-to-date: /home/maddy/iris_test_tool/install/iris_interfaces/include/iris_interfaces/iris_interfaces/msg/detail/ota_status__type_support.c\n'}
[1.442029] (iris_interfaces) StdoutLine: {'line': b'-- Up-to-date: /home/maddy/iris_test_tool/install/iris_interfaces/include/iris_interfaces/iris_interfaces/msg/detail/brush_status__rosidl_typesupport_introspection_c.h\n'}
[1.442480] (iris_interfaces) StdoutLine: {'line': b'-- Up-to-date: /home/maddy/iris_test_tool/install/iris_interfaces/include/iris_interfaces/iris_interfaces/msg/detail/sensor_status__type_support.c\n'}
[1.443089] (iris_interfaces) StdoutLine: {'line': b'-- Up-to-date: /home/maddy/iris_test_tool/install/iris_interfaces/include/iris_interfaces/iris_interfaces/msg/detail/water_tank_levels__rosidl_typesupport_introspection_c.h\n'}
[1.443541] (iris_interfaces) StdoutLine: {'line': b'-- Up-to-date: /home/maddy/iris_test_tool/install/iris_interfaces/include/iris_interfaces/iris_interfaces/msg/detail/brush_status__type_support.c\n'}
[1.444112] (iris_interfaces) StdoutLine: {'line': b'-- Up-to-date: /home/maddy/iris_test_tool/install/iris_interfaces/include/iris_interfaces/iris_interfaces/msg/detail/system_software_status__type_support.c\n'}
[1.444472] (iris_interfaces) StdoutLine: {'line': b'-- Up-to-date: /home/maddy/iris_test_tool/install/iris_interfaces/include/iris_interfaces/iris_interfaces/msg/detail/vacuum_status__rosidl_typesupport_introspection_c.h\n'}
[1.444982] (iris_interfaces) StdoutLine: {'line': b'-- Up-to-date: /home/maddy/iris_test_tool/install/iris_interfaces/include/iris_interfaces/iris_interfaces/msg/detail/actuator_status__rosidl_typesupport_introspection_c.h\n'}
[1.445604] (iris_interfaces) StdoutLine: {'line': b'-- Up-to-date: /home/maddy/iris_test_tool/install/iris_interfaces/include/iris_interfaces/iris_interfaces/msg/detail/a5_status__type_support.c\n'}
[1.446363] (iris_interfaces) StdoutLine: {'line': b'-- Up-to-date: /home/maddy/iris_test_tool/install/iris_interfaces/include/iris_interfaces/iris_interfaces/msg/detail/wheel_command_speed__rosidl_typesupport_introspection_c.h\n'}
[1.446564] (iris_interfaces) StdoutLine: {'line': b'-- Up-to-date: /home/maddy/iris_test_tool/install/iris_interfaces/include/iris_interfaces/iris_interfaces/msg/detail/actuator_status__type_support.c\n'}
[1.446814] (iris_interfaces) StdoutLine: {'line': b'-- Up-to-date: /home/maddy/iris_test_tool/install/iris_interfaces/include/iris_interfaces/iris_interfaces/msg/detail/wheel_encoders__type_support.c\n'}
[1.447004] (iris_interfaces) StdoutLine: {'line': b'-- Up-to-date: /home/maddy/iris_test_tool/install/iris_interfaces/include/iris_interfaces/iris_interfaces/msg/detail/mender_client_status__rosidl_typesupport_introspection_c.h\n'}
[1.447289] (iris_interfaces) StdoutLine: {'line': b'-- Up-to-date: /home/maddy/iris_test_tool/install/iris_interfaces/include/iris_interfaces/iris_interfaces/msg/detail/follow_path_result__rosidl_typesupport_introspection_c.h\n'}
[1.447538] (iris_interfaces) StdoutLine: {'line': b'-- Up-to-date: /home/maddy/iris_test_tool/install/iris_interfaces/include/iris_interfaces/iris_interfaces/msg/detail/headband_mode__rosidl_typesupport_introspection_c.h\n'}
[1.447761] (iris_interfaces) StdoutLine: {'line': b'-- Up-to-date: /home/maddy/iris_test_tool/install/iris_interfaces/include/iris_interfaces/iris_interfaces/msg/detail/wheel_encoders__rosidl_typesupport_introspection_c.h\n'}
[1.447984] (iris_interfaces) StdoutLine: {'line': b'-- Up-to-date: /home/maddy/iris_test_tool/install/iris_interfaces/include/iris_interfaces/iris_interfaces/msg/detail/vacuum_faults__type_support.c\n'}
[1.448172] (iris_interfaces) StdoutLine: {'line': b'-- Up-to-date: /home/maddy/iris_test_tool/install/iris_interfaces/include/iris_interfaces/iris_interfaces/msg/detail/motor_controller_status__type_support.c\n'}
[1.448362] (iris_interfaces) StdoutLine: {'line': b'-- Up-to-date: /home/maddy/iris_test_tool/install/iris_interfaces/include/iris_interfaces/iris_interfaces/msg/detail/wheel_command_speed__type_support.c\n'}
[1.448593] (iris_interfaces) StdoutLine: {'line': b'-- Up-to-date: /home/maddy/iris_test_tool/install/iris_interfaces/include/iris_interfaces/iris_interfaces/msg/detail/motor_status__rosidl_typesupport_introspection_c.h\n'}
[1.448779] (iris_interfaces) StdoutLine: {'line': b'-- Up-to-date: /home/maddy/iris_test_tool/install/iris_interfaces/include/iris_interfaces/iris_interfaces/msg/detail/brush_faults__rosidl_typesupport_introspection_c.h\n'}
[1.448973] (iris_interfaces) StdoutLine: {'line': b'-- Up-to-date: /home/maddy/iris_test_tool/install/iris_interfaces/include/iris_interfaces/iris_interfaces/msg/detail/motor_status__type_support.c\n'}
[1.449226] (iris_interfaces) StdoutLine: {'line': b'-- Up-to-date: /home/maddy/iris_test_tool/install/iris_interfaces/include/iris_interfaces/iris_interfaces/msg/detail/sensor_status__rosidl_typesupport_introspection_c.h\n'}
[1.449438] (iris_interfaces) StdoutLine: {'line': b'-- Up-to-date: /home/maddy/iris_test_tool/install/iris_interfaces/include/iris_interfaces/iris_interfaces/msg/detail/led_control__rosidl_typesupport_introspection_c.h\n'}
[1.449615] (iris_interfaces) StdoutLine: {'line': b'-- Up-to-date: /home/maddy/iris_test_tool/install/iris_interfaces/include/iris_interfaces/iris_interfaces/msg/detail/a2_fault_status__type_support.c\n'}
[1.449837] (iris_interfaces) StdoutLine: {'line': b'-- Up-to-date: /home/maddy/iris_test_tool/install/iris_interfaces/include/iris_interfaces/iris_interfaces/msg/detail/led_control__type_support.c\n'}
[1.450027] (iris_interfaces) StdoutLine: {'line': b'-- Up-to-date: /home/maddy/iris_test_tool/install/iris_interfaces/include/iris_interfaces/iris_interfaces/msg/detail/mender_client_status__type_support.c\n'}
[1.450207] (iris_interfaces) StdoutLine: {'line': b'-- Up-to-date: /home/maddy/iris_test_tool/install/iris_interfaces/include/iris_interfaces/iris_interfaces/msg/detail/water_tank_levels__type_support.c\n'}
[1.450385] (iris_interfaces) StdoutLine: {'line': b'-- Up-to-date: /home/maddy/iris_test_tool/install/iris_interfaces/include/iris_interfaces/iris_interfaces/msg/detail/brush_faults__type_support.c\n'}
[1.450619] (iris_interfaces) StdoutLine: {'line': b'-- Up-to-date: /home/maddy/iris_test_tool/install/iris_interfaces/include/iris_interfaces/iris_interfaces/msg/detail/ultrasonic_ranges__rosidl_typesupport_introspection_c.h\n'}
[1.450808] (iris_interfaces) StdoutLine: {'line': b'-- Up-to-date: /home/maddy/iris_test_tool/install/iris_interfaces/include/iris_interfaces/iris_interfaces/msg/detail/headband_mode__type_support.c\n'}
[1.451018] (iris_interfaces) StdoutLine: {'line': b'-- Up-to-date: /home/maddy/iris_test_tool/install/iris_interfaces/include/iris_interfaces/iris_interfaces/msg/detail/a2_command__type_support.c\n'}
[1.451340] (iris_interfaces) StdoutLine: {'line': b'-- Up-to-date: /home/maddy/iris_test_tool/install/iris_interfaces/include/iris_interfaces/iris_interfaces/msg/detail/navigation_mode__rosidl_typesupport_introspection_c.h\n'}
[1.451520] (iris_interfaces) StdoutLine: {'line': b'-- Up-to-date: /home/maddy/iris_test_tool/install/iris_interfaces/include/iris_interfaces/iris_interfaces/msg/detail/a2_functional_status__type_support.c\n'}
[1.451763] (iris_interfaces) StdoutLine: {'line': b'-- Up-to-date: /home/maddy/iris_test_tool/install/iris_interfaces/include/iris_interfaces/iris_interfaces/msg/detail/system_software_status__rosidl_typesupport_introspection_c.h\n'}
[1.451951] (iris_interfaces) StdoutLine: {'line': b'-- Up-to-date: /home/maddy/iris_test_tool/install/iris_interfaces/include/iris_interfaces/iris_interfaces/msg/detail/a2_functional_status__rosidl_typesupport_introspection_c.h\n'}
[1.452156] (iris_interfaces) StdoutLine: {'line': b'-- Up-to-date: /home/maddy/iris_test_tool/install/iris_interfaces/include/iris_interfaces/iris_interfaces/msg/detail/a2_command__rosidl_typesupport_introspection_c.h\n'}
[1.452355] (iris_interfaces) StdoutLine: {'line': b'-- Up-to-date: /home/maddy/iris_test_tool/install/iris_interfaces/include/iris_interfaces/iris_interfaces/msg/detail/ota_status__rosidl_typesupport_introspection_c.h\n'}
[1.452548] (iris_interfaces) StdoutLine: {'line': b'-- Up-to-date: /home/maddy/iris_test_tool/install/iris_interfaces/include/iris_interfaces/iris_interfaces/msg/detail/motor_controller_status__rosidl_typesupport_introspection_c.h\n'}
[1.452762] (iris_interfaces) StdoutLine: {'line': b'-- Up-to-date: /home/maddy/iris_test_tool/install/iris_interfaces/include/iris_interfaces/iris_interfaces/msg/detail/ultrasonic_ranges__type_support.c\n'}
[1.452985] (iris_interfaces) StdoutLine: {'line': b'-- Up-to-date: /home/maddy/iris_test_tool/install/iris_interfaces/include/iris_interfaces/iris_interfaces/msg/detail/a5_status__rosidl_typesupport_introspection_c.h\n'}
[1.453199] (iris_interfaces) StdoutLine: {'line': b'-- Up-to-date: /home/maddy/iris_test_tool/install/iris_interfaces/include/iris_interfaces/iris_interfaces/msg/rosidl_typesupport_introspection_c__visibility_control.h\n'}
[1.453373] (iris_interfaces) StdoutLine: {'line': b'-- Up-to-date: /home/maddy/iris_test_tool/install/iris_interfaces/lib/libiris_interfaces__rosidl_typesupport_introspection_c.so\n'}
[1.453546] (iris_interfaces) StdoutLine: {'line': b'-- Up-to-date: /home/maddy/iris_test_tool/install/iris_interfaces/lib/libiris_interfaces__rosidl_typesupport_c.so\n'}
[1.453784] (iris_interfaces) StdoutLine: {'line': b'-- Up-to-date: /home/maddy/iris_test_tool/install/iris_interfaces/include/iris_interfaces/iris_interfaces\n'}
[1.453965] (iris_interfaces) StdoutLine: {'line': b'-- Up-to-date: /home/maddy/iris_test_tool/install/iris_interfaces/include/iris_interfaces/iris_interfaces/srv\n'}
[1.454144] (iris_interfaces) StdoutLine: {'line': b'-- Up-to-date: /home/maddy/iris_test_tool/install/iris_interfaces/include/iris_interfaces/iris_interfaces/srv/reset_wheel_encoders.hpp\n'}
[1.454322] (iris_interfaces) StdoutLine: {'line': b'-- Up-to-date: /home/maddy/iris_test_tool/install/iris_interfaces/include/iris_interfaces/iris_interfaces/srv/update_motor_controller_parameters.hpp\n'}
[1.454499] (iris_interfaces) StdoutLine: {'line': b'-- Up-to-date: /home/maddy/iris_test_tool/install/iris_interfaces/include/iris_interfaces/iris_interfaces/srv/disconnect_wifi.hpp\n'}
[1.454763] (iris_interfaces) StdoutLine: {'line': b'-- Up-to-date: /home/maddy/iris_test_tool/install/iris_interfaces/include/iris_interfaces/iris_interfaces/srv/restart_motor_controller.hpp\n'}
[1.454976] (iris_interfaces) StdoutLine: {'line': b'-- Up-to-date: /home/maddy/iris_test_tool/install/iris_interfaces/include/iris_interfaces/iris_interfaces/srv/reset_a2_faults.hpp\n'}
[1.455185] (iris_interfaces) StdoutLine: {'line': b'-- Up-to-date: /home/maddy/iris_test_tool/install/iris_interfaces/include/iris_interfaces/iris_interfaces/srv/wifi_discovery.hpp\n'}
[1.455375] (iris_interfaces) StdoutLine: {'line': b'-- Up-to-date: /home/maddy/iris_test_tool/install/iris_interfaces/include/iris_interfaces/iris_interfaces/srv/get_wifi_status.hpp\n'}
[1.455636] (iris_interfaces) StdoutLine: {'line': b'-- Up-to-date: /home/maddy/iris_test_tool/install/iris_interfaces/include/iris_interfaces/iris_interfaces/srv/detail\n'}
[1.455815] (iris_interfaces) StdoutLine: {'line': b'-- Up-to-date: /home/maddy/iris_test_tool/install/iris_interfaces/include/iris_interfaces/iris_interfaces/srv/detail/disconnect_wifi__type_support.hpp\n'}
[1.455995] (iris_interfaces) StdoutLine: {'line': b'-- Up-to-date: /home/maddy/iris_test_tool/install/iris_interfaces/include/iris_interfaces/iris_interfaces/srv/detail/process_manager__struct.hpp\n'}
[1.456181] (iris_interfaces) StdoutLine: {'line': b'-- Up-to-date: /home/maddy/iris_test_tool/install/iris_interfaces/include/iris_interfaces/iris_interfaces/srv/detail/restart_motor_controller__struct.hpp\n'}
[1.456359] (iris_interfaces) StdoutLine: {'line': b'-- Up-to-date: /home/maddy/iris_test_tool/install/iris_interfaces/include/iris_interfaces/iris_interfaces/srv/detail/update_motor_controller_parameters__type_support.hpp\n'}
[1.456615] (iris_interfaces) StdoutLine: {'line': b'-- Up-to-date: /home/maddy/iris_test_tool/install/iris_interfaces/include/iris_interfaces/iris_interfaces/srv/detail/reset_wheel_encoders__builder.hpp\n'}
[1.456814] (iris_interfaces) StdoutLine: {'line': b'-- Up-to-date: /home/maddy/iris_test_tool/install/iris_interfaces/include/iris_interfaces/iris_interfaces/srv/detail/connect_wifi__builder.hpp\n'}
[1.457017] (iris_interfaces) StdoutLine: {'line': b'-- Up-to-date: /home/maddy/iris_test_tool/install/iris_interfaces/include/iris_interfaces/iris_interfaces/srv/detail/update_motor_controller_parameters__struct.hpp\n'}
[1.457207] (iris_interfaces) StdoutLine: {'line': b'-- Up-to-date: /home/maddy/iris_test_tool/install/iris_interfaces/include/iris_interfaces/iris_interfaces/srv/detail/process_manager__traits.hpp\n'}
[1.457413] (iris_interfaces) StdoutLine: {'line': b'-- Up-to-date: /home/maddy/iris_test_tool/install/iris_interfaces/include/iris_interfaces/iris_interfaces/srv/detail/restart_motor_controller__traits.hpp\n'}
[1.457592] (iris_interfaces) StdoutLine: {'line': b'-- Up-to-date: /home/maddy/iris_test_tool/install/iris_interfaces/include/iris_interfaces/iris_interfaces/srv/detail/update_motor_controller_parameters__traits.hpp\n'}
[1.457771] (iris_interfaces) StdoutLine: {'line': b'-- Up-to-date: /home/maddy/iris_test_tool/install/iris_interfaces/include/iris_interfaces/iris_interfaces/srv/detail/update_motor_controller_parameters__builder.hpp\n'}
[1.457948] (iris_interfaces) StdoutLine: {'line': b'-- Up-to-date: /home/maddy/iris_test_tool/install/iris_interfaces/include/iris_interfaces/iris_interfaces/srv/detail/reset_a2_faults__type_support.hpp\n'}
[1.458147] (iris_interfaces) StdoutLine: {'line': b'-- Up-to-date: /home/maddy/iris_test_tool/install/iris_interfaces/include/iris_interfaces/iris_interfaces/srv/detail/update_motor_controller_reference_source__builder.hpp\n'}
[1.458328] (iris_interfaces) StdoutLine: {'line': b'-- Up-to-date: /home/maddy/iris_test_tool/install/iris_interfaces/include/iris_interfaces/iris_interfaces/srv/detail/state_manager__struct.hpp\n'}
[1.458526] (iris_interfaces) StdoutLine: {'line': b'-- Up-to-date: /home/maddy/iris_test_tool/install/iris_interfaces/include/iris_interfaces/iris_interfaces/srv/detail/restart_motor_controller__builder.hpp\n'}
[1.458709] (iris_interfaces) StdoutLine: {'line': b'-- Up-to-date: /home/maddy/iris_test_tool/install/iris_interfaces/include/iris_interfaces/iris_interfaces/srv/detail/disconnect_wifi__struct.hpp\n'}
[1.458886] (iris_interfaces) StdoutLine: {'line': b'-- Up-to-date: /home/maddy/iris_test_tool/install/iris_interfaces/include/iris_interfaces/iris_interfaces/srv/detail/connect_wifi__type_support.hpp\n'}
[1.459086] (iris_interfaces) StdoutLine: {'line': b'-- Up-to-date: /home/maddy/iris_test_tool/install/iris_interfaces/include/iris_interfaces/iris_interfaces/srv/detail/update_motor_controller_reference_source__type_support.hpp\n'}
[1.459289] (iris_interfaces) StdoutLine: {'line': b'-- Up-to-date: /home/maddy/iris_test_tool/install/iris_interfaces/include/iris_interfaces/iris_interfaces/srv/detail/get_wifi_status__builder.hpp\n'}
[1.459468] (iris_interfaces) StdoutLine: {'line': b'-- Up-to-date: /home/maddy/iris_test_tool/install/iris_interfaces/include/iris_interfaces/iris_interfaces/srv/detail/state_manager__type_support.hpp\n'}
[1.459671] (iris_interfaces) StdoutLine: {'line': b'-- Up-to-date: /home/maddy/iris_test_tool/install/iris_interfaces/include/iris_interfaces/iris_interfaces/srv/detail/wifi_discovery__traits.hpp\n'}
[1.459907] (iris_interfaces) StdoutLine: {'line': b'-- Up-to-date: /home/maddy/iris_test_tool/install/iris_interfaces/include/iris_interfaces/iris_interfaces/srv/detail/reset_wheel_encoders__struct.hpp\n'}
[1.460121] (iris_interfaces) StdoutLine: {'line': b'-- Up-to-date: /home/maddy/iris_test_tool/install/iris_interfaces/include/iris_interfaces/iris_interfaces/srv/detail/get_wifi_status__struct.hpp\n'}
[1.460289] (iris_interfaces) StdoutLine: {'line': b'-- Up-to-date: /home/maddy/iris_test_tool/install/iris_interfaces/include/iris_interfaces/iris_interfaces/srv/detail/process_manager__type_support.hpp\n'}
[1.460465] (iris_interfaces) StdoutLine: {'line': b'-- Up-to-date: /home/maddy/iris_test_tool/install/iris_interfaces/include/iris_interfaces/iris_interfaces/srv/detail/a2_command__builder.hpp\n'}
[1.460646] (iris_interfaces) StdoutLine: {'line': b'-- Up-to-date: /home/maddy/iris_test_tool/install/iris_interfaces/include/iris_interfaces/iris_interfaces/srv/detail/wifi_discovery__builder.hpp\n'}
[1.460823] (iris_interfaces) StdoutLine: {'line': b'-- Up-to-date: /home/maddy/iris_test_tool/install/iris_interfaces/include/iris_interfaces/iris_interfaces/srv/detail/restart_motor_controller__type_support.hpp\n'}
[1.461015] (iris_interfaces) StdoutLine: {'line': b'-- Up-to-date: /home/maddy/iris_test_tool/install/iris_interfaces/include/iris_interfaces/iris_interfaces/srv/detail/disconnect_wifi__traits.hpp\n'}
[1.461236] (iris_interfaces) StdoutLine: {'line': b'-- Up-to-date: /home/maddy/iris_test_tool/install/iris_interfaces/include/iris_interfaces/iris_interfaces/srv/detail/disconnect_wifi__builder.hpp\n'}
[1.461418] (iris_interfaces) StdoutLine: {'line': b'-- Up-to-date: /home/maddy/iris_test_tool/install/iris_interfaces/include/iris_interfaces/iris_interfaces/srv/detail/connect_wifi__struct.hpp\n'}
[1.461645] (iris_interfaces) StdoutLine: {'line': b'-- Up-to-date: /home/maddy/iris_test_tool/install/iris_interfaces/include/iris_interfaces/iris_interfaces/srv/detail/get_wifi_status__traits.hpp\n'}
[1.461856] (iris_interfaces) StdoutLine: {'line': b'-- Up-to-date: /home/maddy/iris_test_tool/install/iris_interfaces/include/iris_interfaces/iris_interfaces/srv/detail/process_manager__builder.hpp\n'}
[1.462101] (iris_interfaces) StdoutLine: {'line': b'-- Up-to-date: /home/maddy/iris_test_tool/install/iris_interfaces/include/iris_interfaces/iris_interfaces/srv/detail/reset_a2_faults__struct.hpp\n'}
[1.462291] (iris_interfaces) StdoutLine: {'line': b'-- Up-to-date: /home/maddy/iris_test_tool/install/iris_interfaces/include/iris_interfaces/iris_interfaces/srv/detail/reset_wheel_encoders__traits.hpp\n'}
[1.462508] (iris_interfaces) StdoutLine: {'line': b'-- Up-to-date: /home/maddy/iris_test_tool/install/iris_interfaces/include/iris_interfaces/iris_interfaces/srv/detail/update_motor_controller_reference_source__traits.hpp\n'}
[1.462690] (iris_interfaces) StdoutLine: {'line': b'-- Up-to-date: /home/maddy/iris_test_tool/install/iris_interfaces/include/iris_interfaces/iris_interfaces/srv/detail/get_wifi_status__type_support.hpp\n'}
[1.462872] (iris_interfaces) StdoutLine: {'line': b'-- Up-to-date: /home/maddy/iris_test_tool/install/iris_interfaces/include/iris_interfaces/iris_interfaces/srv/detail/reset_wheel_encoders__type_support.hpp\n'}
[1.463137] (iris_interfaces) StdoutLine: {'line': b'-- Up-to-date: /home/maddy/iris_test_tool/install/iris_interfaces/include/iris_interfaces/iris_interfaces/srv/detail/a2_command__type_support.hpp\n'}
[1.463381] (iris_interfaces) StdoutLine: {'line': b'-- Up-to-date: /home/maddy/iris_test_tool/install/iris_interfaces/include/iris_interfaces/iris_interfaces/srv/detail/connect_wifi__traits.hpp\n'}
[1.463588] (iris_interfaces) StdoutLine: {'line': b'-- Up-to-date: /home/maddy/iris_test_tool/install/iris_interfaces/include/iris_interfaces/iris_interfaces/srv/detail/state_manager__traits.hpp\n'}
[1.463798] (iris_interfaces) StdoutLine: {'line': b'-- Up-to-date: /home/maddy/iris_test_tool/install/iris_interfaces/include/iris_interfaces/iris_interfaces/srv/detail/state_manager__builder.hpp\n'}
[1.463990] (iris_interfaces) StdoutLine: {'line': b'-- Up-to-date: /home/maddy/iris_test_tool/install/iris_interfaces/include/iris_interfaces/iris_interfaces/srv/detail/reset_a2_faults__builder.hpp\n'}
[1.464160] (iris_interfaces) StdoutLine: {'line': b'-- Up-to-date: /home/maddy/iris_test_tool/install/iris_interfaces/include/iris_interfaces/iris_interfaces/srv/detail/a2_command__traits.hpp\n'}
[1.464336] (iris_interfaces) StdoutLine: {'line': b'-- Up-to-date: /home/maddy/iris_test_tool/install/iris_interfaces/include/iris_interfaces/iris_interfaces/srv/detail/a2_command__struct.hpp\n'}
[1.464519] (iris_interfaces) StdoutLine: {'line': b'-- Up-to-date: /home/maddy/iris_test_tool/install/iris_interfaces/include/iris_interfaces/iris_interfaces/srv/detail/reset_a2_faults__traits.hpp\n'}
[1.464698] (iris_interfaces) StdoutLine: {'line': b'-- Up-to-date: /home/maddy/iris_test_tool/install/iris_interfaces/include/iris_interfaces/iris_interfaces/srv/detail/wifi_discovery__type_support.hpp\n'}
[1.464875] (iris_interfaces) StdoutLine: {'line': b'-- Up-to-date: /home/maddy/iris_test_tool/install/iris_interfaces/include/iris_interfaces/iris_interfaces/srv/detail/update_motor_controller_reference_source__struct.hpp\n'}
[1.465067] (iris_interfaces) StdoutLine: {'line': b'-- Up-to-date: /home/maddy/iris_test_tool/install/iris_interfaces/include/iris_interfaces/iris_interfaces/srv/detail/wifi_discovery__struct.hpp\n'}
[1.465246] (iris_interfaces) StdoutLine: {'line': b'-- Up-to-date: /home/maddy/iris_test_tool/install/iris_interfaces/include/iris_interfaces/iris_interfaces/srv/process_manager.hpp\n'}
[1.465452] (iris_interfaces) StdoutLine: {'line': b'-- Up-to-date: /home/maddy/iris_test_tool/install/iris_interfaces/include/iris_interfaces/iris_interfaces/srv/state_manager.hpp\n'}
[1.465667] (iris_interfaces) StdoutLine: {'line': b'-- Up-to-date: /home/maddy/iris_test_tool/install/iris_interfaces/include/iris_interfaces/iris_interfaces/srv/connect_wifi.hpp\n'}
[1.465909] (iris_interfaces) StdoutLine: {'line': b'-- Up-to-date: /home/maddy/iris_test_tool/install/iris_interfaces/include/iris_interfaces/iris_interfaces/srv/a2_command.hpp\n'}
[1.466082] (iris_interfaces) StdoutLine: {'line': b'-- Up-to-date: /home/maddy/iris_test_tool/install/iris_interfaces/include/iris_interfaces/iris_interfaces/srv/update_motor_controller_reference_source.hpp\n'}
[1.466257] (iris_interfaces) StdoutLine: {'line': b'-- Up-to-date: /home/maddy/iris_test_tool/install/iris_interfaces/include/iris_interfaces/iris_interfaces/action\n'}
[1.466437] (iris_interfaces) StdoutLine: {'line': b'-- Up-to-date: /home/maddy/iris_test_tool/install/iris_interfaces/include/iris_interfaces/iris_interfaces/action/path_coverage_controller.hpp\n'}
[1.466615] (iris_interfaces) StdoutLine: {'line': b'-- Up-to-date: /home/maddy/iris_test_tool/install/iris_interfaces/include/iris_interfaces/iris_interfaces/action/compute_path_coverage.hpp\n'}
[1.466792] (iris_interfaces) StdoutLine: {'line': b'-- Up-to-date: /home/maddy/iris_test_tool/install/iris_interfaces/include/iris_interfaces/iris_interfaces/action/navigate_path_coverage.hpp\n'}
[1.466970] (iris_interfaces) StdoutLine: {'line': b'-- Up-to-date: /home/maddy/iris_test_tool/install/iris_interfaces/include/iris_interfaces/iris_interfaces/action/detail\n'}
[1.467339] (iris_interfaces) StdoutLine: {'line': b'-- Up-to-date: /home/maddy/iris_test_tool/install/iris_interfaces/include/iris_interfaces/iris_interfaces/action/detail/path_coverage_controller__struct.hpp\n'}
[1.467573] (iris_interfaces) StdoutLine: {'line': b'-- Up-to-date: /home/maddy/iris_test_tool/install/iris_interfaces/include/iris_interfaces/iris_interfaces/action/detail/compute_path_coverage__type_support.hpp\n'}
[1.467794] (iris_interfaces) StdoutLine: {'line': b'-- Up-to-date: /home/maddy/iris_test_tool/install/iris_interfaces/include/iris_interfaces/iris_interfaces/action/detail/navigate_path_coverage__builder.hpp\n'}
[1.468050] (iris_interfaces) StdoutLine: {'line': b'-- Up-to-date: /home/maddy/iris_test_tool/install/iris_interfaces/include/iris_interfaces/iris_interfaces/action/detail/compute_path_coverage__traits.hpp\n'}
[1.468262] (iris_interfaces) StdoutLine: {'line': b'-- Up-to-date: /home/maddy/iris_test_tool/install/iris_interfaces/include/iris_interfaces/iris_interfaces/action/detail/path_coverage_controller__traits.hpp\n'}
[1.468536] (iris_interfaces) StdoutLine: {'line': b'-- Up-to-date: /home/maddy/iris_test_tool/install/iris_interfaces/include/iris_interfaces/iris_interfaces/action/detail/navigate_path_coverage__struct.hpp\n'}
[1.468746] (iris_interfaces) StdoutLine: {'line': b'-- Up-to-date: /home/maddy/iris_test_tool/install/iris_interfaces/include/iris_interfaces/iris_interfaces/action/detail/path_coverage_controller__type_support.hpp\n'}
[1.468956] (iris_interfaces) StdoutLine: {'line': b'-- Up-to-date: /home/maddy/iris_test_tool/install/iris_interfaces/include/iris_interfaces/iris_interfaces/action/detail/navigate_path_coverage__type_support.hpp\n'}
[1.469226] (iris_interfaces) StdoutLine: {'line': b'-- Up-to-date: /home/maddy/iris_test_tool/install/iris_interfaces/include/iris_interfaces/iris_interfaces/action/detail/navigate_path_coverage__traits.hpp\n'}
[1.469431] (iris_interfaces) StdoutLine: {'line': b'-- Up-to-date: /home/maddy/iris_test_tool/install/iris_interfaces/include/iris_interfaces/iris_interfaces/action/detail/compute_path_coverage__builder.hpp\n'}
[1.469649] (iris_interfaces) StdoutLine: {'line': b'-- Up-to-date: /home/maddy/iris_test_tool/install/iris_interfaces/include/iris_interfaces/iris_interfaces/action/detail/path_coverage_controller__builder.hpp\n'}
[1.469851] (iris_interfaces) StdoutLine: {'line': b'-- Up-to-date: /home/maddy/iris_test_tool/install/iris_interfaces/include/iris_interfaces/iris_interfaces/action/detail/compute_path_coverage__struct.hpp\n'}
[1.470118] (iris_interfaces) StdoutLine: {'line': b'-- Up-to-date: /home/maddy/iris_test_tool/install/iris_interfaces/include/iris_interfaces/iris_interfaces/msg\n'}
[1.470325] (iris_interfaces) StdoutLine: {'line': b'-- Up-to-date: /home/maddy/iris_test_tool/install/iris_interfaces/include/iris_interfaces/iris_interfaces/msg/motor_controller_status.hpp\n'}
[1.470613] (iris_interfaces) StdoutLine: {'line': b'-- Up-to-date: /home/maddy/iris_test_tool/install/iris_interfaces/include/iris_interfaces/iris_interfaces/msg/wheel_command_speed.hpp\n'}
[1.470821] (iris_interfaces) StdoutLine: {'line': b'-- Up-to-date: /home/maddy/iris_test_tool/install/iris_interfaces/include/iris_interfaces/iris_interfaces/msg/follow_path_result.hpp\n'}
[1.471026] (iris_interfaces) StdoutLine: {'line': b'-- Up-to-date: /home/maddy/iris_test_tool/install/iris_interfaces/include/iris_interfaces/iris_interfaces/msg/vacuum_status.hpp\n'}
[1.471340] (iris_interfaces) StdoutLine: {'line': b'-- Up-to-date: /home/maddy/iris_test_tool/install/iris_interfaces/include/iris_interfaces/iris_interfaces/msg/actuator_status.hpp\n'}
[1.471552] (iris_interfaces) StdoutLine: {'line': b'-- Up-to-date: /home/maddy/iris_test_tool/install/iris_interfaces/include/iris_interfaces/iris_interfaces/msg/ota_status.hpp\n'}
[1.471759] (iris_interfaces) StdoutLine: {'line': b'-- Up-to-date: /home/maddy/iris_test_tool/install/iris_interfaces/include/iris_interfaces/iris_interfaces/msg/brush_status.hpp\n'}
[1.471989] (iris_interfaces) StdoutLine: {'line': b'-- Up-to-date: /home/maddy/iris_test_tool/install/iris_interfaces/include/iris_interfaces/iris_interfaces/msg/vacuum_faults.hpp\n'}
[1.472190] (iris_interfaces) StdoutLine: {'line': b'-- Up-to-date: /home/maddy/iris_test_tool/install/iris_interfaces/include/iris_interfaces/iris_interfaces/msg/ultrasonic_ranges.hpp\n'}
[1.472398] (iris_interfaces) StdoutLine: {'line': b'-- Up-to-date: /home/maddy/iris_test_tool/install/iris_interfaces/include/iris_interfaces/iris_interfaces/msg/detail\n'}
[1.472665] (iris_interfaces) StdoutLine: {'line': b'-- Up-to-date: /home/maddy/iris_test_tool/install/iris_interfaces/include/iris_interfaces/iris_interfaces/msg/detail/mender_client_status__type_support.hpp\n'}
[1.472871] (iris_interfaces) StdoutLine: {'line': b'-- Up-to-date: /home/maddy/iris_test_tool/install/iris_interfaces/include/iris_interfaces/iris_interfaces/msg/detail/sensor_status__builder.hpp\n'}
[1.473058] (iris_interfaces) StdoutLine: {'line': b'-- Up-to-date: /home/maddy/iris_test_tool/install/iris_interfaces/include/iris_interfaces/iris_interfaces/msg/detail/a2_fault_status__struct.hpp\n'}
[1.473322] (iris_interfaces) StdoutLine: {'line': b'-- Up-to-date: /home/maddy/iris_test_tool/install/iris_interfaces/include/iris_interfaces/iris_interfaces/msg/detail/a5_status__builder.hpp\n'}
[1.473527] (iris_interfaces) StdoutLine: {'line': b'-- Up-to-date: /home/maddy/iris_test_tool/install/iris_interfaces/include/iris_interfaces/iris_interfaces/msg/detail/brush_faults__struct.hpp\n'}
[1.473749] (iris_interfaces) StdoutLine: {'line': b'-- Up-to-date: /home/maddy/iris_test_tool/install/iris_interfaces/include/iris_interfaces/iris_interfaces/msg/detail/navigation_mode__builder.hpp\n'}
[1.473954] (iris_interfaces) StdoutLine: {'line': b'-- Up-to-date: /home/maddy/iris_test_tool/install/iris_interfaces/include/iris_interfaces/iris_interfaces/msg/detail/a2_functional_status__traits.hpp\n'}
[1.474257] (iris_interfaces) StdoutLine: {'line': b'-- Up-to-date: /home/maddy/iris_test_tool/install/iris_interfaces/include/iris_interfaces/iris_interfaces/msg/detail/vacuum_status__struct.hpp\n'}
[1.474460] (iris_interfaces) StdoutLine: {'line': b'-- Up-to-date: /home/maddy/iris_test_tool/install/iris_interfaces/include/iris_interfaces/iris_interfaces/msg/detail/ultrasonic_ranges__struct.hpp\n'}
[1.474715] (iris_interfaces) StdoutLine: {'line': b'-- Up-to-date: /home/maddy/iris_test_tool/install/iris_interfaces/include/iris_interfaces/iris_interfaces/msg/detail/follow_path_result__builder.hpp\n'}
[1.474936] (iris_interfaces) StdoutLine: {'line': b'-- Up-to-date: /home/maddy/iris_test_tool/install/iris_interfaces/include/iris_interfaces/iris_interfaces/msg/detail/vacuum_status__traits.hpp\n'}
[1.475508] (iris_interfaces) StdoutLine: {'line': b'-- Up-to-date: /home/maddy/iris_test_tool/install/iris_interfaces/include/iris_interfaces/iris_interfaces/msg/detail/a2_functional_status__type_support.hpp\n'}
[1.475857] (iris_interfaces) StdoutLine: {'line': b'-- Up-to-date: /home/maddy/iris_test_tool/install/iris_interfaces/include/iris_interfaces/iris_interfaces/msg/detail/navigation_mode__struct.hpp\n'}
[1.476177] (iris_interfaces) StdoutLine: {'line': b'-- Up-to-date: /home/maddy/iris_test_tool/install/iris_interfaces/include/iris_interfaces/iris_interfaces/msg/detail/motor_controller_status__struct.hpp\n'}
[1.476493] (iris_interfaces) StdoutLine: {'line': b'-- Up-to-date: /home/maddy/iris_test_tool/install/iris_interfaces/include/iris_interfaces/iris_interfaces/msg/detail/ota_status__type_support.hpp\n'}
[1.476805] (iris_interfaces) StdoutLine: {'line': b'-- Up-to-date: /home/maddy/iris_test_tool/install/iris_interfaces/include/iris_interfaces/iris_interfaces/msg/detail/system_software_status__traits.hpp\n'}
[1.477233] (iris_interfaces) StdoutLine: {'line': b'-- Up-to-date: /home/maddy/iris_test_tool/install/iris_interfaces/include/iris_interfaces/iris_interfaces/msg/detail/ota_status__struct.hpp\n'}
[1.477417] (iris_interfaces) StdoutLine: {'line': b'-- Up-to-date: /home/maddy/iris_test_tool/install/iris_interfaces/include/iris_interfaces/iris_interfaces/msg/detail/ultrasonic_ranges__builder.hpp\n'}
[1.477594] (iris_interfaces) StdoutLine: {'line': b'-- Up-to-date: /home/maddy/iris_test_tool/install/iris_interfaces/include/iris_interfaces/iris_interfaces/msg/detail/headband_mode__builder.hpp\n'}
[1.477843] (iris_interfaces) StdoutLine: {'line': b'-- Up-to-date: /home/maddy/iris_test_tool/install/iris_interfaces/include/iris_interfaces/iris_interfaces/msg/detail/brush_status__struct.hpp\n'}
[1.478039] (iris_interfaces) StdoutLine: {'line': b'-- Up-to-date: /home/maddy/iris_test_tool/install/iris_interfaces/include/iris_interfaces/iris_interfaces/msg/detail/ultrasonic_ranges__type_support.hpp\n'}
[1.478226] (iris_interfaces) StdoutLine: {'line': b'-- Up-to-date: /home/maddy/iris_test_tool/install/iris_interfaces/include/iris_interfaces/iris_interfaces/msg/detail/system_software_status__type_support.hpp\n'}
[1.478476] (iris_interfaces) StdoutLine: {'line': b'-- Up-to-date: /home/maddy/iris_test_tool/install/iris_interfaces/include/iris_interfaces/iris_interfaces/msg/detail/follow_path_result__struct.hpp\n'}
[1.478662] (iris_interfaces) StdoutLine: {'line': b'-- Up-to-date: /home/maddy/iris_test_tool/install/iris_interfaces/include/iris_interfaces/iris_interfaces/msg/detail/wheel_command_speed__type_support.hpp\n'}
[1.478853] (iris_interfaces) StdoutLine: {'line': b'-- Up-to-date: /home/maddy/iris_test_tool/install/iris_interfaces/include/iris_interfaces/iris_interfaces/msg/detail/wheel_command_speed__struct.hpp\n'}
[1.479253] (iris_interfaces) StdoutLine: {'line': b'-- Up-to-date: /home/maddy/iris_test_tool/install/iris_interfaces/include/iris_interfaces/iris_interfaces/msg/detail/navigation_mode__traits.hpp\n'}
[1.479490] (iris_interfaces) StdoutLine: {'line': b'-- Up-to-date: /home/maddy/iris_test_tool/install/iris_interfaces/include/iris_interfaces/iris_interfaces/msg/detail/mender_client_status__builder.hpp\n'}
[1.479734] (iris_interfaces) StdoutLine: {'line': b'-- Up-to-date: /home/maddy/iris_test_tool/install/iris_interfaces/include/iris_interfaces/iris_interfaces/msg/detail/water_tank_levels__traits.hpp\n'}
[1.480166] (iris_interfaces) StdoutLine: {'line': b'-- Up-to-date: /home/maddy/iris_test_tool/install/iris_interfaces/include/iris_interfaces/iris_interfaces/msg/detail/actuator_status__builder.hpp\n'}
[1.480402] (iris_interfaces) StdoutLine: {'line': b'-- Up-to-date: /home/maddy/iris_test_tool/install/iris_interfaces/include/iris_interfaces/iris_interfaces/msg/detail/system_software_status__struct.hpp\n'}
[1.480638] (iris_interfaces) StdoutLine: {'line': b'-- Up-to-date: /home/maddy/iris_test_tool/install/iris_interfaces/include/iris_interfaces/iris_interfaces/msg/detail/wheel_command_speed__builder.hpp\n'}
[1.480951] (iris_interfaces) StdoutLine: {'line': b'-- Up-to-date: /home/maddy/iris_test_tool/install/iris_interfaces/include/iris_interfaces/iris_interfaces/msg/detail/led_control__traits.hpp\n'}
[1.481253] (iris_interfaces) StdoutLine: {'line': b'-- Up-to-date: /home/maddy/iris_test_tool/install/iris_interfaces/include/iris_interfaces/iris_interfaces/msg/detail/wheel_encoders__builder.hpp\n'}
[1.481453] (iris_interfaces) StdoutLine: {'line': b'-- Up-to-date: /home/maddy/iris_test_tool/install/iris_interfaces/include/iris_interfaces/iris_interfaces/msg/detail/mender_client_status__struct.hpp\n'}
[1.481674] (iris_interfaces) StdoutLine: {'line': b'-- Up-to-date: /home/maddy/iris_test_tool/install/iris_interfaces/include/iris_interfaces/iris_interfaces/msg/detail/sensor_status__struct.hpp\n'}
[1.481880] (iris_interfaces) StdoutLine: {'line': b'-- Up-to-date: /home/maddy/iris_test_tool/install/iris_interfaces/include/iris_interfaces/iris_interfaces/msg/detail/a2_fault_status__builder.hpp\n'}
[1.482087] (iris_interfaces) StdoutLine: {'line': b'-- Up-to-date: /home/maddy/iris_test_tool/install/iris_interfaces/include/iris_interfaces/iris_interfaces/msg/detail/vacuum_faults__struct.hpp\n'}
[1.482384] (iris_interfaces) StdoutLine: {'line': b'-- Up-to-date: /home/maddy/iris_test_tool/install/iris_interfaces/include/iris_interfaces/iris_interfaces/msg/detail/ultrasonic_ranges__traits.hpp\n'}
[1.482581] (iris_interfaces) StdoutLine: {'line': b'-- Up-to-date: /home/maddy/iris_test_tool/install/iris_interfaces/include/iris_interfaces/iris_interfaces/msg/detail/headband_mode__traits.hpp\n'}
[1.482778] (iris_interfaces) StdoutLine: {'line': b'-- Up-to-date: /home/maddy/iris_test_tool/install/iris_interfaces/include/iris_interfaces/iris_interfaces/msg/detail/brush_faults__builder.hpp\n'}
[1.482979] (iris_interfaces) StdoutLine: {'line': b'-- Up-to-date: /home/maddy/iris_test_tool/install/iris_interfaces/include/iris_interfaces/iris_interfaces/msg/detail/a5_status__type_support.hpp\n'}
[1.483390] (iris_interfaces) StdoutLine: {'line': b'-- Up-to-date: /home/maddy/iris_test_tool/install/iris_interfaces/include/iris_interfaces/iris_interfaces/msg/detail/vacuum_faults__traits.hpp\n'}
[1.483611] (iris_interfaces) StdoutLine: {'line': b'-- Up-to-date: /home/maddy/iris_test_tool/install/iris_interfaces/include/iris_interfaces/iris_interfaces/msg/detail/a2_command__builder.hpp\n'}
[1.483824] (iris_interfaces) StdoutLine: {'line': b'-- Up-to-date: /home/maddy/iris_test_tool/install/iris_interfaces/include/iris_interfaces/iris_interfaces/msg/detail/headband_mode__struct.hpp\n'}
[1.484263] (iris_interfaces) StdoutLine: {'line': b'-- Up-to-date: /home/maddy/iris_test_tool/install/iris_interfaces/include/iris_interfaces/iris_interfaces/msg/detail/water_tank_levels__struct.hpp\n'}
[1.484523] (iris_interfaces) StdoutLine: {'line': b'-- Up-to-date: /home/maddy/iris_test_tool/install/iris_interfaces/include/iris_interfaces/iris_interfaces/msg/detail/led_control__builder.hpp\n'}
[1.484726] (iris_interfaces) StdoutLine: {'line': b'-- Up-to-date: /home/maddy/iris_test_tool/install/iris_interfaces/include/iris_interfaces/iris_interfaces/msg/detail/follow_path_result__traits.hpp\n'}
[1.484914] (iris_interfaces) StdoutLine: {'line': b'-- Up-to-date: /home/maddy/iris_test_tool/install/iris_interfaces/include/iris_interfaces/iris_interfaces/msg/detail/motor_controller_status__traits.hpp\n'}
[1.485114] (iris_interfaces) StdoutLine: {'line': b'-- Up-to-date: /home/maddy/iris_test_tool/install/iris_interfaces/include/iris_interfaces/iris_interfaces/msg/detail/brush_status__type_support.hpp\n'}
[1.485378] (iris_interfaces) StdoutLine: {'line': b'-- Up-to-date: /home/maddy/iris_test_tool/install/iris_interfaces/include/iris_interfaces/iris_interfaces/msg/detail/actuator_status__struct.hpp\n'}
[1.485577] (iris_interfaces) StdoutLine: {'line': b'-- Up-to-date: /home/maddy/iris_test_tool/install/iris_interfaces/include/iris_interfaces/iris_interfaces/msg/detail/actuator_status__traits.hpp\n'}
[1.485838] (iris_interfaces) StdoutLine: {'line': b'-- Up-to-date: /home/maddy/iris_test_tool/install/iris_interfaces/include/iris_interfaces/iris_interfaces/msg/detail/brush_faults__type_support.hpp\n'}
[1.486026] (iris_interfaces) StdoutLine: {'line': b'-- Up-to-date: /home/maddy/iris_test_tool/install/iris_interfaces/include/iris_interfaces/iris_interfaces/msg/detail/a2_functional_status__builder.hpp\n'}
[1.486218] (iris_interfaces) StdoutLine: {'line': b'-- Up-to-date: /home/maddy/iris_test_tool/install/iris_interfaces/include/iris_interfaces/iris_interfaces/msg/detail/a5_status__traits.hpp\n'}
[1.486409] (iris_interfaces) StdoutLine: {'line': b'-- Up-to-date: /home/maddy/iris_test_tool/install/iris_interfaces/include/iris_interfaces/iris_interfaces/msg/detail/vacuum_faults__type_support.hpp\n'}
[1.486599] (iris_interfaces) StdoutLine: {'line': b'-- Up-to-date: /home/maddy/iris_test_tool/install/iris_interfaces/include/iris_interfaces/iris_interfaces/msg/detail/motor_controller_status__type_support.hpp\n'}
[1.486768] (iris_interfaces) StdoutLine: {'line': b'-- Up-to-date: /home/maddy/iris_test_tool/install/iris_interfaces/include/iris_interfaces/iris_interfaces/msg/detail/vacuum_status__builder.hpp\n'}
[1.486969] (iris_interfaces) StdoutLine: {'line': b'-- Up-to-date: /home/maddy/iris_test_tool/install/iris_interfaces/include/iris_interfaces/iris_interfaces/msg/detail/mender_client_status__traits.hpp\n'}
[1.487238] (iris_interfaces) StdoutLine: {'line': b'-- Up-to-date: /home/maddy/iris_test_tool/install/iris_interfaces/include/iris_interfaces/iris_interfaces/msg/detail/a2_fault_status__type_support.hpp\n'}
[1.487358] (iris_interfaces) StdoutLine: {'line': b'-- Up-to-date: /home/maddy/iris_test_tool/install/iris_interfaces/include/iris_interfaces/iris_interfaces/msg/detail/system_software_status__builder.hpp\n'}
[1.487474] (iris_interfaces) StdoutLine: {'line': b'-- Up-to-date: /home/maddy/iris_test_tool/install/iris_interfaces/include/iris_interfaces/iris_interfaces/msg/detail/wheel_encoders__struct.hpp\n'}
[1.487586] (iris_interfaces) StdoutLine: {'line': b'-- Up-to-date: /home/maddy/iris_test_tool/install/iris_interfaces/include/iris_interfaces/iris_interfaces/msg/detail/water_tank_levels__builder.hpp\n'}
[1.487696] (iris_interfaces) StdoutLine: {'line': b'-- Up-to-date: /home/maddy/iris_test_tool/install/iris_interfaces/include/iris_interfaces/iris_interfaces/msg/detail/motor_status__builder.hpp\n'}
[1.487807] (iris_interfaces) StdoutLine: {'line': b'-- Up-to-date: /home/maddy/iris_test_tool/install/iris_interfaces/include/iris_interfaces/iris_interfaces/msg/detail/sensor_status__traits.hpp\n'}
[1.487918] (iris_interfaces) StdoutLine: {'line': b'-- Up-to-date: /home/maddy/iris_test_tool/install/iris_interfaces/include/iris_interfaces/iris_interfaces/msg/detail/sensor_status__type_support.hpp\n'}
[1.488091] (iris_interfaces) StdoutLine: {'line': b'-- Up-to-date: /home/maddy/iris_test_tool/install/iris_interfaces/include/iris_interfaces/iris_interfaces/msg/detail/brush_status__traits.hpp\n'}
[1.488204] (iris_interfaces) StdoutLine: {'line': b'-- Up-to-date: /home/maddy/iris_test_tool/install/iris_interfaces/include/iris_interfaces/iris_interfaces/msg/detail/a2_fault_status__traits.hpp\n'}
[1.488315] (iris_interfaces) StdoutLine: {'line': b'-- Up-to-date: /home/maddy/iris_test_tool/install/iris_interfaces/include/iris_interfaces/iris_interfaces/msg/detail/wheel_encoders__type_support.hpp\n'}
[1.488438] (iris_interfaces) StdoutLine: {'line': b'-- Up-to-date: /home/maddy/iris_test_tool/install/iris_interfaces/include/iris_interfaces/iris_interfaces/msg/detail/brush_status__builder.hpp\n'}
[1.488549] (iris_interfaces) StdoutLine: {'line': b'-- Up-to-date: /home/maddy/iris_test_tool/install/iris_interfaces/include/iris_interfaces/iris_interfaces/msg/detail/vacuum_faults__builder.hpp\n'}
[1.488660] (iris_interfaces) StdoutLine: {'line': b'-- Up-to-date: /home/maddy/iris_test_tool/install/iris_interfaces/include/iris_interfaces/iris_interfaces/msg/detail/ota_status__traits.hpp\n'}
[1.488770] (iris_interfaces) StdoutLine: {'line': b'-- Up-to-date: /home/maddy/iris_test_tool/install/iris_interfaces/include/iris_interfaces/iris_interfaces/msg/detail/motor_status__traits.hpp\n'}
[1.488939] (iris_interfaces) StdoutLine: {'line': b'-- Up-to-date: /home/maddy/iris_test_tool/install/iris_interfaces/include/iris_interfaces/iris_interfaces/msg/detail/led_control__type_support.hpp\n'}
[1.489052] (iris_interfaces) StdoutLine: {'line': b'-- Up-to-date: /home/maddy/iris_test_tool/install/iris_interfaces/include/iris_interfaces/iris_interfaces/msg/detail/a2_command__type_support.hpp\n'}
[1.489164] (iris_interfaces) StdoutLine: {'line': b'-- Up-to-date: /home/maddy/iris_test_tool/install/iris_interfaces/include/iris_interfaces/iris_interfaces/msg/detail/a5_status__struct.hpp\n'}
[1.489275] (iris_interfaces) StdoutLine: {'line': b'-- Up-to-date: /home/maddy/iris_test_tool/install/iris_interfaces/include/iris_interfaces/iris_interfaces/msg/detail/led_control__struct.hpp\n'}
[1.489389] (iris_interfaces) StdoutLine: {'line': b'-- Up-to-date: /home/maddy/iris_test_tool/install/iris_interfaces/include/iris_interfaces/iris_interfaces/msg/detail/ota_status__builder.hpp\n'}
[1.489500] (iris_interfaces) StdoutLine: {'line': b'-- Up-to-date: /home/maddy/iris_test_tool/install/iris_interfaces/include/iris_interfaces/iris_interfaces/msg/detail/motor_status__struct.hpp\n'}
[1.489610] (iris_interfaces) StdoutLine: {'line': b'-- Up-to-date: /home/maddy/iris_test_tool/install/iris_interfaces/include/iris_interfaces/iris_interfaces/msg/detail/actuator_status__type_support.hpp\n'}
[1.489722] (iris_interfaces) StdoutLine: {'line': b'-- Up-to-date: /home/maddy/iris_test_tool/install/iris_interfaces/include/iris_interfaces/iris_interfaces/msg/detail/wheel_encoders__traits.hpp\n'}
[1.489833] (iris_interfaces) StdoutLine: {'line': b'-- Up-to-date: /home/maddy/iris_test_tool/install/iris_interfaces/include/iris_interfaces/iris_interfaces/msg/detail/a2_functional_status__struct.hpp\n'}
[1.489949] (iris_interfaces) StdoutLine: {'line': b'-- Up-to-date: /home/maddy/iris_test_tool/install/iris_interfaces/include/iris_interfaces/iris_interfaces/msg/detail/vacuum_status__type_support.hpp\n'}
[1.490060] (iris_interfaces) StdoutLine: {'line': b'-- Up-to-date: /home/maddy/iris_test_tool/install/iris_interfaces/include/iris_interfaces/iris_interfaces/msg/detail/a2_command__traits.hpp\n'}
[1.490170] (iris_interfaces) StdoutLine: {'line': b'-- Up-to-date: /home/maddy/iris_test_tool/install/iris_interfaces/include/iris_interfaces/iris_interfaces/msg/detail/motor_status__type_support.hpp\n'}
[1.490363] (iris_interfaces) StdoutLine: {'line': b'-- Up-to-date: /home/maddy/iris_test_tool/install/iris_interfaces/include/iris_interfaces/iris_interfaces/msg/detail/follow_path_result__type_support.hpp\n'}
[1.490615] (iris_interfaces) StdoutLine: {'line': b'-- Up-to-date: /home/maddy/iris_test_tool/install/iris_interfaces/include/iris_interfaces/iris_interfaces/msg/detail/wheel_command_speed__traits.hpp\n'}
[1.490897] (iris_interfaces) StdoutLine: {'line': b'-- Up-to-date: /home/maddy/iris_test_tool/install/iris_interfaces/include/iris_interfaces/iris_interfaces/msg/detail/water_tank_levels__type_support.hpp\n'}
[1.491122] (iris_interfaces) StdoutLine: {'line': b'-- Up-to-date: /home/maddy/iris_test_tool/install/iris_interfaces/include/iris_interfaces/iris_interfaces/msg/detail/motor_controller_status__builder.hpp\n'}
[1.491390] (iris_interfaces) StdoutLine: {'line': b'-- Up-to-date: /home/maddy/iris_test_tool/install/iris_interfaces/include/iris_interfaces/iris_interfaces/msg/detail/headband_mode__type_support.hpp\n'}
[1.491627] (iris_interfaces) StdoutLine: {'line': b'-- Up-to-date: /home/maddy/iris_test_tool/install/iris_interfaces/include/iris_interfaces/iris_interfaces/msg/detail/a2_command__struct.hpp\n'}
[1.491862] (iris_interfaces) StdoutLine: {'line': b'-- Up-to-date: /home/maddy/iris_test_tool/install/iris_interfaces/include/iris_interfaces/iris_interfaces/msg/detail/navigation_mode__type_support.hpp\n'}
[1.492091] (iris_interfaces) StdoutLine: {'line': b'-- Up-to-date: /home/maddy/iris_test_tool/install/iris_interfaces/include/iris_interfaces/iris_interfaces/msg/detail/brush_faults__traits.hpp\n'}
[1.492308] (iris_interfaces) StdoutLine: {'line': b'-- Up-to-date: /home/maddy/iris_test_tool/install/iris_interfaces/include/iris_interfaces/iris_interfaces/msg/system_software_status.hpp\n'}
[1.492597] (iris_interfaces) StdoutLine: {'line': b'-- Up-to-date: /home/maddy/iris_test_tool/install/iris_interfaces/include/iris_interfaces/iris_interfaces/msg/a5_status.hpp\n'}
[1.492775] (iris_interfaces) StdoutLine: {'line': b'-- Up-to-date: /home/maddy/iris_test_tool/install/iris_interfaces/include/iris_interfaces/iris_interfaces/msg/rosidl_generator_cpp__visibility_control.hpp\n'}
[1.493010] (iris_interfaces) StdoutLine: {'line': b'-- Up-to-date: /home/maddy/iris_test_tool/install/iris_interfaces/include/iris_interfaces/iris_interfaces/msg/brush_faults.hpp\n'}
[1.493192] (iris_interfaces) StdoutLine: {'line': b'-- Up-to-date: /home/maddy/iris_test_tool/install/iris_interfaces/include/iris_interfaces/iris_interfaces/msg/navigation_mode.hpp\n'}
[1.493427] (iris_interfaces) StdoutLine: {'line': b'-- Up-to-date: /home/maddy/iris_test_tool/install/iris_interfaces/include/iris_interfaces/iris_interfaces/msg/a2_command.hpp\n'}
[1.493608] (iris_interfaces) StdoutLine: {'line': b'-- Up-to-date: /home/maddy/iris_test_tool/install/iris_interfaces/include/iris_interfaces/iris_interfaces/msg/mender_client_status.hpp\n'}
[1.493863] (iris_interfaces) StdoutLine: {'line': b'-- Up-to-date: /home/maddy/iris_test_tool/install/iris_interfaces/include/iris_interfaces/iris_interfaces/msg/motor_status.hpp\n'}
[1.494133] (iris_interfaces) StdoutLine: {'line': b'-- Up-to-date: /home/maddy/iris_test_tool/install/iris_interfaces/include/iris_interfaces/iris_interfaces/msg/led_control.hpp\n'}
[1.494351] (iris_interfaces) StdoutLine: {'line': b'-- Up-to-date: /home/maddy/iris_test_tool/install/iris_interfaces/include/iris_interfaces/iris_interfaces/msg/water_tank_levels.hpp\n'}
[1.494576] (iris_interfaces) StdoutLine: {'line': b'-- Up-to-date: /home/maddy/iris_test_tool/install/iris_interfaces/include/iris_interfaces/iris_interfaces/msg/a2_fault_status.hpp\n'}
[1.494760] (iris_interfaces) StdoutLine: {'line': b'-- Up-to-date: /home/maddy/iris_test_tool/install/iris_interfaces/include/iris_interfaces/iris_interfaces/msg/wheel_encoders.hpp\n'}
[1.494996] (iris_interfaces) StdoutLine: {'line': b'-- Up-to-date: /home/maddy/iris_test_tool/install/iris_interfaces/include/iris_interfaces/iris_interfaces/msg/headband_mode.hpp\n'}
[1.495234] (iris_interfaces) StdoutLine: {'line': b'-- Up-to-date: /home/maddy/iris_test_tool/install/iris_interfaces/include/iris_interfaces/iris_interfaces/msg/a2_functional_status.hpp\n'}
[1.495421] (iris_interfaces) StdoutLine: {'line': b'-- Up-to-date: /home/maddy/iris_test_tool/install/iris_interfaces/include/iris_interfaces/iris_interfaces/msg/sensor_status.hpp\n'}
[1.495614] (iris_interfaces) StdoutLine: {'line': b'-- Up-to-date: /home/maddy/iris_test_tool/install/iris_interfaces/include/iris_interfaces/iris_interfaces\n'}
[1.495826] (iris_interfaces) StdoutLine: {'line': b'-- Up-to-date: /home/maddy/iris_test_tool/install/iris_interfaces/include/iris_interfaces/iris_interfaces/srv\n'}
[1.496072] (iris_interfaces) StdoutLine: {'line': b'-- Up-to-date: /home/maddy/iris_test_tool/install/iris_interfaces/include/iris_interfaces/iris_interfaces/srv/detail\n'}
[1.496261] (iris_interfaces) StdoutLine: {'line': b'-- Up-to-date: /home/maddy/iris_test_tool/install/iris_interfaces/include/iris_interfaces/iris_interfaces/srv/detail/dds_fastrtps\n'}
[1.496445] (iris_interfaces) StdoutLine: {'line': b'-- Up-to-date: /home/maddy/iris_test_tool/install/iris_interfaces/include/iris_interfaces/iris_interfaces/srv/detail/update_motor_controller_parameters__rosidl_typesupport_fastrtps_cpp.hpp\n'}
[1.496633] (iris_interfaces) StdoutLine: {'line': b'-- Up-to-date: /home/maddy/iris_test_tool/install/iris_interfaces/include/iris_interfaces/iris_interfaces/srv/detail/reset_a2_faults__rosidl_typesupport_fastrtps_cpp.hpp\n'}
[1.496821] (iris_interfaces) StdoutLine: {'line': b'-- Up-to-date: /home/maddy/iris_test_tool/install/iris_interfaces/include/iris_interfaces/iris_interfaces/srv/detail/state_manager__rosidl_typesupport_fastrtps_cpp.hpp\n'}
[1.497001] (iris_interfaces) StdoutLine: {'line': b'-- Up-to-date: /home/maddy/iris_test_tool/install/iris_interfaces/include/iris_interfaces/iris_interfaces/srv/detail/reset_wheel_encoders__rosidl_typesupport_fastrtps_cpp.hpp\n'}
[1.497244] (iris_interfaces) StdoutLine: {'line': b'-- Up-to-date: /home/maddy/iris_test_tool/install/iris_interfaces/include/iris_interfaces/iris_interfaces/srv/detail/connect_wifi__rosidl_typesupport_fastrtps_cpp.hpp\n'}
[1.497458] (iris_interfaces) StdoutLine: {'line': b'-- Up-to-date: /home/maddy/iris_test_tool/install/iris_interfaces/include/iris_interfaces/iris_interfaces/srv/detail/update_motor_controller_reference_source__rosidl_typesupport_fastrtps_cpp.hpp\n'}
[1.497674] (iris_interfaces) StdoutLine: {'line': b'-- Up-to-date: /home/maddy/iris_test_tool/install/iris_interfaces/include/iris_interfaces/iris_interfaces/srv/detail/get_wifi_status__rosidl_typesupport_fastrtps_cpp.hpp\n'}
[1.497877] (iris_interfaces) StdoutLine: {'line': b'-- Up-to-date: /home/maddy/iris_test_tool/install/iris_interfaces/include/iris_interfaces/iris_interfaces/srv/detail/process_manager__rosidl_typesupport_fastrtps_cpp.hpp\n'}
[1.498049] (iris_interfaces) StdoutLine: {'line': b'-- Up-to-date: /home/maddy/iris_test_tool/install/iris_interfaces/include/iris_interfaces/iris_interfaces/srv/detail/disconnect_wifi__rosidl_typesupport_fastrtps_cpp.hpp\n'}
[1.498225] (iris_interfaces) StdoutLine: {'line': b'-- Up-to-date: /home/maddy/iris_test_tool/install/iris_interfaces/include/iris_interfaces/iris_interfaces/srv/detail/a2_command__rosidl_typesupport_fastrtps_cpp.hpp\n'}
[1.498482] (iris_interfaces) StdoutLine: {'line': b'-- Up-to-date: /home/maddy/iris_test_tool/install/iris_interfaces/include/iris_interfaces/iris_interfaces/srv/detail/restart_motor_controller__rosidl_typesupport_fastrtps_cpp.hpp\n'}
[1.498662] (iris_interfaces) StdoutLine: {'line': b'-- Up-to-date: /home/maddy/iris_test_tool/install/iris_interfaces/include/iris_interfaces/iris_interfaces/srv/detail/wifi_discovery__rosidl_typesupport_fastrtps_cpp.hpp\n'}
[1.498889] (iris_interfaces) StdoutLine: {'line': b'-- Up-to-date: /home/maddy/iris_test_tool/install/iris_interfaces/include/iris_interfaces/iris_interfaces/action\n'}
[1.499136] (iris_interfaces) StdoutLine: {'line': b'-- Up-to-date: /home/maddy/iris_test_tool/install/iris_interfaces/include/iris_interfaces/iris_interfaces/action/detail\n'}
[1.499274] (iris_interfaces) StdoutLine: {'line': b'-- Up-to-date: /home/maddy/iris_test_tool/install/iris_interfaces/include/iris_interfaces/iris_interfaces/action/detail/compute_path_coverage__rosidl_typesupport_fastrtps_cpp.hpp\n'}
[1.499387] (iris_interfaces) StdoutLine: {'line': b'-- Up-to-date: /home/maddy/iris_test_tool/install/iris_interfaces/include/iris_interfaces/iris_interfaces/action/detail/dds_fastrtps\n'}
[1.499498] (iris_interfaces) StdoutLine: {'line': b'-- Up-to-date: /home/maddy/iris_test_tool/install/iris_interfaces/include/iris_interfaces/iris_interfaces/action/detail/navigate_path_coverage__rosidl_typesupport_fastrtps_cpp.hpp\n'}
[1.499671] (iris_interfaces) StdoutLine: {'line': b'-- Up-to-date: /home/maddy/iris_test_tool/install/iris_interfaces/include/iris_interfaces/iris_interfaces/action/detail/path_coverage_controller__rosidl_typesupport_fastrtps_cpp.hpp\n'}
[1.499793] (iris_interfaces) StdoutLine: {'line': b'-- Up-to-date: /home/maddy/iris_test_tool/install/iris_interfaces/include/iris_interfaces/iris_interfaces/msg\n'}
[1.499904] (iris_interfaces) StdoutLine: {'line': b'-- Up-to-date: /home/maddy/iris_test_tool/install/iris_interfaces/include/iris_interfaces/iris_interfaces/msg/rosidl_typesupport_fastrtps_cpp__visibility_control.h\n'}
[1.500015] (iris_interfaces) StdoutLine: {'line': b'-- Up-to-date: /home/maddy/iris_test_tool/install/iris_interfaces/include/iris_interfaces/iris_interfaces/msg/detail\n'}
[1.500130] (iris_interfaces) StdoutLine: {'line': b'-- Up-to-date: /home/maddy/iris_test_tool/install/iris_interfaces/include/iris_interfaces/iris_interfaces/msg/detail/follow_path_result__rosidl_typesupport_fastrtps_cpp.hpp\n'}
[1.500241] (iris_interfaces) StdoutLine: {'line': b'-- Up-to-date: /home/maddy/iris_test_tool/install/iris_interfaces/include/iris_interfaces/iris_interfaces/msg/detail/dds_fastrtps\n'}
[1.500400] (iris_interfaces) StdoutLine: {'line': b'-- Up-to-date: /home/maddy/iris_test_tool/install/iris_interfaces/include/iris_interfaces/iris_interfaces/msg/detail/system_software_status__rosidl_typesupport_fastrtps_cpp.hpp\n'}
[1.500514] (iris_interfaces) StdoutLine: {'line': b'-- Up-to-date: /home/maddy/iris_test_tool/install/iris_interfaces/include/iris_interfaces/iris_interfaces/msg/detail/navigation_mode__rosidl_typesupport_fastrtps_cpp.hpp\n'}
[1.500635] (iris_interfaces) StdoutLine: {'line': b'-- Up-to-date: /home/maddy/iris_test_tool/install/iris_interfaces/include/iris_interfaces/iris_interfaces/msg/detail/vacuum_faults__rosidl_typesupport_fastrtps_cpp.hpp\n'}
[1.500746] (iris_interfaces) StdoutLine: {'line': b'-- Up-to-date: /home/maddy/iris_test_tool/install/iris_interfaces/include/iris_interfaces/iris_interfaces/msg/detail/sensor_status__rosidl_typesupport_fastrtps_cpp.hpp\n'}
[1.500857] (iris_interfaces) StdoutLine: {'line': b'-- Up-to-date: /home/maddy/iris_test_tool/install/iris_interfaces/include/iris_interfaces/iris_interfaces/msg/detail/vacuum_status__rosidl_typesupport_fastrtps_cpp.hpp\n'}
[1.500967] (iris_interfaces) StdoutLine: {'line': b'-- Up-to-date: /home/maddy/iris_test_tool/install/iris_interfaces/include/iris_interfaces/iris_interfaces/msg/detail/a2_fault_status__rosidl_typesupport_fastrtps_cpp.hpp\n'}
[1.501082] (iris_interfaces) StdoutLine: {'line': b'-- Up-to-date: /home/maddy/iris_test_tool/install/iris_interfaces/include/iris_interfaces/iris_interfaces/msg/detail/motor_status__rosidl_typesupport_fastrtps_cpp.hpp\n'}
[1.501193] (iris_interfaces) StdoutLine: {'line': b'-- Up-to-date: /home/maddy/iris_test_tool/install/iris_interfaces/include/iris_interfaces/iris_interfaces/msg/detail/ultrasonic_ranges__rosidl_typesupport_fastrtps_cpp.hpp\n'}
[1.501303] (iris_interfaces) StdoutLine: {'line': b'-- Up-to-date: /home/maddy/iris_test_tool/install/iris_interfaces/include/iris_interfaces/iris_interfaces/msg/detail/mender_client_status__rosidl_typesupport_fastrtps_cpp.hpp\n'}
[1.501414] (iris_interfaces) StdoutLine: {'line': b'-- Up-to-date: /home/maddy/iris_test_tool/install/iris_interfaces/include/iris_interfaces/iris_interfaces/msg/detail/ota_status__rosidl_typesupport_fastrtps_cpp.hpp\n'}
[1.501564] (iris_interfaces) StdoutLine: {'line': b'-- Up-to-date: /home/maddy/iris_test_tool/install/iris_interfaces/include/iris_interfaces/iris_interfaces/msg/detail/brush_faults__rosidl_typesupport_fastrtps_cpp.hpp\n'}
[1.501685] (iris_interfaces) StdoutLine: {'line': b'-- Up-to-date: /home/maddy/iris_test_tool/install/iris_interfaces/include/iris_interfaces/iris_interfaces/msg/detail/headband_mode__rosidl_typesupport_fastrtps_cpp.hpp\n'}
[1.501797] (iris_interfaces) StdoutLine: {'line': b'-- Up-to-date: /home/maddy/iris_test_tool/install/iris_interfaces/include/iris_interfaces/iris_interfaces/msg/detail/wheel_encoders__rosidl_typesupport_fastrtps_cpp.hpp\n'}
[1.501928] (iris_interfaces) StdoutLine: {'line': b'-- Up-to-date: /home/maddy/iris_test_tool/install/iris_interfaces/include/iris_interfaces/iris_interfaces/msg/detail/motor_controller_status__rosidl_typesupport_fastrtps_cpp.hpp\n'}
[1.502043] (iris_interfaces) StdoutLine: {'line': b'-- Up-to-date: /home/maddy/iris_test_tool/install/iris_interfaces/include/iris_interfaces/iris_interfaces/msg/detail/actuator_status__rosidl_typesupport_fastrtps_cpp.hpp\n'}
[1.502154] (iris_interfaces) StdoutLine: {'line': b'-- Up-to-date: /home/maddy/iris_test_tool/install/iris_interfaces/include/iris_interfaces/iris_interfaces/msg/detail/brush_status__rosidl_typesupport_fastrtps_cpp.hpp\n'}
[1.502267] (iris_interfaces) StdoutLine: {'line': b'-- Up-to-date: /home/maddy/iris_test_tool/install/iris_interfaces/include/iris_interfaces/iris_interfaces/msg/detail/wheel_command_speed__rosidl_typesupport_fastrtps_cpp.hpp\n'}
[1.502377] (iris_interfaces) StdoutLine: {'line': b'-- Up-to-date: /home/maddy/iris_test_tool/install/iris_interfaces/include/iris_interfaces/iris_interfaces/msg/detail/a2_command__rosidl_typesupport_fastrtps_cpp.hpp\n'}
[1.502488] (iris_interfaces) StdoutLine: {'line': b'-- Up-to-date: /home/maddy/iris_test_tool/install/iris_interfaces/include/iris_interfaces/iris_interfaces/msg/detail/led_control__rosidl_typesupport_fastrtps_cpp.hpp\n'}
[1.502598] (iris_interfaces) StdoutLine: {'line': b'-- Up-to-date: /home/maddy/iris_test_tool/install/iris_interfaces/include/iris_interfaces/iris_interfaces/msg/detail/a5_status__rosidl_typesupport_fastrtps_cpp.hpp\n'}
[1.502751] (iris_interfaces) StdoutLine: {'line': b'-- Up-to-date: /home/maddy/iris_test_tool/install/iris_interfaces/include/iris_interfaces/iris_interfaces/msg/detail/water_tank_levels__rosidl_typesupport_fastrtps_cpp.hpp\n'}
[1.502867] (iris_interfaces) StdoutLine: {'line': b'-- Up-to-date: /home/maddy/iris_test_tool/install/iris_interfaces/include/iris_interfaces/iris_interfaces/msg/detail/a2_functional_status__rosidl_typesupport_fastrtps_cpp.hpp\n'}
[1.502980] (iris_interfaces) StdoutLine: {'line': b'-- Up-to-date: /home/maddy/iris_test_tool/install/iris_interfaces/lib/libiris_interfaces__rosidl_typesupport_fastrtps_cpp.so\n'}
[1.503195] (iris_interfaces) StdoutLine: {'line': b'-- Up-to-date: /home/maddy/iris_test_tool/install/iris_interfaces/include/iris_interfaces/iris_interfaces\n'}
[1.503337] (iris_interfaces) StdoutLine: {'line': b'-- Up-to-date: /home/maddy/iris_test_tool/install/iris_interfaces/include/iris_interfaces/iris_interfaces/srv\n'}
[1.503454] (iris_interfaces) StdoutLine: {'line': b'-- Up-to-date: /home/maddy/iris_test_tool/install/iris_interfaces/include/iris_interfaces/iris_interfaces/srv/detail\n'}
[1.503574] (iris_interfaces) StdoutLine: {'line': b'-- Up-to-date: /home/maddy/iris_test_tool/install/iris_interfaces/include/iris_interfaces/iris_interfaces/srv/detail/restart_motor_controller__type_support.cpp\n'}
[1.503686] (iris_interfaces) StdoutLine: {'line': b'-- Up-to-date: /home/maddy/iris_test_tool/install/iris_interfaces/include/iris_interfaces/iris_interfaces/srv/detail/update_motor_controller_reference_source__rosidl_typesupport_introspection_cpp.hpp\n'}
[1.503798] (iris_interfaces) StdoutLine: {'line': b'-- Up-to-date: /home/maddy/iris_test_tool/install/iris_interfaces/include/iris_interfaces/iris_interfaces/srv/detail/reset_wheel_encoders__type_support.cpp\n'}
[1.503955] (iris_interfaces) StdoutLine: {'line': b'-- Up-to-date: /home/maddy/iris_test_tool/install/iris_interfaces/include/iris_interfaces/iris_interfaces/srv/detail/update_motor_controller_reference_source__type_support.cpp\n'}
[1.504068] (iris_interfaces) StdoutLine: {'line': b'-- Up-to-date: /home/maddy/iris_test_tool/install/iris_interfaces/include/iris_interfaces/iris_interfaces/srv/detail/process_manager__rosidl_typesupport_introspection_cpp.hpp\n'}
[1.504180] (iris_interfaces) StdoutLine: {'line': b'-- Up-to-date: /home/maddy/iris_test_tool/install/iris_interfaces/include/iris_interfaces/iris_interfaces/srv/detail/update_motor_controller_parameters__type_support.cpp\n'}
[1.504291] (iris_interfaces) StdoutLine: {'line': b'-- Up-to-date: /home/maddy/iris_test_tool/install/iris_interfaces/include/iris_interfaces/iris_interfaces/srv/detail/reset_a2_faults__type_support.cpp\n'}
[1.504411] (iris_interfaces) StdoutLine: {'line': b'-- Up-to-date: /home/maddy/iris_test_tool/install/iris_interfaces/include/iris_interfaces/iris_interfaces/srv/detail/update_motor_controller_parameters__rosidl_typesupport_introspection_cpp.hpp\n'}
[1.504523] (iris_interfaces) StdoutLine: {'line': b'-- Up-to-date: /home/maddy/iris_test_tool/install/iris_interfaces/include/iris_interfaces/iris_interfaces/srv/detail/state_manager__rosidl_typesupport_introspection_cpp.hpp\n'}
[1.504634] (iris_interfaces) StdoutLine: {'line': b'-- Up-to-date: /home/maddy/iris_test_tool/install/iris_interfaces/include/iris_interfaces/iris_interfaces/srv/detail/wifi_discovery__type_support.cpp\n'}
[1.504747] (iris_interfaces) StdoutLine: {'line': b'-- Up-to-date: /home/maddy/iris_test_tool/install/iris_interfaces/include/iris_interfaces/iris_interfaces/srv/detail/process_manager__type_support.cpp\n'}
[1.504858] (iris_interfaces) StdoutLine: {'line': b'-- Up-to-date: /home/maddy/iris_test_tool/install/iris_interfaces/include/iris_interfaces/iris_interfaces/srv/detail/connect_wifi__type_support.cpp\n'}
[1.505016] (iris_interfaces) StdoutLine: {'line': b'-- Up-to-date: /home/maddy/iris_test_tool/install/iris_interfaces/include/iris_interfaces/iris_interfaces/srv/detail/state_manager__type_support.cpp\n'}
[1.505144] (iris_interfaces) StdoutLine: {'line': b'-- Up-to-date: /home/maddy/iris_test_tool/install/iris_interfaces/include/iris_interfaces/iris_interfaces/srv/detail/disconnect_wifi__rosidl_typesupport_introspection_cpp.hpp\n'}
[1.505255] (iris_interfaces) StdoutLine: {'line': b'-- Up-to-date: /home/maddy/iris_test_tool/install/iris_interfaces/include/iris_interfaces/iris_interfaces/srv/detail/wifi_discovery__rosidl_typesupport_introspection_cpp.hpp\n'}
[1.505365] (iris_interfaces) StdoutLine: {'line': b'-- Up-to-date: /home/maddy/iris_test_tool/install/iris_interfaces/include/iris_interfaces/iris_interfaces/srv/detail/connect_wifi__rosidl_typesupport_introspection_cpp.hpp\n'}
[1.505477] (iris_interfaces) StdoutLine: {'line': b'-- Up-to-date: /home/maddy/iris_test_tool/install/iris_interfaces/include/iris_interfaces/iris_interfaces/srv/detail/get_wifi_status__type_support.cpp\n'}
[1.505591] (iris_interfaces) StdoutLine: {'line': b'-- Up-to-date: /home/maddy/iris_test_tool/install/iris_interfaces/include/iris_interfaces/iris_interfaces/srv/detail/reset_wheel_encoders__rosidl_typesupport_introspection_cpp.hpp\n'}
[1.505701] (-) TimerEvent: {}
[1.505934] (iris_interfaces) StdoutLine: {'line': b'-- Up-to-date: /home/maddy/iris_test_tool/install/iris_interfaces/include/iris_interfaces/iris_interfaces/srv/detail/get_wifi_status__rosidl_typesupport_introspection_cpp.hpp\n'}
[1.506124] (iris_interfaces) StdoutLine: {'line': b'-- Up-to-date: /home/maddy/iris_test_tool/install/iris_interfaces/include/iris_interfaces/iris_interfaces/srv/detail/a2_command__rosidl_typesupport_introspection_cpp.hpp\n'}
[1.506361] (iris_interfaces) StdoutLine: {'line': b'-- Up-to-date: /home/maddy/iris_test_tool/install/iris_interfaces/include/iris_interfaces/iris_interfaces/srv/detail/disconnect_wifi__type_support.cpp\n'}
[1.506573] (iris_interfaces) StdoutLine: {'line': b'-- Up-to-date: /home/maddy/iris_test_tool/install/iris_interfaces/include/iris_interfaces/iris_interfaces/srv/detail/reset_a2_faults__rosidl_typesupport_introspection_cpp.hpp\n'}
[1.506755] (iris_interfaces) StdoutLine: {'line': b'-- Up-to-date: /home/maddy/iris_test_tool/install/iris_interfaces/include/iris_interfaces/iris_interfaces/srv/detail/restart_motor_controller__rosidl_typesupport_introspection_cpp.hpp\n'}
[1.506936] (iris_interfaces) StdoutLine: {'line': b'-- Up-to-date: /home/maddy/iris_test_tool/install/iris_interfaces/include/iris_interfaces/iris_interfaces/srv/detail/a2_command__type_support.cpp\n'}
[1.507253] (iris_interfaces) StdoutLine: {'line': b'-- Up-to-date: /home/maddy/iris_test_tool/install/iris_interfaces/include/iris_interfaces/iris_interfaces/action\n'}
[1.507498] (iris_interfaces) StdoutLine: {'line': b'-- Up-to-date: /home/maddy/iris_test_tool/install/iris_interfaces/include/iris_interfaces/iris_interfaces/action/detail\n'}
[1.507773] (iris_interfaces) StdoutLine: {'line': b'-- Up-to-date: /home/maddy/iris_test_tool/install/iris_interfaces/include/iris_interfaces/iris_interfaces/action/detail/path_coverage_controller__type_support.cpp\n'}
[1.507982] (iris_interfaces) StdoutLine: {'line': b'-- Up-to-date: /home/maddy/iris_test_tool/install/iris_interfaces/include/iris_interfaces/iris_interfaces/action/detail/compute_path_coverage__type_support.cpp\n'}
[1.508207] (iris_interfaces) StdoutLine: {'line': b'-- Up-to-date: /home/maddy/iris_test_tool/install/iris_interfaces/include/iris_interfaces/iris_interfaces/action/detail/compute_path_coverage__rosidl_typesupport_introspection_cpp.hpp\n'}
[1.508396] (iris_interfaces) StdoutLine: {'line': b'-- Up-to-date: /home/maddy/iris_test_tool/install/iris_interfaces/include/iris_interfaces/iris_interfaces/action/detail/path_coverage_controller__rosidl_typesupport_introspection_cpp.hpp\n'}
[1.508637] (iris_interfaces) StdoutLine: {'line': b'-- Up-to-date: /home/maddy/iris_test_tool/install/iris_interfaces/include/iris_interfaces/iris_interfaces/action/detail/navigate_path_coverage__type_support.cpp\n'}
[1.508818] (iris_interfaces) StdoutLine: {'line': b'-- Up-to-date: /home/maddy/iris_test_tool/install/iris_interfaces/include/iris_interfaces/iris_interfaces/action/detail/navigate_path_coverage__rosidl_typesupport_introspection_cpp.hpp\n'}
[1.509053] (iris_interfaces) StdoutLine: {'line': b'-- Up-to-date: /home/maddy/iris_test_tool/install/iris_interfaces/include/iris_interfaces/iris_interfaces/msg\n'}
[1.509247] (iris_interfaces) StdoutLine: {'line': b'-- Up-to-date: /home/maddy/iris_test_tool/install/iris_interfaces/include/iris_interfaces/iris_interfaces/msg/detail\n'}
[1.509512] (iris_interfaces) StdoutLine: {'line': b'-- Up-to-date: /home/maddy/iris_test_tool/install/iris_interfaces/include/iris_interfaces/iris_interfaces/msg/detail/ultrasonic_ranges__rosidl_typesupport_introspection_cpp.hpp\n'}
[1.509731] (iris_interfaces) StdoutLine: {'line': b'-- Up-to-date: /home/maddy/iris_test_tool/install/iris_interfaces/include/iris_interfaces/iris_interfaces/msg/detail/motor_controller_status__rosidl_typesupport_introspection_cpp.hpp\n'}
[1.509920] (iris_interfaces) StdoutLine: {'line': b'-- Up-to-date: /home/maddy/iris_test_tool/install/iris_interfaces/include/iris_interfaces/iris_interfaces/msg/detail/actuator_status__type_support.cpp\n'}
[1.510100] (iris_interfaces) StdoutLine: {'line': b'-- Up-to-date: /home/maddy/iris_test_tool/install/iris_interfaces/include/iris_interfaces/iris_interfaces/msg/detail/navigation_mode__type_support.cpp\n'}
[1.510304] (iris_interfaces) StdoutLine: {'line': b'-- Up-to-date: /home/maddy/iris_test_tool/install/iris_interfaces/include/iris_interfaces/iris_interfaces/msg/detail/a2_fault_status__rosidl_typesupport_introspection_cpp.hpp\n'}
[1.510490] (iris_interfaces) StdoutLine: {'line': b'-- Up-to-date: /home/maddy/iris_test_tool/install/iris_interfaces/include/iris_interfaces/iris_interfaces/msg/detail/vacuum_faults__type_support.cpp\n'}
[1.510728] (iris_interfaces) StdoutLine: {'line': b'-- Up-to-date: /home/maddy/iris_test_tool/install/iris_interfaces/include/iris_interfaces/iris_interfaces/msg/detail/navigation_mode__rosidl_typesupport_introspection_cpp.hpp\n'}
[1.510978] (iris_interfaces) StdoutLine: {'line': b'-- Up-to-date: /home/maddy/iris_test_tool/install/iris_interfaces/include/iris_interfaces/iris_interfaces/msg/detail/headband_mode__type_support.cpp\n'}
[1.511337] (iris_interfaces) StdoutLine: {'line': b'-- Up-to-date: /home/maddy/iris_test_tool/install/iris_interfaces/include/iris_interfaces/iris_interfaces/msg/detail/wheel_command_speed__type_support.cpp\n'}
[1.511573] (iris_interfaces) StdoutLine: {'line': b'-- Up-to-date: /home/maddy/iris_test_tool/install/iris_interfaces/include/iris_interfaces/iris_interfaces/msg/detail/motor_status__rosidl_typesupport_introspection_cpp.hpp\n'}
[1.511777] (iris_interfaces) StdoutLine: {'line': b'-- Up-to-date: /home/maddy/iris_test_tool/install/iris_interfaces/include/iris_interfaces/iris_interfaces/msg/detail/sensor_status__type_support.cpp\n'}
[1.511959] (iris_interfaces) StdoutLine: {'line': b'-- Up-to-date: /home/maddy/iris_test_tool/install/iris_interfaces/include/iris_interfaces/iris_interfaces/msg/detail/motor_controller_status__type_support.cpp\n'}
[1.512194] (iris_interfaces) StdoutLine: {'line': b'-- Up-to-date: /home/maddy/iris_test_tool/install/iris_interfaces/include/iris_interfaces/iris_interfaces/msg/detail/vacuum_status__type_support.cpp\n'}
[1.512378] (iris_interfaces) StdoutLine: {'line': b'-- Up-to-date: /home/maddy/iris_test_tool/install/iris_interfaces/include/iris_interfaces/iris_interfaces/msg/detail/follow_path_result__type_support.cpp\n'}
[1.512585] (iris_interfaces) StdoutLine: {'line': b'-- Up-to-date: /home/maddy/iris_test_tool/install/iris_interfaces/include/iris_interfaces/iris_interfaces/msg/detail/headband_mode__rosidl_typesupport_introspection_cpp.hpp\n'}
[1.512835] (iris_interfaces) StdoutLine: {'line': b'-- Up-to-date: /home/maddy/iris_test_tool/install/iris_interfaces/include/iris_interfaces/iris_interfaces/msg/detail/wheel_encoders__rosidl_typesupport_introspection_cpp.hpp\n'}
[1.513033] (iris_interfaces) StdoutLine: {'line': b'-- Up-to-date: /home/maddy/iris_test_tool/install/iris_interfaces/include/iris_interfaces/iris_interfaces/msg/detail/water_tank_levels__rosidl_typesupport_introspection_cpp.hpp\n'}
[1.513206] (iris_interfaces) StdoutLine: {'line': b'-- Up-to-date: /home/maddy/iris_test_tool/install/iris_interfaces/include/iris_interfaces/iris_interfaces/msg/detail/motor_status__type_support.cpp\n'}
[1.513474] (iris_interfaces) StdoutLine: {'line': b'-- Up-to-date: /home/maddy/iris_test_tool/install/iris_interfaces/include/iris_interfaces/iris_interfaces/msg/detail/a5_status__rosidl_typesupport_introspection_cpp.hpp\n'}
[1.513661] (iris_interfaces) StdoutLine: {'line': b'-- Up-to-date: /home/maddy/iris_test_tool/install/iris_interfaces/include/iris_interfaces/iris_interfaces/msg/detail/wheel_command_speed__rosidl_typesupport_introspection_cpp.hpp\n'}
[1.513902] (iris_interfaces) StdoutLine: {'line': b'-- Up-to-date: /home/maddy/iris_test_tool/install/iris_interfaces/include/iris_interfaces/iris_interfaces/msg/detail/a2_fault_status__type_support.cpp\n'}
[1.514084] (iris_interfaces) StdoutLine: {'line': b'-- Up-to-date: /home/maddy/iris_test_tool/install/iris_interfaces/include/iris_interfaces/iris_interfaces/msg/detail/vacuum_status__rosidl_typesupport_introspection_cpp.hpp\n'}
[1.514324] (iris_interfaces) StdoutLine: {'line': b'-- Up-to-date: /home/maddy/iris_test_tool/install/iris_interfaces/include/iris_interfaces/iris_interfaces/msg/detail/ota_status__rosidl_typesupport_introspection_cpp.hpp\n'}
[1.514542] (iris_interfaces) StdoutLine: {'line': b'-- Up-to-date: /home/maddy/iris_test_tool/install/iris_interfaces/include/iris_interfaces/iris_interfaces/msg/detail/brush_faults__type_support.cpp\n'}
[1.514745] (iris_interfaces) StdoutLine: {'line': b'-- Up-to-date: /home/maddy/iris_test_tool/install/iris_interfaces/include/iris_interfaces/iris_interfaces/msg/detail/mender_client_status__type_support.cpp\n'}
[1.514960] (iris_interfaces) StdoutLine: {'line': b'-- Up-to-date: /home/maddy/iris_test_tool/install/iris_interfaces/include/iris_interfaces/iris_interfaces/msg/detail/ota_status__type_support.cpp\n'}
[1.515230] (iris_interfaces) StdoutLine: {'line': b'-- Up-to-date: /home/maddy/iris_test_tool/install/iris_interfaces/include/iris_interfaces/iris_interfaces/msg/detail/a5_status__type_support.cpp\n'}
[1.515460] (iris_interfaces) StdoutLine: {'line': b'-- Up-to-date: /home/maddy/iris_test_tool/install/iris_interfaces/include/iris_interfaces/iris_interfaces/msg/detail/a2_command__rosidl_typesupport_introspection_cpp.hpp\n'}
[1.515645] (iris_interfaces) StdoutLine: {'line': b'-- Up-to-date: /home/maddy/iris_test_tool/install/iris_interfaces/include/iris_interfaces/iris_interfaces/msg/detail/a2_functional_status__rosidl_typesupport_introspection_cpp.hpp\n'}
[1.515896] (iris_interfaces) StdoutLine: {'line': b'-- Up-to-date: /home/maddy/iris_test_tool/install/iris_interfaces/include/iris_interfaces/iris_interfaces/msg/detail/ultrasonic_ranges__type_support.cpp\n'}
[1.516109] (iris_interfaces) StdoutLine: {'line': b'-- Up-to-date: /home/maddy/iris_test_tool/install/iris_interfaces/include/iris_interfaces/iris_interfaces/msg/detail/wheel_encoders__type_support.cpp\n'}
[1.516383] (iris_interfaces) StdoutLine: {'line': b'-- Up-to-date: /home/maddy/iris_test_tool/install/iris_interfaces/include/iris_interfaces/iris_interfaces/msg/detail/sensor_status__rosidl_typesupport_introspection_cpp.hpp\n'}
[1.516554] (iris_interfaces) StdoutLine: {'line': b'-- Up-to-date: /home/maddy/iris_test_tool/install/iris_interfaces/include/iris_interfaces/iris_interfaces/msg/detail/vacuum_faults__rosidl_typesupport_introspection_cpp.hpp\n'}
[1.516732] (iris_interfaces) StdoutLine: {'line': b'-- Up-to-date: /home/maddy/iris_test_tool/install/iris_interfaces/include/iris_interfaces/iris_interfaces/msg/detail/led_control__type_support.cpp\n'}
[1.516912] (iris_interfaces) StdoutLine: {'line': b'-- Up-to-date: /home/maddy/iris_test_tool/install/iris_interfaces/include/iris_interfaces/iris_interfaces/msg/detail/a2_functional_status__type_support.cpp\n'}
[1.517089] (iris_interfaces) StdoutLine: {'line': b'-- Up-to-date: /home/maddy/iris_test_tool/install/iris_interfaces/include/iris_interfaces/iris_interfaces/msg/detail/brush_status__rosidl_typesupport_introspection_cpp.hpp\n'}
[1.517272] (iris_interfaces) StdoutLine: {'line': b'-- Up-to-date: /home/maddy/iris_test_tool/install/iris_interfaces/include/iris_interfaces/iris_interfaces/msg/detail/actuator_status__rosidl_typesupport_introspection_cpp.hpp\n'}
[1.517451] (iris_interfaces) StdoutLine: {'line': b'-- Up-to-date: /home/maddy/iris_test_tool/install/iris_interfaces/include/iris_interfaces/iris_interfaces/msg/detail/a2_command__type_support.cpp\n'}
[1.517739] (iris_interfaces) StdoutLine: {'line': b'-- Up-to-date: /home/maddy/iris_test_tool/install/iris_interfaces/include/iris_interfaces/iris_interfaces/msg/detail/brush_faults__rosidl_typesupport_introspection_cpp.hpp\n'}
[1.517909] (iris_interfaces) StdoutLine: {'line': b'-- Up-to-date: /home/maddy/iris_test_tool/install/iris_interfaces/include/iris_interfaces/iris_interfaces/msg/detail/follow_path_result__rosidl_typesupport_introspection_cpp.hpp\n'}
[1.518087] (iris_interfaces) StdoutLine: {'line': b'-- Up-to-date: /home/maddy/iris_test_tool/install/iris_interfaces/include/iris_interfaces/iris_interfaces/msg/detail/brush_status__type_support.cpp\n'}
[1.518326] (iris_interfaces) StdoutLine: {'line': b'-- Up-to-date: /home/maddy/iris_test_tool/install/iris_interfaces/include/iris_interfaces/iris_interfaces/msg/detail/system_software_status__type_support.cpp\n'}
[1.518506] (iris_interfaces) StdoutLine: {'line': b'-- Up-to-date: /home/maddy/iris_test_tool/install/iris_interfaces/include/iris_interfaces/iris_interfaces/msg/detail/system_software_status__rosidl_typesupport_introspection_cpp.hpp\n'}
[1.518701] (iris_interfaces) StdoutLine: {'line': b'-- Up-to-date: /home/maddy/iris_test_tool/install/iris_interfaces/include/iris_interfaces/iris_interfaces/msg/detail/mender_client_status__rosidl_typesupport_introspection_cpp.hpp\n'}
[1.518972] (iris_interfaces) StdoutLine: {'line': b'-- Up-to-date: /home/maddy/iris_test_tool/install/iris_interfaces/include/iris_interfaces/iris_interfaces/msg/detail/led_control__rosidl_typesupport_introspection_cpp.hpp\n'}
[1.519288] (iris_interfaces) StdoutLine: {'line': b'-- Up-to-date: /home/maddy/iris_test_tool/install/iris_interfaces/include/iris_interfaces/iris_interfaces/msg/detail/water_tank_levels__type_support.cpp\n'}
[1.519490] (iris_interfaces) StdoutLine: {'line': b'-- Up-to-date: /home/maddy/iris_test_tool/install/iris_interfaces/lib/libiris_interfaces__rosidl_typesupport_introspection_cpp.so\n'}
[1.519713] (iris_interfaces) StdoutLine: {'line': b'-- Up-to-date: /home/maddy/iris_test_tool/install/iris_interfaces/lib/libiris_interfaces__rosidl_typesupport_cpp.so\n'}
[1.519843] (iris_interfaces) StdoutLine: {'line': b'-- Up-to-date: /home/maddy/iris_test_tool/install/iris_interfaces/share/iris_interfaces/environment/pythonpath.sh\n'}
[1.520084] (iris_interfaces) StdoutLine: {'line': b'-- Up-to-date: /home/maddy/iris_test_tool/install/iris_interfaces/share/iris_interfaces/environment/pythonpath.dsv\n'}
[1.520313] (iris_interfaces) StdoutLine: {'line': b'-- Up-to-date: /home/maddy/iris_test_tool/install/iris_interfaces/local/lib/python3.10/dist-packages/iris_interfaces-0.5.13-py3.10.egg-info\n'}
[1.520428] (iris_interfaces) StdoutLine: {'line': b'-- Installing: /home/maddy/iris_test_tool/install/iris_interfaces/local/lib/python3.10/dist-packages/iris_interfaces-0.5.13-py3.10.egg-info/top_level.txt\n'}
[1.520544] (iris_interfaces) StdoutLine: {'line': b'-- Installing: /home/maddy/iris_test_tool/install/iris_interfaces/local/lib/python3.10/dist-packages/iris_interfaces-0.5.13-py3.10.egg-info/dependency_links.txt\n'}
[1.520738] (iris_interfaces) StdoutLine: {'line': b'-- Installing: /home/maddy/iris_test_tool/install/iris_interfaces/local/lib/python3.10/dist-packages/iris_interfaces-0.5.13-py3.10.egg-info/PKG-INFO\n'}
[1.520927] (iris_interfaces) StdoutLine: {'line': b'-- Installing: /home/maddy/iris_test_tool/install/iris_interfaces/local/lib/python3.10/dist-packages/iris_interfaces-0.5.13-py3.10.egg-info/SOURCES.txt\n'}
[1.521042] (iris_interfaces) StdoutLine: {'line': b'-- Up-to-date: /home/maddy/iris_test_tool/install/iris_interfaces/local/lib/python3.10/dist-packages/iris_interfaces\n'}
[1.521169] (iris_interfaces) StdoutLine: {'line': b'-- Up-to-date: /home/maddy/iris_test_tool/install/iris_interfaces/local/lib/python3.10/dist-packages/iris_interfaces/_iris_interfaces_s.ep.rosidl_typesupport_fastrtps_c.c\n'}
[1.521611] (iris_interfaces) StdoutLine: {'line': b'-- Up-to-date: /home/maddy/iris_test_tool/install/iris_interfaces/local/lib/python3.10/dist-packages/iris_interfaces/srv\n'}
[1.522021] (iris_interfaces) StdoutLine: {'line': b'-- Up-to-date: /home/maddy/iris_test_tool/install/iris_interfaces/local/lib/python3.10/dist-packages/iris_interfaces/srv/_get_wifi_status_s.c\n'}
[1.522361] (iris_interfaces) StdoutLine: {'line': b'-- Up-to-date: /home/maddy/iris_test_tool/install/iris_interfaces/local/lib/python3.10/dist-packages/iris_interfaces/srv/_update_motor_controller_parameters.py\n'}
[1.522981] (iris_interfaces) StdoutLine: {'line': b'-- Up-to-date: /home/maddy/iris_test_tool/install/iris_interfaces/local/lib/python3.10/dist-packages/iris_interfaces/srv/_connect_wifi_s.c\n'}
[1.523274] (iris_interfaces) StdoutLine: {'line': b'-- Up-to-date: /home/maddy/iris_test_tool/install/iris_interfaces/local/lib/python3.10/dist-packages/iris_interfaces/srv/_connect_wifi.py\n'}
[1.523454] (iris_interfaces) StdoutLine: {'line': b'-- Up-to-date: /home/maddy/iris_test_tool/install/iris_interfaces/local/lib/python3.10/dist-packages/iris_interfaces/srv/_update_motor_controller_reference_source_s.c\n'}
[1.523706] (iris_interfaces) StdoutLine: {'line': b'-- Up-to-date: /home/maddy/iris_test_tool/install/iris_interfaces/local/lib/python3.10/dist-packages/iris_interfaces/srv/_process_manager.py\n'}
[1.523911] (iris_interfaces) StdoutLine: {'line': b'-- Up-to-date: /home/maddy/iris_test_tool/install/iris_interfaces/local/lib/python3.10/dist-packages/iris_interfaces/srv/_restart_motor_controller.py\n'}
[1.524164] (iris_interfaces) StdoutLine: {'line': b'-- Up-to-date: /home/maddy/iris_test_tool/install/iris_interfaces/local/lib/python3.10/dist-packages/iris_interfaces/srv/_wifi_discovery.py\n'}
[1.524356] (iris_interfaces) StdoutLine: {'line': b'-- Up-to-date: /home/maddy/iris_test_tool/install/iris_interfaces/local/lib/python3.10/dist-packages/iris_interfaces/srv/_get_wifi_status.py\n'}
[1.524594] (iris_interfaces) StdoutLine: {'line': b'-- Up-to-date: /home/maddy/iris_test_tool/install/iris_interfaces/local/lib/python3.10/dist-packages/iris_interfaces/srv/_reset_a2_faults_s.c\n'}
[1.524803] (iris_interfaces) StdoutLine: {'line': b'-- Up-to-date: /home/maddy/iris_test_tool/install/iris_interfaces/local/lib/python3.10/dist-packages/iris_interfaces/srv/_wifi_discovery_s.c\n'}
[1.525098] (iris_interfaces) StdoutLine: {'line': b'-- Up-to-date: /home/maddy/iris_test_tool/install/iris_interfaces/local/lib/python3.10/dist-packages/iris_interfaces/srv/_disconnect_wifi.py\n'}
[1.525286] (iris_interfaces) StdoutLine: {'line': b'-- Up-to-date: /home/maddy/iris_test_tool/install/iris_interfaces/local/lib/python3.10/dist-packages/iris_interfaces/srv/_state_manager_s.c\n'}
[1.525493] (iris_interfaces) StdoutLine: {'line': b'-- Up-to-date: /home/maddy/iris_test_tool/install/iris_interfaces/local/lib/python3.10/dist-packages/iris_interfaces/srv/_update_motor_controller_parameters_s.c\n'}
[1.525801] (iris_interfaces) StdoutLine: {'line': b'-- Up-to-date: /home/maddy/iris_test_tool/install/iris_interfaces/local/lib/python3.10/dist-packages/iris_interfaces/srv/_process_manager_s.c\n'}
[1.526127] (iris_interfaces) StdoutLine: {'line': b'-- Up-to-date: /home/maddy/iris_test_tool/install/iris_interfaces/local/lib/python3.10/dist-packages/iris_interfaces/srv/_reset_a2_faults.py\n'}
[1.526378] (iris_interfaces) StdoutLine: {'line': b'-- Up-to-date: /home/maddy/iris_test_tool/install/iris_interfaces/local/lib/python3.10/dist-packages/iris_interfaces/srv/_a2_command_s.c\n'}
[1.526586] (iris_interfaces) StdoutLine: {'line': b'-- Up-to-date: /home/maddy/iris_test_tool/install/iris_interfaces/local/lib/python3.10/dist-packages/iris_interfaces/srv/_disconnect_wifi_s.c\n'}
[1.526843] (iris_interfaces) StdoutLine: {'line': b'-- Up-to-date: /home/maddy/iris_test_tool/install/iris_interfaces/local/lib/python3.10/dist-packages/iris_interfaces/srv/__init__.py\n'}
[1.526975] (iris_interfaces) StdoutLine: {'line': b'-- Up-to-date: /home/maddy/iris_test_tool/install/iris_interfaces/local/lib/python3.10/dist-packages/iris_interfaces/srv/_reset_wheel_encoders.py\n'}
[1.527243] (iris_interfaces) StdoutLine: {'line': b'-- Up-to-date: /home/maddy/iris_test_tool/install/iris_interfaces/local/lib/python3.10/dist-packages/iris_interfaces/srv/_a2_command.py\n'}
[1.527461] (iris_interfaces) StdoutLine: {'line': b'-- Up-to-date: /home/maddy/iris_test_tool/install/iris_interfaces/local/lib/python3.10/dist-packages/iris_interfaces/srv/_update_motor_controller_reference_source.py\n'}
[1.527710] (iris_interfaces) StdoutLine: {'line': b'-- Up-to-date: /home/maddy/iris_test_tool/install/iris_interfaces/local/lib/python3.10/dist-packages/iris_interfaces/srv/_state_manager.py\n'}
[1.527902] (iris_interfaces) StdoutLine: {'line': b'-- Up-to-date: /home/maddy/iris_test_tool/install/iris_interfaces/local/lib/python3.10/dist-packages/iris_interfaces/srv/_restart_motor_controller_s.c\n'}
[1.528017] (iris_interfaces) StdoutLine: {'line': b'-- Up-to-date: /home/maddy/iris_test_tool/install/iris_interfaces/local/lib/python3.10/dist-packages/iris_interfaces/srv/_reset_wheel_encoders_s.c\n'}
[1.528240] (iris_interfaces) StdoutLine: {'line': b'-- Up-to-date: /home/maddy/iris_test_tool/install/iris_interfaces/local/lib/python3.10/dist-packages/iris_interfaces/action\n'}
[1.528372] (iris_interfaces) StdoutLine: {'line': b'-- Up-to-date: /home/maddy/iris_test_tool/install/iris_interfaces/local/lib/python3.10/dist-packages/iris_interfaces/action/_compute_path_coverage_s.c\n'}
[1.528613] (iris_interfaces) StdoutLine: {'line': b'-- Up-to-date: /home/maddy/iris_test_tool/install/iris_interfaces/local/lib/python3.10/dist-packages/iris_interfaces/action/_navigate_path_coverage_s.c\n'}
[1.528873] (iris_interfaces) StdoutLine: {'line': b'-- Up-to-date: /home/maddy/iris_test_tool/install/iris_interfaces/local/lib/python3.10/dist-packages/iris_interfaces/action/_navigate_path_coverage.py\n'}
[1.529048] (iris_interfaces) StdoutLine: {'line': b'-- Up-to-date: /home/maddy/iris_test_tool/install/iris_interfaces/local/lib/python3.10/dist-packages/iris_interfaces/action/__init__.py\n'}
[1.529219] (iris_interfaces) StdoutLine: {'line': b'-- Up-to-date: /home/maddy/iris_test_tool/install/iris_interfaces/local/lib/python3.10/dist-packages/iris_interfaces/action/_compute_path_coverage.py\n'}
[1.529416] (iris_interfaces) StdoutLine: {'line': b'-- Up-to-date: /home/maddy/iris_test_tool/install/iris_interfaces/local/lib/python3.10/dist-packages/iris_interfaces/action/_path_coverage_controller_s.c\n'}
[1.529651] (iris_interfaces) StdoutLine: {'line': b'-- Up-to-date: /home/maddy/iris_test_tool/install/iris_interfaces/local/lib/python3.10/dist-packages/iris_interfaces/action/_path_coverage_controller.py\n'}
[1.529836] (iris_interfaces) StdoutLine: {'line': b'-- Up-to-date: /home/maddy/iris_test_tool/install/iris_interfaces/local/lib/python3.10/dist-packages/iris_interfaces/__init__.py\n'}
[1.530027] (iris_interfaces) StdoutLine: {'line': b'-- Up-to-date: /home/maddy/iris_test_tool/install/iris_interfaces/local/lib/python3.10/dist-packages/iris_interfaces/iris_interfaces_s__rosidl_typesupport_c.cpython-310-x86_64-linux-gnu.so\n'}
[1.530301] (iris_interfaces) StdoutLine: {'line': b'-- Up-to-date: /home/maddy/iris_test_tool/install/iris_interfaces/local/lib/python3.10/dist-packages/iris_interfaces/iris_interfaces_s__rosidl_typesupport_introspection_c.cpython-310-x86_64-linux-gnu.so\n'}
[1.530520] (iris_interfaces) StdoutLine: {'line': b'-- Up-to-date: /home/maddy/iris_test_tool/install/iris_interfaces/local/lib/python3.10/dist-packages/iris_interfaces/libiris_interfaces__rosidl_generator_py.so\n'}
[1.530728] (iris_interfaces) StdoutLine: {'line': b'-- Up-to-date: /home/maddy/iris_test_tool/install/iris_interfaces/local/lib/python3.10/dist-packages/iris_interfaces/msg\n'}
[1.530917] (iris_interfaces) StdoutLine: {'line': b'-- Up-to-date: /home/maddy/iris_test_tool/install/iris_interfaces/local/lib/python3.10/dist-packages/iris_interfaces/msg/_water_tank_levels_s.c\n'}
[1.531122] (iris_interfaces) StdoutLine: {'line': b'-- Up-to-date: /home/maddy/iris_test_tool/install/iris_interfaces/local/lib/python3.10/dist-packages/iris_interfaces/msg/_vacuum_status.py\n'}
[1.531309] (iris_interfaces) StdoutLine: {'line': b'-- Up-to-date: /home/maddy/iris_test_tool/install/iris_interfaces/local/lib/python3.10/dist-packages/iris_interfaces/msg/_a2_fault_status_s.c\n'}
[1.531477] (iris_interfaces) StdoutLine: {'line': b'-- Up-to-date: /home/maddy/iris_test_tool/install/iris_interfaces/local/lib/python3.10/dist-packages/iris_interfaces/msg/_wheel_command_speed.py\n'}
[1.531648] (iris_interfaces) StdoutLine: {'line': b'-- Up-to-date: /home/maddy/iris_test_tool/install/iris_interfaces/local/lib/python3.10/dist-packages/iris_interfaces/msg/_headband_mode.py\n'}
[1.531865] (iris_interfaces) StdoutLine: {'line': b'-- Up-to-date: /home/maddy/iris_test_tool/install/iris_interfaces/local/lib/python3.10/dist-packages/iris_interfaces/msg/_motor_status.py\n'}
[1.532034] (iris_interfaces) StdoutLine: {'line': b'-- Up-to-date: /home/maddy/iris_test_tool/install/iris_interfaces/local/lib/python3.10/dist-packages/iris_interfaces/msg/_a2_functional_status_s.c\n'}
[1.532278] (iris_interfaces) StdoutLine: {'line': b'-- Up-to-date: /home/maddy/iris_test_tool/install/iris_interfaces/local/lib/python3.10/dist-packages/iris_interfaces/msg/_system_software_status_s.c\n'}
[1.532451] (iris_interfaces) StdoutLine: {'line': b'-- Up-to-date: /home/maddy/iris_test_tool/install/iris_interfaces/local/lib/python3.10/dist-packages/iris_interfaces/msg/_mender_client_status_s.c\n'}
[1.532666] (iris_interfaces) StdoutLine: {'line': b'-- Up-to-date: /home/maddy/iris_test_tool/install/iris_interfaces/local/lib/python3.10/dist-packages/iris_interfaces/msg/_sensor_status.py\n'}
[1.532838] (iris_interfaces) StdoutLine: {'line': b'-- Up-to-date: /home/maddy/iris_test_tool/install/iris_interfaces/local/lib/python3.10/dist-packages/iris_interfaces/msg/_motor_controller_status.py\n'}
[1.533009] (iris_interfaces) StdoutLine: {'line': b'-- Up-to-date: /home/maddy/iris_test_tool/install/iris_interfaces/local/lib/python3.10/dist-packages/iris_interfaces/msg/_headband_mode_s.c\n'}
[1.533240] (iris_interfaces) StdoutLine: {'line': b'-- Up-to-date: /home/maddy/iris_test_tool/install/iris_interfaces/local/lib/python3.10/dist-packages/iris_interfaces/msg/_wheel_encoders.py\n'}
[1.533458] (iris_interfaces) StdoutLine: {'line': b'-- Up-to-date: /home/maddy/iris_test_tool/install/iris_interfaces/local/lib/python3.10/dist-packages/iris_interfaces/msg/_a5_status.py\n'}
[1.533631] (iris_interfaces) StdoutLine: {'line': b'-- Up-to-date: /home/maddy/iris_test_tool/install/iris_interfaces/local/lib/python3.10/dist-packages/iris_interfaces/msg/_ultrasonic_ranges_s.c\n'}
[1.533849] (iris_interfaces) StdoutLine: {'line': b'-- Up-to-date: /home/maddy/iris_test_tool/install/iris_interfaces/local/lib/python3.10/dist-packages/iris_interfaces/msg/_led_control_s.c\n'}
[1.534025] (iris_interfaces) StdoutLine: {'line': b'-- Up-to-date: /home/maddy/iris_test_tool/install/iris_interfaces/local/lib/python3.10/dist-packages/iris_interfaces/msg/_motor_controller_status_s.c\n'}
[1.534265] (iris_interfaces) StdoutLine: {'line': b'-- Up-to-date: /home/maddy/iris_test_tool/install/iris_interfaces/local/lib/python3.10/dist-packages/iris_interfaces/msg/_brush_status_s.c\n'}
[1.534435] (iris_interfaces) StdoutLine: {'line': b'-- Up-to-date: /home/maddy/iris_test_tool/install/iris_interfaces/local/lib/python3.10/dist-packages/iris_interfaces/msg/_ultrasonic_ranges.py\n'}
[1.534647] (iris_interfaces) StdoutLine: {'line': b'-- Up-to-date: /home/maddy/iris_test_tool/install/iris_interfaces/local/lib/python3.10/dist-packages/iris_interfaces/msg/_a2_command_s.c\n'}
[1.534825] (iris_interfaces) StdoutLine: {'line': b'-- Up-to-date: /home/maddy/iris_test_tool/install/iris_interfaces/local/lib/python3.10/dist-packages/iris_interfaces/msg/_ota_status.py\n'}
[1.535067] (iris_interfaces) StdoutLine: {'line': b'-- Up-to-date: /home/maddy/iris_test_tool/install/iris_interfaces/local/lib/python3.10/dist-packages/iris_interfaces/msg/_vacuum_faults.py\n'}
[1.535264] (iris_interfaces) StdoutLine: {'line': b'-- Up-to-date: /home/maddy/iris_test_tool/install/iris_interfaces/local/lib/python3.10/dist-packages/iris_interfaces/msg/_a2_functional_status.py\n'}
[1.535432] (iris_interfaces) StdoutLine: {'line': b'-- Up-to-date: /home/maddy/iris_test_tool/install/iris_interfaces/local/lib/python3.10/dist-packages/iris_interfaces/msg/_actuator_status.py\n'}
[1.535650] (iris_interfaces) StdoutLine: {'line': b'-- Up-to-date: /home/maddy/iris_test_tool/install/iris_interfaces/local/lib/python3.10/dist-packages/iris_interfaces/msg/_follow_path_result.py\n'}
[1.535820] (iris_interfaces) StdoutLine: {'line': b'-- Up-to-date: /home/maddy/iris_test_tool/install/iris_interfaces/local/lib/python3.10/dist-packages/iris_interfaces/msg/_motor_status_s.c\n'}
[1.536033] (iris_interfaces) StdoutLine: {'line': b'-- Up-to-date: /home/maddy/iris_test_tool/install/iris_interfaces/local/lib/python3.10/dist-packages/iris_interfaces/msg/_vacuum_faults_s.c\n'}
[1.536204] (iris_interfaces) StdoutLine: {'line': b'-- Up-to-date: /home/maddy/iris_test_tool/install/iris_interfaces/local/lib/python3.10/dist-packages/iris_interfaces/msg/_wheel_command_speed_s.c\n'}
[1.536377] (iris_interfaces) StdoutLine: {'line': b'-- Up-to-date: /home/maddy/iris_test_tool/install/iris_interfaces/local/lib/python3.10/dist-packages/iris_interfaces/msg/_brush_faults_s.c\n'}
[1.536597] (iris_interfaces) StdoutLine: {'line': b'-- Up-to-date: /home/maddy/iris_test_tool/install/iris_interfaces/local/lib/python3.10/dist-packages/iris_interfaces/msg/__init__.py\n'}
[1.536766] (iris_interfaces) StdoutLine: {'line': b'-- Up-to-date: /home/maddy/iris_test_tool/install/iris_interfaces/local/lib/python3.10/dist-packages/iris_interfaces/msg/_wheel_encoders_s.c\n'}
[1.536933] (iris_interfaces) StdoutLine: {'line': b'-- Up-to-date: /home/maddy/iris_test_tool/install/iris_interfaces/local/lib/python3.10/dist-packages/iris_interfaces/msg/_follow_path_result_s.c\n'}
[1.537172] (iris_interfaces) StdoutLine: {'line': b'-- Up-to-date: /home/maddy/iris_test_tool/install/iris_interfaces/local/lib/python3.10/dist-packages/iris_interfaces/msg/_sensor_status_s.c\n'}
[1.537341] (iris_interfaces) StdoutLine: {'line': b'-- Up-to-date: /home/maddy/iris_test_tool/install/iris_interfaces/local/lib/python3.10/dist-packages/iris_interfaces/msg/_a2_command.py\n'}
[1.537518] (iris_interfaces) StdoutLine: {'line': b'-- Up-to-date: /home/maddy/iris_test_tool/install/iris_interfaces/local/lib/python3.10/dist-packages/iris_interfaces/msg/_navigation_mode_s.c\n'}
[1.537735] (iris_interfaces) StdoutLine: {'line': b'-- Up-to-date: /home/maddy/iris_test_tool/install/iris_interfaces/local/lib/python3.10/dist-packages/iris_interfaces/msg/_water_tank_levels.py\n'}
[1.537907] (iris_interfaces) StdoutLine: {'line': b'-- Up-to-date: /home/maddy/iris_test_tool/install/iris_interfaces/local/lib/python3.10/dist-packages/iris_interfaces/msg/_ota_status_s.c\n'}
[1.538126] (iris_interfaces) StdoutLine: {'line': b'-- Up-to-date: /home/maddy/iris_test_tool/install/iris_interfaces/local/lib/python3.10/dist-packages/iris_interfaces/msg/_vacuum_status_s.c\n'}
[1.538296] (iris_interfaces) StdoutLine: {'line': b'-- Up-to-date: /home/maddy/iris_test_tool/install/iris_interfaces/local/lib/python3.10/dist-packages/iris_interfaces/msg/_led_control.py\n'}
[1.538702] (iris_interfaces) StdoutLine: {'line': b'-- Up-to-date: /home/maddy/iris_test_tool/install/iris_interfaces/local/lib/python3.10/dist-packages/iris_interfaces/msg/_navigation_mode.py\n'}
[1.538992] (iris_interfaces) StdoutLine: {'line': b'-- Up-to-date: /home/maddy/iris_test_tool/install/iris_interfaces/local/lib/python3.10/dist-packages/iris_interfaces/msg/_mender_client_status.py\n'}
[1.539323] (iris_interfaces) StdoutLine: {'line': b'-- Up-to-date: /home/maddy/iris_test_tool/install/iris_interfaces/local/lib/python3.10/dist-packages/iris_interfaces/msg/_a2_fault_status.py\n'}
[1.539812] (iris_interfaces) StdoutLine: {'line': b'-- Up-to-date: /home/maddy/iris_test_tool/install/iris_interfaces/local/lib/python3.10/dist-packages/iris_interfaces/msg/_actuator_status_s.c\n'}
[1.540033] (iris_interfaces) StdoutLine: {'line': b'-- Up-to-date: /home/maddy/iris_test_tool/install/iris_interfaces/local/lib/python3.10/dist-packages/iris_interfaces/msg/_a5_status_s.c\n'}
[1.540313] (iris_interfaces) StdoutLine: {'line': b'-- Up-to-date: /home/maddy/iris_test_tool/install/iris_interfaces/local/lib/python3.10/dist-packages/iris_interfaces/msg/_brush_faults.py\n'}
[1.540539] (iris_interfaces) StdoutLine: {'line': b'-- Up-to-date: /home/maddy/iris_test_tool/install/iris_interfaces/local/lib/python3.10/dist-packages/iris_interfaces/msg/_brush_status.py\n'}
[1.540828] (iris_interfaces) StdoutLine: {'line': b'-- Up-to-date: /home/maddy/iris_test_tool/install/iris_interfaces/local/lib/python3.10/dist-packages/iris_interfaces/msg/_system_software_status.py\n'}
[1.541047] (iris_interfaces) StdoutLine: {'line': b'-- Up-to-date: /home/maddy/iris_test_tool/install/iris_interfaces/local/lib/python3.10/dist-packages/iris_interfaces/_iris_interfaces_s.ep.rosidl_typesupport_c.c\n'}
[1.541314] (iris_interfaces) StdoutLine: {'line': b'-- Up-to-date: /home/maddy/iris_test_tool/install/iris_interfaces/local/lib/python3.10/dist-packages/iris_interfaces/_iris_interfaces_s.ep.rosidl_typesupport_introspection_c.c\n'}
[1.541550] (iris_interfaces) StdoutLine: {'line': b'-- Up-to-date: /home/maddy/iris_test_tool/install/iris_interfaces/local/lib/python3.10/dist-packages/iris_interfaces/iris_interfaces_s__rosidl_typesupport_fastrtps_c.cpython-310-x86_64-linux-gnu.so\n'}
[1.542029] (iris_interfaces) StdoutLine: {'line': b"Listing '/home/maddy/iris_test_tool/install/iris_interfaces/local/lib/python3.10/dist-packages/iris_interfaces'...\n"}
[1.542266] (iris_interfaces) StdoutLine: {'line': b"Listing '/home/maddy/iris_test_tool/install/iris_interfaces/local/lib/python3.10/dist-packages/iris_interfaces/action'...\n"}
[1.542468] (iris_interfaces) StdoutLine: {'line': b"Listing '/home/maddy/iris_test_tool/install/iris_interfaces/local/lib/python3.10/dist-packages/iris_interfaces/msg'...\n"}
[1.542680] (iris_interfaces) StdoutLine: {'line': b"Listing '/home/maddy/iris_test_tool/install/iris_interfaces/local/lib/python3.10/dist-packages/iris_interfaces/srv'...\n"}
[1.552084] (iris_interfaces) StdoutLine: {'line': b'-- Up-to-date: /home/maddy/iris_test_tool/install/iris_interfaces/local/lib/python3.10/dist-packages/iris_interfaces/iris_interfaces_s__rosidl_typesupport_fastrtps_c.cpython-310-x86_64-linux-gnu.so\n'}
[1.554348] (iris_interfaces) StdoutLine: {'line': b'-- Up-to-date: /home/maddy/iris_test_tool/install/iris_interfaces/local/lib/python3.10/dist-packages/iris_interfaces/iris_interfaces_s__rosidl_typesupport_introspection_c.cpython-310-x86_64-linux-gnu.so\n'}
[1.556647] (iris_interfaces) StdoutLine: {'line': b'-- Up-to-date: /home/maddy/iris_test_tool/install/iris_interfaces/local/lib/python3.10/dist-packages/iris_interfaces/iris_interfaces_s__rosidl_typesupport_c.cpython-310-x86_64-linux-gnu.so\n'}
[1.558819] (iris_interfaces) StdoutLine: {'line': b'-- Up-to-date: /home/maddy/iris_test_tool/install/iris_interfaces/lib/libiris_interfaces__rosidl_generator_py.so\n'}
[1.559391] (iris_interfaces) StdoutLine: {'line': b'-- Up-to-date: /home/maddy/iris_test_tool/install/iris_interfaces/share/iris_interfaces/msg/WheelCommandSpeed.idl\n'}
[1.559750] (iris_interfaces) StdoutLine: {'line': b'-- Up-to-date: /home/maddy/iris_test_tool/install/iris_interfaces/share/iris_interfaces/msg/WheelEncoders.idl\n'}
[1.560249] (iris_interfaces) StdoutLine: {'line': b'-- Up-to-date: /home/maddy/iris_test_tool/install/iris_interfaces/share/iris_interfaces/msg/SensorStatus.idl\n'}
[1.560814] (iris_interfaces) StdoutLine: {'line': b'-- Up-to-date: /home/maddy/iris_test_tool/install/iris_interfaces/share/iris_interfaces/msg/MotorStatus.idl\n'}
[1.561427] (iris_interfaces) StdoutLine: {'line': b'-- Up-to-date: /home/maddy/iris_test_tool/install/iris_interfaces/share/iris_interfaces/msg/MotorControllerStatus.idl\n'}
[1.561619] (iris_interfaces) StdoutLine: {'line': b'-- Up-to-date: /home/maddy/iris_test_tool/install/iris_interfaces/share/iris_interfaces/msg/UltrasonicRanges.idl\n'}
[1.561968] (iris_interfaces) StdoutLine: {'line': b'-- Up-to-date: /home/maddy/iris_test_tool/install/iris_interfaces/share/iris_interfaces/msg/WaterTankLevels.idl\n'}
[1.562410] (iris_interfaces) StdoutLine: {'line': b'-- Up-to-date: /home/maddy/iris_test_tool/install/iris_interfaces/share/iris_interfaces/msg/HeadbandMode.idl\n'}
[1.562706] (iris_interfaces) StdoutLine: {'line': b'-- Up-to-date: /home/maddy/iris_test_tool/install/iris_interfaces/share/iris_interfaces/msg/NavigationMode.idl\n'}
[1.563020] (iris_interfaces) StdoutLine: {'line': b'-- Up-to-date: /home/maddy/iris_test_tool/install/iris_interfaces/share/iris_interfaces/msg/FollowPathResult.idl\n'}
[1.563408] (iris_interfaces) StdoutLine: {'line': b'-- Up-to-date: /home/maddy/iris_test_tool/install/iris_interfaces/share/iris_interfaces/msg/OTAStatus.idl\n'}
[1.563674] (iris_interfaces) StdoutLine: {'line': b'-- Up-to-date: /home/maddy/iris_test_tool/install/iris_interfaces/share/iris_interfaces/msg/SystemSoftwareStatus.idl\n'}
[1.563879] (iris_interfaces) StdoutLine: {'line': b'-- Up-to-date: /home/maddy/iris_test_tool/install/iris_interfaces/share/iris_interfaces/msg/MenderClientStatus.idl\n'}
[1.564471] (iris_interfaces) StdoutLine: {'line': b'-- Up-to-date: /home/maddy/iris_test_tool/install/iris_interfaces/share/iris_interfaces/msg/A5Status.idl\n'}
[1.564695] (iris_interfaces) StdoutLine: {'line': b'-- Up-to-date: /home/maddy/iris_test_tool/install/iris_interfaces/share/iris_interfaces/msg/LedControl.idl\n'}
[1.565039] (iris_interfaces) StdoutLine: {'line': b'-- Up-to-date: /home/maddy/iris_test_tool/install/iris_interfaces/share/iris_interfaces/msg/A2FunctionalStatus.idl\n'}
[1.565268] (iris_interfaces) StdoutLine: {'line': b'-- Up-to-date: /home/maddy/iris_test_tool/install/iris_interfaces/share/iris_interfaces/msg/A2Command.idl\n'}
[1.565579] (iris_interfaces) StdoutLine: {'line': b'-- Up-to-date: /home/maddy/iris_test_tool/install/iris_interfaces/share/iris_interfaces/msg/VacuumStatus.idl\n'}
[1.566061] (iris_interfaces) StdoutLine: {'line': b'-- Up-to-date: /home/maddy/iris_test_tool/install/iris_interfaces/share/iris_interfaces/msg/VacuumFaults.idl\n'}
[1.566543] (iris_interfaces) StdoutLine: {'line': b'-- Up-to-date: /home/maddy/iris_test_tool/install/iris_interfaces/share/iris_interfaces/msg/BrushStatus.idl\n'}
[1.567079] (iris_interfaces) StdoutLine: {'line': b'-- Up-to-date: /home/maddy/iris_test_tool/install/iris_interfaces/share/iris_interfaces/msg/BrushFaults.idl\n'}
[1.567385] (iris_interfaces) StdoutLine: {'line': b'-- Up-to-date: /home/maddy/iris_test_tool/install/iris_interfaces/share/iris_interfaces/msg/A2FaultStatus.idl\n'}
[1.567677] (iris_interfaces) StdoutLine: {'line': b'-- Up-to-date: /home/maddy/iris_test_tool/install/iris_interfaces/share/iris_interfaces/msg/ActuatorStatus.idl\n'}
[1.567977] (iris_interfaces) StdoutLine: {'line': b'-- Up-to-date: /home/maddy/iris_test_tool/install/iris_interfaces/share/iris_interfaces/srv/UpdateMotorControllerParameters.idl\n'}
[1.568286] (iris_interfaces) StdoutLine: {'line': b'-- Up-to-date: /home/maddy/iris_test_tool/install/iris_interfaces/share/iris_interfaces/srv/RestartMotorController.idl\n'}
[1.568514] (iris_interfaces) StdoutLine: {'line': b'-- Up-to-date: /home/maddy/iris_test_tool/install/iris_interfaces/share/iris_interfaces/srv/GetWifiStatus.idl\n'}
[1.569010] (iris_interfaces) StdoutLine: {'line': b'-- Up-to-date: /home/maddy/iris_test_tool/install/iris_interfaces/share/iris_interfaces/srv/WifiDiscovery.idl\n'}
[1.569492] (iris_interfaces) StdoutLine: {'line': b'-- Up-to-date: /home/maddy/iris_test_tool/install/iris_interfaces/share/iris_interfaces/srv/ConnectWifi.idl\n'}
[1.569719] (iris_interfaces) StdoutLine: {'line': b'-- Up-to-date: /home/maddy/iris_test_tool/install/iris_interfaces/share/iris_interfaces/srv/DisconnectWifi.idl\n'}
[1.570052] (iris_interfaces) StdoutLine: {'line': b'-- Up-to-date: /home/maddy/iris_test_tool/install/iris_interfaces/share/iris_interfaces/srv/ProcessManager.idl\n'}
[1.570603] (iris_interfaces) StdoutLine: {'line': b'-- Up-to-date: /home/maddy/iris_test_tool/install/iris_interfaces/share/iris_interfaces/srv/StateManager.idl\n'}
[1.570991] (iris_interfaces) StdoutLine: {'line': b'-- Up-to-date: /home/maddy/iris_test_tool/install/iris_interfaces/share/iris_interfaces/srv/ResetWheelEncoders.idl\n'}
[1.571278] (iris_interfaces) StdoutLine: {'line': b'-- Up-to-date: /home/maddy/iris_test_tool/install/iris_interfaces/share/iris_interfaces/srv/UpdateMotorControllerReferenceSource.idl\n'}
[1.571509] (iris_interfaces) StdoutLine: {'line': b'-- Up-to-date: /home/maddy/iris_test_tool/install/iris_interfaces/share/iris_interfaces/srv/A2Command.idl\n'}
[1.571730] (iris_interfaces) StdoutLine: {'line': b'-- Up-to-date: /home/maddy/iris_test_tool/install/iris_interfaces/share/iris_interfaces/srv/ResetA2Faults.idl\n'}
[1.571946] (iris_interfaces) StdoutLine: {'line': b'-- Up-to-date: /home/maddy/iris_test_tool/install/iris_interfaces/share/iris_interfaces/action/ComputePathCoverage.idl\n'}
[1.572264] (iris_interfaces) StdoutLine: {'line': b'-- Up-to-date: /home/maddy/iris_test_tool/install/iris_interfaces/share/iris_interfaces/action/NavigatePathCoverage.idl\n'}
[1.572535] (iris_interfaces) StdoutLine: {'line': b'-- Up-to-date: /home/maddy/iris_test_tool/install/iris_interfaces/share/iris_interfaces/action/PathCoverageController.idl\n'}
[1.572838] (iris_interfaces) StdoutLine: {'line': b'-- Up-to-date: /home/maddy/iris_test_tool/install/iris_interfaces/share/iris_interfaces/msg/WheelCommandSpeed.msg\n'}
[1.573155] (iris_interfaces) StdoutLine: {'line': b'-- Up-to-date: /home/maddy/iris_test_tool/install/iris_interfaces/share/iris_interfaces/msg/WheelEncoders.msg\n'}
[1.573755] (iris_interfaces) StdoutLine: {'line': b'-- Up-to-date: /home/maddy/iris_test_tool/install/iris_interfaces/share/iris_interfaces/msg/SensorStatus.msg\n'}
[1.574020] (iris_interfaces) StdoutLine: {'line': b'-- Up-to-date: /home/maddy/iris_test_tool/install/iris_interfaces/share/iris_interfaces/msg/MotorStatus.msg\n'}
[1.574358] (iris_interfaces) StdoutLine: {'line': b'-- Up-to-date: /home/maddy/iris_test_tool/install/iris_interfaces/share/iris_interfaces/msg/MotorControllerStatus.msg\n'}
[1.574727] (iris_interfaces) StdoutLine: {'line': b'-- Up-to-date: /home/maddy/iris_test_tool/install/iris_interfaces/share/iris_interfaces/msg/UltrasonicRanges.msg\n'}
[1.575405] (iris_interfaces) StdoutLine: {'line': b'-- Up-to-date: /home/maddy/iris_test_tool/install/iris_interfaces/share/iris_interfaces/msg/WaterTankLevels.msg\n'}
[1.576744] (iris_interfaces) StdoutLine: {'line': b'-- Up-to-date: /home/maddy/iris_test_tool/install/iris_interfaces/share/iris_interfaces/msg/HeadbandMode.msg\n'}
[1.577105] (iris_interfaces) StdoutLine: {'line': b'-- Up-to-date: /home/maddy/iris_test_tool/install/iris_interfaces/share/iris_interfaces/msg/NavigationMode.msg\n'}
[1.577332] (iris_interfaces) StdoutLine: {'line': b'-- Up-to-date: /home/maddy/iris_test_tool/install/iris_interfaces/share/iris_interfaces/msg/FollowPathResult.msg\n'}
[1.577720] (iris_interfaces) StdoutLine: {'line': b'-- Up-to-date: /home/maddy/iris_test_tool/install/iris_interfaces/share/iris_interfaces/msg/OTAStatus.msg\n'}
[1.578019] (iris_interfaces) StdoutLine: {'line': b'-- Up-to-date: /home/maddy/iris_test_tool/install/iris_interfaces/share/iris_interfaces/msg/SystemSoftwareStatus.msg\n'}
[1.578544] (iris_interfaces) StdoutLine: {'line': b'-- Up-to-date: /home/maddy/iris_test_tool/install/iris_interfaces/share/iris_interfaces/msg/MenderClientStatus.msg\n'}
[1.579781] (iris_interfaces) StdoutLine: {'line': b'-- Up-to-date: /home/maddy/iris_test_tool/install/iris_interfaces/share/iris_interfaces/msg/A5Status.msg\n'}
[1.580793] (iris_interfaces) StdoutLine: {'line': b'-- Up-to-date: /home/maddy/iris_test_tool/install/iris_interfaces/share/iris_interfaces/msg/LedControl.msg\n'}
[1.581203] (iris_interfaces) StdoutLine: {'line': b'-- Up-to-date: /home/maddy/iris_test_tool/install/iris_interfaces/share/iris_interfaces/msg/A2FunctionalStatus.msg\n'}
[1.581477] (iris_interfaces) StdoutLine: {'line': b'-- Up-to-date: /home/maddy/iris_test_tool/install/iris_interfaces/share/iris_interfaces/msg/A2Command.msg\n'}
[1.581893] (iris_interfaces) StdoutLine: {'line': b'-- Up-to-date: /home/maddy/iris_test_tool/install/iris_interfaces/share/iris_interfaces/msg/VacuumStatus.msg\n'}
[1.582160] (iris_interfaces) StdoutLine: {'line': b'-- Up-to-date: /home/maddy/iris_test_tool/install/iris_interfaces/share/iris_interfaces/msg/VacuumFaults.msg\n'}
[1.582370] (iris_interfaces) StdoutLine: {'line': b'-- Up-to-date: /home/maddy/iris_test_tool/install/iris_interfaces/share/iris_interfaces/msg/BrushStatus.msg\n'}
[1.582576] (iris_interfaces) StdoutLine: {'line': b'-- Up-to-date: /home/maddy/iris_test_tool/install/iris_interfaces/share/iris_interfaces/msg/BrushFaults.msg\n'}
[1.582775] (iris_interfaces) StdoutLine: {'line': b'-- Up-to-date: /home/maddy/iris_test_tool/install/iris_interfaces/share/iris_interfaces/msg/A2FaultStatus.msg\n'}
[1.582999] (iris_interfaces) StdoutLine: {'line': b'-- Up-to-date: /home/maddy/iris_test_tool/install/iris_interfaces/share/iris_interfaces/msg/ActuatorStatus.msg\n'}
[1.583614] (iris_interfaces) StdoutLine: {'line': b'-- Up-to-date: /home/maddy/iris_test_tool/install/iris_interfaces/share/iris_interfaces/srv/UpdateMotorControllerParameters.srv\n'}
[1.583951] (iris_interfaces) StdoutLine: {'line': b'-- Up-to-date: /home/maddy/iris_test_tool/install/iris_interfaces/share/iris_interfaces/srv/UpdateMotorControllerParameters_Request.msg\n'}
[1.584276] (iris_interfaces) StdoutLine: {'line': b'-- Up-to-date: /home/maddy/iris_test_tool/install/iris_interfaces/share/iris_interfaces/srv/UpdateMotorControllerParameters_Response.msg\n'}
[1.584529] (iris_interfaces) StdoutLine: {'line': b'-- Up-to-date: /home/maddy/iris_test_tool/install/iris_interfaces/share/iris_interfaces/srv/RestartMotorController.srv\n'}
[1.585074] (iris_interfaces) StdoutLine: {'line': b'-- Up-to-date: /home/maddy/iris_test_tool/install/iris_interfaces/share/iris_interfaces/srv/RestartMotorController_Request.msg\n'}
[1.585543] (iris_interfaces) StdoutLine: {'line': b'-- Up-to-date: /home/maddy/iris_test_tool/install/iris_interfaces/share/iris_interfaces/srv/RestartMotorController_Response.msg\n'}
[1.585742] (iris_interfaces) StdoutLine: {'line': b'-- Up-to-date: /home/maddy/iris_test_tool/install/iris_interfaces/share/iris_interfaces/srv/GetWifiStatus.srv\n'}
[1.586144] (iris_interfaces) StdoutLine: {'line': b'-- Up-to-date: /home/maddy/iris_test_tool/install/iris_interfaces/share/iris_interfaces/srv/GetWifiStatus_Request.msg\n'}
[1.586287] (iris_interfaces) StdoutLine: {'line': b'-- Up-to-date: /home/maddy/iris_test_tool/install/iris_interfaces/share/iris_interfaces/srv/GetWifiStatus_Response.msg\n'}
[1.586517] (iris_interfaces) StdoutLine: {'line': b'-- Up-to-date: /home/maddy/iris_test_tool/install/iris_interfaces/share/iris_interfaces/srv/WifiDiscovery.srv\n'}
[1.586728] (iris_interfaces) StdoutLine: {'line': b'-- Up-to-date: /home/maddy/iris_test_tool/install/iris_interfaces/share/iris_interfaces/srv/WifiDiscovery_Request.msg\n'}
[1.586934] (iris_interfaces) StdoutLine: {'line': b'-- Up-to-date: /home/maddy/iris_test_tool/install/iris_interfaces/share/iris_interfaces/srv/WifiDiscovery_Response.msg\n'}
[1.587435] (iris_interfaces) StdoutLine: {'line': b'-- Up-to-date: /home/maddy/iris_test_tool/install/iris_interfaces/share/iris_interfaces/srv/ConnectWifi.srv\n'}
[1.587651] (iris_interfaces) StdoutLine: {'line': b'-- Up-to-date: /home/maddy/iris_test_tool/install/iris_interfaces/share/iris_interfaces/srv/ConnectWifi_Request.msg\n'}
[1.588009] (iris_interfaces) StdoutLine: {'line': b'-- Up-to-date: /home/maddy/iris_test_tool/install/iris_interfaces/share/iris_interfaces/srv/ConnectWifi_Response.msg\n'}
[1.588367] (iris_interfaces) StdoutLine: {'line': b'-- Up-to-date: /home/maddy/iris_test_tool/install/iris_interfaces/share/iris_interfaces/srv/DisconnectWifi.srv\n'}
[1.588719] (iris_interfaces) StdoutLine: {'line': b'-- Up-to-date: /home/maddy/iris_test_tool/install/iris_interfaces/share/iris_interfaces/srv/DisconnectWifi_Request.msg\n'}
[1.589066] (iris_interfaces) StdoutLine: {'line': b'-- Up-to-date: /home/maddy/iris_test_tool/install/iris_interfaces/share/iris_interfaces/srv/DisconnectWifi_Response.msg\n'}
[1.589611] (iris_interfaces) StdoutLine: {'line': b'-- Up-to-date: /home/maddy/iris_test_tool/install/iris_interfaces/share/iris_interfaces/srv/ProcessManager.srv\n'}
[1.589805] (iris_interfaces) StdoutLine: {'line': b'-- Up-to-date: /home/maddy/iris_test_tool/install/iris_interfaces/share/iris_interfaces/srv/ProcessManager_Request.msg\n'}
[1.590232] (iris_interfaces) StdoutLine: {'line': b'-- Up-to-date: /home/maddy/iris_test_tool/install/iris_interfaces/share/iris_interfaces/srv/ProcessManager_Response.msg\n'}
[1.590636] (iris_interfaces) StdoutLine: {'line': b'-- Up-to-date: /home/maddy/iris_test_tool/install/iris_interfaces/share/iris_interfaces/srv/StateManager.srv\n'}
[1.590952] (iris_interfaces) StdoutLine: {'line': b'-- Up-to-date: /home/maddy/iris_test_tool/install/iris_interfaces/share/iris_interfaces/srv/StateManager_Request.msg\n'}
[1.591402] (iris_interfaces) StdoutLine: {'line': b'-- Up-to-date: /home/maddy/iris_test_tool/install/iris_interfaces/share/iris_interfaces/srv/StateManager_Response.msg\n'}
[1.592013] (iris_interfaces) StdoutLine: {'line': b'-- Up-to-date: /home/maddy/iris_test_tool/install/iris_interfaces/share/iris_interfaces/srv/ResetWheelEncoders.srv\n'}
[1.592331] (iris_interfaces) StdoutLine: {'line': b'-- Up-to-date: /home/maddy/iris_test_tool/install/iris_interfaces/share/iris_interfaces/srv/ResetWheelEncoders_Request.msg\n'}
[1.592712] (iris_interfaces) StdoutLine: {'line': b'-- Up-to-date: /home/maddy/iris_test_tool/install/iris_interfaces/share/iris_interfaces/srv/ResetWheelEncoders_Response.msg\n'}
[1.593073] (iris_interfaces) StdoutLine: {'line': b'-- Up-to-date: /home/maddy/iris_test_tool/install/iris_interfaces/share/iris_interfaces/srv/UpdateMotorControllerReferenceSource.srv\n'}
[1.593434] (iris_interfaces) StdoutLine: {'line': b'-- Up-to-date: /home/maddy/iris_test_tool/install/iris_interfaces/share/iris_interfaces/srv/UpdateMotorControllerReferenceSource_Request.msg\n'}
[1.593848] (iris_interfaces) StdoutLine: {'line': b'-- Up-to-date: /home/maddy/iris_test_tool/install/iris_interfaces/share/iris_interfaces/srv/UpdateMotorControllerReferenceSource_Response.msg\n'}
[1.594079] (iris_interfaces) StdoutLine: {'line': b'-- Up-to-date: /home/maddy/iris_test_tool/install/iris_interfaces/share/iris_interfaces/srv/A2Command.srv\n'}
[1.594276] (iris_interfaces) StdoutLine: {'line': b'-- Up-to-date: /home/maddy/iris_test_tool/install/iris_interfaces/share/iris_interfaces/srv/A2Command_Request.msg\n'}
[1.594600] (iris_interfaces) StdoutLine: {'line': b'-- Up-to-date: /home/maddy/iris_test_tool/install/iris_interfaces/share/iris_interfaces/srv/A2Command_Response.msg\n'}
[1.594810] (iris_interfaces) StdoutLine: {'line': b'-- Up-to-date: /home/maddy/iris_test_tool/install/iris_interfaces/share/iris_interfaces/srv/ResetA2Faults.srv\n'}
[1.595023] (iris_interfaces) StdoutLine: {'line': b'-- Up-to-date: /home/maddy/iris_test_tool/install/iris_interfaces/share/iris_interfaces/srv/ResetA2Faults_Request.msg\n'}
[1.595303] (iris_interfaces) StdoutLine: {'line': b'-- Up-to-date: /home/maddy/iris_test_tool/install/iris_interfaces/share/iris_interfaces/srv/ResetA2Faults_Response.msg\n'}
[1.595556] (iris_interfaces) StdoutLine: {'line': b'-- Up-to-date: /home/maddy/iris_test_tool/install/iris_interfaces/share/iris_interfaces/action/ComputePathCoverage.action\n'}
[1.595852] (iris_interfaces) StdoutLine: {'line': b'-- Up-to-date: /home/maddy/iris_test_tool/install/iris_interfaces/share/iris_interfaces/action/NavigatePathCoverage.action\n'}
[1.596213] (iris_interfaces) StdoutLine: {'line': b'-- Up-to-date: /home/maddy/iris_test_tool/install/iris_interfaces/share/iris_interfaces/action/PathCoverageController.action\n'}
[1.596422] (iris_interfaces) StdoutLine: {'line': b'-- Up-to-date: /home/maddy/iris_test_tool/install/iris_interfaces/share/ament_index/resource_index/package_run_dependencies/iris_interfaces\n'}
[1.596744] (iris_interfaces) StdoutLine: {'line': b'-- Up-to-date: /home/maddy/iris_test_tool/install/iris_interfaces/share/ament_index/resource_index/parent_prefix_path/iris_interfaces\n'}
[1.597075] (iris_interfaces) StdoutLine: {'line': b'-- Up-to-date: /home/maddy/iris_test_tool/install/iris_interfaces/share/iris_interfaces/environment/ament_prefix_path.sh\n'}
[1.597325] (iris_interfaces) StdoutLine: {'line': b'-- Up-to-date: /home/maddy/iris_test_tool/install/iris_interfaces/share/iris_interfaces/environment/ament_prefix_path.dsv\n'}
[1.597510] (iris_interfaces) StdoutLine: {'line': b'-- Up-to-date: /home/maddy/iris_test_tool/install/iris_interfaces/share/iris_interfaces/environment/path.sh\n'}
[1.597684] (iris_interfaces) StdoutLine: {'line': b'-- Up-to-date: /home/maddy/iris_test_tool/install/iris_interfaces/share/iris_interfaces/environment/path.dsv\n'}
[1.597884] (iris_interfaces) StdoutLine: {'line': b'-- Up-to-date: /home/maddy/iris_test_tool/install/iris_interfaces/share/iris_interfaces/local_setup.bash\n'}
[1.598087] (iris_interfaces) StdoutLine: {'line': b'-- Up-to-date: /home/maddy/iris_test_tool/install/iris_interfaces/share/iris_interfaces/local_setup.sh\n'}
[1.598271] (iris_interfaces) StdoutLine: {'line': b'-- Up-to-date: /home/maddy/iris_test_tool/install/iris_interfaces/share/iris_interfaces/local_setup.zsh\n'}
[1.598670] (iris_interfaces) StdoutLine: {'line': b'-- Up-to-date: /home/maddy/iris_test_tool/install/iris_interfaces/share/iris_interfaces/local_setup.dsv\n'}
[1.598892] (iris_interfaces) StdoutLine: {'line': b'-- Installing: /home/maddy/iris_test_tool/install/iris_interfaces/share/iris_interfaces/package.dsv\n'}
[1.599274] (iris_interfaces) StdoutLine: {'line': b'-- Up-to-date: /home/maddy/iris_test_tool/install/iris_interfaces/share/ament_index/resource_index/packages/iris_interfaces\n'}
[1.599466] (iris_interfaces) StdoutLine: {'line': b'-- Up-to-date: /home/maddy/iris_test_tool/install/iris_interfaces/share/iris_interfaces/cmake/export_iris_interfaces__rosidl_generator_cExport.cmake\n'}
[1.599734] (iris_interfaces) StdoutLine: {'line': b'-- Up-to-date: /home/maddy/iris_test_tool/install/iris_interfaces/share/iris_interfaces/cmake/export_iris_interfaces__rosidl_generator_cExport-debug.cmake\n'}
[1.600184] (iris_interfaces) StdoutLine: {'line': b'-- Up-to-date: /home/maddy/iris_test_tool/install/iris_interfaces/share/iris_interfaces/cmake/export_iris_interfaces__rosidl_typesupport_fastrtps_cExport.cmake\n'}
[1.600384] (iris_interfaces) StdoutLine: {'line': b'-- Up-to-date: /home/maddy/iris_test_tool/install/iris_interfaces/share/iris_interfaces/cmake/export_iris_interfaces__rosidl_typesupport_fastrtps_cExport-debug.cmake\n'}
[1.600594] (iris_interfaces) StdoutLine: {'line': b'-- Up-to-date: /home/maddy/iris_test_tool/install/iris_interfaces/share/iris_interfaces/cmake/iris_interfaces__rosidl_typesupport_introspection_cExport.cmake\n'}
[1.600904] (iris_interfaces) StdoutLine: {'line': b'-- Up-to-date: /home/maddy/iris_test_tool/install/iris_interfaces/share/iris_interfaces/cmake/iris_interfaces__rosidl_typesupport_introspection_cExport-debug.cmake\n'}
[1.601214] (iris_interfaces) StdoutLine: {'line': b'-- Up-to-date: /home/maddy/iris_test_tool/install/iris_interfaces/share/iris_interfaces/cmake/iris_interfaces__rosidl_typesupport_cExport.cmake\n'}
[1.601435] (iris_interfaces) StdoutLine: {'line': b'-- Up-to-date: /home/maddy/iris_test_tool/install/iris_interfaces/share/iris_interfaces/cmake/iris_interfaces__rosidl_typesupport_cExport-debug.cmake\n'}
[1.601766] (iris_interfaces) StdoutLine: {'line': b'-- Up-to-date: /home/maddy/iris_test_tool/install/iris_interfaces/share/iris_interfaces/cmake/export_iris_interfaces__rosidl_generator_cppExport.cmake\n'}
[1.602448] (iris_interfaces) StdoutLine: {'line': b'-- Up-to-date: /home/maddy/iris_test_tool/install/iris_interfaces/share/iris_interfaces/cmake/export_iris_interfaces__rosidl_typesupport_fastrtps_cppExport.cmake\n'}
[1.602784] (iris_interfaces) StdoutLine: {'line': b'-- Up-to-date: /home/maddy/iris_test_tool/install/iris_interfaces/share/iris_interfaces/cmake/export_iris_interfaces__rosidl_typesupport_fastrtps_cppExport-debug.cmake\n'}
[1.603099] (iris_interfaces) StdoutLine: {'line': b'-- Up-to-date: /home/maddy/iris_test_tool/install/iris_interfaces/share/iris_interfaces/cmake/iris_interfaces__rosidl_typesupport_introspection_cppExport.cmake\n'}
[1.603562] (iris_interfaces) StdoutLine: {'line': b'-- Up-to-date: /home/maddy/iris_test_tool/install/iris_interfaces/share/iris_interfaces/cmake/iris_interfaces__rosidl_typesupport_introspection_cppExport-debug.cmake\n'}
[1.603827] (iris_interfaces) StdoutLine: {'line': b'-- Up-to-date: /home/maddy/iris_test_tool/install/iris_interfaces/share/iris_interfaces/cmake/iris_interfaces__rosidl_typesupport_cppExport.cmake\n'}
[1.604101] (iris_interfaces) StdoutLine: {'line': b'-- Up-to-date: /home/maddy/iris_test_tool/install/iris_interfaces/share/iris_interfaces/cmake/iris_interfaces__rosidl_typesupport_cppExport-debug.cmake\n'}
[1.605505] (iris_interfaces) StdoutLine: {'line': b'-- Up-to-date: /home/maddy/iris_test_tool/install/iris_interfaces/share/iris_interfaces/cmake/export_iris_interfaces__rosidl_generator_pyExport.cmake\n'}
[1.605725] (-) TimerEvent: {}
[1.606173] (iris_interfaces) StdoutLine: {'line': b'-- Up-to-date: /home/maddy/iris_test_tool/install/iris_interfaces/share/iris_interfaces/cmake/export_iris_interfaces__rosidl_generator_pyExport-debug.cmake\n'}
[1.606538] (iris_interfaces) StdoutLine: {'line': b'-- Up-to-date: /home/maddy/iris_test_tool/install/iris_interfaces/share/iris_interfaces/cmake/rosidl_cmake-extras.cmake\n'}
[1.606825] (iris_interfaces) StdoutLine: {'line': b'-- Up-to-date: /home/maddy/iris_test_tool/install/iris_interfaces/share/iris_interfaces/cmake/ament_cmake_export_dependencies-extras.cmake\n'}
[1.607137] (iris_interfaces) StdoutLine: {'line': b'-- Up-to-date: /home/maddy/iris_test_tool/install/iris_interfaces/share/iris_interfaces/cmake/ament_cmake_export_include_directories-extras.cmake\n'}
[1.607570] (iris_interfaces) StdoutLine: {'line': b'-- Up-to-date: /home/maddy/iris_test_tool/install/iris_interfaces/share/iris_interfaces/cmake/ament_cmake_export_libraries-extras.cmake\n'}
[1.607860] (iris_interfaces) StdoutLine: {'line': b'-- Up-to-date: /home/maddy/iris_test_tool/install/iris_interfaces/share/iris_interfaces/cmake/ament_cmake_export_targets-extras.cmake\n'}
[1.608200] (iris_interfaces) StdoutLine: {'line': b'-- Up-to-date: /home/maddy/iris_test_tool/install/iris_interfaces/share/iris_interfaces/cmake/rosidl_cmake_export_typesupport_targets-extras.cmake\n'}
[1.608780] (iris_interfaces) StdoutLine: {'line': b'-- Up-to-date: /home/maddy/iris_test_tool/install/iris_interfaces/share/iris_interfaces/cmake/rosidl_cmake_export_typesupport_libraries-extras.cmake\n'}
[1.608993] (iris_interfaces) StdoutLine: {'line': b'-- Up-to-date: /home/maddy/iris_test_tool/install/iris_interfaces/share/iris_interfaces/cmake/iris_interfacesConfig.cmake\n'}
[1.609199] (iris_interfaces) StdoutLine: {'line': b'-- Up-to-date: /home/maddy/iris_test_tool/install/iris_interfaces/share/iris_interfaces/cmake/iris_interfacesConfig-version.cmake\n'}
[1.609404] (iris_interfaces) StdoutLine: {'line': b'-- Up-to-date: /home/maddy/iris_test_tool/install/iris_interfaces/share/iris_interfaces/package.xml\n'}
[1.615417] (iris_interfaces) CommandEnded: {'returncode': 0}
[1.674957] (iris_interfaces) JobEnded: {'identifier': 'iris_interfaces', 'rc': 0}
[1.676842] (test_tool) JobStarted: {'identifier': 'test_tool'}
[1.705926] (-) TimerEvent: {}
[1.771163] (test_tool_dummy) Command: {'cmd': ['/usr/bin/python3', '-W', 'ignore:setup.py install is deprecated', '-W', 'ignore:easy_install command is deprecated', 'setup.py', 'egg_info', '--egg-base', '../../build/test_tool_dummy', 'build', '--build-base', '/home/maddy/iris_test_tool/build/test_tool_dummy/build', 'install', '--record', '/home/maddy/iris_test_tool/build/test_tool_dummy/install.log', '--install-scripts', '$base/lib/test_tool_dummy', '--single-version-externally-managed'], 'cwd': '/home/maddy/iris_test_tool/src/test_tool_dummy', 'env': {'TMUX': '/tmp/tmux-1000/default,8485,0', 'USER': 'maddy', 'LD_LIBRARY_PATH': '/home/maddy/iris_test_tool/install/iris_interfaces/lib:/usr/lib/x86_64-linux-gnu/gazebo-11/plugins:/opt/ros/humble/opt/rviz_ogre_vendor/lib:/opt/ros/humble/lib/x86_64-linux-gnu:/opt/ros/humble/lib', 'SHLVL': '2', 'HOME': '/home/maddy', 'LESS': '-R', 'OLDPWD': '/home/maddy/iris_test_tool', 'TERM_PROGRAM_VERSION': '3.2a', 'LSCOLORS': 'Gxfxcxdxbxegedabagacad', 'PAGER': 'less', 'ROS_PYTHON_VERSION': '3', 'DBUS_SESSION_BUS_ADDRESS': 'unix:path=/run/user/1000/bus', 'P9K_TTY': 'old', 'WSL_DISTRO_NAME': 'Ubuntu-22.04', 'COLCON_PREFIX_PATH': '/home/maddy/iris_test_tool/install', 'ROS_DISTRO': 'humble', 'WAYLAND_DISPLAY': 'wayland-0', 'LOGNAME': 'maddy', 'NAME': 'RMCCORPDE-DT024', 'PULSE_SERVER': 'unix:/mnt/wslg/PulseServer', 'WSL_INTEROP': '/run/WSL/361_interop', '_': '/usr/bin/colcon', '_P9K_SSH_TTY': '/dev/pts/3', 'ROS_VERSION': '2', 'TERM': 'screen-256color', 'ROS_LOCALHOST_ONLY': '0', 'PATH': '/opt/ros/humble/bin:/usr/local/sbin:/usr/local/bin:/usr/sbin:/usr/bin:/sbin:/bin:/usr/games:/usr/local/games:/usr/lib/wsl/lib:/mnt/c/Program Files/Common Files/Oracle/Java/javapath:/mnt/c/Program Files/Eclipse Adoptium/jdk-17.0.15.6-hotspot/bin:/mnt/c/Program Files (x86)/Common Files/Oracle/Java/java8path:/mnt/c/Program Files (x86)/Common Files/Oracle/Java/javapath:/mnt/c/Windows/system32:/mnt/c/Windows:/mnt/c/Windows/System32/Wbem:/mnt/c/Windows/System32/WindowsPowerShell/v1.0/:/mnt/c/Windows/System32/OpenSSH/:/mnt/c/Program Files/dotnet/:/mnt/c/Program Files/Git/cmd:/mnt/c/Program Files (x86)/Microsoft SQL Server/160/Tools/Binn/:/mnt/c/Program Files/Microsoft SQL Server/160/Tools/Binn/:/mnt/c/Program Files/Microsoft SQL Server/Client SDK/ODBC/170/Tools/Binn/:/mnt/c/Program Files/Microsoft SQL Server/160/DTS/Binn/:/mnt/c/Program Files (x86)/Windows Kits/10/Windows Performance Toolkit/:/mnt/c/Program Files/PostgreSQL/17/bin:/mnt/c/sonar-scanner-7.1.0.4889-windows-x64/bin:/mnt/c/msys64/mingw64/bin:/mnt/c/Program Files/CMake/bin:/mnt/c/Users/RMCPDEDT024/AppData/Local/Programs/Python/Python313/Scripts/:/mnt/c/Users/RMCPDEDT024/AppData/Local/Programs/Python/Python313/:/mnt/c/Users/RMCPDEDT024/AppData/Local/Programs/Python/Launcher/:/mnt/c/Users/RMCPDEDT024/AppData/Local/Microsoft/WindowsApps:/mnt/c/Users/RMCPDEDT024/AppData/Local/Programs/Microsoft VS Code/bin:/mnt/c/Users/RMCPDEDT024/AppData/Local/Python/bin', 'XDG_RUNTIME_DIR': '/run/user/1000', 'DISPLAY': ':0', 'LANG': 'en_US.UTF-8', 'LS_COLORS': 'rs=0:di=01;34:ln=01;36:mh=00:pi=40;33:so=01;35:do=01;35:bd=40;33;01:cd=40;33;01:or=40;31;01:mi=00:su=37;41:sg=30;43:ca=30;41:tw=30;42:ow=34;42:st=37;44:ex=01;32:*.tar=01;31:*.tgz=01;31:*.arc=01;31:*.arj=01;31:*.taz=01;31:*.lha=01;31:*.lz4=01;31:*.lzh=01;31:*.lzma=01;31:*.tlz=01;31:*.txz=01;31:*.tzo=01;31:*.t7z=01;31:*.zip=01;31:*.z=01;31:*.dz=01;31:*.gz=01;31:*.lrz=01;31:*.lz=01;31:*.lzo=01;31:*.xz=01;31:*.zst=01;31:*.tzst=01;31:*.bz2=01;31:*.bz=01;31:*.tbz=01;31:*.tbz2=01;31:*.tz=01;31:*.deb=01;31:*.rpm=01;31:*.jar=01;31:*.war=01;31:*.ear=01;31:*.sar=01;31:*.rar=01;31:*.alz=01;31:*.ace=01;31:*.zoo=01;31:*.cpio=01;31:*.7z=01;31:*.rz=01;31:*.cab=01;31:*.wim=01;31:*.swm=01;31:*.dwm=01;31:*.esd=01;31:*.jpg=01;35:*.jpeg=01;35:*.mjpg=01;35:*.mjpeg=01;35:*.gif=01;35:*.bmp=01;35:*.pbm=01;35:*.pgm=01;35:*.ppm=01;35:*.tga=01;35:*.xbm=01;35:*.xpm=01;35:*.tif=01;35:*.tiff=01;35:*.png=01;35:*.svg=01;35:*.svgz=01;35:*.mng=01;35:*.pcx=01;35:*.mov=01;35:*.mpg=01;35:*.mpeg=01;35:*.m2v=01;35:*.mkv=01;35:*.webm=01;35:*.webp=01;35:*.ogm=01;35:*.mp4=01;35:*.m4v=01;35:*.mp4v=01;35:*.vob=01;35:*.qt=01;35:*.nuv=01;35:*.wmv=01;35:*.asf=01;35:*.rm=01;35:*.rmvb=01;35:*.flc=01;35:*.avi=01;35:*.fli=01;35:*.flv=01;35:*.gl=01;35:*.dl=01;35:*.xcf=01;35:*.xwd=01;35:*.yuv=01;35:*.cgm=01;35:*.emf=01;35:*.ogv=01;35:*.ogx=01;35:*.aac=00;36:*.au=00;36:*.flac=00;36:*.m4a=00;36:*.mid=00;36:*.midi=00;36:*.mka=00;36:*.mp3=00;36:*.mpc=00;36:*.ogg=00;36:*.ra=00;36:*.wav=00;36:*.oga=00;36:*.opus=00;36:*.spx=00;36:*.xspf=00;36:', 'TERM_PROGRAM': 'tmux', 'AMENT_PREFIX_PATH': '/home/maddy/iris_test_tool/install/test_tool:/home/maddy/iris_test_tool/install/iris_interfaces:/opt/ros/humble', 'SHELL': '/usr/bin/zsh', 'P9K_SSH': '0', 'PWD': '/home/maddy/iris_test_tool/build/test_tool_dummy', '_P9K_TTY': '/dev/pts/3', 'PYTHONPATH': '/home/maddy/iris_test_tool/build/test_tool_dummy/prefix_override:/usr/lib/python3/dist-packages/colcon_core/task/python/colcon_distutils_commands:/home/maddy/iris_test_tool/install/test_tool_dummy/lib/python3.10/site-packages:/home/maddy/iris_test_tool/install/test_tool_dummy/lib/python3.10/site-packages:/home/maddy/iris_test_tool/install/iris_interfaces/local/lib/python3.10/dist-packages:/opt/ros/humble/lib/python3.10/site-packages:/opt/ros/humble/local/lib/python3.10/dist-packages', 'COLCON': '1', 'HOSTTYPE': 'x86_64', 'TMUX_PANE': '%0', 'WSL2_GUI_APPS_ENABLED': '1', 'CMAKE_PREFIX_PATH': '/home/maddy/iris_test_tool/install/test_tool:/home/maddy/iris_test_tool/install/iris_interfaces', 'WSLENV': ''}, 'shell': False}
[1.806085] (-) TimerEvent: {}
[1.864816] (test_tool) JobProgress: {'identifier': 'test_tool', 'progress': 'cmake'}
[1.867678] (test_tool) JobProgress: {'identifier': 'test_tool', 'progress': 'build'}
[1.868924] (test_tool) Command: {'cmd': ['/usr/bin/cmake', '--build', '/home/maddy/iris_test_tool/build/test_tool', '--', '-j8', '-l8'], 'cwd': '/home/maddy/iris_test_tool/build/test_tool', 'env': OrderedDict([('TMUX', '/tmp/tmux-1000/default,8485,0'), ('USER', 'maddy'), ('LD_LIBRARY_PATH', '/home/maddy/iris_test_tool/install/iris_interfaces/lib:/usr/lib/x86_64-linux-gnu/gazebo-11/plugins:/opt/ros/humble/opt/rviz_ogre_vendor/lib:/opt/ros/humble/lib/x86_64-linux-gnu:/opt/ros/humble/lib'), ('SHLVL', '2'), ('HOME', '/home/maddy'), ('LESS', '-R'), ('OLDPWD', '/home/maddy/iris_test_tool'), ('TERM_PROGRAM_VERSION', '3.2a'), ('LSCOLORS', 'Gxfxcxdxbxegedabagacad'), ('PAGER', 'less'), ('ROS_PYTHON_VERSION', '3'), ('DBUS_SESSION_BUS_ADDRESS', 'unix:path=/run/user/1000/bus'), ('P9K_TTY', 'old'), ('WSL_DISTRO_NAME', 'Ubuntu-22.04'), ('COLCON_PREFIX_PATH', '/home/maddy/iris_test_tool/install'), ('ROS_DISTRO', 'humble'), ('WAYLAND_DISPLAY', 'wayland-0'), ('LOGNAME', 'maddy'), ('NAME', 'RMCCORPDE-DT024'), ('PULSE_SERVER', 'unix:/mnt/wslg/PulseServer'), ('WSL_INTEROP', '/run/WSL/361_interop'), ('_', '/usr/bin/colcon'), ('_P9K_SSH_TTY', '/dev/pts/3'), ('ROS_VERSION', '2'), ('TERM', 'screen-256color'), ('ROS_LOCALHOST_ONLY', '0'), ('PATH', '/opt/ros/humble/bin:/usr/local/sbin:/usr/local/bin:/usr/sbin:/usr/bin:/sbin:/bin:/usr/games:/usr/local/games:/usr/lib/wsl/lib:/mnt/c/Program Files/Common Files/Oracle/Java/javapath:/mnt/c/Program Files/Eclipse Adoptium/jdk-17.0.15.6-hotspot/bin:/mnt/c/Program Files (x86)/Common Files/Oracle/Java/java8path:/mnt/c/Program Files (x86)/Common Files/Oracle/Java/javapath:/mnt/c/Windows/system32:/mnt/c/Windows:/mnt/c/Windows/System32/Wbem:/mnt/c/Windows/System32/WindowsPowerShell/v1.0/:/mnt/c/Windows/System32/OpenSSH/:/mnt/c/Program Files/dotnet/:/mnt/c/Program Files/Git/cmd:/mnt/c/Program Files (x86)/Microsoft SQL Server/160/Tools/Binn/:/mnt/c/Program Files/Microsoft SQL Server/160/Tools/Binn/:/mnt/c/Program Files/Microsoft SQL Server/Client SDK/ODBC/170/Tools/Binn/:/mnt/c/Program Files/Microsoft SQL Server/160/DTS/Binn/:/mnt/c/Program Files (x86)/Windows Kits/10/Windows Performance Toolkit/:/mnt/c/Program Files/PostgreSQL/17/bin:/mnt/c/sonar-scanner-7.1.0.4889-windows-x64/bin:/mnt/c/msys64/mingw64/bin:/mnt/c/Program Files/CMake/bin:/mnt/c/Users/RMCPDEDT024/AppData/Local/Programs/Python/Python313/Scripts/:/mnt/c/Users/RMCPDEDT024/AppData/Local/Programs/Python/Python313/:/mnt/c/Users/RMCPDEDT024/AppData/Local/Programs/Python/Launcher/:/mnt/c/Users/RMCPDEDT024/AppData/Local/Microsoft/WindowsApps:/mnt/c/Users/RMCPDEDT024/AppData/Local/Programs/Microsoft VS Code/bin:/mnt/c/Users/RMCPDEDT024/AppData/Local/Python/bin'), ('XDG_RUNTIME_DIR', '/run/user/1000'), ('DISPLAY', ':0'), ('LANG', 'en_US.UTF-8'), ('LS_COLORS', 'rs=0:di=01;34:ln=01;36:mh=00:pi=40;33:so=01;35:do=01;35:bd=40;33;01:cd=40;33;01:or=40;31;01:mi=00:su=37;41:sg=30;43:ca=30;41:tw=30;42:ow=34;42:st=37;44:ex=01;32:*.tar=01;31:*.tgz=01;31:*.arc=01;31:*.arj=01;31:*.taz=01;31:*.lha=01;31:*.lz4=01;31:*.lzh=01;31:*.lzma=01;31:*.tlz=01;31:*.txz=01;31:*.tzo=01;31:*.t7z=01;31:*.zip=01;31:*.z=01;31:*.dz=01;31:*.gz=01;31:*.lrz=01;31:*.lz=01;31:*.lzo=01;31:*.xz=01;31:*.zst=01;31:*.tzst=01;31:*.bz2=01;31:*.bz=01;31:*.tbz=01;31:*.tbz2=01;31:*.tz=01;31:*.deb=01;31:*.rpm=01;31:*.jar=01;31:*.war=01;31:*.ear=01;31:*.sar=01;31:*.rar=01;31:*.alz=01;31:*.ace=01;31:*.zoo=01;31:*.cpio=01;31:*.7z=01;31:*.rz=01;31:*.cab=01;31:*.wim=01;31:*.swm=01;31:*.dwm=01;31:*.esd=01;31:*.jpg=01;35:*.jpeg=01;35:*.mjpg=01;35:*.mjpeg=01;35:*.gif=01;35:*.bmp=01;35:*.pbm=01;35:*.pgm=01;35:*.ppm=01;35:*.tga=01;35:*.xbm=01;35:*.xpm=01;35:*.tif=01;35:*.tiff=01;35:*.png=01;35:*.svg=01;35:*.svgz=01;35:*.mng=01;35:*.pcx=01;35:*.mov=01;35:*.mpg=01;35:*.mpeg=01;35:*.m2v=01;35:*.mkv=01;35:*.webm=01;35:*.webp=01;35:*.ogm=01;35:*.mp4=01;35:*.m4v=01;35:*.mp4v=01;35:*.vob=01;35:*.qt=01;35:*.nuv=01;35:*.wmv=01;35:*.asf=01;35:*.rm=01;35:*.rmvb=01;35:*.flc=01;35:*.avi=01;35:*.fli=01;35:*.flv=01;35:*.gl=01;35:*.dl=01;35:*.xcf=01;35:*.xwd=01;35:*.yuv=01;35:*.cgm=01;35:*.emf=01;35:*.ogv=01;35:*.ogx=01;35:*.aac=00;36:*.au=00;36:*.flac=00;36:*.m4a=00;36:*.mid=00;36:*.midi=00;36:*.mka=00;36:*.mp3=00;36:*.mpc=00;36:*.ogg=00;36:*.ra=00;36:*.wav=00;36:*.oga=00;36:*.opus=00;36:*.spx=00;36:*.xspf=00;36:'), ('TERM_PROGRAM', 'tmux'), ('AMENT_PREFIX_PATH', '/home/maddy/iris_test_tool/install/test_tool:/home/maddy/iris_test_tool/install/iris_interfaces:/opt/ros/humble'), ('SHELL', '/usr/bin/zsh'), ('P9K_SSH', '0'), ('PWD', '/home/maddy/iris_test_tool/build/test_tool'), ('_P9K_TTY', '/dev/pts/3'), ('PYTHONPATH', '/home/maddy/iris_test_tool/install/test_tool_dummy/lib/python3.10/site-packages:/home/maddy/iris_test_tool/install/iris_interfaces/local/lib/python3.10/dist-packages:/opt/ros/humble/lib/python3.10/site-packages:/opt/ros/humble/local/lib/python3.10/dist-packages'), ('COLCON', '1'), ('HOSTTYPE', 'x86_64'), ('TMUX_PANE', '%0'), ('WSL2_GUI_APPS_ENABLED', '1'), ('CMAKE_PREFIX_PATH', '/home/maddy/iris_test_tool/install/iris_interfaces:/home/maddy/iris_test_tool/install/test_tool:/opt/ros/humble'), ('WSLENV', '')]), 'shell': False}
[1.906242] (-) TimerEvent: {}
[1.971765] (test_tool) StdoutLine: {'line': b'[  6%] \x1b[34m\x1b[1mAutomatic MOC and UIC for target dummy_test\x1b[0m\n'}
[1.972384] (test_tool) StdoutLine: {'line': b'[ 12%] \x1b[34m\x1b[1mAutomatic MOC and UIC for target test_tool_node\x1b[0m\n'}
[1.974623] (test_tool) StdoutLine: {'line': b'[ 18%] \x1b[34m\x1b[1mAutomatic MOC and UIC for target dummy_test_1\x1b[0m\n'}
[2.006450] (-) TimerEvent: {}
[2.013756] (test_tool) StdoutLine: {'line': b'[ 18%] Built target dummy_test_autogen\n'}
[2.023385] (test_tool) StdoutLine: {'line': b'[ 18%] Built target dummy_test_1_autogen\n'}
[2.039951] (test_tool) StdoutLine: {'line': b'[ 18%] Built target test_tool_node_autogen\n'}
[2.066385] (test_tool) StdoutLine: {'line': b'[ 37%] Built target dummy_test\n'}
[2.076598] (test_tool) StdoutLine: {'line': b'[ 56%] Built target dummy_test_1\n'}
[2.089478] (test_tool) StdoutLine: {'line': b'\x1b[35m\x1b[1mConsolidate compiler generated dependencies of target test_tool_node\x1b[0m\n'}
[2.106588] (-) TimerEvent: {}
[2.163127] (test_tool) StdoutLine: {'line': b'[ 62%] \x1b[32mBuilding CXX object CMakeFiles/test_tool_node.dir/src/iris_tool/mainwindow.cpp.o\x1b[0m\n'}
[2.206739] (-) TimerEvent: {}
[2.279493] (test_tool_dummy) StderrLine: {'line': b"/usr/lib/python3/dist-packages/setuptools/dist.py:723: UserWarning: Usage of dash-separated 'script-dir' will not be supported in future versions. Please use the underscore name 'script_dir' instead\n"}
[2.279994] (test_tool_dummy) StderrLine: {'line': b'  warnings.warn(\n'}
[2.292537] (test_tool_dummy) StdoutLine: {'line': b'running egg_info\n'}
[2.293656] (test_tool_dummy) StdoutLine: {'line': b'writing ../../build/test_tool_dummy/test_tool_dummy.egg-info/PKG-INFO\n'}
[2.294072] (test_tool_dummy) StdoutLine: {'line': b'writing dependency_links to ../../build/test_tool_dummy/test_tool_dummy.egg-info/dependency_links.txt\n'}
[2.294419] (test_tool_dummy) StdoutLine: {'line': b'writing entry points to ../../build/test_tool_dummy/test_tool_dummy.egg-info/entry_points.txt\n'}
[2.294784] (test_tool_dummy) StdoutLine: {'line': b'writing requirements to ../../build/test_tool_dummy/test_tool_dummy.egg-info/requires.txt\n'}
[2.295115] (test_tool_dummy) StdoutLine: {'line': b'writing top-level names to ../../build/test_tool_dummy/test_tool_dummy.egg-info/top_level.txt\n'}
[2.297278] (test_tool_dummy) StdoutLine: {'line': b"reading manifest file '../../build/test_tool_dummy/test_tool_dummy.egg-info/SOURCES.txt'\n"}
[2.298798] (test_tool_dummy) StdoutLine: {'line': b"writing manifest file '../../build/test_tool_dummy/test_tool_dummy.egg-info/SOURCES.txt'\n"}
[2.299243] (test_tool_dummy) StdoutLine: {'line': b'running build\n'}
[2.299491] (test_tool_dummy) StdoutLine: {'line': b'running build_py\n'}
[2.299826] (test_tool_dummy) StdoutLine: {'line': b'running install\n'}
[2.300330] (test_tool_dummy) StdoutLine: {'line': b'running install_lib\n'}
[2.302034] (test_tool_dummy) StdoutLine: {'line': b'running install_egg_info\n'}
[2.304577] (test_tool_dummy) StdoutLine: {'line': b"removing '/home/maddy/iris_test_tool/install/test_tool_dummy/lib/python3.10/site-packages/test_tool_dummy-0.0.0-py3.10.egg-info' (and everything under it)\n"}
[2.305582] (test_tool_dummy) StdoutLine: {'line': b'Copying ../../build/test_tool_dummy/test_tool_dummy.egg-info to /home/maddy/iris_test_tool/install/test_tool_dummy/lib/python3.10/site-packages/test_tool_dummy-0.0.0-py3.10.egg-info\n'}
[2.306839] (-) TimerEvent: {}
[2.309041] (test_tool_dummy) StdoutLine: {'line': b'running install_scripts\n'}
[2.341313] (test_tool_dummy) StdoutLine: {'line': b'Installing a2_dummy script to /home/maddy/iris_test_tool/install/test_tool_dummy/lib/test_tool_dummy\n'}
[2.341897] (test_tool_dummy) StdoutLine: {'line': b"writing list of installed files to '/home/maddy/iris_test_tool/build/test_tool_dummy/install.log'\n"}
[2.377792] (test_tool_dummy) CommandEnded: {'returncode': 0}
[2.391414] (test_tool_dummy) JobEnded: {'identifier': 'test_tool_dummy', 'rc': 0}
[2.407008] (-) TimerEvent: {}
[2.507542] (-) TimerEvent: {}
[2.611163] (-) TimerEvent: {}
[2.711689] (-) TimerEvent: {}
[2.812178] (-) TimerEvent: {}
[2.912773] (-) TimerEvent: {}
[3.013427] (-) TimerEvent: {}
[3.114106] (-) TimerEvent: {}
[3.214718] (-) TimerEvent: {}
[3.315287] (-) TimerEvent: {}
[3.415782] (-) TimerEvent: {}
[3.516284] (-) TimerEvent: {}
[3.616789] (-) TimerEvent: {}
[3.717335] (-) TimerEvent: {}
[3.817915] (-) TimerEvent: {}
[3.918489] (-) TimerEvent: {}
[4.019143] (-) TimerEvent: {}
[4.119750] (-) TimerEvent: {}
[4.220315] (-) TimerEvent: {}
[4.320829] (-) TimerEvent: {}
[4.421354] (-) TimerEvent: {}
[4.521871] (-) TimerEvent: {}
[4.622425] (-) TimerEvent: {}
[4.722895] (-) TimerEvent: {}
[4.823470] (-) TimerEvent: {}
[4.924011] (-) TimerEvent: {}
[5.024557] (-) TimerEvent: {}
[5.125095] (-) TimerEvent: {}
[5.225746] (-) TimerEvent: {}
[5.326263] (-) TimerEvent: {}
[5.426931] (-) TimerEvent: {}
[5.527464] (-) TimerEvent: {}
[5.628102] (-) TimerEvent: {}
[5.728724] (-) TimerEvent: {}
[5.829291] (-) TimerEvent: {}
[5.929808] (-) TimerEvent: {}
[6.030289] (-) TimerEvent: {}
[6.130789] (-) TimerEvent: {}
[6.231403] (-) TimerEvent: {}
[6.331935] (-) TimerEvent: {}
[6.432705] (-) TimerEvent: {}
[6.533416] (-) TimerEvent: {}
[6.634297] (-) TimerEvent: {}
[6.735146] (-) TimerEvent: {}
[6.835965] (-) TimerEvent: {}
[6.936661] (-) TimerEvent: {}
[7.037385] (-) TimerEvent: {}
[7.138005] (-) TimerEvent: {}
[7.238572] (-) TimerEvent: {}
[7.339326] (-) TimerEvent: {}
[7.439961] (-) TimerEvent: {}
[7.540770] (-) TimerEvent: {}
[7.641494] (-) TimerEvent: {}
[7.742037] (-) TimerEvent: {}
[7.842554] (-) TimerEvent: {}
[7.943158] (-) TimerEvent: {}
[8.043674] (-) TimerEvent: {}
[8.144233] (-) TimerEvent: {}
[8.244810] (-) TimerEvent: {}
[8.345441] (-) TimerEvent: {}
[8.446011] (-) TimerEvent: {}
[8.546559] (-) TimerEvent: {}
[8.647171] (-) TimerEvent: {}
[8.747831] (-) TimerEvent: {}
[8.848295] (-) TimerEvent: {}
[8.948873] (-) TimerEvent: {}
[9.049479] (-) TimerEvent: {}
[9.150017] (-) TimerEvent: {}
[9.250594] (-) TimerEvent: {}
[9.351184] (-) TimerEvent: {}
[9.451819] (-) TimerEvent: {}
[9.552448] (-) TimerEvent: {}
[9.653031] (-) TimerEvent: {}
[9.753590] (-) TimerEvent: {}
[9.854123] (-) TimerEvent: {}
[9.954683] (-) TimerEvent: {}
[10.055287] (-) TimerEvent: {}
[10.155799] (-) TimerEvent: {}
[10.256371] (-) TimerEvent: {}
[10.356932] (-) TimerEvent: {}
[10.457514] (-) TimerEvent: {}
[10.558048] (-) TimerEvent: {}
[10.658644] (-) TimerEvent: {}
[10.759205] (-) TimerEvent: {}
[10.859730] (-) TimerEvent: {}
[10.960415] (-) TimerEvent: {}
[11.061035] (-) TimerEvent: {}
[11.161571] (-) TimerEvent: {}
[11.262206] (-) TimerEvent: {}
[11.362800] (-) TimerEvent: {}
[11.463352] (-) TimerEvent: {}
[11.563999] (-) TimerEvent: {}
[11.664592] (-) TimerEvent: {}
[11.765151] (-) TimerEvent: {}
[11.865779] (-) TimerEvent: {}
[11.966492] (-) TimerEvent: {}
[12.067157] (-) TimerEvent: {}
[12.167788] (-) TimerEvent: {}
[12.268351] (-) TimerEvent: {}
[12.368919] (-) TimerEvent: {}
[12.469442] (-) TimerEvent: {}
[12.569926] (-) TimerEvent: {}
[12.670416] (-) TimerEvent: {}
[12.771006] (-) TimerEvent: {}
[12.871604] (-) TimerEvent: {}
[12.972177] (-) TimerEvent: {}
[13.072756] (-) TimerEvent: {}
[13.173260] (-) TimerEvent: {}
[13.273811] (-) TimerEvent: {}
[13.374330] (-) TimerEvent: {}
[13.474899] (-) TimerEvent: {}
[13.575620] (-) TimerEvent: {}
[13.676180] (-) TimerEvent: {}
[13.776767] (-) TimerEvent: {}
[13.877374] (-) TimerEvent: {}
[13.977876] (-) TimerEvent: {}
[14.078389] (-) TimerEvent: {}
[14.178897] (-) TimerEvent: {}
[14.279463] (-) TimerEvent: {}
[14.379997] (-) TimerEvent: {}
[14.480506] (-) TimerEvent: {}
[14.581142] (-) TimerEvent: {}
[14.681703] (-) TimerEvent: {}
[14.782414] (-) TimerEvent: {}
[14.883455] (-) TimerEvent: {}
[14.984288] (-) TimerEvent: {}
[15.085005] (-) TimerEvent: {}
[15.185615] (-) TimerEvent: {}
[15.286203] (-) TimerEvent: {}
[15.386780] (-) TimerEvent: {}
[15.487454] (-) TimerEvent: {}
[15.588284] (-) TimerEvent: {}
[15.689015] (-) TimerEvent: {}
[15.789623] (-) TimerEvent: {}
[15.890286] (-) TimerEvent: {}
[15.990890] (-) TimerEvent: {}
[16.091578] (-) TimerEvent: {}
[16.192087] (-) TimerEvent: {}
[16.262998] (test_tool) StdoutLine: {'line': b'[ 68%] \x1b[32m\x1b[1mLinking CXX executable test_tool_node\x1b[0m\n'}
[16.293645] (-) TimerEvent: {}
[16.394439] (-) TimerEvent: {}
[16.494997] (-) TimerEvent: {}
[16.595650] (-) TimerEvent: {}
[16.696255] (-) TimerEvent: {}
[16.796878] (-) TimerEvent: {}
[16.897434] (-) TimerEvent: {}
[16.998095] (-) TimerEvent: {}
[17.098778] (-) TimerEvent: {}
[17.199531] (-) TimerEvent: {}
[17.300118] (-) TimerEvent: {}
[17.400792] (-) TimerEvent: {}
[17.501574] (-) TimerEvent: {}
[17.602304] (-) TimerEvent: {}
[17.703000] (-) TimerEvent: {}
[17.803747] (-) TimerEvent: {}
[17.904491] (-) TimerEvent: {}
[18.005215] (-) TimerEvent: {}
[18.105928] (-) TimerEvent: {}
[18.206599] (-) TimerEvent: {}
[18.307300] (-) TimerEvent: {}
[18.407986] (-) TimerEvent: {}
[18.508673] (-) TimerEvent: {}
[18.609390] (-) TimerEvent: {}
[18.710070] (-) TimerEvent: {}
[18.810755] (-) TimerEvent: {}
[18.911537] (-) TimerEvent: {}
[19.012210] (-) TimerEvent: {}
[19.112990] (-) TimerEvent: {}
[19.213683] (-) TimerEvent: {}
[19.314337] (-) TimerEvent: {}
[19.414996] (-) TimerEvent: {}
[19.515747] (-) TimerEvent: {}
[19.616483] (-) TimerEvent: {}
[19.717270] (-) TimerEvent: {}
[19.817884] (-) TimerEvent: {}
[19.918580] (-) TimerEvent: {}
[20.019265] (-) TimerEvent: {}
[20.119836] (-) TimerEvent: {}
[20.220577] (-) TimerEvent: {}
[20.321161] (-) TimerEvent: {}
[20.421962] (-) TimerEvent: {}
[20.522686] (-) TimerEvent: {}
[20.623266] (-) TimerEvent: {}
[20.723878] (-) TimerEvent: {}
[20.824363] (-) TimerEvent: {}
[20.924979] (-) TimerEvent: {}
[21.025649] (-) TimerEvent: {}
[21.126340] (-) TimerEvent: {}
[21.226825] (-) TimerEvent: {}
[21.327520] (-) TimerEvent: {}
[21.428106] (-) TimerEvent: {}
[21.528927] (-) TimerEvent: {}
[21.630035] (-) TimerEvent: {}
[21.730872] (-) TimerEvent: {}
[21.831389] (-) TimerEvent: {}
[21.931905] (-) TimerEvent: {}
[22.032558] (-) TimerEvent: {}
[22.080858] (test_tool) StdoutLine: {'line': b'[100%] Built target test_tool_node\n'}
[22.097876] (test_tool) CommandEnded: {'returncode': 0}
[22.099976] (test_tool) JobProgress: {'identifier': 'test_tool', 'progress': 'install'}
[22.101314] (test_tool) Command: {'cmd': ['/usr/bin/cmake', '--install', '/home/maddy/iris_test_tool/build/test_tool'], 'cwd': '/home/maddy/iris_test_tool/build/test_tool', 'env': OrderedDict([('TMUX', '/tmp/tmux-1000/default,8485,0'), ('USER', 'maddy'), ('LD_LIBRARY_PATH', '/home/maddy/iris_test_tool/install/iris_interfaces/lib:/usr/lib/x86_64-linux-gnu/gazebo-11/plugins:/opt/ros/humble/opt/rviz_ogre_vendor/lib:/opt/ros/humble/lib/x86_64-linux-gnu:/opt/ros/humble/lib'), ('SHLVL', '2'), ('HOME', '/home/maddy'), ('LESS', '-R'), ('OLDPWD', '/home/maddy/iris_test_tool'), ('TERM_PROGRAM_VERSION', '3.2a'), ('LSCOLORS', 'Gxfxcxdxbxegedabagacad'), ('PAGER', 'less'), ('ROS_PYTHON_VERSION', '3'), ('DBUS_SESSION_BUS_ADDRESS', 'unix:path=/run/user/1000/bus'), ('P9K_TTY', 'old'), ('WSL_DISTRO_NAME', 'Ubuntu-22.04'), ('COLCON_PREFIX_PATH', '/home/maddy/iris_test_tool/install'), ('ROS_DISTRO', 'humble'), ('WAYLAND_DISPLAY', 'wayland-0'), ('LOGNAME', 'maddy'), ('NAME', 'RMCCORPDE-DT024'), ('PULSE_SERVER', 'unix:/mnt/wslg/PulseServer'), ('WSL_INTEROP', '/run/WSL/361_interop'), ('_', '/usr/bin/colcon'), ('_P9K_SSH_TTY', '/dev/pts/3'), ('ROS_VERSION', '2'), ('TERM', 'screen-256color'), ('ROS_LOCALHOST_ONLY', '0'), ('PATH', '/opt/ros/humble/bin:/usr/local/sbin:/usr/local/bin:/usr/sbin:/usr/bin:/sbin:/bin:/usr/games:/usr/local/games:/usr/lib/wsl/lib:/mnt/c/Program Files/Common Files/Oracle/Java/javapath:/mnt/c/Program Files/Eclipse Adoptium/jdk-17.0.15.6-hotspot/bin:/mnt/c/Program Files (x86)/Common Files/Oracle/Java/java8path:/mnt/c/Program Files (x86)/Common Files/Oracle/Java/javapath:/mnt/c/Windows/system32:/mnt/c/Windows:/mnt/c/Windows/System32/Wbem:/mnt/c/Windows/System32/WindowsPowerShell/v1.0/:/mnt/c/Windows/System32/OpenSSH/:/mnt/c/Program Files/dotnet/:/mnt/c/Program Files/Git/cmd:/mnt/c/Program Files (x86)/Microsoft SQL Server/160/Tools/Binn/:/mnt/c/Program Files/Microsoft SQL Server/160/Tools/Binn/:/mnt/c/Program Files/Microsoft SQL Server/Client SDK/ODBC/170/Tools/Binn/:/mnt/c/Program Files/Microsoft SQL Server/160/DTS/Binn/:/mnt/c/Program Files (x86)/Windows Kits/10/Windows Performance Toolkit/:/mnt/c/Program Files/PostgreSQL/17/bin:/mnt/c/sonar-scanner-7.1.0.4889-windows-x64/bin:/mnt/c/msys64/mingw64/bin:/mnt/c/Program Files/CMake/bin:/mnt/c/Users/RMCPDEDT024/AppData/Local/Programs/Python/Python313/Scripts/:/mnt/c/Users/RMCPDEDT024/AppData/Local/Programs/Python/Python313/:/mnt/c/Users/RMCPDEDT024/AppData/Local/Programs/Python/Launcher/:/mnt/c/Users/RMCPDEDT024/AppData/Local/Microsoft/WindowsApps:/mnt/c/Users/RMCPDEDT024/AppData/Local/Programs/Microsoft VS Code/bin:/mnt/c/Users/RMCPDEDT024/AppData/Local/Python/bin'), ('XDG_RUNTIME_DIR', '/run/user/1000'), ('DISPLAY', ':0'), ('LANG', 'en_US.UTF-8'), ('LS_COLORS', 'rs=0:di=01;34:ln=01;36:mh=00:pi=40;33:so=01;35:do=01;35:bd=40;33;01:cd=40;33;01:or=40;31;01:mi=00:su=37;41:sg=30;43:ca=30;41:tw=30;42:ow=34;42:st=37;44:ex=01;32:*.tar=01;31:*.tgz=01;31:*.arc=01;31:*.arj=01;31:*.taz=01;31:*.lha=01;31:*.lz4=01;31:*.lzh=01;31:*.lzma=01;31:*.tlz=01;31:*.txz=01;31:*.tzo=01;31:*.t7z=01;31:*.zip=01;31:*.z=01;31:*.dz=01;31:*.gz=01;31:*.lrz=01;31:*.lz=01;31:*.lzo=01;31:*.xz=01;31:*.zst=01;31:*.tzst=01;31:*.bz2=01;31:*.bz=01;31:*.tbz=01;31:*.tbz2=01;31:*.tz=01;31:*.deb=01;31:*.rpm=01;31:*.jar=01;31:*.war=01;31:*.ear=01;31:*.sar=01;31:*.rar=01;31:*.alz=01;31:*.ace=01;31:*.zoo=01;31:*.cpio=01;31:*.7z=01;31:*.rz=01;31:*.cab=01;31:*.wim=01;31:*.swm=01;31:*.dwm=01;31:*.esd=01;31:*.jpg=01;35:*.jpeg=01;35:*.mjpg=01;35:*.mjpeg=01;35:*.gif=01;35:*.bmp=01;35:*.pbm=01;35:*.pgm=01;35:*.ppm=01;35:*.tga=01;35:*.xbm=01;35:*.xpm=01;35:*.tif=01;35:*.tiff=01;35:*.png=01;35:*.svg=01;35:*.svgz=01;35:*.mng=01;35:*.pcx=01;35:*.mov=01;35:*.mpg=01;35:*.mpeg=01;35:*.m2v=01;35:*.mkv=01;35:*.webm=01;35:*.webp=01;35:*.ogm=01;35:*.mp4=01;35:*.m4v=01;35:*.mp4v=01;35:*.vob=01;35:*.qt=01;35:*.nuv=01;35:*.wmv=01;35:*.asf=01;35:*.rm=01;35:*.rmvb=01;35:*.flc=01;35:*.avi=01;35:*.fli=01;35:*.flv=01;35:*.gl=01;35:*.dl=01;35:*.xcf=01;35:*.xwd=01;35:*.yuv=01;35:*.cgm=01;35:*.emf=01;35:*.ogv=01;35:*.ogx=01;35:*.aac=00;36:*.au=00;36:*.flac=00;36:*.m4a=00;36:*.mid=00;36:*.midi=00;36:*.mka=00;36:*.mp3=00;36:*.mpc=00;36:*.ogg=00;36:*.ra=00;36:*.wav=00;36:*.oga=00;36:*.opus=00;36:*.spx=00;36:*.xspf=00;36:'), ('TERM_PROGRAM', 'tmux'), ('AMENT_PREFIX_PATH', '/home/maddy/iris_test_tool/install/test_tool:/home/maddy/iris_test_tool/install/iris_interfaces:/opt/ros/humble'), ('SHELL', '/usr/bin/zsh'), ('P9K_SSH', '0'), ('PWD', '/home/maddy/iris_test_tool/build/test_tool'), ('_P9K_TTY', '/dev/pts/3'), ('PYTHONPATH', '/home/maddy/iris_test_tool/install/test_tool_dummy/lib/python3.10/site-packages:/home/maddy/iris_test_tool/install/iris_interfaces/local/lib/python3.10/dist-packages:/opt/ros/humble/lib/python3.10/site-packages:/opt/ros/humble/local/lib/python3.10/dist-packages'), ('COLCON', '1'), ('HOSTTYPE', 'x86_64'), ('TMUX_PANE', '%0'), ('WSL2_GUI_APPS_ENABLED', '1'), ('CMAKE_PREFIX_PATH', '/home/maddy/iris_test_tool/install/iris_interfaces:/home/maddy/iris_test_tool/install/test_tool:/opt/ros/humble'), ('WSLENV', '')]), 'shell': False}
[22.112584] (test_tool) StdoutLine: {'line': b'-- Install configuration: "Debug"\n'}
[22.113807] (test_tool) StdoutLine: {'line': b'-- Installing: /home/maddy/iris_test_tool/install/test_tool/lib/test_tool/test_tool_node\n'}
[22.132733] (-) TimerEvent: {}
[22.201443] (test_tool) StdoutLine: {'line': b'-- Set runtime path of "/home/maddy/iris_test_tool/install/test_tool/lib/test_tool/test_tool_node" to ""\n'}
[22.204082] (test_tool) StdoutLine: {'line': b'-- Up-to-date: /home/maddy/iris_test_tool/install/test_tool/lib/test_tool/dummy_test\n'}
[22.206758] (test_tool) StdoutLine: {'line': b'-- Up-to-date: /home/maddy/iris_test_tool/install/test_tool/lib/test_tool/dummy_test_1\n'}
[22.207203] (test_tool) StdoutLine: {'line': b'-- Up-to-date: /home/maddy/iris_test_tool/install/test_tool/share/test_tool/launch\n'}
[22.207623] (test_tool) StdoutLine: {'line': b'-- Up-to-date: /home/maddy/iris_test_tool/install/test_tool/share/test_tool/launch/turtle_bot.py\n'}
[22.207931] (test_tool) StdoutLine: {'line': b'-- Up-to-date: /home/maddy/iris_test_tool/install/test_tool/share/test_tool/launch/test_nodes.py\n'}
[22.208378] (test_tool) StdoutLine: {'line': b'-- Up-to-date: /home/maddy/iris_test_tool/install/test_tool/share/ament_index/resource_index/package_run_dependencies/test_tool\n'}
[22.208731] (test_tool) StdoutLine: {'line': b'-- Up-to-date: /home/maddy/iris_test_tool/install/test_tool/share/ament_index/resource_index/parent_prefix_path/test_tool\n'}
[22.209081] (test_tool) StdoutLine: {'line': b'-- Up-to-date: /home/maddy/iris_test_tool/install/test_tool/share/test_tool/environment/ament_prefix_path.sh\n'}
[22.209440] (test_tool) StdoutLine: {'line': b'-- Up-to-date: /home/maddy/iris_test_tool/install/test_tool/share/test_tool/environment/ament_prefix_path.dsv\n'}
[22.210049] (test_tool) StdoutLine: {'line': b'-- Up-to-date: /home/maddy/iris_test_tool/install/test_tool/share/test_tool/environment/path.sh\n'}
[22.210361] (test_tool) StdoutLine: {'line': b'-- Up-to-date: /home/maddy/iris_test_tool/install/test_tool/share/test_tool/environment/path.dsv\n'}
[22.210701] (test_tool) StdoutLine: {'line': b'-- Up-to-date: /home/maddy/iris_test_tool/install/test_tool/share/test_tool/local_setup.bash\n'}
[22.211164] (test_tool) StdoutLine: {'line': b'-- Up-to-date: /home/maddy/iris_test_tool/install/test_tool/share/test_tool/local_setup.sh\n'}
[22.211390] (test_tool) StdoutLine: {'line': b'-- Up-to-date: /home/maddy/iris_test_tool/install/test_tool/share/test_tool/local_setup.zsh\n'}
[22.211584] (test_tool) StdoutLine: {'line': b'-- Up-to-date: /home/maddy/iris_test_tool/install/test_tool/share/test_tool/local_setup.dsv\n'}
[22.211781] (test_tool) StdoutLine: {'line': b'-- Installing: /home/maddy/iris_test_tool/install/test_tool/share/test_tool/package.dsv\n'}
[22.212004] (test_tool) StdoutLine: {'line': b'-- Up-to-date: /home/maddy/iris_test_tool/install/test_tool/share/ament_index/resource_index/packages/test_tool\n'}
[22.212195] (test_tool) StdoutLine: {'line': b'-- Up-to-date: /home/maddy/iris_test_tool/install/test_tool/share/test_tool/cmake/ament_cmake_export_dependencies-extras.cmake\n'}
[22.212394] (test_tool) StdoutLine: {'line': b'-- Up-to-date: /home/maddy/iris_test_tool/install/test_tool/share/test_tool/cmake/test_toolConfig.cmake\n'}
[22.212629] (test_tool) StdoutLine: {'line': b'-- Up-to-date: /home/maddy/iris_test_tool/install/test_tool/share/test_tool/cmake/test_toolConfig-version.cmake\n'}
[22.212986] (test_tool) StdoutLine: {'line': b'-- Up-to-date: /home/maddy/iris_test_tool/install/test_tool/share/test_tool/package.xml\n'}
[22.215016] (test_tool) CommandEnded: {'returncode': 0}
[22.232910] (-) TimerEvent: {}
[22.238090] (test_tool) JobEnded: {'identifier': 'test_tool', 'rc': 0}
[22.240074] (-) EventReactorShutdown: {}
