[0.357s] DEBUG:colcon:Command line arguments: ['/usr/bin/colcon', 'build', '--cmake-args', '-DCMAKE_BUILD_TYPE=Debug']
[0.358s] DEBUG:colcon:Parsed command line arguments: Namespace(log_base=None, log_level=None, verb_name='build', build_base='build', install_base='install', merge_install=False, symlink_install=False, test_result_base=None, continue_on_error=False, executor='parallel', parallel_workers=8, event_handlers=None, ignore_user_meta=False, metas=['./colcon.meta'], base_paths=['.'], packages_ignore=None, packages_ignore_regex=None, paths=None, packages_up_to=None, packages_up_to_regex=None, packages_above=None, packages_above_and_dependencies=None, packages_above_depth=None, packages_select_by_dep=None, packages_skip_by_dep=None, packages_skip_up_to=None, packages_select_build_failed=False, packages_skip_build_finished=False, packages_select_test_failures=False, packages_skip_test_passed=False, packages_select=None, packages_skip=None, packages_select_regex=None, packages_skip_regex=None, packages_start=None, packages_end=None, allow_overriding=[], cmake_args=['-DCMAKE_BUILD_TYPE=Debug'], cmake_target=None, cmake_target_skip_unavailable=False, cmake_clean_cache=False, cmake_clean_first=False, cmake_force_configure=False, ament_cmake_args=None, catkin_cmake_args=None, catkin_skip_building_tests=False, verb_parser=<colcon_defaults.argument_parser.defaults.DefaultArgumentsDecorator object at 0x76e1f149bcd0>, verb_extension=<colcon_core.verb.build.BuildVerb object at 0x76e1f1661060>, main=<bound method BuildVerb.main of <colcon_core.verb.build.BuildVerb object at 0x76e1f1661060>>)
[0.678s] Level 1:colcon.colcon_core.package_discovery:discover_packages(colcon_meta) check parameters
[0.678s] Level 1:colcon.colcon_core.package_discovery:discover_packages(recursive) check parameters
[0.678s] Level 1:colcon.colcon_core.package_discovery:discover_packages(ignore) check parameters
[0.678s] Level 1:colcon.colcon_core.package_discovery:discover_packages(path) check parameters
[0.678s] Level 1:colcon.colcon_core.package_discovery:discover_packages(colcon_meta) discover
[0.679s] Level 1:colcon.colcon_core.package_discovery:discover_packages(recursive) discover
[0.679s] INFO:colcon.colcon_core.package_discovery:Crawling recursively for packages in '/home/maddy/iris_test_tool'
[0.679s] Level 1:colcon.colcon_core.package_identification:_identify(.) by extensions ['ignore', 'ignore_ament_install']
[0.679s] Level 1:colcon.colcon_core.package_identification:_identify(.) by extension 'ignore'
[0.679s] Level 1:colcon.colcon_core.package_identification:_identify(.) by extension 'ignore_ament_install'
[0.679s] Level 1:colcon.colcon_core.package_identification:_identify(.) by extensions ['colcon_pkg']
[0.679s] Level 1:colcon.colcon_core.package_identification:_identify(.) by extension 'colcon_pkg'
[0.679s] Level 1:colcon.colcon_core.package_identification:_identify(.) by extensions ['colcon_meta']
[0.679s] Level 1:colcon.colcon_core.package_identification:_identify(.) by extension 'colcon_meta'
[0.680s] Level 1:colcon.colcon_core.package_identification:_identify(.) by extensions ['ros']
[0.680s] Level 1:colcon.colcon_core.package_identification:_identify(.) by extension 'ros'
[0.700s] Level 1:colcon.colcon_core.package_identification:_identify(.) by extensions ['cmake', 'python']
[0.700s] Level 1:colcon.colcon_core.package_identification:_identify(.) by extension 'cmake'
[0.700s] Level 1:colcon.colcon_core.package_identification:_identify(.) by extension 'python'
[0.700s] Level 1:colcon.colcon_core.package_identification:_identify(.) by extensions ['python_setup_py']
[0.700s] Level 1:colcon.colcon_core.package_identification:_identify(.) by extension 'python_setup_py'
[0.700s] Level 1:colcon.colcon_core.package_identification:_identify(build) by extensions ['ignore', 'ignore_ament_install']
[0.701s] Level 1:colcon.colcon_core.package_identification:_identify(build) by extension 'ignore'
[0.701s] Level 1:colcon.colcon_core.package_identification:_identify(build) ignored
[0.701s] Level 1:colcon.colcon_core.package_identification:_identify(install) by extensions ['ignore', 'ignore_ament_install']
[0.701s] Level 1:colcon.colcon_core.package_identification:_identify(install) by extension 'ignore'
[0.701s] Level 1:colcon.colcon_core.package_identification:_identify(install) ignored
[0.702s] Level 1:colcon.colcon_core.package_identification:_identify(log) by extensions ['ignore', 'ignore_ament_install']
[0.702s] Level 1:colcon.colcon_core.package_identification:_identify(log) by extension 'ignore'
[0.702s] Level 1:colcon.colcon_core.package_identification:_identify(log) ignored
[0.702s] Level 1:colcon.colcon_core.package_identification:_identify(picturees) by extensions ['ignore', 'ignore_ament_install']
[0.702s] Level 1:colcon.colcon_core.package_identification:_identify(picturees) by extension 'ignore'
[0.702s] Level 1:colcon.colcon_core.package_identification:_identify(picturees) by extension 'ignore_ament_install'
[0.702s] Level 1:colcon.colcon_core.package_identification:_identify(picturees) by extensions ['colcon_pkg']
[0.702s] Level 1:colcon.colcon_core.package_identification:_identify(picturees) by extension 'colcon_pkg'
[0.703s] Level 1:colcon.colcon_core.package_identification:_identify(picturees) by extensions ['colcon_meta']
[0.703s] Level 1:colcon.colcon_core.package_identification:_identify(picturees) by extension 'colcon_meta'
[0.703s] Level 1:colcon.colcon_core.package_identification:_identify(picturees) by extensions ['ros']
[0.703s] Level 1:colcon.colcon_core.package_identification:_identify(picturees) by extension 'ros'
[0.703s] Level 1:colcon.colcon_core.package_identification:_identify(picturees) by extensions ['cmake', 'python']
[0.703s] Level 1:colcon.colcon_core.package_identification:_identify(picturees) by extension 'cmake'
[0.703s] Level 1:colcon.colcon_core.package_identification:_identify(picturees) by extension 'python'
[0.703s] Level 1:colcon.colcon_core.package_identification:_identify(picturees) by extensions ['python_setup_py']
[0.703s] Level 1:colcon.colcon_core.package_identification:_identify(picturees) by extension 'python_setup_py'
[0.703s] Level 1:colcon.colcon_core.package_identification:_identify(src) by extensions ['ignore', 'ignore_ament_install']
[0.703s] Level 1:colcon.colcon_core.package_identification:_identify(src) by extension 'ignore'
[0.703s] Level 1:colcon.colcon_core.package_identification:_identify(src) by extension 'ignore_ament_install'
[0.704s] Level 1:colcon.colcon_core.package_identification:_identify(src) by extensions ['colcon_pkg']
[0.704s] Level 1:colcon.colcon_core.package_identification:_identify(src) by extension 'colcon_pkg'
[0.704s] Level 1:colcon.colcon_core.package_identification:_identify(src) by extensions ['colcon_meta']
[0.704s] Level 1:colcon.colcon_core.package_identification:_identify(src) by extension 'colcon_meta'
[0.704s] Level 1:colcon.colcon_core.package_identification:_identify(src) by extensions ['ros']
[0.704s] Level 1:colcon.colcon_core.package_identification:_identify(src) by extension 'ros'
[0.704s] Level 1:colcon.colcon_core.package_identification:_identify(src) by extensions ['cmake', 'python']
[0.704s] Level 1:colcon.colcon_core.package_identification:_identify(src) by extension 'cmake'
[0.704s] Level 1:colcon.colcon_core.package_identification:_identify(src) by extension 'python'
[0.704s] Level 1:colcon.colcon_core.package_identification:_identify(src) by extensions ['python_setup_py']
[0.704s] Level 1:colcon.colcon_core.package_identification:_identify(src) by extension 'python_setup_py'
[0.704s] Level 1:colcon.colcon_core.package_identification:_identify(src/build-test_tool-Desktop-Debug) by extensions ['ignore', 'ignore_ament_install']
[0.704s] Level 1:colcon.colcon_core.package_identification:_identify(src/build-test_tool-Desktop-Debug) by extension 'ignore'
[0.705s] Level 1:colcon.colcon_core.package_identification:_identify(src/build-test_tool-Desktop-Debug) by extension 'ignore_ament_install'
[0.705s] Level 1:colcon.colcon_core.package_identification:_identify(src/build-test_tool-Desktop-Debug) by extensions ['colcon_pkg']
[0.705s] Level 1:colcon.colcon_core.package_identification:_identify(src/build-test_tool-Desktop-Debug) by extension 'colcon_pkg'
[0.705s] Level 1:colcon.colcon_core.package_identification:_identify(src/build-test_tool-Desktop-Debug) by extensions ['colcon_meta']
[0.705s] Level 1:colcon.colcon_core.package_identification:_identify(src/build-test_tool-Desktop-Debug) by extension 'colcon_meta'
[0.705s] Level 1:colcon.colcon_core.package_identification:_identify(src/build-test_tool-Desktop-Debug) by extensions ['ros']
[0.705s] Level 1:colcon.colcon_core.package_identification:_identify(src/build-test_tool-Desktop-Debug) by extension 'ros'
[0.705s] Level 1:colcon.colcon_core.package_identification:_identify(src/build-test_tool-Desktop-Debug) by extensions ['cmake', 'python']
[0.705s] Level 1:colcon.colcon_core.package_identification:_identify(src/build-test_tool-Desktop-Debug) by extension 'cmake'
[0.705s] Level 1:colcon.colcon_core.package_identification:_identify(src/build-test_tool-Desktop-Debug) by extension 'python'
[0.705s] Level 1:colcon.colcon_core.package_identification:_identify(src/build-test_tool-Desktop-Debug) by extensions ['python_setup_py']
[0.705s] Level 1:colcon.colcon_core.package_identification:_identify(src/build-test_tool-Desktop-Debug) by extension 'python_setup_py'
[0.706s] Level 1:colcon.colcon_core.package_identification:_identify(src/build-test_tool-Desktop-Debug/CMakeFiles) by extensions ['ignore', 'ignore_ament_install']
[0.706s] Level 1:colcon.colcon_core.package_identification:_identify(src/build-test_tool-Desktop-Debug/CMakeFiles) by extension 'ignore'
[0.706s] Level 1:colcon.colcon_core.package_identification:_identify(src/build-test_tool-Desktop-Debug/CMakeFiles) by extension 'ignore_ament_install'
[0.706s] Level 1:colcon.colcon_core.package_identification:_identify(src/build-test_tool-Desktop-Debug/CMakeFiles) by extensions ['colcon_pkg']
[0.706s] Level 1:colcon.colcon_core.package_identification:_identify(src/build-test_tool-Desktop-Debug/CMakeFiles) by extension 'colcon_pkg'
[0.706s] Level 1:colcon.colcon_core.package_identification:_identify(src/build-test_tool-Desktop-Debug/CMakeFiles) by extensions ['colcon_meta']
[0.706s] Level 1:colcon.colcon_core.package_identification:_identify(src/build-test_tool-Desktop-Debug/CMakeFiles) by extension 'colcon_meta'
[0.706s] Level 1:colcon.colcon_core.package_identification:_identify(src/build-test_tool-Desktop-Debug/CMakeFiles) by extensions ['ros']
[0.706s] Level 1:colcon.colcon_core.package_identification:_identify(src/build-test_tool-Desktop-Debug/CMakeFiles) by extension 'ros'
[0.707s] Level 1:colcon.colcon_core.package_identification:_identify(src/build-test_tool-Desktop-Debug/CMakeFiles) by extensions ['cmake', 'python']
[0.707s] Level 1:colcon.colcon_core.package_identification:_identify(src/build-test_tool-Desktop-Debug/CMakeFiles) by extension 'cmake'
[0.707s] Level 1:colcon.colcon_core.package_identification:_identify(src/build-test_tool-Desktop-Debug/CMakeFiles) by extension 'python'
[0.707s] Level 1:colcon.colcon_core.package_identification:_identify(src/build-test_tool-Desktop-Debug/CMakeFiles) by extensions ['python_setup_py']
[0.707s] Level 1:colcon.colcon_core.package_identification:_identify(src/build-test_tool-Desktop-Debug/CMakeFiles) by extension 'python_setup_py'
[0.707s] Level 1:colcon.colcon_core.package_identification:_identify(src/build-test_tool-Desktop-Debug/CMakeFiles/3.22.1) by extensions ['ignore', 'ignore_ament_install']
[0.708s] Level 1:colcon.colcon_core.package_identification:_identify(src/build-test_tool-Desktop-Debug/CMakeFiles/3.22.1) by extension 'ignore'
[0.708s] Level 1:colcon.colcon_core.package_identification:_identify(src/build-test_tool-Desktop-Debug/CMakeFiles/3.22.1) by extension 'ignore_ament_install'
[0.708s] Level 1:colcon.colcon_core.package_identification:_identify(src/build-test_tool-Desktop-Debug/CMakeFiles/3.22.1) by extensions ['colcon_pkg']
[0.708s] Level 1:colcon.colcon_core.package_identification:_identify(src/build-test_tool-Desktop-Debug/CMakeFiles/3.22.1) by extension 'colcon_pkg'
[0.708s] Level 1:colcon.colcon_core.package_identification:_identify(src/build-test_tool-Desktop-Debug/CMakeFiles/3.22.1) by extensions ['colcon_meta']
[0.708s] Level 1:colcon.colcon_core.package_identification:_identify(src/build-test_tool-Desktop-Debug/CMakeFiles/3.22.1) by extension 'colcon_meta'
[0.709s] Level 1:colcon.colcon_core.package_identification:_identify(src/build-test_tool-Desktop-Debug/CMakeFiles/3.22.1) by extensions ['ros']
[0.709s] Level 1:colcon.colcon_core.package_identification:_identify(src/build-test_tool-Desktop-Debug/CMakeFiles/3.22.1) by extension 'ros'
[0.709s] Level 1:colcon.colcon_core.package_identification:_identify(src/build-test_tool-Desktop-Debug/CMakeFiles/3.22.1) by extensions ['cmake', 'python']
[0.709s] Level 1:colcon.colcon_core.package_identification:_identify(src/build-test_tool-Desktop-Debug/CMakeFiles/3.22.1) by extension 'cmake'
[0.709s] Level 1:colcon.colcon_core.package_identification:_identify(src/build-test_tool-Desktop-Debug/CMakeFiles/3.22.1) by extension 'python'
[0.709s] Level 1:colcon.colcon_core.package_identification:_identify(src/build-test_tool-Desktop-Debug/CMakeFiles/3.22.1) by extensions ['python_setup_py']
[0.709s] Level 1:colcon.colcon_core.package_identification:_identify(src/build-test_tool-Desktop-Debug/CMakeFiles/3.22.1) by extension 'python_setup_py'
[0.710s] Level 1:colcon.colcon_core.package_identification:_identify(src/build-test_tool-Desktop-Debug/CMakeFiles/3.22.1/CompilerIdCXX) by extensions ['ignore', 'ignore_ament_install']
[0.710s] Level 1:colcon.colcon_core.package_identification:_identify(src/build-test_tool-Desktop-Debug/CMakeFiles/3.22.1/CompilerIdCXX) by extension 'ignore'
[0.710s] Level 1:colcon.colcon_core.package_identification:_identify(src/build-test_tool-Desktop-Debug/CMakeFiles/3.22.1/CompilerIdCXX) by extension 'ignore_ament_install'
[0.710s] Level 1:colcon.colcon_core.package_identification:_identify(src/build-test_tool-Desktop-Debug/CMakeFiles/3.22.1/CompilerIdCXX) by extensions ['colcon_pkg']
[0.711s] Level 1:colcon.colcon_core.package_identification:_identify(src/build-test_tool-Desktop-Debug/CMakeFiles/3.22.1/CompilerIdCXX) by extension 'colcon_pkg'
[0.711s] Level 1:colcon.colcon_core.package_identification:_identify(src/build-test_tool-Desktop-Debug/CMakeFiles/3.22.1/CompilerIdCXX) by extensions ['colcon_meta']
[0.711s] Level 1:colcon.colcon_core.package_identification:_identify(src/build-test_tool-Desktop-Debug/CMakeFiles/3.22.1/CompilerIdCXX) by extension 'colcon_meta'
[0.711s] Level 1:colcon.colcon_core.package_identification:_identify(src/build-test_tool-Desktop-Debug/CMakeFiles/3.22.1/CompilerIdCXX) by extensions ['ros']
[0.711s] Level 1:colcon.colcon_core.package_identification:_identify(src/build-test_tool-Desktop-Debug/CMakeFiles/3.22.1/CompilerIdCXX) by extension 'ros'
[0.711s] Level 1:colcon.colcon_core.package_identification:_identify(src/build-test_tool-Desktop-Debug/CMakeFiles/3.22.1/CompilerIdCXX) by extensions ['cmake', 'python']
[0.711s] Level 1:colcon.colcon_core.package_identification:_identify(src/build-test_tool-Desktop-Debug/CMakeFiles/3.22.1/CompilerIdCXX) by extension 'cmake'
[0.711s] Level 1:colcon.colcon_core.package_identification:_identify(src/build-test_tool-Desktop-Debug/CMakeFiles/3.22.1/CompilerIdCXX) by extension 'python'
[0.712s] Level 1:colcon.colcon_core.package_identification:_identify(src/build-test_tool-Desktop-Debug/CMakeFiles/3.22.1/CompilerIdCXX) by extensions ['python_setup_py']
[0.712s] Level 1:colcon.colcon_core.package_identification:_identify(src/build-test_tool-Desktop-Debug/CMakeFiles/3.22.1/CompilerIdCXX) by extension 'python_setup_py'
[0.712s] Level 1:colcon.colcon_core.package_identification:_identify(src/build-test_tool-Desktop-Debug/CMakeFiles/CMakeTmp) by extensions ['ignore', 'ignore_ament_install']
[0.712s] Level 1:colcon.colcon_core.package_identification:_identify(src/build-test_tool-Desktop-Debug/CMakeFiles/CMakeTmp) by extension 'ignore'
[0.712s] Level 1:colcon.colcon_core.package_identification:_identify(src/build-test_tool-Desktop-Debug/CMakeFiles/CMakeTmp) by extension 'ignore_ament_install'
[0.712s] Level 1:colcon.colcon_core.package_identification:_identify(src/build-test_tool-Desktop-Debug/CMakeFiles/CMakeTmp) by extensions ['colcon_pkg']
[0.712s] Level 1:colcon.colcon_core.package_identification:_identify(src/build-test_tool-Desktop-Debug/CMakeFiles/CMakeTmp) by extension 'colcon_pkg'
[0.712s] Level 1:colcon.colcon_core.package_identification:_identify(src/build-test_tool-Desktop-Debug/CMakeFiles/CMakeTmp) by extensions ['colcon_meta']
[0.712s] Level 1:colcon.colcon_core.package_identification:_identify(src/build-test_tool-Desktop-Debug/CMakeFiles/CMakeTmp) by extension 'colcon_meta'
[0.712s] Level 1:colcon.colcon_core.package_identification:_identify(src/build-test_tool-Desktop-Debug/CMakeFiles/CMakeTmp) by extensions ['ros']
[0.712s] Level 1:colcon.colcon_core.package_identification:_identify(src/build-test_tool-Desktop-Debug/CMakeFiles/CMakeTmp) by extension 'ros'
[0.713s] Level 1:colcon.colcon_core.package_identification:_identify(src/build-test_tool-Desktop-Debug/CMakeFiles/CMakeTmp) by extensions ['cmake', 'python']
[0.713s] Level 1:colcon.colcon_core.package_identification:_identify(src/build-test_tool-Desktop-Debug/CMakeFiles/CMakeTmp) by extension 'cmake'
[0.713s] Level 1:colcon.colcon_core.package_identification:_identify(src/build-test_tool-Desktop-Debug/CMakeFiles/CMakeTmp) by extension 'python'
[0.713s] Level 1:colcon.colcon_core.package_identification:_identify(src/build-test_tool-Desktop-Debug/CMakeFiles/CMakeTmp) by extensions ['python_setup_py']
[0.713s] Level 1:colcon.colcon_core.package_identification:_identify(src/build-test_tool-Desktop-Debug/CMakeFiles/CMakeTmp) by extension 'python_setup_py'
[0.713s] Level 1:colcon.colcon_core.package_identification:_identify(src/build-test_tool-Desktop-Debug/CMakeFiles/CheckFunctionExists) by extensions ['ignore', 'ignore_ament_install']
[0.713s] Level 1:colcon.colcon_core.package_identification:_identify(src/build-test_tool-Desktop-Debug/CMakeFiles/CheckFunctionExists) by extension 'ignore'
[0.713s] Level 1:colcon.colcon_core.package_identification:_identify(src/build-test_tool-Desktop-Debug/CMakeFiles/CheckFunctionExists) by extension 'ignore_ament_install'
[0.713s] Level 1:colcon.colcon_core.package_identification:_identify(src/build-test_tool-Desktop-Debug/CMakeFiles/CheckFunctionExists) by extensions ['colcon_pkg']
[0.713s] Level 1:colcon.colcon_core.package_identification:_identify(src/build-test_tool-Desktop-Debug/CMakeFiles/CheckFunctionExists) by extension 'colcon_pkg'
[0.713s] Level 1:colcon.colcon_core.package_identification:_identify(src/build-test_tool-Desktop-Debug/CMakeFiles/CheckFunctionExists) by extensions ['colcon_meta']
[0.713s] Level 1:colcon.colcon_core.package_identification:_identify(src/build-test_tool-Desktop-Debug/CMakeFiles/CheckFunctionExists) by extension 'colcon_meta'
[0.714s] Level 1:colcon.colcon_core.package_identification:_identify(src/build-test_tool-Desktop-Debug/CMakeFiles/CheckFunctionExists) by extensions ['ros']
[0.714s] Level 1:colcon.colcon_core.package_identification:_identify(src/build-test_tool-Desktop-Debug/CMakeFiles/CheckFunctionExists) by extension 'ros'
[0.714s] Level 1:colcon.colcon_core.package_identification:_identify(src/build-test_tool-Desktop-Debug/CMakeFiles/CheckFunctionExists) by extensions ['cmake', 'python']
[0.714s] Level 1:colcon.colcon_core.package_identification:_identify(src/build-test_tool-Desktop-Debug/CMakeFiles/CheckFunctionExists) by extension 'cmake'
[0.714s] Level 1:colcon.colcon_core.package_identification:_identify(src/build-test_tool-Desktop-Debug/CMakeFiles/CheckFunctionExists) by extension 'python'
[0.714s] Level 1:colcon.colcon_core.package_identification:_identify(src/build-test_tool-Desktop-Debug/CMakeFiles/CheckFunctionExists) by extensions ['python_setup_py']
[0.714s] Level 1:colcon.colcon_core.package_identification:_identify(src/build-test_tool-Desktop-Debug/CMakeFiles/CheckFunctionExists) by extension 'python_setup_py'
[0.714s] Level 1:colcon.colcon_core.package_identification:_identify(src/build-test_tool-Desktop-Debug/CMakeFiles/CheckLibraryExists) by extensions ['ignore', 'ignore_ament_install']
[0.715s] Level 1:colcon.colcon_core.package_identification:_identify(src/build-test_tool-Desktop-Debug/CMakeFiles/CheckLibraryExists) by extension 'ignore'
[0.715s] Level 1:colcon.colcon_core.package_identification:_identify(src/build-test_tool-Desktop-Debug/CMakeFiles/CheckLibraryExists) by extension 'ignore_ament_install'
[0.715s] Level 1:colcon.colcon_core.package_identification:_identify(src/build-test_tool-Desktop-Debug/CMakeFiles/CheckLibraryExists) by extensions ['colcon_pkg']
[0.715s] Level 1:colcon.colcon_core.package_identification:_identify(src/build-test_tool-Desktop-Debug/CMakeFiles/CheckLibraryExists) by extension 'colcon_pkg'
[0.715s] Level 1:colcon.colcon_core.package_identification:_identify(src/build-test_tool-Desktop-Debug/CMakeFiles/CheckLibraryExists) by extensions ['colcon_meta']
[0.715s] Level 1:colcon.colcon_core.package_identification:_identify(src/build-test_tool-Desktop-Debug/CMakeFiles/CheckLibraryExists) by extension 'colcon_meta'
[0.715s] Level 1:colcon.colcon_core.package_identification:_identify(src/build-test_tool-Desktop-Debug/CMakeFiles/CheckLibraryExists) by extensions ['ros']
[0.715s] Level 1:colcon.colcon_core.package_identification:_identify(src/build-test_tool-Desktop-Debug/CMakeFiles/CheckLibraryExists) by extension 'ros'
[0.716s] Level 1:colcon.colcon_core.package_identification:_identify(src/build-test_tool-Desktop-Debug/CMakeFiles/CheckLibraryExists) by extensions ['cmake', 'python']
[0.716s] Level 1:colcon.colcon_core.package_identification:_identify(src/build-test_tool-Desktop-Debug/CMakeFiles/CheckLibraryExists) by extension 'cmake'
[0.716s] Level 1:colcon.colcon_core.package_identification:_identify(src/build-test_tool-Desktop-Debug/CMakeFiles/CheckLibraryExists) by extension 'python'
[0.716s] Level 1:colcon.colcon_core.package_identification:_identify(src/build-test_tool-Desktop-Debug/CMakeFiles/CheckLibraryExists) by extensions ['python_setup_py']
[0.716s] Level 1:colcon.colcon_core.package_identification:_identify(src/build-test_tool-Desktop-Debug/CMakeFiles/CheckLibraryExists) by extension 'python_setup_py'
[0.716s] Level 1:colcon.colcon_core.package_identification:_identify(src/build-test_tool-Desktop-Debug/CMakeFiles/Progress) by extensions ['ignore', 'ignore_ament_install']
[0.716s] Level 1:colcon.colcon_core.package_identification:_identify(src/build-test_tool-Desktop-Debug/CMakeFiles/Progress) by extension 'ignore'
[0.717s] Level 1:colcon.colcon_core.package_identification:_identify(src/build-test_tool-Desktop-Debug/CMakeFiles/Progress) by extension 'ignore_ament_install'
[0.717s] Level 1:colcon.colcon_core.package_identification:_identify(src/build-test_tool-Desktop-Debug/CMakeFiles/Progress) by extensions ['colcon_pkg']
[0.717s] Level 1:colcon.colcon_core.package_identification:_identify(src/build-test_tool-Desktop-Debug/CMakeFiles/Progress) by extension 'colcon_pkg'
[0.717s] Level 1:colcon.colcon_core.package_identification:_identify(src/build-test_tool-Desktop-Debug/CMakeFiles/Progress) by extensions ['colcon_meta']
[0.717s] Level 1:colcon.colcon_core.package_identification:_identify(src/build-test_tool-Desktop-Debug/CMakeFiles/Progress) by extension 'colcon_meta'
[0.717s] Level 1:colcon.colcon_core.package_identification:_identify(src/build-test_tool-Desktop-Debug/CMakeFiles/Progress) by extensions ['ros']
[0.717s] Level 1:colcon.colcon_core.package_identification:_identify(src/build-test_tool-Desktop-Debug/CMakeFiles/Progress) by extension 'ros'
[0.718s] Level 1:colcon.colcon_core.package_identification:_identify(src/build-test_tool-Desktop-Debug/CMakeFiles/Progress) by extensions ['cmake', 'python']
[0.718s] Level 1:colcon.colcon_core.package_identification:_identify(src/build-test_tool-Desktop-Debug/CMakeFiles/Progress) by extension 'cmake'
[0.718s] Level 1:colcon.colcon_core.package_identification:_identify(src/build-test_tool-Desktop-Debug/CMakeFiles/Progress) by extension 'python'
[0.718s] Level 1:colcon.colcon_core.package_identification:_identify(src/build-test_tool-Desktop-Debug/CMakeFiles/Progress) by extensions ['python_setup_py']
[0.718s] Level 1:colcon.colcon_core.package_identification:_identify(src/build-test_tool-Desktop-Debug/CMakeFiles/Progress) by extension 'python_setup_py'
[0.718s] Level 1:colcon.colcon_core.package_identification:_identify(src/build-test_tool-Desktop-Debug/CMakeFiles/dummy_test.dir) by extensions ['ignore', 'ignore_ament_install']
[0.718s] Level 1:colcon.colcon_core.package_identification:_identify(src/build-test_tool-Desktop-Debug/CMakeFiles/dummy_test.dir) by extension 'ignore'
[0.719s] Level 1:colcon.colcon_core.package_identification:_identify(src/build-test_tool-Desktop-Debug/CMakeFiles/dummy_test.dir) by extension 'ignore_ament_install'
[0.719s] Level 1:colcon.colcon_core.package_identification:_identify(src/build-test_tool-Desktop-Debug/CMakeFiles/dummy_test.dir) by extensions ['colcon_pkg']
[0.719s] Level 1:colcon.colcon_core.package_identification:_identify(src/build-test_tool-Desktop-Debug/CMakeFiles/dummy_test.dir) by extension 'colcon_pkg'
[0.719s] Level 1:colcon.colcon_core.package_identification:_identify(src/build-test_tool-Desktop-Debug/CMakeFiles/dummy_test.dir) by extensions ['colcon_meta']
[0.719s] Level 1:colcon.colcon_core.package_identification:_identify(src/build-test_tool-Desktop-Debug/CMakeFiles/dummy_test.dir) by extension 'colcon_meta'
[0.719s] Level 1:colcon.colcon_core.package_identification:_identify(src/build-test_tool-Desktop-Debug/CMakeFiles/dummy_test.dir) by extensions ['ros']
[0.719s] Level 1:colcon.colcon_core.package_identification:_identify(src/build-test_tool-Desktop-Debug/CMakeFiles/dummy_test.dir) by extension 'ros'
[0.719s] Level 1:colcon.colcon_core.package_identification:_identify(src/build-test_tool-Desktop-Debug/CMakeFiles/dummy_test.dir) by extensions ['cmake', 'python']
[0.720s] Level 1:colcon.colcon_core.package_identification:_identify(src/build-test_tool-Desktop-Debug/CMakeFiles/dummy_test.dir) by extension 'cmake'
[0.720s] Level 1:colcon.colcon_core.package_identification:_identify(src/build-test_tool-Desktop-Debug/CMakeFiles/dummy_test.dir) by extension 'python'
[0.720s] Level 1:colcon.colcon_core.package_identification:_identify(src/build-test_tool-Desktop-Debug/CMakeFiles/dummy_test.dir) by extensions ['python_setup_py']
[0.720s] Level 1:colcon.colcon_core.package_identification:_identify(src/build-test_tool-Desktop-Debug/CMakeFiles/dummy_test.dir) by extension 'python_setup_py'
[0.720s] Level 1:colcon.colcon_core.package_identification:_identify(src/build-test_tool-Desktop-Debug/CMakeFiles/dummy_test.dir/dummy_test_autogen) by extensions ['ignore', 'ignore_ament_install']
[0.720s] Level 1:colcon.colcon_core.package_identification:_identify(src/build-test_tool-Desktop-Debug/CMakeFiles/dummy_test.dir/dummy_test_autogen) by extension 'ignore'
[0.720s] Level 1:colcon.colcon_core.package_identification:_identify(src/build-test_tool-Desktop-Debug/CMakeFiles/dummy_test.dir/dummy_test_autogen) by extension 'ignore_ament_install'
[0.720s] Level 1:colcon.colcon_core.package_identification:_identify(src/build-test_tool-Desktop-Debug/CMakeFiles/dummy_test.dir/dummy_test_autogen) by extensions ['colcon_pkg']
[0.720s] Level 1:colcon.colcon_core.package_identification:_identify(src/build-test_tool-Desktop-Debug/CMakeFiles/dummy_test.dir/dummy_test_autogen) by extension 'colcon_pkg'
[0.721s] Level 1:colcon.colcon_core.package_identification:_identify(src/build-test_tool-Desktop-Debug/CMakeFiles/dummy_test.dir/dummy_test_autogen) by extensions ['colcon_meta']
[0.721s] Level 1:colcon.colcon_core.package_identification:_identify(src/build-test_tool-Desktop-Debug/CMakeFiles/dummy_test.dir/dummy_test_autogen) by extension 'colcon_meta'
[0.721s] Level 1:colcon.colcon_core.package_identification:_identify(src/build-test_tool-Desktop-Debug/CMakeFiles/dummy_test.dir/dummy_test_autogen) by extensions ['ros']
[0.721s] Level 1:colcon.colcon_core.package_identification:_identify(src/build-test_tool-Desktop-Debug/CMakeFiles/dummy_test.dir/dummy_test_autogen) by extension 'ros'
[0.721s] Level 1:colcon.colcon_core.package_identification:_identify(src/build-test_tool-Desktop-Debug/CMakeFiles/dummy_test.dir/dummy_test_autogen) by extensions ['cmake', 'python']
[0.721s] Level 1:colcon.colcon_core.package_identification:_identify(src/build-test_tool-Desktop-Debug/CMakeFiles/dummy_test.dir/dummy_test_autogen) by extension 'cmake'
[0.721s] Level 1:colcon.colcon_core.package_identification:_identify(src/build-test_tool-Desktop-Debug/CMakeFiles/dummy_test.dir/dummy_test_autogen) by extension 'python'
[0.721s] Level 1:colcon.colcon_core.package_identification:_identify(src/build-test_tool-Desktop-Debug/CMakeFiles/dummy_test.dir/dummy_test_autogen) by extensions ['python_setup_py']
[0.721s] Level 1:colcon.colcon_core.package_identification:_identify(src/build-test_tool-Desktop-Debug/CMakeFiles/dummy_test.dir/dummy_test_autogen) by extension 'python_setup_py'
[0.721s] Level 1:colcon.colcon_core.package_identification:_identify(src/build-test_tool-Desktop-Debug/CMakeFiles/dummy_test.dir/src) by extensions ['ignore', 'ignore_ament_install']
[0.722s] Level 1:colcon.colcon_core.package_identification:_identify(src/build-test_tool-Desktop-Debug/CMakeFiles/dummy_test.dir/src) by extension 'ignore'
[0.722s] Level 1:colcon.colcon_core.package_identification:_identify(src/build-test_tool-Desktop-Debug/CMakeFiles/dummy_test.dir/src) by extension 'ignore_ament_install'
[0.722s] Level 1:colcon.colcon_core.package_identification:_identify(src/build-test_tool-Desktop-Debug/CMakeFiles/dummy_test.dir/src) by extensions ['colcon_pkg']
[0.722s] Level 1:colcon.colcon_core.package_identification:_identify(src/build-test_tool-Desktop-Debug/CMakeFiles/dummy_test.dir/src) by extension 'colcon_pkg'
[0.722s] Level 1:colcon.colcon_core.package_identification:_identify(src/build-test_tool-Desktop-Debug/CMakeFiles/dummy_test.dir/src) by extensions ['colcon_meta']
[0.722s] Level 1:colcon.colcon_core.package_identification:_identify(src/build-test_tool-Desktop-Debug/CMakeFiles/dummy_test.dir/src) by extension 'colcon_meta'
[0.722s] Level 1:colcon.colcon_core.package_identification:_identify(src/build-test_tool-Desktop-Debug/CMakeFiles/dummy_test.dir/src) by extensions ['ros']
[0.722s] Level 1:colcon.colcon_core.package_identification:_identify(src/build-test_tool-Desktop-Debug/CMakeFiles/dummy_test.dir/src) by extension 'ros'
[0.722s] Level 1:colcon.colcon_core.package_identification:_identify(src/build-test_tool-Desktop-Debug/CMakeFiles/dummy_test.dir/src) by extensions ['cmake', 'python']
[0.723s] Level 1:colcon.colcon_core.package_identification:_identify(src/build-test_tool-Desktop-Debug/CMakeFiles/dummy_test.dir/src) by extension 'cmake'
[0.723s] Level 1:colcon.colcon_core.package_identification:_identify(src/build-test_tool-Desktop-Debug/CMakeFiles/dummy_test.dir/src) by extension 'python'
[0.723s] Level 1:colcon.colcon_core.package_identification:_identify(src/build-test_tool-Desktop-Debug/CMakeFiles/dummy_test.dir/src) by extensions ['python_setup_py']
[0.723s] Level 1:colcon.colcon_core.package_identification:_identify(src/build-test_tool-Desktop-Debug/CMakeFiles/dummy_test.dir/src) by extension 'python_setup_py'
[0.723s] Level 1:colcon.colcon_core.package_identification:_identify(src/build-test_tool-Desktop-Debug/CMakeFiles/dummy_test_1.dir) by extensions ['ignore', 'ignore_ament_install']
[0.723s] Level 1:colcon.colcon_core.package_identification:_identify(src/build-test_tool-Desktop-Debug/CMakeFiles/dummy_test_1.dir) by extension 'ignore'
[0.724s] Level 1:colcon.colcon_core.package_identification:_identify(src/build-test_tool-Desktop-Debug/CMakeFiles/dummy_test_1.dir) by extension 'ignore_ament_install'
[0.724s] Level 1:colcon.colcon_core.package_identification:_identify(src/build-test_tool-Desktop-Debug/CMakeFiles/dummy_test_1.dir) by extensions ['colcon_pkg']
[0.724s] Level 1:colcon.colcon_core.package_identification:_identify(src/build-test_tool-Desktop-Debug/CMakeFiles/dummy_test_1.dir) by extension 'colcon_pkg'
[0.724s] Level 1:colcon.colcon_core.package_identification:_identify(src/build-test_tool-Desktop-Debug/CMakeFiles/dummy_test_1.dir) by extensions ['colcon_meta']
[0.724s] Level 1:colcon.colcon_core.package_identification:_identify(src/build-test_tool-Desktop-Debug/CMakeFiles/dummy_test_1.dir) by extension 'colcon_meta'
[0.724s] Level 1:colcon.colcon_core.package_identification:_identify(src/build-test_tool-Desktop-Debug/CMakeFiles/dummy_test_1.dir) by extensions ['ros']
[0.724s] Level 1:colcon.colcon_core.package_identification:_identify(src/build-test_tool-Desktop-Debug/CMakeFiles/dummy_test_1.dir) by extension 'ros'
[0.725s] Level 1:colcon.colcon_core.package_identification:_identify(src/build-test_tool-Desktop-Debug/CMakeFiles/dummy_test_1.dir) by extensions ['cmake', 'python']
[0.725s] Level 1:colcon.colcon_core.package_identification:_identify(src/build-test_tool-Desktop-Debug/CMakeFiles/dummy_test_1.dir) by extension 'cmake'
[0.725s] Level 1:colcon.colcon_core.package_identification:_identify(src/build-test_tool-Desktop-Debug/CMakeFiles/dummy_test_1.dir) by extension 'python'
[0.725s] Level 1:colcon.colcon_core.package_identification:_identify(src/build-test_tool-Desktop-Debug/CMakeFiles/dummy_test_1.dir) by extensions ['python_setup_py']
[0.725s] Level 1:colcon.colcon_core.package_identification:_identify(src/build-test_tool-Desktop-Debug/CMakeFiles/dummy_test_1.dir) by extension 'python_setup_py'
[0.725s] Level 1:colcon.colcon_core.package_identification:_identify(src/build-test_tool-Desktop-Debug/CMakeFiles/dummy_test_1.dir/dummy_test_1_autogen) by extensions ['ignore', 'ignore_ament_install']
[0.726s] Level 1:colcon.colcon_core.package_identification:_identify(src/build-test_tool-Desktop-Debug/CMakeFiles/dummy_test_1.dir/dummy_test_1_autogen) by extension 'ignore'
[0.726s] Level 1:colcon.colcon_core.package_identification:_identify(src/build-test_tool-Desktop-Debug/CMakeFiles/dummy_test_1.dir/dummy_test_1_autogen) by extension 'ignore_ament_install'
[0.726s] Level 1:colcon.colcon_core.package_identification:_identify(src/build-test_tool-Desktop-Debug/CMakeFiles/dummy_test_1.dir/dummy_test_1_autogen) by extensions ['colcon_pkg']
[0.726s] Level 1:colcon.colcon_core.package_identification:_identify(src/build-test_tool-Desktop-Debug/CMakeFiles/dummy_test_1.dir/dummy_test_1_autogen) by extension 'colcon_pkg'
[0.726s] Level 1:colcon.colcon_core.package_identification:_identify(src/build-test_tool-Desktop-Debug/CMakeFiles/dummy_test_1.dir/dummy_test_1_autogen) by extensions ['colcon_meta']
[0.726s] Level 1:colcon.colcon_core.package_identification:_identify(src/build-test_tool-Desktop-Debug/CMakeFiles/dummy_test_1.dir/dummy_test_1_autogen) by extension 'colcon_meta'
[0.727s] Level 1:colcon.colcon_core.package_identification:_identify(src/build-test_tool-Desktop-Debug/CMakeFiles/dummy_test_1.dir/dummy_test_1_autogen) by extensions ['ros']
[0.727s] Level 1:colcon.colcon_core.package_identification:_identify(src/build-test_tool-Desktop-Debug/CMakeFiles/dummy_test_1.dir/dummy_test_1_autogen) by extension 'ros'
[0.727s] Level 1:colcon.colcon_core.package_identification:_identify(src/build-test_tool-Desktop-Debug/CMakeFiles/dummy_test_1.dir/dummy_test_1_autogen) by extensions ['cmake', 'python']
[0.727s] Level 1:colcon.colcon_core.package_identification:_identify(src/build-test_tool-Desktop-Debug/CMakeFiles/dummy_test_1.dir/dummy_test_1_autogen) by extension 'cmake'
[0.727s] Level 1:colcon.colcon_core.package_identification:_identify(src/build-test_tool-Desktop-Debug/CMakeFiles/dummy_test_1.dir/dummy_test_1_autogen) by extension 'python'
[0.727s] Level 1:colcon.colcon_core.package_identification:_identify(src/build-test_tool-Desktop-Debug/CMakeFiles/dummy_test_1.dir/dummy_test_1_autogen) by extensions ['python_setup_py']
[0.727s] Level 1:colcon.colcon_core.package_identification:_identify(src/build-test_tool-Desktop-Debug/CMakeFiles/dummy_test_1.dir/dummy_test_1_autogen) by extension 'python_setup_py'
[0.728s] Level 1:colcon.colcon_core.package_identification:_identify(src/build-test_tool-Desktop-Debug/CMakeFiles/dummy_test_1.dir/src) by extensions ['ignore', 'ignore_ament_install']
[0.728s] Level 1:colcon.colcon_core.package_identification:_identify(src/build-test_tool-Desktop-Debug/CMakeFiles/dummy_test_1.dir/src) by extension 'ignore'
[0.728s] Level 1:colcon.colcon_core.package_identification:_identify(src/build-test_tool-Desktop-Debug/CMakeFiles/dummy_test_1.dir/src) by extension 'ignore_ament_install'
[0.728s] Level 1:colcon.colcon_core.package_identification:_identify(src/build-test_tool-Desktop-Debug/CMakeFiles/dummy_test_1.dir/src) by extensions ['colcon_pkg']
[0.728s] Level 1:colcon.colcon_core.package_identification:_identify(src/build-test_tool-Desktop-Debug/CMakeFiles/dummy_test_1.dir/src) by extension 'colcon_pkg'
[0.729s] Level 1:colcon.colcon_core.package_identification:_identify(src/build-test_tool-Desktop-Debug/CMakeFiles/dummy_test_1.dir/src) by extensions ['colcon_meta']
[0.729s] Level 1:colcon.colcon_core.package_identification:_identify(src/build-test_tool-Desktop-Debug/CMakeFiles/dummy_test_1.dir/src) by extension 'colcon_meta'
[0.729s] Level 1:colcon.colcon_core.package_identification:_identify(src/build-test_tool-Desktop-Debug/CMakeFiles/dummy_test_1.dir/src) by extensions ['ros']
[0.729s] Level 1:colcon.colcon_core.package_identification:_identify(src/build-test_tool-Desktop-Debug/CMakeFiles/dummy_test_1.dir/src) by extension 'ros'
[0.729s] Level 1:colcon.colcon_core.package_identification:_identify(src/build-test_tool-Desktop-Debug/CMakeFiles/dummy_test_1.dir/src) by extensions ['cmake', 'python']
[0.729s] Level 1:colcon.colcon_core.package_identification:_identify(src/build-test_tool-Desktop-Debug/CMakeFiles/dummy_test_1.dir/src) by extension 'cmake'
[0.729s] Level 1:colcon.colcon_core.package_identification:_identify(src/build-test_tool-Desktop-Debug/CMakeFiles/dummy_test_1.dir/src) by extension 'python'
[0.730s] Level 1:colcon.colcon_core.package_identification:_identify(src/build-test_tool-Desktop-Debug/CMakeFiles/dummy_test_1.dir/src) by extensions ['python_setup_py']
[0.730s] Level 1:colcon.colcon_core.package_identification:_identify(src/build-test_tool-Desktop-Debug/CMakeFiles/dummy_test_1.dir/src) by extension 'python_setup_py'
[0.730s] Level 1:colcon.colcon_core.package_identification:_identify(src/build-test_tool-Desktop-Debug/CMakeFiles/dummy_test_1_autogen.dir) by extensions ['ignore', 'ignore_ament_install']
[0.730s] Level 1:colcon.colcon_core.package_identification:_identify(src/build-test_tool-Desktop-Debug/CMakeFiles/dummy_test_1_autogen.dir) by extension 'ignore'
[0.730s] Level 1:colcon.colcon_core.package_identification:_identify(src/build-test_tool-Desktop-Debug/CMakeFiles/dummy_test_1_autogen.dir) by extension 'ignore_ament_install'
[0.730s] Level 1:colcon.colcon_core.package_identification:_identify(src/build-test_tool-Desktop-Debug/CMakeFiles/dummy_test_1_autogen.dir) by extensions ['colcon_pkg']
[0.731s] Level 1:colcon.colcon_core.package_identification:_identify(src/build-test_tool-Desktop-Debug/CMakeFiles/dummy_test_1_autogen.dir) by extension 'colcon_pkg'
[0.731s] Level 1:colcon.colcon_core.package_identification:_identify(src/build-test_tool-Desktop-Debug/CMakeFiles/dummy_test_1_autogen.dir) by extensions ['colcon_meta']
[0.731s] Level 1:colcon.colcon_core.package_identification:_identify(src/build-test_tool-Desktop-Debug/CMakeFiles/dummy_test_1_autogen.dir) by extension 'colcon_meta'
[0.731s] Level 1:colcon.colcon_core.package_identification:_identify(src/build-test_tool-Desktop-Debug/CMakeFiles/dummy_test_1_autogen.dir) by extensions ['ros']
[0.731s] Level 1:colcon.colcon_core.package_identification:_identify(src/build-test_tool-Desktop-Debug/CMakeFiles/dummy_test_1_autogen.dir) by extension 'ros'
[0.731s] Level 1:colcon.colcon_core.package_identification:_identify(src/build-test_tool-Desktop-Debug/CMakeFiles/dummy_test_1_autogen.dir) by extensions ['cmake', 'python']
[0.731s] Level 1:colcon.colcon_core.package_identification:_identify(src/build-test_tool-Desktop-Debug/CMakeFiles/dummy_test_1_autogen.dir) by extension 'cmake'
[0.731s] Level 1:colcon.colcon_core.package_identification:_identify(src/build-test_tool-Desktop-Debug/CMakeFiles/dummy_test_1_autogen.dir) by extension 'python'
[0.731s] Level 1:colcon.colcon_core.package_identification:_identify(src/build-test_tool-Desktop-Debug/CMakeFiles/dummy_test_1_autogen.dir) by extensions ['python_setup_py']
[0.732s] Level 1:colcon.colcon_core.package_identification:_identify(src/build-test_tool-Desktop-Debug/CMakeFiles/dummy_test_1_autogen.dir) by extension 'python_setup_py'
[0.732s] Level 1:colcon.colcon_core.package_identification:_identify(src/build-test_tool-Desktop-Debug/CMakeFiles/dummy_test_autogen.dir) by extensions ['ignore', 'ignore_ament_install']
[0.732s] Level 1:colcon.colcon_core.package_identification:_identify(src/build-test_tool-Desktop-Debug/CMakeFiles/dummy_test_autogen.dir) by extension 'ignore'
[0.732s] Level 1:colcon.colcon_core.package_identification:_identify(src/build-test_tool-Desktop-Debug/CMakeFiles/dummy_test_autogen.dir) by extension 'ignore_ament_install'
[0.732s] Level 1:colcon.colcon_core.package_identification:_identify(src/build-test_tool-Desktop-Debug/CMakeFiles/dummy_test_autogen.dir) by extensions ['colcon_pkg']
[0.733s] Level 1:colcon.colcon_core.package_identification:_identify(src/build-test_tool-Desktop-Debug/CMakeFiles/dummy_test_autogen.dir) by extension 'colcon_pkg'
[0.733s] Level 1:colcon.colcon_core.package_identification:_identify(src/build-test_tool-Desktop-Debug/CMakeFiles/dummy_test_autogen.dir) by extensions ['colcon_meta']
[0.733s] Level 1:colcon.colcon_core.package_identification:_identify(src/build-test_tool-Desktop-Debug/CMakeFiles/dummy_test_autogen.dir) by extension 'colcon_meta'
[0.733s] Level 1:colcon.colcon_core.package_identification:_identify(src/build-test_tool-Desktop-Debug/CMakeFiles/dummy_test_autogen.dir) by extensions ['ros']
[0.733s] Level 1:colcon.colcon_core.package_identification:_identify(src/build-test_tool-Desktop-Debug/CMakeFiles/dummy_test_autogen.dir) by extension 'ros'
[0.733s] Level 1:colcon.colcon_core.package_identification:_identify(src/build-test_tool-Desktop-Debug/CMakeFiles/dummy_test_autogen.dir) by extensions ['cmake', 'python']
[0.733s] Level 1:colcon.colcon_core.package_identification:_identify(src/build-test_tool-Desktop-Debug/CMakeFiles/dummy_test_autogen.dir) by extension 'cmake'
[0.733s] Level 1:colcon.colcon_core.package_identification:_identify(src/build-test_tool-Desktop-Debug/CMakeFiles/dummy_test_autogen.dir) by extension 'python'
[0.734s] Level 1:colcon.colcon_core.package_identification:_identify(src/build-test_tool-Desktop-Debug/CMakeFiles/dummy_test_autogen.dir) by extensions ['python_setup_py']
[0.734s] Level 1:colcon.colcon_core.package_identification:_identify(src/build-test_tool-Desktop-Debug/CMakeFiles/dummy_test_autogen.dir) by extension 'python_setup_py'
[0.734s] Level 1:colcon.colcon_core.package_identification:_identify(src/build-test_tool-Desktop-Debug/CMakeFiles/lidar_node.dir) by extensions ['ignore', 'ignore_ament_install']
[0.734s] Level 1:colcon.colcon_core.package_identification:_identify(src/build-test_tool-Desktop-Debug/CMakeFiles/lidar_node.dir) by extension 'ignore'
[0.734s] Level 1:colcon.colcon_core.package_identification:_identify(src/build-test_tool-Desktop-Debug/CMakeFiles/lidar_node.dir) by extension 'ignore_ament_install'
[0.734s] Level 1:colcon.colcon_core.package_identification:_identify(src/build-test_tool-Desktop-Debug/CMakeFiles/lidar_node.dir) by extensions ['colcon_pkg']
[0.735s] Level 1:colcon.colcon_core.package_identification:_identify(src/build-test_tool-Desktop-Debug/CMakeFiles/lidar_node.dir) by extension 'colcon_pkg'
[0.735s] Level 1:colcon.colcon_core.package_identification:_identify(src/build-test_tool-Desktop-Debug/CMakeFiles/lidar_node.dir) by extensions ['colcon_meta']
[0.735s] Level 1:colcon.colcon_core.package_identification:_identify(src/build-test_tool-Desktop-Debug/CMakeFiles/lidar_node.dir) by extension 'colcon_meta'
[0.735s] Level 1:colcon.colcon_core.package_identification:_identify(src/build-test_tool-Desktop-Debug/CMakeFiles/lidar_node.dir) by extensions ['ros']
[0.735s] Level 1:colcon.colcon_core.package_identification:_identify(src/build-test_tool-Desktop-Debug/CMakeFiles/lidar_node.dir) by extension 'ros'
[0.735s] Level 1:colcon.colcon_core.package_identification:_identify(src/build-test_tool-Desktop-Debug/CMakeFiles/lidar_node.dir) by extensions ['cmake', 'python']
[0.735s] Level 1:colcon.colcon_core.package_identification:_identify(src/build-test_tool-Desktop-Debug/CMakeFiles/lidar_node.dir) by extension 'cmake'
[0.735s] Level 1:colcon.colcon_core.package_identification:_identify(src/build-test_tool-Desktop-Debug/CMakeFiles/lidar_node.dir) by extension 'python'
[0.736s] Level 1:colcon.colcon_core.package_identification:_identify(src/build-test_tool-Desktop-Debug/CMakeFiles/lidar_node.dir) by extensions ['python_setup_py']
[0.736s] Level 1:colcon.colcon_core.package_identification:_identify(src/build-test_tool-Desktop-Debug/CMakeFiles/lidar_node.dir) by extension 'python_setup_py'
[0.736s] Level 1:colcon.colcon_core.package_identification:_identify(src/build-test_tool-Desktop-Debug/CMakeFiles/lidar_node.dir/lidar_node_autogen) by extensions ['ignore', 'ignore_ament_install']
[0.736s] Level 1:colcon.colcon_core.package_identification:_identify(src/build-test_tool-Desktop-Debug/CMakeFiles/lidar_node.dir/lidar_node_autogen) by extension 'ignore'
[0.736s] Level 1:colcon.colcon_core.package_identification:_identify(src/build-test_tool-Desktop-Debug/CMakeFiles/lidar_node.dir/lidar_node_autogen) by extension 'ignore_ament_install'
[0.736s] Level 1:colcon.colcon_core.package_identification:_identify(src/build-test_tool-Desktop-Debug/CMakeFiles/lidar_node.dir/lidar_node_autogen) by extensions ['colcon_pkg']
[0.737s] Level 1:colcon.colcon_core.package_identification:_identify(src/build-test_tool-Desktop-Debug/CMakeFiles/lidar_node.dir/lidar_node_autogen) by extension 'colcon_pkg'
[0.737s] Level 1:colcon.colcon_core.package_identification:_identify(src/build-test_tool-Desktop-Debug/CMakeFiles/lidar_node.dir/lidar_node_autogen) by extensions ['colcon_meta']
[0.737s] Level 1:colcon.colcon_core.package_identification:_identify(src/build-test_tool-Desktop-Debug/CMakeFiles/lidar_node.dir/lidar_node_autogen) by extension 'colcon_meta'
[0.737s] Level 1:colcon.colcon_core.package_identification:_identify(src/build-test_tool-Desktop-Debug/CMakeFiles/lidar_node.dir/lidar_node_autogen) by extensions ['ros']
[0.737s] Level 1:colcon.colcon_core.package_identification:_identify(src/build-test_tool-Desktop-Debug/CMakeFiles/lidar_node.dir/lidar_node_autogen) by extension 'ros'
[0.737s] Level 1:colcon.colcon_core.package_identification:_identify(src/build-test_tool-Desktop-Debug/CMakeFiles/lidar_node.dir/lidar_node_autogen) by extensions ['cmake', 'python']
[0.737s] Level 1:colcon.colcon_core.package_identification:_identify(src/build-test_tool-Desktop-Debug/CMakeFiles/lidar_node.dir/lidar_node_autogen) by extension 'cmake'
[0.738s] Level 1:colcon.colcon_core.package_identification:_identify(src/build-test_tool-Desktop-Debug/CMakeFiles/lidar_node.dir/lidar_node_autogen) by extension 'python'
[0.738s] Level 1:colcon.colcon_core.package_identification:_identify(src/build-test_tool-Desktop-Debug/CMakeFiles/lidar_node.dir/lidar_node_autogen) by extensions ['python_setup_py']
[0.738s] Level 1:colcon.colcon_core.package_identification:_identify(src/build-test_tool-Desktop-Debug/CMakeFiles/lidar_node.dir/lidar_node_autogen) by extension 'python_setup_py'
[0.738s] Level 1:colcon.colcon_core.package_identification:_identify(src/build-test_tool-Desktop-Debug/CMakeFiles/lidar_node.dir/src) by extensions ['ignore', 'ignore_ament_install']
[0.738s] Level 1:colcon.colcon_core.package_identification:_identify(src/build-test_tool-Desktop-Debug/CMakeFiles/lidar_node.dir/src) by extension 'ignore'
[0.738s] Level 1:colcon.colcon_core.package_identification:_identify(src/build-test_tool-Desktop-Debug/CMakeFiles/lidar_node.dir/src) by extension 'ignore_ament_install'
[0.739s] Level 1:colcon.colcon_core.package_identification:_identify(src/build-test_tool-Desktop-Debug/CMakeFiles/lidar_node.dir/src) by extensions ['colcon_pkg']
[0.739s] Level 1:colcon.colcon_core.package_identification:_identify(src/build-test_tool-Desktop-Debug/CMakeFiles/lidar_node.dir/src) by extension 'colcon_pkg'
[0.739s] Level 1:colcon.colcon_core.package_identification:_identify(src/build-test_tool-Desktop-Debug/CMakeFiles/lidar_node.dir/src) by extensions ['colcon_meta']
[0.739s] Level 1:colcon.colcon_core.package_identification:_identify(src/build-test_tool-Desktop-Debug/CMakeFiles/lidar_node.dir/src) by extension 'colcon_meta'
[0.739s] Level 1:colcon.colcon_core.package_identification:_identify(src/build-test_tool-Desktop-Debug/CMakeFiles/lidar_node.dir/src) by extensions ['ros']
[0.739s] Level 1:colcon.colcon_core.package_identification:_identify(src/build-test_tool-Desktop-Debug/CMakeFiles/lidar_node.dir/src) by extension 'ros'
[0.739s] Level 1:colcon.colcon_core.package_identification:_identify(src/build-test_tool-Desktop-Debug/CMakeFiles/lidar_node.dir/src) by extensions ['cmake', 'python']
[0.739s] Level 1:colcon.colcon_core.package_identification:_identify(src/build-test_tool-Desktop-Debug/CMakeFiles/lidar_node.dir/src) by extension 'cmake'
[0.740s] Level 1:colcon.colcon_core.package_identification:_identify(src/build-test_tool-Desktop-Debug/CMakeFiles/lidar_node.dir/src) by extension 'python'
[0.740s] Level 1:colcon.colcon_core.package_identification:_identify(src/build-test_tool-Desktop-Debug/CMakeFiles/lidar_node.dir/src) by extensions ['python_setup_py']
[0.740s] Level 1:colcon.colcon_core.package_identification:_identify(src/build-test_tool-Desktop-Debug/CMakeFiles/lidar_node.dir/src) by extension 'python_setup_py'
[0.740s] Level 1:colcon.colcon_core.package_identification:_identify(src/build-test_tool-Desktop-Debug/CMakeFiles/lidar_node_autogen.dir) by extensions ['ignore', 'ignore_ament_install']
[0.740s] Level 1:colcon.colcon_core.package_identification:_identify(src/build-test_tool-Desktop-Debug/CMakeFiles/lidar_node_autogen.dir) by extension 'ignore'
[0.740s] Level 1:colcon.colcon_core.package_identification:_identify(src/build-test_tool-Desktop-Debug/CMakeFiles/lidar_node_autogen.dir) by extension 'ignore_ament_install'
[0.740s] Level 1:colcon.colcon_core.package_identification:_identify(src/build-test_tool-Desktop-Debug/CMakeFiles/lidar_node_autogen.dir) by extensions ['colcon_pkg']
[0.740s] Level 1:colcon.colcon_core.package_identification:_identify(src/build-test_tool-Desktop-Debug/CMakeFiles/lidar_node_autogen.dir) by extension 'colcon_pkg'
[0.741s] Level 1:colcon.colcon_core.package_identification:_identify(src/build-test_tool-Desktop-Debug/CMakeFiles/lidar_node_autogen.dir) by extensions ['colcon_meta']
[0.741s] Level 1:colcon.colcon_core.package_identification:_identify(src/build-test_tool-Desktop-Debug/CMakeFiles/lidar_node_autogen.dir) by extension 'colcon_meta'
[0.741s] Level 1:colcon.colcon_core.package_identification:_identify(src/build-test_tool-Desktop-Debug/CMakeFiles/lidar_node_autogen.dir) by extensions ['ros']
[0.741s] Level 1:colcon.colcon_core.package_identification:_identify(src/build-test_tool-Desktop-Debug/CMakeFiles/lidar_node_autogen.dir) by extension 'ros'
[0.741s] Level 1:colcon.colcon_core.package_identification:_identify(src/build-test_tool-Desktop-Debug/CMakeFiles/lidar_node_autogen.dir) by extensions ['cmake', 'python']
[0.741s] Level 1:colcon.colcon_core.package_identification:_identify(src/build-test_tool-Desktop-Debug/CMakeFiles/lidar_node_autogen.dir) by extension 'cmake'
[0.741s] Level 1:colcon.colcon_core.package_identification:_identify(src/build-test_tool-Desktop-Debug/CMakeFiles/lidar_node_autogen.dir) by extension 'python'
[0.741s] Level 1:colcon.colcon_core.package_identification:_identify(src/build-test_tool-Desktop-Debug/CMakeFiles/lidar_node_autogen.dir) by extensions ['python_setup_py']
[0.741s] Level 1:colcon.colcon_core.package_identification:_identify(src/build-test_tool-Desktop-Debug/CMakeFiles/lidar_node_autogen.dir) by extension 'python_setup_py'
[0.741s] Level 1:colcon.colcon_core.package_identification:_identify(src/build-test_tool-Desktop-Debug/CMakeFiles/test_tool.dir) by extensions ['ignore', 'ignore_ament_install']
[0.741s] Level 1:colcon.colcon_core.package_identification:_identify(src/build-test_tool-Desktop-Debug/CMakeFiles/test_tool.dir) by extension 'ignore'
[0.742s] Level 1:colcon.colcon_core.package_identification:_identify(src/build-test_tool-Desktop-Debug/CMakeFiles/test_tool.dir) by extension 'ignore_ament_install'
[0.742s] Level 1:colcon.colcon_core.package_identification:_identify(src/build-test_tool-Desktop-Debug/CMakeFiles/test_tool.dir) by extensions ['colcon_pkg']
[0.742s] Level 1:colcon.colcon_core.package_identification:_identify(src/build-test_tool-Desktop-Debug/CMakeFiles/test_tool.dir) by extension 'colcon_pkg'
[0.742s] Level 1:colcon.colcon_core.package_identification:_identify(src/build-test_tool-Desktop-Debug/CMakeFiles/test_tool.dir) by extensions ['colcon_meta']
[0.742s] Level 1:colcon.colcon_core.package_identification:_identify(src/build-test_tool-Desktop-Debug/CMakeFiles/test_tool.dir) by extension 'colcon_meta'
[0.742s] Level 1:colcon.colcon_core.package_identification:_identify(src/build-test_tool-Desktop-Debug/CMakeFiles/test_tool.dir) by extensions ['ros']
[0.742s] Level 1:colcon.colcon_core.package_identification:_identify(src/build-test_tool-Desktop-Debug/CMakeFiles/test_tool.dir) by extension 'ros'
[0.742s] Level 1:colcon.colcon_core.package_identification:_identify(src/build-test_tool-Desktop-Debug/CMakeFiles/test_tool.dir) by extensions ['cmake', 'python']
[0.742s] Level 1:colcon.colcon_core.package_identification:_identify(src/build-test_tool-Desktop-Debug/CMakeFiles/test_tool.dir) by extension 'cmake'
[0.742s] Level 1:colcon.colcon_core.package_identification:_identify(src/build-test_tool-Desktop-Debug/CMakeFiles/test_tool.dir) by extension 'python'
[0.742s] Level 1:colcon.colcon_core.package_identification:_identify(src/build-test_tool-Desktop-Debug/CMakeFiles/test_tool.dir) by extensions ['python_setup_py']
[0.743s] Level 1:colcon.colcon_core.package_identification:_identify(src/build-test_tool-Desktop-Debug/CMakeFiles/test_tool.dir) by extension 'python_setup_py'
[0.743s] Level 1:colcon.colcon_core.package_identification:_identify(src/build-test_tool-Desktop-Debug/CMakeFiles/test_tool.dir/src) by extensions ['ignore', 'ignore_ament_install']
[0.743s] Level 1:colcon.colcon_core.package_identification:_identify(src/build-test_tool-Desktop-Debug/CMakeFiles/test_tool.dir/src) by extension 'ignore'
[0.743s] Level 1:colcon.colcon_core.package_identification:_identify(src/build-test_tool-Desktop-Debug/CMakeFiles/test_tool.dir/src) by extension 'ignore_ament_install'
[0.743s] Level 1:colcon.colcon_core.package_identification:_identify(src/build-test_tool-Desktop-Debug/CMakeFiles/test_tool.dir/src) by extensions ['colcon_pkg']
[0.743s] Level 1:colcon.colcon_core.package_identification:_identify(src/build-test_tool-Desktop-Debug/CMakeFiles/test_tool.dir/src) by extension 'colcon_pkg'
[0.743s] Level 1:colcon.colcon_core.package_identification:_identify(src/build-test_tool-Desktop-Debug/CMakeFiles/test_tool.dir/src) by extensions ['colcon_meta']
[0.743s] Level 1:colcon.colcon_core.package_identification:_identify(src/build-test_tool-Desktop-Debug/CMakeFiles/test_tool.dir/src) by extension 'colcon_meta'
[0.743s] Level 1:colcon.colcon_core.package_identification:_identify(src/build-test_tool-Desktop-Debug/CMakeFiles/test_tool.dir/src) by extensions ['ros']
[0.743s] Level 1:colcon.colcon_core.package_identification:_identify(src/build-test_tool-Desktop-Debug/CMakeFiles/test_tool.dir/src) by extension 'ros'
[0.744s] Level 1:colcon.colcon_core.package_identification:_identify(src/build-test_tool-Desktop-Debug/CMakeFiles/test_tool.dir/src) by extensions ['cmake', 'python']
[0.744s] Level 1:colcon.colcon_core.package_identification:_identify(src/build-test_tool-Desktop-Debug/CMakeFiles/test_tool.dir/src) by extension 'cmake'
[0.744s] Level 1:colcon.colcon_core.package_identification:_identify(src/build-test_tool-Desktop-Debug/CMakeFiles/test_tool.dir/src) by extension 'python'
[0.744s] Level 1:colcon.colcon_core.package_identification:_identify(src/build-test_tool-Desktop-Debug/CMakeFiles/test_tool.dir/src) by extensions ['python_setup_py']
[0.744s] Level 1:colcon.colcon_core.package_identification:_identify(src/build-test_tool-Desktop-Debug/CMakeFiles/test_tool.dir/src) by extension 'python_setup_py'
[0.744s] Level 1:colcon.colcon_core.package_identification:_identify(src/build-test_tool-Desktop-Debug/CMakeFiles/test_tool.dir/src/iris_tool) by extensions ['ignore', 'ignore_ament_install']
[0.744s] Level 1:colcon.colcon_core.package_identification:_identify(src/build-test_tool-Desktop-Debug/CMakeFiles/test_tool.dir/src/iris_tool) by extension 'ignore'
[0.744s] Level 1:colcon.colcon_core.package_identification:_identify(src/build-test_tool-Desktop-Debug/CMakeFiles/test_tool.dir/src/iris_tool) by extension 'ignore_ament_install'
[0.744s] Level 1:colcon.colcon_core.package_identification:_identify(src/build-test_tool-Desktop-Debug/CMakeFiles/test_tool.dir/src/iris_tool) by extensions ['colcon_pkg']
[0.745s] Level 1:colcon.colcon_core.package_identification:_identify(src/build-test_tool-Desktop-Debug/CMakeFiles/test_tool.dir/src/iris_tool) by extension 'colcon_pkg'
[0.745s] Level 1:colcon.colcon_core.package_identification:_identify(src/build-test_tool-Desktop-Debug/CMakeFiles/test_tool.dir/src/iris_tool) by extensions ['colcon_meta']
[0.745s] Level 1:colcon.colcon_core.package_identification:_identify(src/build-test_tool-Desktop-Debug/CMakeFiles/test_tool.dir/src/iris_tool) by extension 'colcon_meta'
[0.745s] Level 1:colcon.colcon_core.package_identification:_identify(src/build-test_tool-Desktop-Debug/CMakeFiles/test_tool.dir/src/iris_tool) by extensions ['ros']
[0.745s] Level 1:colcon.colcon_core.package_identification:_identify(src/build-test_tool-Desktop-Debug/CMakeFiles/test_tool.dir/src/iris_tool) by extension 'ros'
[0.745s] Level 1:colcon.colcon_core.package_identification:_identify(src/build-test_tool-Desktop-Debug/CMakeFiles/test_tool.dir/src/iris_tool) by extensions ['cmake', 'python']
[0.745s] Level 1:colcon.colcon_core.package_identification:_identify(src/build-test_tool-Desktop-Debug/CMakeFiles/test_tool.dir/src/iris_tool) by extension 'cmake'
[0.745s] Level 1:colcon.colcon_core.package_identification:_identify(src/build-test_tool-Desktop-Debug/CMakeFiles/test_tool.dir/src/iris_tool) by extension 'python'
[0.745s] Level 1:colcon.colcon_core.package_identification:_identify(src/build-test_tool-Desktop-Debug/CMakeFiles/test_tool.dir/src/iris_tool) by extensions ['python_setup_py']
[0.746s] Level 1:colcon.colcon_core.package_identification:_identify(src/build-test_tool-Desktop-Debug/CMakeFiles/test_tool.dir/src/iris_tool) by extension 'python_setup_py'
[0.746s] Level 1:colcon.colcon_core.package_identification:_identify(src/build-test_tool-Desktop-Debug/CMakeFiles/test_tool.dir/test_tool_autogen) by extensions ['ignore', 'ignore_ament_install']
[0.746s] Level 1:colcon.colcon_core.package_identification:_identify(src/build-test_tool-Desktop-Debug/CMakeFiles/test_tool.dir/test_tool_autogen) by extension 'ignore'
[0.746s] Level 1:colcon.colcon_core.package_identification:_identify(src/build-test_tool-Desktop-Debug/CMakeFiles/test_tool.dir/test_tool_autogen) by extension 'ignore_ament_install'
[0.746s] Level 1:colcon.colcon_core.package_identification:_identify(src/build-test_tool-Desktop-Debug/CMakeFiles/test_tool.dir/test_tool_autogen) by extensions ['colcon_pkg']
[0.746s] Level 1:colcon.colcon_core.package_identification:_identify(src/build-test_tool-Desktop-Debug/CMakeFiles/test_tool.dir/test_tool_autogen) by extension 'colcon_pkg'
[0.747s] Level 1:colcon.colcon_core.package_identification:_identify(src/build-test_tool-Desktop-Debug/CMakeFiles/test_tool.dir/test_tool_autogen) by extensions ['colcon_meta']
[0.747s] Level 1:colcon.colcon_core.package_identification:_identify(src/build-test_tool-Desktop-Debug/CMakeFiles/test_tool.dir/test_tool_autogen) by extension 'colcon_meta'
[0.747s] Level 1:colcon.colcon_core.package_identification:_identify(src/build-test_tool-Desktop-Debug/CMakeFiles/test_tool.dir/test_tool_autogen) by extensions ['ros']
[0.747s] Level 1:colcon.colcon_core.package_identification:_identify(src/build-test_tool-Desktop-Debug/CMakeFiles/test_tool.dir/test_tool_autogen) by extension 'ros'
[0.747s] Level 1:colcon.colcon_core.package_identification:_identify(src/build-test_tool-Desktop-Debug/CMakeFiles/test_tool.dir/test_tool_autogen) by extensions ['cmake', 'python']
[0.747s] Level 1:colcon.colcon_core.package_identification:_identify(src/build-test_tool-Desktop-Debug/CMakeFiles/test_tool.dir/test_tool_autogen) by extension 'cmake'
[0.747s] Level 1:colcon.colcon_core.package_identification:_identify(src/build-test_tool-Desktop-Debug/CMakeFiles/test_tool.dir/test_tool_autogen) by extension 'python'
[0.747s] Level 1:colcon.colcon_core.package_identification:_identify(src/build-test_tool-Desktop-Debug/CMakeFiles/test_tool.dir/test_tool_autogen) by extensions ['python_setup_py']
[0.747s] Level 1:colcon.colcon_core.package_identification:_identify(src/build-test_tool-Desktop-Debug/CMakeFiles/test_tool.dir/test_tool_autogen) by extension 'python_setup_py'
[0.748s] Level 1:colcon.colcon_core.package_identification:_identify(src/build-test_tool-Desktop-Debug/CMakeFiles/test_tool_autogen.dir) by extensions ['ignore', 'ignore_ament_install']
[0.748s] Level 1:colcon.colcon_core.package_identification:_identify(src/build-test_tool-Desktop-Debug/CMakeFiles/test_tool_autogen.dir) by extension 'ignore'
[0.748s] Level 1:colcon.colcon_core.package_identification:_identify(src/build-test_tool-Desktop-Debug/CMakeFiles/test_tool_autogen.dir) by extension 'ignore_ament_install'
[0.748s] Level 1:colcon.colcon_core.package_identification:_identify(src/build-test_tool-Desktop-Debug/CMakeFiles/test_tool_autogen.dir) by extensions ['colcon_pkg']
[0.748s] Level 1:colcon.colcon_core.package_identification:_identify(src/build-test_tool-Desktop-Debug/CMakeFiles/test_tool_autogen.dir) by extension 'colcon_pkg'
[0.748s] Level 1:colcon.colcon_core.package_identification:_identify(src/build-test_tool-Desktop-Debug/CMakeFiles/test_tool_autogen.dir) by extensions ['colcon_meta']
[0.748s] Level 1:colcon.colcon_core.package_identification:_identify(src/build-test_tool-Desktop-Debug/CMakeFiles/test_tool_autogen.dir) by extension 'colcon_meta'
[0.748s] Level 1:colcon.colcon_core.package_identification:_identify(src/build-test_tool-Desktop-Debug/CMakeFiles/test_tool_autogen.dir) by extensions ['ros']
[0.749s] Level 1:colcon.colcon_core.package_identification:_identify(src/build-test_tool-Desktop-Debug/CMakeFiles/test_tool_autogen.dir) by extension 'ros'
[0.749s] Level 1:colcon.colcon_core.package_identification:_identify(src/build-test_tool-Desktop-Debug/CMakeFiles/test_tool_autogen.dir) by extensions ['cmake', 'python']
[0.749s] Level 1:colcon.colcon_core.package_identification:_identify(src/build-test_tool-Desktop-Debug/CMakeFiles/test_tool_autogen.dir) by extension 'cmake'
[0.749s] Level 1:colcon.colcon_core.package_identification:_identify(src/build-test_tool-Desktop-Debug/CMakeFiles/test_tool_autogen.dir) by extension 'python'
[0.749s] Level 1:colcon.colcon_core.package_identification:_identify(src/build-test_tool-Desktop-Debug/CMakeFiles/test_tool_autogen.dir) by extensions ['python_setup_py']
[0.749s] Level 1:colcon.colcon_core.package_identification:_identify(src/build-test_tool-Desktop-Debug/CMakeFiles/test_tool_autogen.dir) by extension 'python_setup_py'
[0.749s] Level 1:colcon.colcon_core.package_identification:_identify(src/build-test_tool-Desktop-Debug/CMakeFiles/test_tool_uninstall.dir) by extensions ['ignore', 'ignore_ament_install']
[0.750s] Level 1:colcon.colcon_core.package_identification:_identify(src/build-test_tool-Desktop-Debug/CMakeFiles/test_tool_uninstall.dir) by extension 'ignore'
[0.750s] Level 1:colcon.colcon_core.package_identification:_identify(src/build-test_tool-Desktop-Debug/CMakeFiles/test_tool_uninstall.dir) by extension 'ignore_ament_install'
[0.750s] Level 1:colcon.colcon_core.package_identification:_identify(src/build-test_tool-Desktop-Debug/CMakeFiles/test_tool_uninstall.dir) by extensions ['colcon_pkg']
[0.750s] Level 1:colcon.colcon_core.package_identification:_identify(src/build-test_tool-Desktop-Debug/CMakeFiles/test_tool_uninstall.dir) by extension 'colcon_pkg'
[0.750s] Level 1:colcon.colcon_core.package_identification:_identify(src/build-test_tool-Desktop-Debug/CMakeFiles/test_tool_uninstall.dir) by extensions ['colcon_meta']
[0.750s] Level 1:colcon.colcon_core.package_identification:_identify(src/build-test_tool-Desktop-Debug/CMakeFiles/test_tool_uninstall.dir) by extension 'colcon_meta'
[0.750s] Level 1:colcon.colcon_core.package_identification:_identify(src/build-test_tool-Desktop-Debug/CMakeFiles/test_tool_uninstall.dir) by extensions ['ros']
[0.750s] Level 1:colcon.colcon_core.package_identification:_identify(src/build-test_tool-Desktop-Debug/CMakeFiles/test_tool_uninstall.dir) by extension 'ros'
[0.751s] Level 1:colcon.colcon_core.package_identification:_identify(src/build-test_tool-Desktop-Debug/CMakeFiles/test_tool_uninstall.dir) by extensions ['cmake', 'python']
[0.751s] Level 1:colcon.colcon_core.package_identification:_identify(src/build-test_tool-Desktop-Debug/CMakeFiles/test_tool_uninstall.dir) by extension 'cmake'
[0.751s] Level 1:colcon.colcon_core.package_identification:_identify(src/build-test_tool-Desktop-Debug/CMakeFiles/test_tool_uninstall.dir) by extension 'python'
[0.751s] Level 1:colcon.colcon_core.package_identification:_identify(src/build-test_tool-Desktop-Debug/CMakeFiles/test_tool_uninstall.dir) by extensions ['python_setup_py']
[0.751s] Level 1:colcon.colcon_core.package_identification:_identify(src/build-test_tool-Desktop-Debug/CMakeFiles/test_tool_uninstall.dir) by extension 'python_setup_py'
[0.751s] Level 1:colcon.colcon_core.package_identification:_identify(src/build-test_tool-Desktop-Debug/CMakeFiles/uninstall.dir) by extensions ['ignore', 'ignore_ament_install']
[0.751s] Level 1:colcon.colcon_core.package_identification:_identify(src/build-test_tool-Desktop-Debug/CMakeFiles/uninstall.dir) by extension 'ignore'
[0.752s] Level 1:colcon.colcon_core.package_identification:_identify(src/build-test_tool-Desktop-Debug/CMakeFiles/uninstall.dir) by extension 'ignore_ament_install'
[0.752s] Level 1:colcon.colcon_core.package_identification:_identify(src/build-test_tool-Desktop-Debug/CMakeFiles/uninstall.dir) by extensions ['colcon_pkg']
[0.752s] Level 1:colcon.colcon_core.package_identification:_identify(src/build-test_tool-Desktop-Debug/CMakeFiles/uninstall.dir) by extension 'colcon_pkg'
[0.752s] Level 1:colcon.colcon_core.package_identification:_identify(src/build-test_tool-Desktop-Debug/CMakeFiles/uninstall.dir) by extensions ['colcon_meta']
[0.752s] Level 1:colcon.colcon_core.package_identification:_identify(src/build-test_tool-Desktop-Debug/CMakeFiles/uninstall.dir) by extension 'colcon_meta'
[0.752s] Level 1:colcon.colcon_core.package_identification:_identify(src/build-test_tool-Desktop-Debug/CMakeFiles/uninstall.dir) by extensions ['ros']
[0.752s] Level 1:colcon.colcon_core.package_identification:_identify(src/build-test_tool-Desktop-Debug/CMakeFiles/uninstall.dir) by extension 'ros'
[0.752s] Level 1:colcon.colcon_core.package_identification:_identify(src/build-test_tool-Desktop-Debug/CMakeFiles/uninstall.dir) by extensions ['cmake', 'python']
[0.752s] Level 1:colcon.colcon_core.package_identification:_identify(src/build-test_tool-Desktop-Debug/CMakeFiles/uninstall.dir) by extension 'cmake'
[0.753s] Level 1:colcon.colcon_core.package_identification:_identify(src/build-test_tool-Desktop-Debug/CMakeFiles/uninstall.dir) by extension 'python'
[0.753s] Level 1:colcon.colcon_core.package_identification:_identify(src/build-test_tool-Desktop-Debug/CMakeFiles/uninstall.dir) by extensions ['python_setup_py']
[0.753s] Level 1:colcon.colcon_core.package_identification:_identify(src/build-test_tool-Desktop-Debug/CMakeFiles/uninstall.dir) by extension 'python_setup_py'
[0.753s] Level 1:colcon.colcon_core.package_identification:_identify(src/build-test_tool-Desktop-Debug/Testing) by extensions ['ignore', 'ignore_ament_install']
[0.753s] Level 1:colcon.colcon_core.package_identification:_identify(src/build-test_tool-Desktop-Debug/Testing) by extension 'ignore'
[0.753s] Level 1:colcon.colcon_core.package_identification:_identify(src/build-test_tool-Desktop-Debug/Testing) by extension 'ignore_ament_install'
[0.753s] Level 1:colcon.colcon_core.package_identification:_identify(src/build-test_tool-Desktop-Debug/Testing) by extensions ['colcon_pkg']
[0.754s] Level 1:colcon.colcon_core.package_identification:_identify(src/build-test_tool-Desktop-Debug/Testing) by extension 'colcon_pkg'
[0.754s] Level 1:colcon.colcon_core.package_identification:_identify(src/build-test_tool-Desktop-Debug/Testing) by extensions ['colcon_meta']
[0.754s] Level 1:colcon.colcon_core.package_identification:_identify(src/build-test_tool-Desktop-Debug/Testing) by extension 'colcon_meta'
[0.754s] Level 1:colcon.colcon_core.package_identification:_identify(src/build-test_tool-Desktop-Debug/Testing) by extensions ['ros']
[0.754s] Level 1:colcon.colcon_core.package_identification:_identify(src/build-test_tool-Desktop-Debug/Testing) by extension 'ros'
[0.754s] Level 1:colcon.colcon_core.package_identification:_identify(src/build-test_tool-Desktop-Debug/Testing) by extensions ['cmake', 'python']
[0.754s] Level 1:colcon.colcon_core.package_identification:_identify(src/build-test_tool-Desktop-Debug/Testing) by extension 'cmake'
[0.754s] Level 1:colcon.colcon_core.package_identification:_identify(src/build-test_tool-Desktop-Debug/Testing) by extension 'python'
[0.754s] Level 1:colcon.colcon_core.package_identification:_identify(src/build-test_tool-Desktop-Debug/Testing) by extensions ['python_setup_py']
[0.755s] Level 1:colcon.colcon_core.package_identification:_identify(src/build-test_tool-Desktop-Debug/Testing) by extension 'python_setup_py'
[0.755s] Level 1:colcon.colcon_core.package_identification:_identify(src/build-test_tool-Desktop-Debug/Testing/Temporary) by extensions ['ignore', 'ignore_ament_install']
[0.755s] Level 1:colcon.colcon_core.package_identification:_identify(src/build-test_tool-Desktop-Debug/Testing/Temporary) by extension 'ignore'
[0.755s] Level 1:colcon.colcon_core.package_identification:_identify(src/build-test_tool-Desktop-Debug/Testing/Temporary) by extension 'ignore_ament_install'
[0.755s] Level 1:colcon.colcon_core.package_identification:_identify(src/build-test_tool-Desktop-Debug/Testing/Temporary) by extensions ['colcon_pkg']
[0.755s] Level 1:colcon.colcon_core.package_identification:_identify(src/build-test_tool-Desktop-Debug/Testing/Temporary) by extension 'colcon_pkg'
[0.756s] Level 1:colcon.colcon_core.package_identification:_identify(src/build-test_tool-Desktop-Debug/Testing/Temporary) by extensions ['colcon_meta']
[0.756s] Level 1:colcon.colcon_core.package_identification:_identify(src/build-test_tool-Desktop-Debug/Testing/Temporary) by extension 'colcon_meta'
[0.756s] Level 1:colcon.colcon_core.package_identification:_identify(src/build-test_tool-Desktop-Debug/Testing/Temporary) by extensions ['ros']
[0.756s] Level 1:colcon.colcon_core.package_identification:_identify(src/build-test_tool-Desktop-Debug/Testing/Temporary) by extension 'ros'
[0.756s] Level 1:colcon.colcon_core.package_identification:_identify(src/build-test_tool-Desktop-Debug/Testing/Temporary) by extensions ['cmake', 'python']
[0.756s] Level 1:colcon.colcon_core.package_identification:_identify(src/build-test_tool-Desktop-Debug/Testing/Temporary) by extension 'cmake'
[0.756s] Level 1:colcon.colcon_core.package_identification:_identify(src/build-test_tool-Desktop-Debug/Testing/Temporary) by extension 'python'
[0.756s] Level 1:colcon.colcon_core.package_identification:_identify(src/build-test_tool-Desktop-Debug/Testing/Temporary) by extensions ['python_setup_py']
[0.756s] Level 1:colcon.colcon_core.package_identification:_identify(src/build-test_tool-Desktop-Debug/Testing/Temporary) by extension 'python_setup_py'
[0.757s] Level 1:colcon.colcon_core.package_identification:_identify(src/build-test_tool-Desktop-Debug/ament_cmake_core) by extensions ['ignore', 'ignore_ament_install']
[0.757s] Level 1:colcon.colcon_core.package_identification:_identify(src/build-test_tool-Desktop-Debug/ament_cmake_core) by extension 'ignore'
[0.757s] Level 1:colcon.colcon_core.package_identification:_identify(src/build-test_tool-Desktop-Debug/ament_cmake_core) by extension 'ignore_ament_install'
[0.757s] Level 1:colcon.colcon_core.package_identification:_identify(src/build-test_tool-Desktop-Debug/ament_cmake_core) by extensions ['colcon_pkg']
[0.757s] Level 1:colcon.colcon_core.package_identification:_identify(src/build-test_tool-Desktop-Debug/ament_cmake_core) by extension 'colcon_pkg'
[0.757s] Level 1:colcon.colcon_core.package_identification:_identify(src/build-test_tool-Desktop-Debug/ament_cmake_core) by extensions ['colcon_meta']
[0.757s] Level 1:colcon.colcon_core.package_identification:_identify(src/build-test_tool-Desktop-Debug/ament_cmake_core) by extension 'colcon_meta'
[0.757s] Level 1:colcon.colcon_core.package_identification:_identify(src/build-test_tool-Desktop-Debug/ament_cmake_core) by extensions ['ros']
[0.758s] Level 1:colcon.colcon_core.package_identification:_identify(src/build-test_tool-Desktop-Debug/ament_cmake_core) by extension 'ros'
[0.758s] Level 1:colcon.colcon_core.package_identification:_identify(src/build-test_tool-Desktop-Debug/ament_cmake_core) by extensions ['cmake', 'python']
[0.758s] Level 1:colcon.colcon_core.package_identification:_identify(src/build-test_tool-Desktop-Debug/ament_cmake_core) by extension 'cmake'
[0.758s] Level 1:colcon.colcon_core.package_identification:_identify(src/build-test_tool-Desktop-Debug/ament_cmake_core) by extension 'python'
[0.758s] Level 1:colcon.colcon_core.package_identification:_identify(src/build-test_tool-Desktop-Debug/ament_cmake_core) by extensions ['python_setup_py']
[0.758s] Level 1:colcon.colcon_core.package_identification:_identify(src/build-test_tool-Desktop-Debug/ament_cmake_core) by extension 'python_setup_py'
[0.758s] Level 1:colcon.colcon_core.package_identification:_identify(src/build-test_tool-Desktop-Debug/ament_cmake_core/stamps) by extensions ['ignore', 'ignore_ament_install']
[0.759s] Level 1:colcon.colcon_core.package_identification:_identify(src/build-test_tool-Desktop-Debug/ament_cmake_core/stamps) by extension 'ignore'
[0.759s] Level 1:colcon.colcon_core.package_identification:_identify(src/build-test_tool-Desktop-Debug/ament_cmake_core/stamps) by extension 'ignore_ament_install'
[0.759s] Level 1:colcon.colcon_core.package_identification:_identify(src/build-test_tool-Desktop-Debug/ament_cmake_core/stamps) by extensions ['colcon_pkg']
[0.759s] Level 1:colcon.colcon_core.package_identification:_identify(src/build-test_tool-Desktop-Debug/ament_cmake_core/stamps) by extension 'colcon_pkg'
[0.759s] Level 1:colcon.colcon_core.package_identification:_identify(src/build-test_tool-Desktop-Debug/ament_cmake_core/stamps) by extensions ['colcon_meta']
[0.759s] Level 1:colcon.colcon_core.package_identification:_identify(src/build-test_tool-Desktop-Debug/ament_cmake_core/stamps) by extension 'colcon_meta'
[0.759s] Level 1:colcon.colcon_core.package_identification:_identify(src/build-test_tool-Desktop-Debug/ament_cmake_core/stamps) by extensions ['ros']
[0.759s] Level 1:colcon.colcon_core.package_identification:_identify(src/build-test_tool-Desktop-Debug/ament_cmake_core/stamps) by extension 'ros'
[0.760s] Level 1:colcon.colcon_core.package_identification:_identify(src/build-test_tool-Desktop-Debug/ament_cmake_core/stamps) by extensions ['cmake', 'python']
[0.760s] Level 1:colcon.colcon_core.package_identification:_identify(src/build-test_tool-Desktop-Debug/ament_cmake_core/stamps) by extension 'cmake'
[0.760s] Level 1:colcon.colcon_core.package_identification:_identify(src/build-test_tool-Desktop-Debug/ament_cmake_core/stamps) by extension 'python'
[0.760s] Level 1:colcon.colcon_core.package_identification:_identify(src/build-test_tool-Desktop-Debug/ament_cmake_core/stamps) by extensions ['python_setup_py']
[0.760s] Level 1:colcon.colcon_core.package_identification:_identify(src/build-test_tool-Desktop-Debug/ament_cmake_core/stamps) by extension 'python_setup_py'
[0.760s] Level 1:colcon.colcon_core.package_identification:_identify(src/build-test_tool-Desktop-Debug/ament_cmake_environment_hooks) by extensions ['ignore', 'ignore_ament_install']
[0.761s] Level 1:colcon.colcon_core.package_identification:_identify(src/build-test_tool-Desktop-Debug/ament_cmake_environment_hooks) by extension 'ignore'
[0.761s] Level 1:colcon.colcon_core.package_identification:_identify(src/build-test_tool-Desktop-Debug/ament_cmake_environment_hooks) by extension 'ignore_ament_install'
[0.761s] Level 1:colcon.colcon_core.package_identification:_identify(src/build-test_tool-Desktop-Debug/ament_cmake_environment_hooks) by extensions ['colcon_pkg']
[0.761s] Level 1:colcon.colcon_core.package_identification:_identify(src/build-test_tool-Desktop-Debug/ament_cmake_environment_hooks) by extension 'colcon_pkg'
[0.761s] Level 1:colcon.colcon_core.package_identification:_identify(src/build-test_tool-Desktop-Debug/ament_cmake_environment_hooks) by extensions ['colcon_meta']
[0.761s] Level 1:colcon.colcon_core.package_identification:_identify(src/build-test_tool-Desktop-Debug/ament_cmake_environment_hooks) by extension 'colcon_meta'
[0.761s] Level 1:colcon.colcon_core.package_identification:_identify(src/build-test_tool-Desktop-Debug/ament_cmake_environment_hooks) by extensions ['ros']
[0.761s] Level 1:colcon.colcon_core.package_identification:_identify(src/build-test_tool-Desktop-Debug/ament_cmake_environment_hooks) by extension 'ros'
[0.761s] Level 1:colcon.colcon_core.package_identification:_identify(src/build-test_tool-Desktop-Debug/ament_cmake_environment_hooks) by extensions ['cmake', 'python']
[0.761s] Level 1:colcon.colcon_core.package_identification:_identify(src/build-test_tool-Desktop-Debug/ament_cmake_environment_hooks) by extension 'cmake'
[0.761s] Level 1:colcon.colcon_core.package_identification:_identify(src/build-test_tool-Desktop-Debug/ament_cmake_environment_hooks) by extension 'python'
[0.761s] Level 1:colcon.colcon_core.package_identification:_identify(src/build-test_tool-Desktop-Debug/ament_cmake_environment_hooks) by extensions ['python_setup_py']
[0.761s] Level 1:colcon.colcon_core.package_identification:_identify(src/build-test_tool-Desktop-Debug/ament_cmake_environment_hooks) by extension 'python_setup_py'
[0.762s] Level 1:colcon.colcon_core.package_identification:_identify(src/build-test_tool-Desktop-Debug/ament_cmake_index) by extensions ['ignore', 'ignore_ament_install']
[0.762s] Level 1:colcon.colcon_core.package_identification:_identify(src/build-test_tool-Desktop-Debug/ament_cmake_index) by extension 'ignore'
[0.762s] Level 1:colcon.colcon_core.package_identification:_identify(src/build-test_tool-Desktop-Debug/ament_cmake_index) by extension 'ignore_ament_install'
[0.762s] Level 1:colcon.colcon_core.package_identification:_identify(src/build-test_tool-Desktop-Debug/ament_cmake_index) by extensions ['colcon_pkg']
[0.762s] Level 1:colcon.colcon_core.package_identification:_identify(src/build-test_tool-Desktop-Debug/ament_cmake_index) by extension 'colcon_pkg'
[0.762s] Level 1:colcon.colcon_core.package_identification:_identify(src/build-test_tool-Desktop-Debug/ament_cmake_index) by extensions ['colcon_meta']
[0.762s] Level 1:colcon.colcon_core.package_identification:_identify(src/build-test_tool-Desktop-Debug/ament_cmake_index) by extension 'colcon_meta'
[0.762s] Level 1:colcon.colcon_core.package_identification:_identify(src/build-test_tool-Desktop-Debug/ament_cmake_index) by extensions ['ros']
[0.762s] Level 1:colcon.colcon_core.package_identification:_identify(src/build-test_tool-Desktop-Debug/ament_cmake_index) by extension 'ros'
[0.762s] Level 1:colcon.colcon_core.package_identification:_identify(src/build-test_tool-Desktop-Debug/ament_cmake_index) by extensions ['cmake', 'python']
[0.763s] Level 1:colcon.colcon_core.package_identification:_identify(src/build-test_tool-Desktop-Debug/ament_cmake_index) by extension 'cmake'
[0.763s] Level 1:colcon.colcon_core.package_identification:_identify(src/build-test_tool-Desktop-Debug/ament_cmake_index) by extension 'python'
[0.763s] Level 1:colcon.colcon_core.package_identification:_identify(src/build-test_tool-Desktop-Debug/ament_cmake_index) by extensions ['python_setup_py']
[0.763s] Level 1:colcon.colcon_core.package_identification:_identify(src/build-test_tool-Desktop-Debug/ament_cmake_index) by extension 'python_setup_py'
[0.763s] Level 1:colcon.colcon_core.package_identification:_identify(src/build-test_tool-Desktop-Debug/ament_cmake_index/share) by extensions ['ignore', 'ignore_ament_install']
[0.763s] Level 1:colcon.colcon_core.package_identification:_identify(src/build-test_tool-Desktop-Debug/ament_cmake_index/share) by extension 'ignore'
[0.763s] Level 1:colcon.colcon_core.package_identification:_identify(src/build-test_tool-Desktop-Debug/ament_cmake_index/share) by extension 'ignore_ament_install'
[0.763s] Level 1:colcon.colcon_core.package_identification:_identify(src/build-test_tool-Desktop-Debug/ament_cmake_index/share) by extensions ['colcon_pkg']
[0.763s] Level 1:colcon.colcon_core.package_identification:_identify(src/build-test_tool-Desktop-Debug/ament_cmake_index/share) by extension 'colcon_pkg'
[0.763s] Level 1:colcon.colcon_core.package_identification:_identify(src/build-test_tool-Desktop-Debug/ament_cmake_index/share) by extensions ['colcon_meta']
[0.763s] Level 1:colcon.colcon_core.package_identification:_identify(src/build-test_tool-Desktop-Debug/ament_cmake_index/share) by extension 'colcon_meta'
[0.763s] Level 1:colcon.colcon_core.package_identification:_identify(src/build-test_tool-Desktop-Debug/ament_cmake_index/share) by extensions ['ros']
[0.764s] Level 1:colcon.colcon_core.package_identification:_identify(src/build-test_tool-Desktop-Debug/ament_cmake_index/share) by extension 'ros'
[0.764s] Level 1:colcon.colcon_core.package_identification:_identify(src/build-test_tool-Desktop-Debug/ament_cmake_index/share) by extensions ['cmake', 'python']
[0.764s] Level 1:colcon.colcon_core.package_identification:_identify(src/build-test_tool-Desktop-Debug/ament_cmake_index/share) by extension 'cmake'
[0.764s] Level 1:colcon.colcon_core.package_identification:_identify(src/build-test_tool-Desktop-Debug/ament_cmake_index/share) by extension 'python'
[0.764s] Level 1:colcon.colcon_core.package_identification:_identify(src/build-test_tool-Desktop-Debug/ament_cmake_index/share) by extensions ['python_setup_py']
[0.764s] Level 1:colcon.colcon_core.package_identification:_identify(src/build-test_tool-Desktop-Debug/ament_cmake_index/share) by extension 'python_setup_py'
[0.764s] Level 1:colcon.colcon_core.package_identification:_identify(src/build-test_tool-Desktop-Debug/ament_cmake_index/share/ament_index) by extensions ['ignore', 'ignore_ament_install']
[0.764s] Level 1:colcon.colcon_core.package_identification:_identify(src/build-test_tool-Desktop-Debug/ament_cmake_index/share/ament_index) by extension 'ignore'
[0.764s] Level 1:colcon.colcon_core.package_identification:_identify(src/build-test_tool-Desktop-Debug/ament_cmake_index/share/ament_index) by extension 'ignore_ament_install'
[0.764s] Level 1:colcon.colcon_core.package_identification:_identify(src/build-test_tool-Desktop-Debug/ament_cmake_index/share/ament_index) by extensions ['colcon_pkg']
[0.764s] Level 1:colcon.colcon_core.package_identification:_identify(src/build-test_tool-Desktop-Debug/ament_cmake_index/share/ament_index) by extension 'colcon_pkg'
[0.764s] Level 1:colcon.colcon_core.package_identification:_identify(src/build-test_tool-Desktop-Debug/ament_cmake_index/share/ament_index) by extensions ['colcon_meta']
[0.764s] Level 1:colcon.colcon_core.package_identification:_identify(src/build-test_tool-Desktop-Debug/ament_cmake_index/share/ament_index) by extension 'colcon_meta'
[0.765s] Level 1:colcon.colcon_core.package_identification:_identify(src/build-test_tool-Desktop-Debug/ament_cmake_index/share/ament_index) by extensions ['ros']
[0.765s] Level 1:colcon.colcon_core.package_identification:_identify(src/build-test_tool-Desktop-Debug/ament_cmake_index/share/ament_index) by extension 'ros'
[0.765s] Level 1:colcon.colcon_core.package_identification:_identify(src/build-test_tool-Desktop-Debug/ament_cmake_index/share/ament_index) by extensions ['cmake', 'python']
[0.765s] Level 1:colcon.colcon_core.package_identification:_identify(src/build-test_tool-Desktop-Debug/ament_cmake_index/share/ament_index) by extension 'cmake'
[0.765s] Level 1:colcon.colcon_core.package_identification:_identify(src/build-test_tool-Desktop-Debug/ament_cmake_index/share/ament_index) by extension 'python'
[0.765s] Level 1:colcon.colcon_core.package_identification:_identify(src/build-test_tool-Desktop-Debug/ament_cmake_index/share/ament_index) by extensions ['python_setup_py']
[0.765s] Level 1:colcon.colcon_core.package_identification:_identify(src/build-test_tool-Desktop-Debug/ament_cmake_index/share/ament_index) by extension 'python_setup_py'
[0.765s] Level 1:colcon.colcon_core.package_identification:_identify(src/build-test_tool-Desktop-Debug/ament_cmake_index/share/ament_index/resource_index) by extensions ['ignore', 'ignore_ament_install']
[0.765s] Level 1:colcon.colcon_core.package_identification:_identify(src/build-test_tool-Desktop-Debug/ament_cmake_index/share/ament_index/resource_index) by extension 'ignore'
[0.765s] Level 1:colcon.colcon_core.package_identification:_identify(src/build-test_tool-Desktop-Debug/ament_cmake_index/share/ament_index/resource_index) by extension 'ignore_ament_install'
[0.765s] Level 1:colcon.colcon_core.package_identification:_identify(src/build-test_tool-Desktop-Debug/ament_cmake_index/share/ament_index/resource_index) by extensions ['colcon_pkg']
[0.766s] Level 1:colcon.colcon_core.package_identification:_identify(src/build-test_tool-Desktop-Debug/ament_cmake_index/share/ament_index/resource_index) by extension 'colcon_pkg'
[0.766s] Level 1:colcon.colcon_core.package_identification:_identify(src/build-test_tool-Desktop-Debug/ament_cmake_index/share/ament_index/resource_index) by extensions ['colcon_meta']
[0.766s] Level 1:colcon.colcon_core.package_identification:_identify(src/build-test_tool-Desktop-Debug/ament_cmake_index/share/ament_index/resource_index) by extension 'colcon_meta'
[0.766s] Level 1:colcon.colcon_core.package_identification:_identify(src/build-test_tool-Desktop-Debug/ament_cmake_index/share/ament_index/resource_index) by extensions ['ros']
[0.766s] Level 1:colcon.colcon_core.package_identification:_identify(src/build-test_tool-Desktop-Debug/ament_cmake_index/share/ament_index/resource_index) by extension 'ros'
[0.766s] Level 1:colcon.colcon_core.package_identification:_identify(src/build-test_tool-Desktop-Debug/ament_cmake_index/share/ament_index/resource_index) by extensions ['cmake', 'python']
[0.766s] Level 1:colcon.colcon_core.package_identification:_identify(src/build-test_tool-Desktop-Debug/ament_cmake_index/share/ament_index/resource_index) by extension 'cmake'
[0.766s] Level 1:colcon.colcon_core.package_identification:_identify(src/build-test_tool-Desktop-Debug/ament_cmake_index/share/ament_index/resource_index) by extension 'python'
[0.766s] Level 1:colcon.colcon_core.package_identification:_identify(src/build-test_tool-Desktop-Debug/ament_cmake_index/share/ament_index/resource_index) by extensions ['python_setup_py']
[0.766s] Level 1:colcon.colcon_core.package_identification:_identify(src/build-test_tool-Desktop-Debug/ament_cmake_index/share/ament_index/resource_index) by extension 'python_setup_py'
[0.766s] Level 1:colcon.colcon_core.package_identification:_identify(src/build-test_tool-Desktop-Debug/ament_cmake_index/share/ament_index/resource_index/package_run_dependencies) by extensions ['ignore', 'ignore_ament_install']
[0.767s] Level 1:colcon.colcon_core.package_identification:_identify(src/build-test_tool-Desktop-Debug/ament_cmake_index/share/ament_index/resource_index/package_run_dependencies) by extension 'ignore'
[0.767s] Level 1:colcon.colcon_core.package_identification:_identify(src/build-test_tool-Desktop-Debug/ament_cmake_index/share/ament_index/resource_index/package_run_dependencies) by extension 'ignore_ament_install'
[0.767s] Level 1:colcon.colcon_core.package_identification:_identify(src/build-test_tool-Desktop-Debug/ament_cmake_index/share/ament_index/resource_index/package_run_dependencies) by extensions ['colcon_pkg']
[0.767s] Level 1:colcon.colcon_core.package_identification:_identify(src/build-test_tool-Desktop-Debug/ament_cmake_index/share/ament_index/resource_index/package_run_dependencies) by extension 'colcon_pkg'
[0.767s] Level 1:colcon.colcon_core.package_identification:_identify(src/build-test_tool-Desktop-Debug/ament_cmake_index/share/ament_index/resource_index/package_run_dependencies) by extensions ['colcon_meta']
[0.767s] Level 1:colcon.colcon_core.package_identification:_identify(src/build-test_tool-Desktop-Debug/ament_cmake_index/share/ament_index/resource_index/package_run_dependencies) by extension 'colcon_meta'
[0.767s] Level 1:colcon.colcon_core.package_identification:_identify(src/build-test_tool-Desktop-Debug/ament_cmake_index/share/ament_index/resource_index/package_run_dependencies) by extensions ['ros']
[0.767s] Level 1:colcon.colcon_core.package_identification:_identify(src/build-test_tool-Desktop-Debug/ament_cmake_index/share/ament_index/resource_index/package_run_dependencies) by extension 'ros'
[0.767s] Level 1:colcon.colcon_core.package_identification:_identify(src/build-test_tool-Desktop-Debug/ament_cmake_index/share/ament_index/resource_index/package_run_dependencies) by extensions ['cmake', 'python']
[0.767s] Level 1:colcon.colcon_core.package_identification:_identify(src/build-test_tool-Desktop-Debug/ament_cmake_index/share/ament_index/resource_index/package_run_dependencies) by extension 'cmake'
[0.767s] Level 1:colcon.colcon_core.package_identification:_identify(src/build-test_tool-Desktop-Debug/ament_cmake_index/share/ament_index/resource_index/package_run_dependencies) by extension 'python'
[0.767s] Level 1:colcon.colcon_core.package_identification:_identify(src/build-test_tool-Desktop-Debug/ament_cmake_index/share/ament_index/resource_index/package_run_dependencies) by extensions ['python_setup_py']
[0.768s] Level 1:colcon.colcon_core.package_identification:_identify(src/build-test_tool-Desktop-Debug/ament_cmake_index/share/ament_index/resource_index/package_run_dependencies) by extension 'python_setup_py'
[0.768s] Level 1:colcon.colcon_core.package_identification:_identify(src/build-test_tool-Desktop-Debug/ament_cmake_index/share/ament_index/resource_index/packages) by extensions ['ignore', 'ignore_ament_install']
[0.768s] Level 1:colcon.colcon_core.package_identification:_identify(src/build-test_tool-Desktop-Debug/ament_cmake_index/share/ament_index/resource_index/packages) by extension 'ignore'
[0.768s] Level 1:colcon.colcon_core.package_identification:_identify(src/build-test_tool-Desktop-Debug/ament_cmake_index/share/ament_index/resource_index/packages) by extension 'ignore_ament_install'
[0.768s] Level 1:colcon.colcon_core.package_identification:_identify(src/build-test_tool-Desktop-Debug/ament_cmake_index/share/ament_index/resource_index/packages) by extensions ['colcon_pkg']
[0.768s] Level 1:colcon.colcon_core.package_identification:_identify(src/build-test_tool-Desktop-Debug/ament_cmake_index/share/ament_index/resource_index/packages) by extension 'colcon_pkg'
[0.769s] Level 1:colcon.colcon_core.package_identification:_identify(src/build-test_tool-Desktop-Debug/ament_cmake_index/share/ament_index/resource_index/packages) by extensions ['colcon_meta']
[0.769s] Level 1:colcon.colcon_core.package_identification:_identify(src/build-test_tool-Desktop-Debug/ament_cmake_index/share/ament_index/resource_index/packages) by extension 'colcon_meta'
[0.769s] Level 1:colcon.colcon_core.package_identification:_identify(src/build-test_tool-Desktop-Debug/ament_cmake_index/share/ament_index/resource_index/packages) by extensions ['ros']
[0.769s] Level 1:colcon.colcon_core.package_identification:_identify(src/build-test_tool-Desktop-Debug/ament_cmake_index/share/ament_index/resource_index/packages) by extension 'ros'
[0.769s] Level 1:colcon.colcon_core.package_identification:_identify(src/build-test_tool-Desktop-Debug/ament_cmake_index/share/ament_index/resource_index/packages) by extensions ['cmake', 'python']
[0.769s] Level 1:colcon.colcon_core.package_identification:_identify(src/build-test_tool-Desktop-Debug/ament_cmake_index/share/ament_index/resource_index/packages) by extension 'cmake'
[0.769s] Level 1:colcon.colcon_core.package_identification:_identify(src/build-test_tool-Desktop-Debug/ament_cmake_index/share/ament_index/resource_index/packages) by extension 'python'
[0.769s] Level 1:colcon.colcon_core.package_identification:_identify(src/build-test_tool-Desktop-Debug/ament_cmake_index/share/ament_index/resource_index/packages) by extensions ['python_setup_py']
[0.769s] Level 1:colcon.colcon_core.package_identification:_identify(src/build-test_tool-Desktop-Debug/ament_cmake_index/share/ament_index/resource_index/packages) by extension 'python_setup_py'
[0.769s] Level 1:colcon.colcon_core.package_identification:_identify(src/build-test_tool-Desktop-Debug/ament_cmake_index/share/ament_index/resource_index/parent_prefix_path) by extensions ['ignore', 'ignore_ament_install']
[0.770s] Level 1:colcon.colcon_core.package_identification:_identify(src/build-test_tool-Desktop-Debug/ament_cmake_index/share/ament_index/resource_index/parent_prefix_path) by extension 'ignore'
[0.770s] Level 1:colcon.colcon_core.package_identification:_identify(src/build-test_tool-Desktop-Debug/ament_cmake_index/share/ament_index/resource_index/parent_prefix_path) by extension 'ignore_ament_install'
[0.770s] Level 1:colcon.colcon_core.package_identification:_identify(src/build-test_tool-Desktop-Debug/ament_cmake_index/share/ament_index/resource_index/parent_prefix_path) by extensions ['colcon_pkg']
[0.770s] Level 1:colcon.colcon_core.package_identification:_identify(src/build-test_tool-Desktop-Debug/ament_cmake_index/share/ament_index/resource_index/parent_prefix_path) by extension 'colcon_pkg'
[0.770s] Level 1:colcon.colcon_core.package_identification:_identify(src/build-test_tool-Desktop-Debug/ament_cmake_index/share/ament_index/resource_index/parent_prefix_path) by extensions ['colcon_meta']
[0.770s] Level 1:colcon.colcon_core.package_identification:_identify(src/build-test_tool-Desktop-Debug/ament_cmake_index/share/ament_index/resource_index/parent_prefix_path) by extension 'colcon_meta'
[0.770s] Level 1:colcon.colcon_core.package_identification:_identify(src/build-test_tool-Desktop-Debug/ament_cmake_index/share/ament_index/resource_index/parent_prefix_path) by extensions ['ros']
[0.770s] Level 1:colcon.colcon_core.package_identification:_identify(src/build-test_tool-Desktop-Debug/ament_cmake_index/share/ament_index/resource_index/parent_prefix_path) by extension 'ros'
[0.770s] Level 1:colcon.colcon_core.package_identification:_identify(src/build-test_tool-Desktop-Debug/ament_cmake_index/share/ament_index/resource_index/parent_prefix_path) by extensions ['cmake', 'python']
[0.770s] Level 1:colcon.colcon_core.package_identification:_identify(src/build-test_tool-Desktop-Debug/ament_cmake_index/share/ament_index/resource_index/parent_prefix_path) by extension 'cmake'
[0.770s] Level 1:colcon.colcon_core.package_identification:_identify(src/build-test_tool-Desktop-Debug/ament_cmake_index/share/ament_index/resource_index/parent_prefix_path) by extension 'python'
[0.770s] Level 1:colcon.colcon_core.package_identification:_identify(src/build-test_tool-Desktop-Debug/ament_cmake_index/share/ament_index/resource_index/parent_prefix_path) by extensions ['python_setup_py']
[0.771s] Level 1:colcon.colcon_core.package_identification:_identify(src/build-test_tool-Desktop-Debug/ament_cmake_index/share/ament_index/resource_index/parent_prefix_path) by extension 'python_setup_py'
[0.771s] Level 1:colcon.colcon_core.package_identification:_identify(src/build-test_tool-Desktop-Debug/ament_cmake_package_templates) by extensions ['ignore', 'ignore_ament_install']
[0.771s] Level 1:colcon.colcon_core.package_identification:_identify(src/build-test_tool-Desktop-Debug/ament_cmake_package_templates) by extension 'ignore'
[0.771s] Level 1:colcon.colcon_core.package_identification:_identify(src/build-test_tool-Desktop-Debug/ament_cmake_package_templates) by extension 'ignore_ament_install'
[0.771s] Level 1:colcon.colcon_core.package_identification:_identify(src/build-test_tool-Desktop-Debug/ament_cmake_package_templates) by extensions ['colcon_pkg']
[0.771s] Level 1:colcon.colcon_core.package_identification:_identify(src/build-test_tool-Desktop-Debug/ament_cmake_package_templates) by extension 'colcon_pkg'
[0.771s] Level 1:colcon.colcon_core.package_identification:_identify(src/build-test_tool-Desktop-Debug/ament_cmake_package_templates) by extensions ['colcon_meta']
[0.771s] Level 1:colcon.colcon_core.package_identification:_identify(src/build-test_tool-Desktop-Debug/ament_cmake_package_templates) by extension 'colcon_meta'
[0.771s] Level 1:colcon.colcon_core.package_identification:_identify(src/build-test_tool-Desktop-Debug/ament_cmake_package_templates) by extensions ['ros']
[0.771s] Level 1:colcon.colcon_core.package_identification:_identify(src/build-test_tool-Desktop-Debug/ament_cmake_package_templates) by extension 'ros'
[0.772s] Level 1:colcon.colcon_core.package_identification:_identify(src/build-test_tool-Desktop-Debug/ament_cmake_package_templates) by extensions ['cmake', 'python']
[0.772s] Level 1:colcon.colcon_core.package_identification:_identify(src/build-test_tool-Desktop-Debug/ament_cmake_package_templates) by extension 'cmake'
[0.772s] Level 1:colcon.colcon_core.package_identification:_identify(src/build-test_tool-Desktop-Debug/ament_cmake_package_templates) by extension 'python'
[0.772s] Level 1:colcon.colcon_core.package_identification:_identify(src/build-test_tool-Desktop-Debug/ament_cmake_package_templates) by extensions ['python_setup_py']
[0.772s] Level 1:colcon.colcon_core.package_identification:_identify(src/build-test_tool-Desktop-Debug/ament_cmake_package_templates) by extension 'python_setup_py'
[0.772s] Level 1:colcon.colcon_core.package_identification:_identify(src/build-test_tool-Desktop-Debug/ament_cmake_uninstall_target) by extensions ['ignore', 'ignore_ament_install']
[0.772s] Level 1:colcon.colcon_core.package_identification:_identify(src/build-test_tool-Desktop-Debug/ament_cmake_uninstall_target) by extension 'ignore'
[0.772s] Level 1:colcon.colcon_core.package_identification:_identify(src/build-test_tool-Desktop-Debug/ament_cmake_uninstall_target) by extension 'ignore_ament_install'
[0.772s] Level 1:colcon.colcon_core.package_identification:_identify(src/build-test_tool-Desktop-Debug/ament_cmake_uninstall_target) by extensions ['colcon_pkg']
[0.772s] Level 1:colcon.colcon_core.package_identification:_identify(src/build-test_tool-Desktop-Debug/ament_cmake_uninstall_target) by extension 'colcon_pkg'
[0.772s] Level 1:colcon.colcon_core.package_identification:_identify(src/build-test_tool-Desktop-Debug/ament_cmake_uninstall_target) by extensions ['colcon_meta']
[0.773s] Level 1:colcon.colcon_core.package_identification:_identify(src/build-test_tool-Desktop-Debug/ament_cmake_uninstall_target) by extension 'colcon_meta'
[0.773s] Level 1:colcon.colcon_core.package_identification:_identify(src/build-test_tool-Desktop-Debug/ament_cmake_uninstall_target) by extensions ['ros']
[0.773s] Level 1:colcon.colcon_core.package_identification:_identify(src/build-test_tool-Desktop-Debug/ament_cmake_uninstall_target) by extension 'ros'
[0.773s] Level 1:colcon.colcon_core.package_identification:_identify(src/build-test_tool-Desktop-Debug/ament_cmake_uninstall_target) by extensions ['cmake', 'python']
[0.773s] Level 1:colcon.colcon_core.package_identification:_identify(src/build-test_tool-Desktop-Debug/ament_cmake_uninstall_target) by extension 'cmake'
[0.773s] Level 1:colcon.colcon_core.package_identification:_identify(src/build-test_tool-Desktop-Debug/ament_cmake_uninstall_target) by extension 'python'
[0.773s] Level 1:colcon.colcon_core.package_identification:_identify(src/build-test_tool-Desktop-Debug/ament_cmake_uninstall_target) by extensions ['python_setup_py']
[0.773s] Level 1:colcon.colcon_core.package_identification:_identify(src/build-test_tool-Desktop-Debug/ament_cmake_uninstall_target) by extension 'python_setup_py'
[0.774s] Level 1:colcon.colcon_core.package_identification:_identify(src/build-test_tool-Desktop-Debug/ament_cppcheck) by extensions ['ignore', 'ignore_ament_install']
[0.774s] Level 1:colcon.colcon_core.package_identification:_identify(src/build-test_tool-Desktop-Debug/ament_cppcheck) by extension 'ignore'
[0.774s] Level 1:colcon.colcon_core.package_identification:_identify(src/build-test_tool-Desktop-Debug/ament_cppcheck) by extension 'ignore_ament_install'
[0.774s] Level 1:colcon.colcon_core.package_identification:_identify(src/build-test_tool-Desktop-Debug/ament_cppcheck) by extensions ['colcon_pkg']
[0.774s] Level 1:colcon.colcon_core.package_identification:_identify(src/build-test_tool-Desktop-Debug/ament_cppcheck) by extension 'colcon_pkg'
[0.775s] Level 1:colcon.colcon_core.package_identification:_identify(src/build-test_tool-Desktop-Debug/ament_cppcheck) by extensions ['colcon_meta']
[0.775s] Level 1:colcon.colcon_core.package_identification:_identify(src/build-test_tool-Desktop-Debug/ament_cppcheck) by extension 'colcon_meta'
[0.775s] Level 1:colcon.colcon_core.package_identification:_identify(src/build-test_tool-Desktop-Debug/ament_cppcheck) by extensions ['ros']
[0.775s] Level 1:colcon.colcon_core.package_identification:_identify(src/build-test_tool-Desktop-Debug/ament_cppcheck) by extension 'ros'
[0.775s] Level 1:colcon.colcon_core.package_identification:_identify(src/build-test_tool-Desktop-Debug/ament_cppcheck) by extensions ['cmake', 'python']
[0.775s] Level 1:colcon.colcon_core.package_identification:_identify(src/build-test_tool-Desktop-Debug/ament_cppcheck) by extension 'cmake'
[0.775s] Level 1:colcon.colcon_core.package_identification:_identify(src/build-test_tool-Desktop-Debug/ament_cppcheck) by extension 'python'
[0.776s] Level 1:colcon.colcon_core.package_identification:_identify(src/build-test_tool-Desktop-Debug/ament_cppcheck) by extensions ['python_setup_py']
[0.776s] Level 1:colcon.colcon_core.package_identification:_identify(src/build-test_tool-Desktop-Debug/ament_cppcheck) by extension 'python_setup_py'
[0.776s] Level 1:colcon.colcon_core.package_identification:_identify(src/build-test_tool-Desktop-Debug/ament_flake8) by extensions ['ignore', 'ignore_ament_install']
[0.776s] Level 1:colcon.colcon_core.package_identification:_identify(src/build-test_tool-Desktop-Debug/ament_flake8) by extension 'ignore'
[0.776s] Level 1:colcon.colcon_core.package_identification:_identify(src/build-test_tool-Desktop-Debug/ament_flake8) by extension 'ignore_ament_install'
[0.777s] Level 1:colcon.colcon_core.package_identification:_identify(src/build-test_tool-Desktop-Debug/ament_flake8) by extensions ['colcon_pkg']
[0.777s] Level 1:colcon.colcon_core.package_identification:_identify(src/build-test_tool-Desktop-Debug/ament_flake8) by extension 'colcon_pkg'
[0.777s] Level 1:colcon.colcon_core.package_identification:_identify(src/build-test_tool-Desktop-Debug/ament_flake8) by extensions ['colcon_meta']
[0.777s] Level 1:colcon.colcon_core.package_identification:_identify(src/build-test_tool-Desktop-Debug/ament_flake8) by extension 'colcon_meta'
[0.777s] Level 1:colcon.colcon_core.package_identification:_identify(src/build-test_tool-Desktop-Debug/ament_flake8) by extensions ['ros']
[0.777s] Level 1:colcon.colcon_core.package_identification:_identify(src/build-test_tool-Desktop-Debug/ament_flake8) by extension 'ros'
[0.777s] Level 1:colcon.colcon_core.package_identification:_identify(src/build-test_tool-Desktop-Debug/ament_flake8) by extensions ['cmake', 'python']
[0.777s] Level 1:colcon.colcon_core.package_identification:_identify(src/build-test_tool-Desktop-Debug/ament_flake8) by extension 'cmake'
[0.778s] Level 1:colcon.colcon_core.package_identification:_identify(src/build-test_tool-Desktop-Debug/ament_flake8) by extension 'python'
[0.778s] Level 1:colcon.colcon_core.package_identification:_identify(src/build-test_tool-Desktop-Debug/ament_flake8) by extensions ['python_setup_py']
[0.778s] Level 1:colcon.colcon_core.package_identification:_identify(src/build-test_tool-Desktop-Debug/ament_flake8) by extension 'python_setup_py'
[0.778s] Level 1:colcon.colcon_core.package_identification:_identify(src/build-test_tool-Desktop-Debug/ament_lint_cmake) by extensions ['ignore', 'ignore_ament_install']
[0.778s] Level 1:colcon.colcon_core.package_identification:_identify(src/build-test_tool-Desktop-Debug/ament_lint_cmake) by extension 'ignore'
[0.779s] Level 1:colcon.colcon_core.package_identification:_identify(src/build-test_tool-Desktop-Debug/ament_lint_cmake) by extension 'ignore_ament_install'
[0.779s] Level 1:colcon.colcon_core.package_identification:_identify(src/build-test_tool-Desktop-Debug/ament_lint_cmake) by extensions ['colcon_pkg']
[0.779s] Level 1:colcon.colcon_core.package_identification:_identify(src/build-test_tool-Desktop-Debug/ament_lint_cmake) by extension 'colcon_pkg'
[0.779s] Level 1:colcon.colcon_core.package_identification:_identify(src/build-test_tool-Desktop-Debug/ament_lint_cmake) by extensions ['colcon_meta']
[0.779s] Level 1:colcon.colcon_core.package_identification:_identify(src/build-test_tool-Desktop-Debug/ament_lint_cmake) by extension 'colcon_meta'
[0.779s] Level 1:colcon.colcon_core.package_identification:_identify(src/build-test_tool-Desktop-Debug/ament_lint_cmake) by extensions ['ros']
[0.779s] Level 1:colcon.colcon_core.package_identification:_identify(src/build-test_tool-Desktop-Debug/ament_lint_cmake) by extension 'ros'
[0.780s] Level 1:colcon.colcon_core.package_identification:_identify(src/build-test_tool-Desktop-Debug/ament_lint_cmake) by extensions ['cmake', 'python']
[0.780s] Level 1:colcon.colcon_core.package_identification:_identify(src/build-test_tool-Desktop-Debug/ament_lint_cmake) by extension 'cmake'
[0.780s] Level 1:colcon.colcon_core.package_identification:_identify(src/build-test_tool-Desktop-Debug/ament_lint_cmake) by extension 'python'
[0.780s] Level 1:colcon.colcon_core.package_identification:_identify(src/build-test_tool-Desktop-Debug/ament_lint_cmake) by extensions ['python_setup_py']
[0.780s] Level 1:colcon.colcon_core.package_identification:_identify(src/build-test_tool-Desktop-Debug/ament_lint_cmake) by extension 'python_setup_py'
[0.780s] Level 1:colcon.colcon_core.package_identification:_identify(src/build-test_tool-Desktop-Debug/ament_pep257) by extensions ['ignore', 'ignore_ament_install']
[0.781s] Level 1:colcon.colcon_core.package_identification:_identify(src/build-test_tool-Desktop-Debug/ament_pep257) by extension 'ignore'
[0.781s] Level 1:colcon.colcon_core.package_identification:_identify(src/build-test_tool-Desktop-Debug/ament_pep257) by extension 'ignore_ament_install'
[0.781s] Level 1:colcon.colcon_core.package_identification:_identify(src/build-test_tool-Desktop-Debug/ament_pep257) by extensions ['colcon_pkg']
[0.781s] Level 1:colcon.colcon_core.package_identification:_identify(src/build-test_tool-Desktop-Debug/ament_pep257) by extension 'colcon_pkg'
[0.781s] Level 1:colcon.colcon_core.package_identification:_identify(src/build-test_tool-Desktop-Debug/ament_pep257) by extensions ['colcon_meta']
[0.781s] Level 1:colcon.colcon_core.package_identification:_identify(src/build-test_tool-Desktop-Debug/ament_pep257) by extension 'colcon_meta'
[0.782s] Level 1:colcon.colcon_core.package_identification:_identify(src/build-test_tool-Desktop-Debug/ament_pep257) by extensions ['ros']
[0.782s] Level 1:colcon.colcon_core.package_identification:_identify(src/build-test_tool-Desktop-Debug/ament_pep257) by extension 'ros'
[0.782s] Level 1:colcon.colcon_core.package_identification:_identify(src/build-test_tool-Desktop-Debug/ament_pep257) by extensions ['cmake', 'python']
[0.782s] Level 1:colcon.colcon_core.package_identification:_identify(src/build-test_tool-Desktop-Debug/ament_pep257) by extension 'cmake'
[0.782s] Level 1:colcon.colcon_core.package_identification:_identify(src/build-test_tool-Desktop-Debug/ament_pep257) by extension 'python'
[0.782s] Level 1:colcon.colcon_core.package_identification:_identify(src/build-test_tool-Desktop-Debug/ament_pep257) by extensions ['python_setup_py']
[0.782s] Level 1:colcon.colcon_core.package_identification:_identify(src/build-test_tool-Desktop-Debug/ament_pep257) by extension 'python_setup_py'
[0.783s] Level 1:colcon.colcon_core.package_identification:_identify(src/build-test_tool-Desktop-Debug/ament_uncrustify) by extensions ['ignore', 'ignore_ament_install']
[0.783s] Level 1:colcon.colcon_core.package_identification:_identify(src/build-test_tool-Desktop-Debug/ament_uncrustify) by extension 'ignore'
[0.783s] Level 1:colcon.colcon_core.package_identification:_identify(src/build-test_tool-Desktop-Debug/ament_uncrustify) by extension 'ignore_ament_install'
[0.783s] Level 1:colcon.colcon_core.package_identification:_identify(src/build-test_tool-Desktop-Debug/ament_uncrustify) by extensions ['colcon_pkg']
[0.784s] Level 1:colcon.colcon_core.package_identification:_identify(src/build-test_tool-Desktop-Debug/ament_uncrustify) by extension 'colcon_pkg'
[0.784s] Level 1:colcon.colcon_core.package_identification:_identify(src/build-test_tool-Desktop-Debug/ament_uncrustify) by extensions ['colcon_meta']
[0.784s] Level 1:colcon.colcon_core.package_identification:_identify(src/build-test_tool-Desktop-Debug/ament_uncrustify) by extension 'colcon_meta'
[0.784s] Level 1:colcon.colcon_core.package_identification:_identify(src/build-test_tool-Desktop-Debug/ament_uncrustify) by extensions ['ros']
[0.784s] Level 1:colcon.colcon_core.package_identification:_identify(src/build-test_tool-Desktop-Debug/ament_uncrustify) by extension 'ros'
[0.784s] Level 1:colcon.colcon_core.package_identification:_identify(src/build-test_tool-Desktop-Debug/ament_uncrustify) by extensions ['cmake', 'python']
[0.784s] Level 1:colcon.colcon_core.package_identification:_identify(src/build-test_tool-Desktop-Debug/ament_uncrustify) by extension 'cmake'
[0.785s] Level 1:colcon.colcon_core.package_identification:_identify(src/build-test_tool-Desktop-Debug/ament_uncrustify) by extension 'python'
[0.785s] Level 1:colcon.colcon_core.package_identification:_identify(src/build-test_tool-Desktop-Debug/ament_uncrustify) by extensions ['python_setup_py']
[0.785s] Level 1:colcon.colcon_core.package_identification:_identify(src/build-test_tool-Desktop-Debug/ament_uncrustify) by extension 'python_setup_py'
[0.785s] Level 1:colcon.colcon_core.package_identification:_identify(src/build-test_tool-Desktop-Debug/ament_xmllint) by extensions ['ignore', 'ignore_ament_install']
[0.785s] Level 1:colcon.colcon_core.package_identification:_identify(src/build-test_tool-Desktop-Debug/ament_xmllint) by extension 'ignore'
[0.786s] Level 1:colcon.colcon_core.package_identification:_identify(src/build-test_tool-Desktop-Debug/ament_xmllint) by extension 'ignore_ament_install'
[0.786s] Level 1:colcon.colcon_core.package_identification:_identify(src/build-test_tool-Desktop-Debug/ament_xmllint) by extensions ['colcon_pkg']
[0.786s] Level 1:colcon.colcon_core.package_identification:_identify(src/build-test_tool-Desktop-Debug/ament_xmllint) by extension 'colcon_pkg'
[0.786s] Level 1:colcon.colcon_core.package_identification:_identify(src/build-test_tool-Desktop-Debug/ament_xmllint) by extensions ['colcon_meta']
[0.786s] Level 1:colcon.colcon_core.package_identification:_identify(src/build-test_tool-Desktop-Debug/ament_xmllint) by extension 'colcon_meta'
[0.786s] Level 1:colcon.colcon_core.package_identification:_identify(src/build-test_tool-Desktop-Debug/ament_xmllint) by extensions ['ros']
[0.786s] Level 1:colcon.colcon_core.package_identification:_identify(src/build-test_tool-Desktop-Debug/ament_xmllint) by extension 'ros'
[0.787s] Level 1:colcon.colcon_core.package_identification:_identify(src/build-test_tool-Desktop-Debug/ament_xmllint) by extensions ['cmake', 'python']
[0.787s] Level 1:colcon.colcon_core.package_identification:_identify(src/build-test_tool-Desktop-Debug/ament_xmllint) by extension 'cmake'
[0.787s] Level 1:colcon.colcon_core.package_identification:_identify(src/build-test_tool-Desktop-Debug/ament_xmllint) by extension 'python'
[0.787s] Level 1:colcon.colcon_core.package_identification:_identify(src/build-test_tool-Desktop-Debug/ament_xmllint) by extensions ['python_setup_py']
[0.787s] Level 1:colcon.colcon_core.package_identification:_identify(src/build-test_tool-Desktop-Debug/ament_xmllint) by extension 'python_setup_py'
[0.787s] Level 1:colcon.colcon_core.package_identification:_identify(src/build-test_tool-Desktop-Debug/dummy_test_1_autogen) by extensions ['ignore', 'ignore_ament_install']
[0.788s] Level 1:colcon.colcon_core.package_identification:_identify(src/build-test_tool-Desktop-Debug/dummy_test_1_autogen) by extension 'ignore'
[0.788s] Level 1:colcon.colcon_core.package_identification:_identify(src/build-test_tool-Desktop-Debug/dummy_test_1_autogen) by extension 'ignore_ament_install'
[0.788s] Level 1:colcon.colcon_core.package_identification:_identify(src/build-test_tool-Desktop-Debug/dummy_test_1_autogen) by extensions ['colcon_pkg']
[0.788s] Level 1:colcon.colcon_core.package_identification:_identify(src/build-test_tool-Desktop-Debug/dummy_test_1_autogen) by extension 'colcon_pkg'
[0.788s] Level 1:colcon.colcon_core.package_identification:_identify(src/build-test_tool-Desktop-Debug/dummy_test_1_autogen) by extensions ['colcon_meta']
[0.788s] Level 1:colcon.colcon_core.package_identification:_identify(src/build-test_tool-Desktop-Debug/dummy_test_1_autogen) by extension 'colcon_meta'
[0.789s] Level 1:colcon.colcon_core.package_identification:_identify(src/build-test_tool-Desktop-Debug/dummy_test_1_autogen) by extensions ['ros']
[0.789s] Level 1:colcon.colcon_core.package_identification:_identify(src/build-test_tool-Desktop-Debug/dummy_test_1_autogen) by extension 'ros'
[0.789s] Level 1:colcon.colcon_core.package_identification:_identify(src/build-test_tool-Desktop-Debug/dummy_test_1_autogen) by extensions ['cmake', 'python']
[0.789s] Level 1:colcon.colcon_core.package_identification:_identify(src/build-test_tool-Desktop-Debug/dummy_test_1_autogen) by extension 'cmake'
[0.789s] Level 1:colcon.colcon_core.package_identification:_identify(src/build-test_tool-Desktop-Debug/dummy_test_1_autogen) by extension 'python'
[0.789s] Level 1:colcon.colcon_core.package_identification:_identify(src/build-test_tool-Desktop-Debug/dummy_test_1_autogen) by extensions ['python_setup_py']
[0.790s] Level 1:colcon.colcon_core.package_identification:_identify(src/build-test_tool-Desktop-Debug/dummy_test_1_autogen) by extension 'python_setup_py'
[0.790s] Level 1:colcon.colcon_core.package_identification:_identify(src/build-test_tool-Desktop-Debug/dummy_test_1_autogen/include) by extensions ['ignore', 'ignore_ament_install']
[0.790s] Level 1:colcon.colcon_core.package_identification:_identify(src/build-test_tool-Desktop-Debug/dummy_test_1_autogen/include) by extension 'ignore'
[0.790s] Level 1:colcon.colcon_core.package_identification:_identify(src/build-test_tool-Desktop-Debug/dummy_test_1_autogen/include) by extension 'ignore_ament_install'
[0.791s] Level 1:colcon.colcon_core.package_identification:_identify(src/build-test_tool-Desktop-Debug/dummy_test_1_autogen/include) by extensions ['colcon_pkg']
[0.791s] Level 1:colcon.colcon_core.package_identification:_identify(src/build-test_tool-Desktop-Debug/dummy_test_1_autogen/include) by extension 'colcon_pkg'
[0.791s] Level 1:colcon.colcon_core.package_identification:_identify(src/build-test_tool-Desktop-Debug/dummy_test_1_autogen/include) by extensions ['colcon_meta']
[0.791s] Level 1:colcon.colcon_core.package_identification:_identify(src/build-test_tool-Desktop-Debug/dummy_test_1_autogen/include) by extension 'colcon_meta'
[0.791s] Level 1:colcon.colcon_core.package_identification:_identify(src/build-test_tool-Desktop-Debug/dummy_test_1_autogen/include) by extensions ['ros']
[0.791s] Level 1:colcon.colcon_core.package_identification:_identify(src/build-test_tool-Desktop-Debug/dummy_test_1_autogen/include) by extension 'ros'
[0.792s] Level 1:colcon.colcon_core.package_identification:_identify(src/build-test_tool-Desktop-Debug/dummy_test_1_autogen/include) by extensions ['cmake', 'python']
[0.792s] Level 1:colcon.colcon_core.package_identification:_identify(src/build-test_tool-Desktop-Debug/dummy_test_1_autogen/include) by extension 'cmake'
[0.792s] Level 1:colcon.colcon_core.package_identification:_identify(src/build-test_tool-Desktop-Debug/dummy_test_1_autogen/include) by extension 'python'
[0.792s] Level 1:colcon.colcon_core.package_identification:_identify(src/build-test_tool-Desktop-Debug/dummy_test_1_autogen/include) by extensions ['python_setup_py']
[0.792s] Level 1:colcon.colcon_core.package_identification:_identify(src/build-test_tool-Desktop-Debug/dummy_test_1_autogen/include) by extension 'python_setup_py'
[0.792s] Level 1:colcon.colcon_core.package_identification:_identify(src/build-test_tool-Desktop-Debug/dummy_test_autogen) by extensions ['ignore', 'ignore_ament_install']
[0.793s] Level 1:colcon.colcon_core.package_identification:_identify(src/build-test_tool-Desktop-Debug/dummy_test_autogen) by extension 'ignore'
[0.793s] Level 1:colcon.colcon_core.package_identification:_identify(src/build-test_tool-Desktop-Debug/dummy_test_autogen) by extension 'ignore_ament_install'
[0.793s] Level 1:colcon.colcon_core.package_identification:_identify(src/build-test_tool-Desktop-Debug/dummy_test_autogen) by extensions ['colcon_pkg']
[0.793s] Level 1:colcon.colcon_core.package_identification:_identify(src/build-test_tool-Desktop-Debug/dummy_test_autogen) by extension 'colcon_pkg'
[0.793s] Level 1:colcon.colcon_core.package_identification:_identify(src/build-test_tool-Desktop-Debug/dummy_test_autogen) by extensions ['colcon_meta']
[0.793s] Level 1:colcon.colcon_core.package_identification:_identify(src/build-test_tool-Desktop-Debug/dummy_test_autogen) by extension 'colcon_meta'
[0.794s] Level 1:colcon.colcon_core.package_identification:_identify(src/build-test_tool-Desktop-Debug/dummy_test_autogen) by extensions ['ros']
[0.794s] Level 1:colcon.colcon_core.package_identification:_identify(src/build-test_tool-Desktop-Debug/dummy_test_autogen) by extension 'ros'
[0.794s] Level 1:colcon.colcon_core.package_identification:_identify(src/build-test_tool-Desktop-Debug/dummy_test_autogen) by extensions ['cmake', 'python']
[0.794s] Level 1:colcon.colcon_core.package_identification:_identify(src/build-test_tool-Desktop-Debug/dummy_test_autogen) by extension 'cmake'
[0.794s] Level 1:colcon.colcon_core.package_identification:_identify(src/build-test_tool-Desktop-Debug/dummy_test_autogen) by extension 'python'
[0.794s] Level 1:colcon.colcon_core.package_identification:_identify(src/build-test_tool-Desktop-Debug/dummy_test_autogen) by extensions ['python_setup_py']
[0.795s] Level 1:colcon.colcon_core.package_identification:_identify(src/build-test_tool-Desktop-Debug/dummy_test_autogen) by extension 'python_setup_py'
[0.795s] Level 1:colcon.colcon_core.package_identification:_identify(src/build-test_tool-Desktop-Debug/dummy_test_autogen/include) by extensions ['ignore', 'ignore_ament_install']
[0.795s] Level 1:colcon.colcon_core.package_identification:_identify(src/build-test_tool-Desktop-Debug/dummy_test_autogen/include) by extension 'ignore'
[0.795s] Level 1:colcon.colcon_core.package_identification:_identify(src/build-test_tool-Desktop-Debug/dummy_test_autogen/include) by extension 'ignore_ament_install'
[0.796s] Level 1:colcon.colcon_core.package_identification:_identify(src/build-test_tool-Desktop-Debug/dummy_test_autogen/include) by extensions ['colcon_pkg']
[0.796s] Level 1:colcon.colcon_core.package_identification:_identify(src/build-test_tool-Desktop-Debug/dummy_test_autogen/include) by extension 'colcon_pkg'
[0.796s] Level 1:colcon.colcon_core.package_identification:_identify(src/build-test_tool-Desktop-Debug/dummy_test_autogen/include) by extensions ['colcon_meta']
[0.796s] Level 1:colcon.colcon_core.package_identification:_identify(src/build-test_tool-Desktop-Debug/dummy_test_autogen/include) by extension 'colcon_meta'
[0.796s] Level 1:colcon.colcon_core.package_identification:_identify(src/build-test_tool-Desktop-Debug/dummy_test_autogen/include) by extensions ['ros']
[0.796s] Level 1:colcon.colcon_core.package_identification:_identify(src/build-test_tool-Desktop-Debug/dummy_test_autogen/include) by extension 'ros'
[0.796s] Level 1:colcon.colcon_core.package_identification:_identify(src/build-test_tool-Desktop-Debug/dummy_test_autogen/include) by extensions ['cmake', 'python']
[0.797s] Level 1:colcon.colcon_core.package_identification:_identify(src/build-test_tool-Desktop-Debug/dummy_test_autogen/include) by extension 'cmake'
[0.797s] Level 1:colcon.colcon_core.package_identification:_identify(src/build-test_tool-Desktop-Debug/dummy_test_autogen/include) by extension 'python'
[0.797s] Level 1:colcon.colcon_core.package_identification:_identify(src/build-test_tool-Desktop-Debug/dummy_test_autogen/include) by extensions ['python_setup_py']
[0.797s] Level 1:colcon.colcon_core.package_identification:_identify(src/build-test_tool-Desktop-Debug/dummy_test_autogen/include) by extension 'python_setup_py'
[0.797s] Level 1:colcon.colcon_core.package_identification:_identify(src/build-test_tool-Desktop-Debug/lidar_node_autogen) by extensions ['ignore', 'ignore_ament_install']
[0.798s] Level 1:colcon.colcon_core.package_identification:_identify(src/build-test_tool-Desktop-Debug/lidar_node_autogen) by extension 'ignore'
[0.798s] Level 1:colcon.colcon_core.package_identification:_identify(src/build-test_tool-Desktop-Debug/lidar_node_autogen) by extension 'ignore_ament_install'
[0.798s] Level 1:colcon.colcon_core.package_identification:_identify(src/build-test_tool-Desktop-Debug/lidar_node_autogen) by extensions ['colcon_pkg']
[0.798s] Level 1:colcon.colcon_core.package_identification:_identify(src/build-test_tool-Desktop-Debug/lidar_node_autogen) by extension 'colcon_pkg'
[0.798s] Level 1:colcon.colcon_core.package_identification:_identify(src/build-test_tool-Desktop-Debug/lidar_node_autogen) by extensions ['colcon_meta']
[0.798s] Level 1:colcon.colcon_core.package_identification:_identify(src/build-test_tool-Desktop-Debug/lidar_node_autogen) by extension 'colcon_meta'
[0.799s] Level 1:colcon.colcon_core.package_identification:_identify(src/build-test_tool-Desktop-Debug/lidar_node_autogen) by extensions ['ros']
[0.799s] Level 1:colcon.colcon_core.package_identification:_identify(src/build-test_tool-Desktop-Debug/lidar_node_autogen) by extension 'ros'
[0.799s] Level 1:colcon.colcon_core.package_identification:_identify(src/build-test_tool-Desktop-Debug/lidar_node_autogen) by extensions ['cmake', 'python']
[0.799s] Level 1:colcon.colcon_core.package_identification:_identify(src/build-test_tool-Desktop-Debug/lidar_node_autogen) by extension 'cmake'
[0.799s] Level 1:colcon.colcon_core.package_identification:_identify(src/build-test_tool-Desktop-Debug/lidar_node_autogen) by extension 'python'
[0.799s] Level 1:colcon.colcon_core.package_identification:_identify(src/build-test_tool-Desktop-Debug/lidar_node_autogen) by extensions ['python_setup_py']
[0.799s] Level 1:colcon.colcon_core.package_identification:_identify(src/build-test_tool-Desktop-Debug/lidar_node_autogen) by extension 'python_setup_py'
[0.800s] Level 1:colcon.colcon_core.package_identification:_identify(src/build-test_tool-Desktop-Debug/test_tool_autogen) by extensions ['ignore', 'ignore_ament_install']
[0.800s] Level 1:colcon.colcon_core.package_identification:_identify(src/build-test_tool-Desktop-Debug/test_tool_autogen) by extension 'ignore'
[0.800s] Level 1:colcon.colcon_core.package_identification:_identify(src/build-test_tool-Desktop-Debug/test_tool_autogen) by extension 'ignore_ament_install'
[0.800s] Level 1:colcon.colcon_core.package_identification:_identify(src/build-test_tool-Desktop-Debug/test_tool_autogen) by extensions ['colcon_pkg']
[0.800s] Level 1:colcon.colcon_core.package_identification:_identify(src/build-test_tool-Desktop-Debug/test_tool_autogen) by extension 'colcon_pkg'
[0.800s] Level 1:colcon.colcon_core.package_identification:_identify(src/build-test_tool-Desktop-Debug/test_tool_autogen) by extensions ['colcon_meta']
[0.800s] Level 1:colcon.colcon_core.package_identification:_identify(src/build-test_tool-Desktop-Debug/test_tool_autogen) by extension 'colcon_meta'
[0.800s] Level 1:colcon.colcon_core.package_identification:_identify(src/build-test_tool-Desktop-Debug/test_tool_autogen) by extensions ['ros']
[0.800s] Level 1:colcon.colcon_core.package_identification:_identify(src/build-test_tool-Desktop-Debug/test_tool_autogen) by extension 'ros'
[0.801s] Level 1:colcon.colcon_core.package_identification:_identify(src/build-test_tool-Desktop-Debug/test_tool_autogen) by extensions ['cmake', 'python']
[0.801s] Level 1:colcon.colcon_core.package_identification:_identify(src/build-test_tool-Desktop-Debug/test_tool_autogen) by extension 'cmake'
[0.801s] Level 1:colcon.colcon_core.package_identification:_identify(src/build-test_tool-Desktop-Debug/test_tool_autogen) by extension 'python'
[0.801s] Level 1:colcon.colcon_core.package_identification:_identify(src/build-test_tool-Desktop-Debug/test_tool_autogen) by extensions ['python_setup_py']
[0.801s] Level 1:colcon.colcon_core.package_identification:_identify(src/build-test_tool-Desktop-Debug/test_tool_autogen) by extension 'python_setup_py'
[0.801s] Level 1:colcon.colcon_core.package_identification:_identify(src/build-test_tool-Desktop-Debug/test_tool_autogen/TSGLY7GWS2) by extensions ['ignore', 'ignore_ament_install']
[0.801s] Level 1:colcon.colcon_core.package_identification:_identify(src/build-test_tool-Desktop-Debug/test_tool_autogen/TSGLY7GWS2) by extension 'ignore'
[0.801s] Level 1:colcon.colcon_core.package_identification:_identify(src/build-test_tool-Desktop-Debug/test_tool_autogen/TSGLY7GWS2) by extension 'ignore_ament_install'
[0.801s] Level 1:colcon.colcon_core.package_identification:_identify(src/build-test_tool-Desktop-Debug/test_tool_autogen/TSGLY7GWS2) by extensions ['colcon_pkg']
[0.801s] Level 1:colcon.colcon_core.package_identification:_identify(src/build-test_tool-Desktop-Debug/test_tool_autogen/TSGLY7GWS2) by extension 'colcon_pkg'
[0.801s] Level 1:colcon.colcon_core.package_identification:_identify(src/build-test_tool-Desktop-Debug/test_tool_autogen/TSGLY7GWS2) by extensions ['colcon_meta']
[0.801s] Level 1:colcon.colcon_core.package_identification:_identify(src/build-test_tool-Desktop-Debug/test_tool_autogen/TSGLY7GWS2) by extension 'colcon_meta'
[0.802s] Level 1:colcon.colcon_core.package_identification:_identify(src/build-test_tool-Desktop-Debug/test_tool_autogen/TSGLY7GWS2) by extensions ['ros']
[0.802s] Level 1:colcon.colcon_core.package_identification:_identify(src/build-test_tool-Desktop-Debug/test_tool_autogen/TSGLY7GWS2) by extension 'ros'
[0.802s] Level 1:colcon.colcon_core.package_identification:_identify(src/build-test_tool-Desktop-Debug/test_tool_autogen/TSGLY7GWS2) by extensions ['cmake', 'python']
[0.802s] Level 1:colcon.colcon_core.package_identification:_identify(src/build-test_tool-Desktop-Debug/test_tool_autogen/TSGLY7GWS2) by extension 'cmake'
[0.802s] Level 1:colcon.colcon_core.package_identification:_identify(src/build-test_tool-Desktop-Debug/test_tool_autogen/TSGLY7GWS2) by extension 'python'
[0.802s] Level 1:colcon.colcon_core.package_identification:_identify(src/build-test_tool-Desktop-Debug/test_tool_autogen/TSGLY7GWS2) by extensions ['python_setup_py']
[0.802s] Level 1:colcon.colcon_core.package_identification:_identify(src/build-test_tool-Desktop-Debug/test_tool_autogen/TSGLY7GWS2) by extension 'python_setup_py'
[0.802s] Level 1:colcon.colcon_core.package_identification:_identify(src/build-test_tool-Desktop-Debug/test_tool_autogen/include) by extensions ['ignore', 'ignore_ament_install']
[0.802s] Level 1:colcon.colcon_core.package_identification:_identify(src/build-test_tool-Desktop-Debug/test_tool_autogen/include) by extension 'ignore'
[0.802s] Level 1:colcon.colcon_core.package_identification:_identify(src/build-test_tool-Desktop-Debug/test_tool_autogen/include) by extension 'ignore_ament_install'
[0.803s] Level 1:colcon.colcon_core.package_identification:_identify(src/build-test_tool-Desktop-Debug/test_tool_autogen/include) by extensions ['colcon_pkg']
[0.803s] Level 1:colcon.colcon_core.package_identification:_identify(src/build-test_tool-Desktop-Debug/test_tool_autogen/include) by extension 'colcon_pkg'
[0.803s] Level 1:colcon.colcon_core.package_identification:_identify(src/build-test_tool-Desktop-Debug/test_tool_autogen/include) by extensions ['colcon_meta']
[0.803s] Level 1:colcon.colcon_core.package_identification:_identify(src/build-test_tool-Desktop-Debug/test_tool_autogen/include) by extension 'colcon_meta'
[0.803s] Level 1:colcon.colcon_core.package_identification:_identify(src/build-test_tool-Desktop-Debug/test_tool_autogen/include) by extensions ['ros']
[0.803s] Level 1:colcon.colcon_core.package_identification:_identify(src/build-test_tool-Desktop-Debug/test_tool_autogen/include) by extension 'ros'
[0.803s] Level 1:colcon.colcon_core.package_identification:_identify(src/build-test_tool-Desktop-Debug/test_tool_autogen/include) by extensions ['cmake', 'python']
[0.803s] Level 1:colcon.colcon_core.package_identification:_identify(src/build-test_tool-Desktop-Debug/test_tool_autogen/include) by extension 'cmake'
[0.803s] Level 1:colcon.colcon_core.package_identification:_identify(src/build-test_tool-Desktop-Debug/test_tool_autogen/include) by extension 'python'
[0.803s] Level 1:colcon.colcon_core.package_identification:_identify(src/build-test_tool-Desktop-Debug/test_tool_autogen/include) by extensions ['python_setup_py']
[0.803s] Level 1:colcon.colcon_core.package_identification:_identify(src/build-test_tool-Desktop-Debug/test_tool_autogen/include) by extension 'python_setup_py'
[0.803s] Level 1:colcon.colcon_core.package_identification:_identify(src/test_tool) by extensions ['ignore', 'ignore_ament_install']
[0.804s] Level 1:colcon.colcon_core.package_identification:_identify(src/test_tool) by extension 'ignore'
[0.804s] Level 1:colcon.colcon_core.package_identification:_identify(src/test_tool) by extension 'ignore_ament_install'
[0.804s] Level 1:colcon.colcon_core.package_identification:_identify(src/test_tool) by extensions ['colcon_pkg']
[0.804s] Level 1:colcon.colcon_core.package_identification:_identify(src/test_tool) by extension 'colcon_pkg'
[0.804s] Level 1:colcon.colcon_core.package_identification:_identify(src/test_tool) by extensions ['colcon_meta']
[0.804s] Level 1:colcon.colcon_core.package_identification:_identify(src/test_tool) by extension 'colcon_meta'
[0.804s] Level 1:colcon.colcon_core.package_identification:_identify(src/test_tool) by extensions ['ros']
[0.804s] Level 1:colcon.colcon_core.package_identification:_identify(src/test_tool) by extension 'ros'
[0.808s] DEBUG:colcon.colcon_core.package_identification:Package 'src/test_tool' with type 'ros.ament_cmake' and name 'test_tool'
[0.808s] Level 1:colcon.colcon_core.package_discovery:discover_packages(recursive) using defaults
[0.808s] Level 1:colcon.colcon_core.package_discovery:discover_packages(ignore) discover
[0.808s] Level 1:colcon.colcon_core.package_discovery:discover_packages(ignore) using defaults
[0.808s] Level 1:colcon.colcon_core.package_discovery:discover_packages(path) discover
[0.808s] Level 1:colcon.colcon_core.package_discovery:discover_packages(path) using defaults
[0.868s] Level 1:colcon.colcon_core.package_discovery:discover_packages(prefix_path) check parameters
[0.868s] Level 1:colcon.colcon_core.package_discovery:discover_packages(prefix_path) discover
[0.872s] DEBUG:colcon.colcon_installed_package_information.package_discovery:Found 1 installed packages in /home/maddy/iris_test_tool/install
[0.876s] DEBUG:colcon.colcon_installed_package_information.package_discovery:Found 344 installed packages in /opt/ros/humble
[0.879s] Level 1:colcon.colcon_core.package_discovery:discover_packages(prefix_path) using defaults
[0.984s] Level 5:colcon.colcon_core.verb:set package 'test_tool' build argument 'cmake_args' from command line to '['-DCMAKE_BUILD_TYPE=Debug']'
[0.984s] Level 5:colcon.colcon_core.verb:set package 'test_tool' build argument 'cmake_target' from command line to 'None'
[0.984s] Level 5:colcon.colcon_core.verb:set package 'test_tool' build argument 'cmake_target_skip_unavailable' from command line to 'False'
[0.984s] Level 5:colcon.colcon_core.verb:set package 'test_tool' build argument 'cmake_clean_cache' from command line to 'False'
[0.984s] Level 5:colcon.colcon_core.verb:set package 'test_tool' build argument 'cmake_clean_first' from command line to 'False'
[0.984s] Level 5:colcon.colcon_core.verb:set package 'test_tool' build argument 'cmake_force_configure' from command line to 'False'
[0.984s] Level 5:colcon.colcon_core.verb:set package 'test_tool' build argument 'ament_cmake_args' from command line to 'None'
[0.984s] Level 5:colcon.colcon_core.verb:set package 'test_tool' build argument 'catkin_cmake_args' from command line to 'None'
[0.984s] Level 5:colcon.colcon_core.verb:set package 'test_tool' build argument 'catkin_skip_building_tests' from command line to 'False'
[0.984s] DEBUG:colcon.colcon_core.verb:Building package 'test_tool' with the following arguments: {'ament_cmake_args': None, 'build_base': '/home/maddy/iris_test_tool/build/test_tool', 'catkin_cmake_args': None, 'catkin_skip_building_tests': False, 'cmake_args': ['-DCMAKE_BUILD_TYPE=Debug'], 'cmake_clean_cache': False, 'cmake_clean_first': False, 'cmake_force_configure': False, 'cmake_target': None, 'cmake_target_skip_unavailable': False, 'install_base': '/home/maddy/iris_test_tool/install/test_tool', 'merge_install': False, 'path': '/home/maddy/iris_test_tool/src/test_tool', 'symlink_install': False, 'test_result_base': None}
[0.984s] INFO:colcon.colcon_core.executor:Executing jobs using 'parallel' executor
[0.986s] DEBUG:colcon.colcon_parallel_executor.executor.parallel:run_until_complete
[0.986s] INFO:colcon.colcon_ros.task.ament_cmake.build:Building ROS package in '/home/maddy/iris_test_tool/src/test_tool' with build type 'ament_cmake'
[0.987s] INFO:colcon.colcon_cmake.task.cmake.build:Building CMake package in '/home/maddy/iris_test_tool/src/test_tool'
[0.991s] INFO:colcon.colcon_core.plugin_system:Skipping extension 'colcon_core.shell.bat': Not used on non-Windows systems
[0.992s] INFO:colcon.colcon_core.shell:Skip shell extension 'powershell' for command environment: Not usable outside of PowerShell
[0.992s] DEBUG:colcon.colcon_core.shell:Skip shell extension 'dsv' for command environment
[1.013s] DEBUG:colcon.colcon_core.event_handler.log_command:Invoking command in '/home/maddy/iris_test_tool/build/test_tool': CMAKE_PREFIX_PATH=${CMAKE_PREFIX_PATH}:/opt/ros/humble /usr/bin/cmake --build /home/maddy/iris_test_tool/build/test_tool -- -j8 -l8
[-1.529s] DEBUG:colcon.colcon_core.event_handler.log_command:Invoked command in '/home/maddy/iris_test_tool/build/test_tool' returned '0': CMAKE_PREFIX_PATH=${CMAKE_PREFIX_PATH}:/opt/ros/humble /usr/bin/cmake --build /home/maddy/iris_test_tool/build/test_tool -- -j8 -l8
[-1.513s] DEBUG:colcon.colcon_core.event_handler.log_command:Invoking command in '/home/maddy/iris_test_tool/build/test_tool': CMAKE_PREFIX_PATH=${CMAKE_PREFIX_PATH}:/opt/ros/humble /usr/bin/cmake --install /home/maddy/iris_test_tool/build/test_tool
[-1.475s] Level 1:colcon.colcon_core.environment:create_environment_scripts_only(test_tool)
[-1.474s] DEBUG:colcon.colcon_core.event_handler.log_command:Invoked command in '/home/maddy/iris_test_tool/build/test_tool' returned '0': CMAKE_PREFIX_PATH=${CMAKE_PREFIX_PATH}:/opt/ros/humble /usr/bin/cmake --install /home/maddy/iris_test_tool/build/test_tool
[-1.471s] Level 1:colcon.colcon_core.environment:checking '/home/maddy/iris_test_tool/install/test_tool' for CMake module files
[-1.470s] Level 1:colcon.colcon_core.environment:checking '/home/maddy/iris_test_tool/install/test_tool' for CMake config files
[-1.470s] Level 1:colcon.colcon_core.shell:create_environment_hook('test_tool', 'cmake_prefix_path')
[-1.469s] INFO:colcon.colcon_core.shell:Creating environment hook '/home/maddy/iris_test_tool/install/test_tool/share/test_tool/hook/cmake_prefix_path.ps1'
[-1.468s] INFO:colcon.colcon_core.shell:Creating environment descriptor '/home/maddy/iris_test_tool/install/test_tool/share/test_tool/hook/cmake_prefix_path.dsv'
[-1.468s] INFO:colcon.colcon_core.shell:Creating environment hook '/home/maddy/iris_test_tool/install/test_tool/share/test_tool/hook/cmake_prefix_path.sh'
[-1.467s] Level 1:colcon.colcon_core.environment:checking '/home/maddy/iris_test_tool/install/test_tool/lib'
[-1.466s] Level 1:colcon.colcon_core.environment:checking '/home/maddy/iris_test_tool/install/test_tool/bin'
[-1.466s] Level 1:colcon.colcon_core.environment:checking '/home/maddy/iris_test_tool/install/test_tool/lib/pkgconfig/test_tool.pc'
[-1.466s] Level 1:colcon.colcon_core.environment:checking '/home/maddy/iris_test_tool/install/test_tool/lib/python3.10/site-packages'
[-1.465s] Level 1:colcon.colcon_core.environment:checking '/home/maddy/iris_test_tool/install/test_tool/bin'
[-1.465s] INFO:colcon.colcon_core.shell:Creating package script '/home/maddy/iris_test_tool/install/test_tool/share/test_tool/package.ps1'
[-1.464s] INFO:colcon.colcon_core.shell:Creating package descriptor '/home/maddy/iris_test_tool/install/test_tool/share/test_tool/package.dsv'
[-1.463s] INFO:colcon.colcon_core.shell:Creating package script '/home/maddy/iris_test_tool/install/test_tool/share/test_tool/package.sh'
[-1.462s] INFO:colcon.colcon_core.shell:Creating package script '/home/maddy/iris_test_tool/install/test_tool/share/test_tool/package.bash'
[-1.461s] INFO:colcon.colcon_core.shell:Creating package script '/home/maddy/iris_test_tool/install/test_tool/share/test_tool/package.zsh'
[-1.461s] Level 1:colcon.colcon_core.environment:create_file_with_runtime_dependencies(/home/maddy/iris_test_tool/install/test_tool/share/colcon-core/packages/test_tool)
[-1.460s] Level 1:colcon.colcon_core.environment:create_environment_scripts_only(test_tool)
[-1.459s] Level 1:colcon.colcon_core.environment:checking '/home/maddy/iris_test_tool/install/test_tool' for CMake module files
[-1.459s] Level 1:colcon.colcon_core.environment:checking '/home/maddy/iris_test_tool/install/test_tool' for CMake config files
[-1.458s] Level 1:colcon.colcon_core.shell:create_environment_hook('test_tool', 'cmake_prefix_path')
[-1.458s] INFO:colcon.colcon_core.shell:Creating environment hook '/home/maddy/iris_test_tool/install/test_tool/share/test_tool/hook/cmake_prefix_path.ps1'
[-1.457s] INFO:colcon.colcon_core.shell:Creating environment descriptor '/home/maddy/iris_test_tool/install/test_tool/share/test_tool/hook/cmake_prefix_path.dsv'
[-1.457s] INFO:colcon.colcon_core.shell:Creating environment hook '/home/maddy/iris_test_tool/install/test_tool/share/test_tool/hook/cmake_prefix_path.sh'
[-1.456s] Level 1:colcon.colcon_core.environment:checking '/home/maddy/iris_test_tool/install/test_tool/lib'
[-1.456s] Level 1:colcon.colcon_core.environment:checking '/home/maddy/iris_test_tool/install/test_tool/bin'
[-1.456s] Level 1:colcon.colcon_core.environment:checking '/home/maddy/iris_test_tool/install/test_tool/lib/pkgconfig/test_tool.pc'
[-1.455s] Level 1:colcon.colcon_core.environment:checking '/home/maddy/iris_test_tool/install/test_tool/lib/python3.10/site-packages'
[-1.455s] Level 1:colcon.colcon_core.environment:checking '/home/maddy/iris_test_tool/install/test_tool/bin'
[-1.455s] INFO:colcon.colcon_core.shell:Creating package script '/home/maddy/iris_test_tool/install/test_tool/share/test_tool/package.ps1'
[-1.454s] INFO:colcon.colcon_core.shell:Creating package descriptor '/home/maddy/iris_test_tool/install/test_tool/share/test_tool/package.dsv'
[-1.453s] INFO:colcon.colcon_core.shell:Creating package script '/home/maddy/iris_test_tool/install/test_tool/share/test_tool/package.sh'
[-1.453s] INFO:colcon.colcon_core.shell:Creating package script '/home/maddy/iris_test_tool/install/test_tool/share/test_tool/package.bash'
[-1.452s] INFO:colcon.colcon_core.shell:Creating package script '/home/maddy/iris_test_tool/install/test_tool/share/test_tool/package.zsh'
[-1.452s] Level 1:colcon.colcon_core.environment:create_file_with_runtime_dependencies(/home/maddy/iris_test_tool/install/test_tool/share/colcon-core/packages/test_tool)
[-1.451s] DEBUG:colcon.colcon_parallel_executor.executor.parallel:closing loop
[-1.451s] DEBUG:colcon.colcon_parallel_executor.executor.parallel:loop closed
[-1.450s] DEBUG:colcon.colcon_parallel_executor.executor.parallel:run_until_complete finished with '0'
[-1.450s] DEBUG:colcon.colcon_core.event_reactor:joining thread
[-1.377s] INFO:colcon.colcon_core.plugin_system:Skipping extension 'colcon_notification.desktop_notification.notify_send': Could not find 'notify-send'
[-1.377s] INFO:colcon.colcon_core.plugin_system:Skipping extension 'colcon_notification.desktop_notification.terminal_notifier': Not used on non-Darwin systems
[-1.376s] INFO:colcon.colcon_core.plugin_system:Skipping extension 'colcon_notification.desktop_notification.win32': Not used on non-Windows systems
[-1.376s] INFO:colcon.colcon_notification.desktop_notification:Sending desktop notification using 'notify2'
[-1.376s] DEBUG:colcon.colcon_notification.desktop_notification.notify2:Failed to initialize notify2: org.freedesktop.DBus.Error.FileNotFound: Failed to connect to socket /run/user/1000/bus: No such file or directory
[-1.376s] DEBUG:colcon.colcon_core.event_reactor:joined thread
[-1.375s] INFO:colcon.colcon_core.shell:Creating prefix script '/home/maddy/iris_test_tool/install/local_setup.ps1'
[-1.374s] INFO:colcon.colcon_core.shell:Creating prefix util module '/home/maddy/iris_test_tool/install/_local_setup_util_ps1.py'
[-1.372s] INFO:colcon.colcon_core.shell:Creating prefix chain script '/home/maddy/iris_test_tool/install/setup.ps1'
[-1.371s] INFO:colcon.colcon_core.shell:Creating prefix script '/home/maddy/iris_test_tool/install/local_setup.sh'
[-1.370s] INFO:colcon.colcon_core.shell:Creating prefix util module '/home/maddy/iris_test_tool/install/_local_setup_util_sh.py'
[-1.369s] INFO:colcon.colcon_core.shell:Creating prefix chain script '/home/maddy/iris_test_tool/install/setup.sh'
[-1.367s] INFO:colcon.colcon_core.shell:Creating prefix script '/home/maddy/iris_test_tool/install/local_setup.bash'
[-1.366s] INFO:colcon.colcon_core.shell:Creating prefix chain script '/home/maddy/iris_test_tool/install/setup.bash'
[-1.365s] INFO:colcon.colcon_core.shell:Creating prefix script '/home/maddy/iris_test_tool/install/local_setup.zsh'
[-1.364s] INFO:colcon.colcon_core.shell:Creating prefix chain script '/home/maddy/iris_test_tool/install/setup.zsh'
