[0.036s] Invoking command in '/home/maddy/iris_test_tool/build/iris_interfaces': CMAKE_PREFIX_PATH=${CMAKE_PREFIX_PATH}:/opt/ros/humble /usr/bin/cmake --build /home/maddy/iris_test_tool/build/iris_interfaces -- -j8 -l8
[0.166s] -- Found ament_cmake: 1.3.12 (/opt/ros/humble/share/ament_cmake/cmake)
[0.523s] -- Found rosidl_default_generators: 1.2.0 (/opt/ros/humble/share/rosidl_default_generators/cmake)
[0.527s] -- Using all available rosidl_typesupport_c: rosidl_typesupport_fastrtps_c;rosidl_typesupport_introspection_c
[0.534s] -- Found rosidl_adapter: 3.1.8 (/opt/ros/humble/share/rosidl_adapter/cmake)
[0.818s] -- Using all available rosidl_typesupport_cpp: rosidl_typesupport_fastrtps_cpp;rosidl_typesupport_introspection_cpp
[0.880s] -- Found std_msgs: 4.9.0 (/opt/ros/humble/share/std_msgs/cmake)
[0.921s] -- Found sensor_msgs: 4.9.0 (/opt/ros/humble/share/sensor_msgs/cmake)
[0.973s] -- Found nav_msgs: 4.9.0 (/opt/ros/humble/share/nav_msgs/cmake)
[2.033s] -- Found ament_cmake_ros: 0.10.0 (/opt/ros/humble/share/ament_cmake_ros/cmake)
[2.568s] -- Using all available rosidl_typesupport_c: rosidl_typesupport_fastrtps_c;rosidl_typesupport_introspection_c
[3.314s] -- Using all available rosidl_typesupport_cpp: rosidl_typesupport_fastrtps_cpp;rosidl_typesupport_introspection_cpp
[3.350s] -- Found python_cmake_module: 0.10.0 (/opt/ros/humble/share/python_cmake_module/cmake)
[3.385s] -- Using PYTHON_EXECUTABLE: /usr/bin/python3
[3.385s] -- Using PYTHON_INCLUDE_DIRS: /usr/include/python3.10
[3.385s] -- Using PYTHON_LIBRARIES: /usr/lib/x86_64-linux-gnu/libpython3.10.so
[3.530s] -- Found ament_lint_auto: 0.12.14 (/opt/ros/humble/share/ament_lint_auto/cmake)
[3.553s] -- Added test 'lint_cmake' to check CMake code style
[3.557s] -- Added test 'xmllint' to check XML markup files
[3.562s] -- Configuring done
[3.797s] -- Generating done
[3.832s] -- Build files have been written to: /home/maddy/iris_test_tool/build/iris_interfaces
[3.881s] [  0%] [34m[1mGenerating C code for ROS interfaces[0m
[3.910s] [  0%] [34m[1mGenerating C++ code for ROS interfaces[0m
[3.960s] [  0%] Built target ament_cmake_python_copy_iris_interfaces
[4.566s] running egg_info
[4.569s] writing iris_interfaces.egg-info/PKG-INFO
[4.569s] writing dependency_links to iris_interfaces.egg-info/dependency_links.txt
[4.572s] writing top-level names to iris_interfaces.egg-info/top_level.txt
[4.577s] reading manifest file 'iris_interfaces.egg-info/SOURCES.txt'
[4.580s] writing manifest file 'iris_interfaces.egg-info/SOURCES.txt'
[4.646s] [  0%] Built target ament_cmake_python_build_iris_interfaces_egg
[12.314s] [35m[1mConsolidate compiler generated dependencies of target iris_interfaces__rosidl_generator_c[0m
[12.373s] gmake[2]: Warning: File 'CMakeFiles/iris_interfaces__rosidl_generator_c.dir/progress.make' has modification time 11 s in the future
[12.439s] [  0%] Built target iris_interfaces__cpp
[12.455s] gmake[2]: Warning: File 'CMakeFiles/iris_interfaces__rosidl_typesupport_cpp.dir/progress.make' has modification time 11 s in the future
[12.474s] gmake[2]: Warning: File 'CMakeFiles/iris_interfaces__rosidl_typesupport_fastrtps_cpp.dir/progress.make' has modification time 11 s in the future
[12.488s] [  0%] [34m[1mGenerating C++ type support dispatch for ROS interfaces[0m
[12.488s] gmake[2]: Warning: File 'CMakeFiles/iris_interfaces__rosidl_typesupport_introspection_cpp.dir/progress.make' has modification time 11 s in the future
[12.502s] [  0%] [34m[1mGenerating C++ type support for eProsima Fast-RTPS[0m
[12.521s] [  1%] [34m[1mGenerating C++ introspection for ROS interfaces[0m
[12.776s] [  2%] [32mBuilding C object CMakeFiles/iris_interfaces__rosidl_generator_c.dir/rosidl_generator_c/iris_interfaces/srv/detail/update_motor_controller_parameters__functions.c.o[0m
[12.792s] [  3%] [32mBuilding C object CMakeFiles/iris_interfaces__rosidl_generator_c.dir/rosidl_generator_c/iris_interfaces/srv/detail/wifi_discovery__functions.c.o[0m
[12.797s] [  3%] [32mBuilding C object CMakeFiles/iris_interfaces__rosidl_generator_c.dir/rosidl_generator_c/iris_interfaces/srv/detail/restart_motor_controller__functions.c.o[0m
[12.937s] [  4%] [32mBuilding C object CMakeFiles/iris_interfaces__rosidl_generator_c.dir/rosidl_generator_c/iris_interfaces/srv/detail/process_manager__functions.c.o[0m
[12.953s] [  4%] [32mBuilding C object CMakeFiles/iris_interfaces__rosidl_generator_c.dir/rosidl_generator_c/iris_interfaces/srv/detail/state_manager__functions.c.o[0m
[13.024s] [  5%] [32mBuilding C object CMakeFiles/iris_interfaces__rosidl_generator_c.dir/rosidl_generator_c/iris_interfaces/srv/detail/update_motor_controller_reference_source__functions.c.o[0m
[13.057s] [  5%] [32mBuilding C object CMakeFiles/iris_interfaces__rosidl_generator_c.dir/rosidl_generator_c/iris_interfaces/srv/detail/reset_wheel_encoders__functions.c.o[0m
[13.155s] [  5%] [32mBuilding C object CMakeFiles/iris_interfaces__rosidl_generator_c.dir/rosidl_generator_c/iris_interfaces/srv/detail/reset_a2_faults__functions.c.o[0m
[13.230s] [  6%] [32mBuilding C object CMakeFiles/iris_interfaces__rosidl_generator_c.dir/rosidl_generator_c/iris_interfaces/msg/detail/wheel_command_speed__functions.c.o[0m
[13.254s] [  6%] [32mBuilding C object CMakeFiles/iris_interfaces__rosidl_generator_c.dir/rosidl_generator_c/iris_interfaces/msg/detail/sensor_status__functions.c.o[0m
[13.254s] [  6%] [32mBuilding C object CMakeFiles/iris_interfaces__rosidl_generator_c.dir/rosidl_generator_c/iris_interfaces/msg/detail/wheel_encoders__functions.c.o[0m
[13.287s] [  7%] [32mBuilding C object CMakeFiles/iris_interfaces__rosidl_generator_c.dir/rosidl_generator_c/iris_interfaces/msg/detail/motor_status__functions.c.o[0m
[13.386s] [  7%] [32mBuilding C object CMakeFiles/iris_interfaces__rosidl_generator_c.dir/rosidl_generator_c/iris_interfaces/msg/detail/motor_controller_status__functions.c.o[0m
[13.415s] [  8%] [32mBuilding C object CMakeFiles/iris_interfaces__rosidl_generator_c.dir/rosidl_generator_c/iris_interfaces/msg/detail/water_tank_levels__functions.c.o[0m
[13.415s] [  8%] [32mBuilding C object CMakeFiles/iris_interfaces__rosidl_generator_c.dir/rosidl_generator_c/iris_interfaces/msg/detail/ultrasonic_ranges__functions.c.o[0m
[13.492s] [  8%] [32mBuilding C object CMakeFiles/iris_interfaces__rosidl_generator_c.dir/rosidl_generator_c/iris_interfaces/msg/detail/headband_mode__functions.c.o[0m
[13.614s] [  8%] [32mBuilding C object CMakeFiles/iris_interfaces__rosidl_generator_c.dir/rosidl_generator_c/iris_interfaces/msg/detail/navigation_mode__functions.c.o[0m
[13.663s] [  8%] [32mBuilding C object CMakeFiles/iris_interfaces__rosidl_generator_c.dir/rosidl_generator_c/iris_interfaces/msg/detail/follow_path_result__functions.c.o[0m
[13.671s] [  9%] [32mBuilding C object CMakeFiles/iris_interfaces__rosidl_generator_c.dir/rosidl_generator_c/iris_interfaces/msg/detail/ota_status__functions.c.o[0m
[13.687s] [  9%] [32mBuilding C object CMakeFiles/iris_interfaces__rosidl_generator_c.dir/rosidl_generator_c/iris_interfaces/msg/detail/system_software_status__functions.c.o[0m
[13.753s] [  9%] [32mBuilding C object CMakeFiles/iris_interfaces__rosidl_generator_c.dir/rosidl_generator_c/iris_interfaces/msg/detail/mender_client_status__functions.c.o[0m
[13.835s] [ 10%] [32mBuilding C object CMakeFiles/iris_interfaces__rosidl_generator_c.dir/rosidl_generator_c/iris_interfaces/msg/detail/a5_status__functions.c.o[0m
[13.856s] [ 10%] [32mBuilding C object CMakeFiles/iris_interfaces__rosidl_generator_c.dir/rosidl_generator_c/iris_interfaces/msg/detail/led_control__functions.c.o[0m
[13.872s] [ 10%] [32mBuilding C object CMakeFiles/iris_interfaces__rosidl_generator_c.dir/rosidl_generator_c/iris_interfaces/msg/detail/a2_functional_status__functions.c.o[0m
[13.883s] [ 11%] [32mBuilding C object CMakeFiles/iris_interfaces__rosidl_generator_c.dir/rosidl_generator_c/iris_interfaces/msg/detail/a2_command__functions.c.o[0m
[13.970s] [ 11%] [32mBuilding C object CMakeFiles/iris_interfaces__rosidl_generator_c.dir/rosidl_generator_c/iris_interfaces/msg/detail/vacuum_status__functions.c.o[0m
[14.022s] [ 11%] [32mBuilding C object CMakeFiles/iris_interfaces__rosidl_generator_c.dir/rosidl_generator_c/iris_interfaces/msg/detail/vacuum_faults__functions.c.o[0m
[14.044s] [ 11%] [32mBuilding C object CMakeFiles/iris_interfaces__rosidl_generator_c.dir/rosidl_generator_c/iris_interfaces/msg/detail/a2_fault_status__functions.c.o[0m
[14.048s] [ 12%] [32mBuilding C object CMakeFiles/iris_interfaces__rosidl_generator_c.dir/rosidl_generator_c/iris_interfaces/msg/detail/brush_status__functions.c.o[0m
[14.055s] [ 12%] [32mBuilding C object CMakeFiles/iris_interfaces__rosidl_generator_c.dir/rosidl_generator_c/iris_interfaces/msg/detail/brush_faults__functions.c.o[0m
[14.178s] [ 12%] [32mBuilding C object CMakeFiles/iris_interfaces__rosidl_generator_c.dir/rosidl_generator_c/iris_interfaces/msg/detail/actuator_status__functions.c.o[0m
[14.235s] [ 12%] [32mBuilding C object CMakeFiles/iris_interfaces__rosidl_generator_c.dir/rosidl_generator_c/iris_interfaces/srv/detail/get_wifi_status__functions.c.o[0m
[14.256s] [ 12%] [32mBuilding C object CMakeFiles/iris_interfaces__rosidl_generator_c.dir/rosidl_generator_c/iris_interfaces/srv/detail/connect_wifi__functions.c.o[0m
[14.296s] [ 12%] [32mBuilding C object CMakeFiles/iris_interfaces__rosidl_generator_c.dir/rosidl_generator_c/iris_interfaces/srv/detail/a2_command__functions.c.o[0m
[14.298s] [ 12%] [32mBuilding C object CMakeFiles/iris_interfaces__rosidl_generator_c.dir/rosidl_generator_c/iris_interfaces/srv/detail/disconnect_wifi__functions.c.o[0m
[14.321s] [ 12%] [32mBuilding C object CMakeFiles/iris_interfaces__rosidl_generator_c.dir/rosidl_generator_c/iris_interfaces/action/detail/compute_path_coverage__functions.c.o[0m
[14.443s] [ 13%] [32mBuilding C object CMakeFiles/iris_interfaces__rosidl_generator_c.dir/rosidl_generator_c/iris_interfaces/action/detail/navigate_path_coverage__functions.c.o[0m
[14.444s] [ 13%] [32mBuilding C object CMakeFiles/iris_interfaces__rosidl_generator_c.dir/rosidl_generator_c/iris_interfaces/action/detail/path_coverage_controller__functions.c.o[0m
[14.815s] [ 13%] [32m[1mLinking C shared library libiris_interfaces__rosidl_generator_c.so[0m
[15.037s] gmake[2]: warning:  Clock skew detected.  Your build may be incomplete.
[15.057s] [ 13%] Built target iris_interfaces__rosidl_generator_c
[15.070s] gmake[2]: Warning: File 'CMakeFiles/iris_interfaces__rosidl_typesupport_fastrtps_c.dir/progress.make' has modification time 8.7 s in the future
[15.070s] gmake[2]: Warning: File 'CMakeFiles/iris_interfaces__rosidl_typesupport_introspection_c.dir/progress.make' has modification time 8.7 s in the future
[15.070s] gmake[2]: Warning: File 'CMakeFiles/iris_interfaces__rosidl_typesupport_c.dir/progress.make' has modification time 8.7 s in the future
[15.090s] [ 14%] [34m[1mGenerating C type support for eProsima Fast-RTPS[0m
[15.095s] [ 15%] [34m[1mGenerating C introspection for ROS interfaces[0m
[15.102s] [ 16%] [34m[1mGenerating C type support dispatch for ROS interfaces[0m
[17.735s] [35m[1mConsolidate compiler generated dependencies of target iris_interfaces__rosidl_typesupport_cpp[0m
[17.839s] gmake[2]: warning:  Clock skew detected.  Your build may be incomplete.
[17.857s] gmake[2]: Warning: File 'CMakeFiles/iris_interfaces__rosidl_typesupport_cpp.dir/progress.make' has modification time 5.8 s in the future
[17.881s] [ 16%] [34m[1mGenerating C++ type support dispatch for ROS interfaces[0m
[20.044s] [35m[1mConsolidate compiler generated dependencies of target iris_interfaces__rosidl_typesupport_introspection_cpp[0m
[20.155s] gmake[2]: warning:  Clock skew detected.  Your build may be incomplete.
[20.202s] gmake[2]: Warning: File 'CMakeFiles/iris_interfaces__rosidl_typesupport_introspection_cpp.dir/progress.make' has modification time 3.5 s in the future
[20.226s] [ 16%] [34m[1mGenerating C++ introspection for ROS interfaces[0m
[20.426s] [35m[1mConsolidate compiler generated dependencies of target iris_interfaces__rosidl_typesupport_c[0m
[20.461s] gmake[2]: warning:  Clock skew detected.  Your build may be incomplete.
[20.475s] gmake[2]: Warning: File 'CMakeFiles/iris_interfaces__rosidl_typesupport_c.dir/progress.make' has modification time 3.2 s in the future
[20.504s] [ 16%] [34m[1mGenerating C type support dispatch for ROS interfaces[0m
[22.265s] [35m[1mConsolidate compiler generated dependencies of target iris_interfaces__rosidl_typesupport_fastrtps_cpp[0m
[22.373s] gmake[2]: warning:  Clock skew detected.  Your build may be incomplete.
[22.500s] [ 16%] [34m[1mGenerating C++ type support for eProsima Fast-RTPS[0m
[22.865s] [35m[1mConsolidate compiler generated dependencies of target iris_interfaces__rosidl_typesupport_introspection_c[0m
[22.889s] gmake[2]: warning:  Clock skew detected.  Your build may be incomplete.
[22.920s] [ 16%] [34m[1mGenerating C introspection for ROS interfaces[0m
[23.215s] [ 17%] [32mBuilding CXX object CMakeFiles/iris_interfaces__rosidl_typesupport_cpp.dir/rosidl_typesupport_cpp/iris_interfaces/msg/wheel_command_speed__type_support.cpp.o[0m
[24.238s] [ 17%] [32mBuilding CXX object CMakeFiles/iris_interfaces__rosidl_typesupport_cpp.dir/rosidl_typesupport_cpp/iris_interfaces/msg/wheel_encoders__type_support.cpp.o[0m
[24.266s] [ 17%] [32mBuilding CXX object CMakeFiles/iris_interfaces__rosidl_typesupport_cpp.dir/rosidl_typesupport_cpp/iris_interfaces/msg/sensor_status__type_support.cpp.o[0m
[24.292s] [ 18%] [32mBuilding CXX object CMakeFiles/iris_interfaces__rosidl_typesupport_cpp.dir/rosidl_typesupport_cpp/iris_interfaces/msg/motor_status__type_support.cpp.o[0m
[25.253s] [35m[1mConsolidate compiler generated dependencies of target iris_interfaces__rosidl_typesupport_fastrtps_c[0m
[25.348s] gmake[2]: warning:  Clock skew detected.  Your build may be incomplete.
[25.428s] [ 18%] [34m[1mGenerating C type support for eProsima Fast-RTPS[0m
[25.476s] [ 18%] [32mBuilding CXX object CMakeFiles/iris_interfaces__rosidl_typesupport_cpp.dir/rosidl_typesupport_cpp/iris_interfaces/msg/motor_controller_status__type_support.cpp.o[0m
[25.534s] [ 18%] [32mBuilding CXX object CMakeFiles/iris_interfaces__rosidl_typesupport_cpp.dir/rosidl_typesupport_cpp/iris_interfaces/msg/ultrasonic_ranges__type_support.cpp.o[0m
[25.724s] [ 19%] [32mBuilding CXX object CMakeFiles/iris_interfaces__rosidl_typesupport_cpp.dir/rosidl_typesupport_cpp/iris_interfaces/msg/water_tank_levels__type_support.cpp.o[0m
[25.844s] [ 19%] [32mBuilding CXX object CMakeFiles/iris_interfaces__rosidl_typesupport_c.dir/rosidl_typesupport_c/iris_interfaces/msg/wheel_command_speed__type_support.cpp.o[0m
[26.633s] [ 19%] [32mBuilding CXX object CMakeFiles/iris_interfaces__rosidl_typesupport_cpp.dir/rosidl_typesupport_cpp/iris_interfaces/msg/headband_mode__type_support.cpp.o[0m
[26.790s] [ 19%] [32mBuilding CXX object CMakeFiles/iris_interfaces__rosidl_typesupport_cpp.dir/rosidl_typesupport_cpp/iris_interfaces/msg/navigation_mode__type_support.cpp.o[0m
[27.328s] [ 19%] [32mBuilding CXX object CMakeFiles/iris_interfaces__rosidl_typesupport_c.dir/rosidl_typesupport_c/iris_interfaces/msg/wheel_encoders__type_support.cpp.o[0m
[27.359s] [ 19%] [32mBuilding CXX object CMakeFiles/iris_interfaces__rosidl_typesupport_cpp.dir/rosidl_typesupport_cpp/iris_interfaces/msg/follow_path_result__type_support.cpp.o[0m
[27.521s] [ 19%] [32mBuilding CXX object CMakeFiles/iris_interfaces__rosidl_typesupport_c.dir/rosidl_typesupport_c/iris_interfaces/msg/sensor_status__type_support.cpp.o[0m
[27.595s] [ 20%] [32mBuilding CXX object CMakeFiles/iris_interfaces__rosidl_typesupport_c.dir/rosidl_typesupport_c/iris_interfaces/msg/motor_status__type_support.cpp.o[0m
[27.683s] [ 21%] [32mBuilding CXX object CMakeFiles/iris_interfaces__rosidl_typesupport_cpp.dir/rosidl_typesupport_cpp/iris_interfaces/msg/ota_status__type_support.cpp.o[0m
[27.713s] [ 21%] [32mBuilding CXX object CMakeFiles/iris_interfaces__rosidl_typesupport_c.dir/rosidl_typesupport_c/iris_interfaces/msg/motor_controller_status__type_support.cpp.o[0m
[27.784s] [ 21%] [32mBuilding CXX object CMakeFiles/iris_interfaces__rosidl_typesupport_c.dir/rosidl_typesupport_c/iris_interfaces/msg/ultrasonic_ranges__type_support.cpp.o[0m
[27.873s] [ 21%] [32mBuilding CXX object CMakeFiles/iris_interfaces__rosidl_typesupport_cpp.dir/rosidl_typesupport_cpp/iris_interfaces/msg/system_software_status__type_support.cpp.o[0m
[27.929s] [ 22%] [32mBuilding CXX object CMakeFiles/iris_interfaces__rosidl_typesupport_c.dir/rosidl_typesupport_c/iris_interfaces/msg/water_tank_levels__type_support.cpp.o[0m
[28.137s] [ 22%] [32mBuilding CXX object CMakeFiles/iris_interfaces__rosidl_typesupport_c.dir/rosidl_typesupport_c/iris_interfaces/msg/headband_mode__type_support.cpp.o[0m
[28.271s] [ 22%] [32mBuilding CXX object CMakeFiles/iris_interfaces__rosidl_typesupport_introspection_cpp.dir/rosidl_typesupport_introspection_cpp/iris_interfaces/msg/detail/wheel_command_speed__type_support.cpp.o[0m
[28.321s] [ 22%] [32mBuilding CXX object CMakeFiles/iris_interfaces__rosidl_typesupport_c.dir/rosidl_typesupport_c/iris_interfaces/msg/navigation_mode__type_support.cpp.o[0m
[28.479s] [ 23%] [32mBuilding CXX object CMakeFiles/iris_interfaces__rosidl_typesupport_c.dir/rosidl_typesupport_c/iris_interfaces/msg/follow_path_result__type_support.cpp.o[0m
[28.541s] [ 23%] [32mBuilding CXX object CMakeFiles/iris_interfaces__rosidl_typesupport_cpp.dir/rosidl_typesupport_cpp/iris_interfaces/msg/mender_client_status__type_support.cpp.o[0m
[28.580s] [ 24%] [32mBuilding CXX object CMakeFiles/iris_interfaces__rosidl_typesupport_cpp.dir/rosidl_typesupport_cpp/iris_interfaces/msg/a5_status__type_support.cpp.o[0m
[28.592s] [ 24%] [32mBuilding CXX object CMakeFiles/iris_interfaces__rosidl_typesupport_c.dir/rosidl_typesupport_c/iris_interfaces/msg/ota_status__type_support.cpp.o[0m
[28.754s] [ 24%] [32mBuilding CXX object CMakeFiles/iris_interfaces__rosidl_typesupport_c.dir/rosidl_typesupport_c/iris_interfaces/msg/system_software_status__type_support.cpp.o[0m
[28.846s] [ 24%] [32mBuilding CXX object CMakeFiles/iris_interfaces__rosidl_typesupport_introspection_cpp.dir/rosidl_typesupport_introspection_cpp/iris_interfaces/msg/detail/wheel_encoders__type_support.cpp.o[0m
[28.935s] [ 25%] [32mBuilding CXX object CMakeFiles/iris_interfaces__rosidl_typesupport_c.dir/rosidl_typesupport_c/iris_interfaces/msg/mender_client_status__type_support.cpp.o[0m
[29.131s] [ 25%] [32mBuilding CXX object CMakeFiles/iris_interfaces__rosidl_typesupport_c.dir/rosidl_typesupport_c/iris_interfaces/msg/a5_status__type_support.cpp.o[0m
[29.322s] [ 25%] [32mBuilding CXX object CMakeFiles/iris_interfaces__rosidl_typesupport_c.dir/rosidl_typesupport_c/iris_interfaces/msg/led_control__type_support.cpp.o[0m
[29.461s] [ 25%] [32mBuilding CXX object CMakeFiles/iris_interfaces__rosidl_typesupport_introspection_cpp.dir/rosidl_typesupport_introspection_cpp/iris_interfaces/msg/detail/sensor_status__type_support.cpp.o[0m
[29.493s] [ 25%] [32mBuilding CXX object CMakeFiles/iris_interfaces__rosidl_typesupport_c.dir/rosidl_typesupport_c/iris_interfaces/msg/a2_functional_status__type_support.cpp.o[0m
[29.619s] [ 25%] [32mBuilding CXX object CMakeFiles/iris_interfaces__rosidl_typesupport_cpp.dir/rosidl_typesupport_cpp/iris_interfaces/msg/led_control__type_support.cpp.o[0m
[29.709s] [ 26%] [32mBuilding CXX object CMakeFiles/iris_interfaces__rosidl_typesupport_c.dir/rosidl_typesupport_c/iris_interfaces/msg/a2_command__type_support.cpp.o[0m
[29.889s] [ 26%] [32mBuilding CXX object CMakeFiles/iris_interfaces__rosidl_typesupport_c.dir/rosidl_typesupport_c/iris_interfaces/msg/vacuum_status__type_support.cpp.o[0m
[29.984s] [ 26%] [32mBuilding CXX object CMakeFiles/iris_interfaces__rosidl_typesupport_cpp.dir/rosidl_typesupport_cpp/iris_interfaces/msg/a2_functional_status__type_support.cpp.o[0m
[29.991s] [ 26%] [32mBuilding CXX object CMakeFiles/iris_interfaces__rosidl_typesupport_c.dir/rosidl_typesupport_c/iris_interfaces/msg/vacuum_faults__type_support.cpp.o[0m
[30.071s] [ 27%] [32mBuilding CXX object CMakeFiles/iris_interfaces__rosidl_typesupport_c.dir/rosidl_typesupport_c/iris_interfaces/msg/brush_status__type_support.cpp.o[0m
[30.147s] [ 27%] [32mBuilding CXX object CMakeFiles/iris_interfaces__rosidl_typesupport_c.dir/rosidl_typesupport_c/iris_interfaces/msg/brush_faults__type_support.cpp.o[0m
[30.222s] [ 27%] [32mBuilding CXX object CMakeFiles/iris_interfaces__rosidl_typesupport_c.dir/rosidl_typesupport_c/iris_interfaces/msg/a2_fault_status__type_support.cpp.o[0m
[30.355s] [ 28%] [32mBuilding CXX object CMakeFiles/iris_interfaces__rosidl_typesupport_c.dir/rosidl_typesupport_c/iris_interfaces/msg/actuator_status__type_support.cpp.o[0m
[30.476s] [ 29%] [32mBuilding CXX object CMakeFiles/iris_interfaces__rosidl_typesupport_introspection_cpp.dir/rosidl_typesupport_introspection_cpp/iris_interfaces/msg/detail/motor_status__type_support.cpp.o[0m
[30.488s] [ 29%] [32mBuilding CXX object CMakeFiles/iris_interfaces__rosidl_typesupport_c.dir/rosidl_typesupport_c/iris_interfaces/srv/update_motor_controller_parameters__type_support.cpp.o[0m
[30.493s] [ 29%] [32mBuilding CXX object CMakeFiles/iris_interfaces__rosidl_typesupport_c.dir/rosidl_typesupport_c/iris_interfaces/srv/restart_motor_controller__type_support.cpp.o[0m
[30.584s] [ 30%] [32mBuilding CXX object CMakeFiles/iris_interfaces__rosidl_typesupport_cpp.dir/rosidl_typesupport_cpp/iris_interfaces/msg/a2_command__type_support.cpp.o[0m
[30.642s] [ 31%] [32mBuilding CXX object CMakeFiles/iris_interfaces__rosidl_typesupport_c.dir/rosidl_typesupport_c/iris_interfaces/srv/get_wifi_status__type_support.cpp.o[0m
[30.791s] [ 31%] [32mBuilding CXX object CMakeFiles/iris_interfaces__rosidl_typesupport_c.dir/rosidl_typesupport_c/iris_interfaces/srv/wifi_discovery__type_support.cpp.o[0m
[30.979s] [ 31%] [32mBuilding CXX object CMakeFiles/iris_interfaces__rosidl_typesupport_c.dir/rosidl_typesupport_c/iris_interfaces/srv/connect_wifi__type_support.cpp.o[0m
[31.049s] [ 31%] [32mBuilding CXX object CMakeFiles/iris_interfaces__rosidl_typesupport_introspection_cpp.dir/rosidl_typesupport_introspection_cpp/iris_interfaces/msg/detail/motor_controller_status__type_support.cpp.o[0m
[31.104s] [ 31%] [32mBuilding CXX object CMakeFiles/iris_interfaces__rosidl_typesupport_c.dir/rosidl_typesupport_c/iris_interfaces/srv/disconnect_wifi__type_support.cpp.o[0m
[31.152s] [ 31%] [32mBuilding CXX object CMakeFiles/iris_interfaces__rosidl_typesupport_introspection_cpp.dir/rosidl_typesupport_introspection_cpp/iris_interfaces/msg/detail/ultrasonic_ranges__type_support.cpp.o[0m
[31.266s] [ 32%] [32mBuilding CXX object CMakeFiles/iris_interfaces__rosidl_typesupport_c.dir/rosidl_typesupport_c/iris_interfaces/srv/process_manager__type_support.cpp.o[0m
[31.429s] [ 32%] [32mBuilding CXX object CMakeFiles/iris_interfaces__rosidl_typesupport_cpp.dir/rosidl_typesupport_cpp/iris_interfaces/msg/vacuum_status__type_support.cpp.o[0m
[31.438s] [ 32%] [32mBuilding CXX object CMakeFiles/iris_interfaces__rosidl_typesupport_c.dir/rosidl_typesupport_c/iris_interfaces/srv/state_manager__type_support.cpp.o[0m
[31.584s] [ 32%] [32mBuilding CXX object CMakeFiles/iris_interfaces__rosidl_typesupport_c.dir/rosidl_typesupport_c/iris_interfaces/srv/reset_wheel_encoders__type_support.cpp.o[0m
[31.763s] [ 33%] [32mBuilding CXX object CMakeFiles/iris_interfaces__rosidl_typesupport_c.dir/rosidl_typesupport_c/iris_interfaces/srv/update_motor_controller_reference_source__type_support.cpp.o[0m
[31.899s] [ 33%] [32mBuilding CXX object CMakeFiles/iris_interfaces__rosidl_typesupport_c.dir/rosidl_typesupport_c/iris_interfaces/srv/a2_command__type_support.cpp.o[0m
[32.001s] [ 33%] [32mBuilding CXX object CMakeFiles/iris_interfaces__rosidl_typesupport_c.dir/rosidl_typesupport_c/iris_interfaces/srv/reset_a2_faults__type_support.cpp.o[0m
[32.098s] [ 33%] [32mBuilding CXX object CMakeFiles/iris_interfaces__rosidl_typesupport_cpp.dir/rosidl_typesupport_cpp/iris_interfaces/msg/vacuum_faults__type_support.cpp.o[0m
[32.102s] [ 34%] [32mBuilding CXX object CMakeFiles/iris_interfaces__rosidl_typesupport_c.dir/rosidl_typesupport_c/iris_interfaces/action/compute_path_coverage__type_support.cpp.o[0m
[32.226s] [ 34%] [32mBuilding C object CMakeFiles/iris_interfaces__rosidl_typesupport_introspection_c.dir/rosidl_typesupport_introspection_c/iris_interfaces/msg/detail/wheel_command_speed__type_support.c.o[0m
[32.313s] [ 34%] [32mBuilding CXX object CMakeFiles/iris_interfaces__rosidl_typesupport_c.dir/rosidl_typesupport_c/iris_interfaces/action/navigate_path_coverage__type_support.cpp.o[0m
[32.322s] [ 35%] [32mBuilding CXX object CMakeFiles/iris_interfaces__rosidl_typesupport_introspection_cpp.dir/rosidl_typesupport_introspection_cpp/iris_interfaces/msg/detail/water_tank_levels__type_support.cpp.o[0m
[32.378s] [ 35%] [32mBuilding C object CMakeFiles/iris_interfaces__rosidl_typesupport_introspection_c.dir/rosidl_typesupport_introspection_c/iris_interfaces/msg/detail/wheel_encoders__type_support.c.o[0m
[32.625s] [ 36%] [32mBuilding C object CMakeFiles/iris_interfaces__rosidl_typesupport_introspection_c.dir/rosidl_typesupport_introspection_c/iris_interfaces/msg/detail/sensor_status__type_support.c.o[0m
[32.651s] [ 36%] [32mBuilding CXX object CMakeFiles/iris_interfaces__rosidl_typesupport_c.dir/rosidl_typesupport_c/iris_interfaces/action/path_coverage_controller__type_support.cpp.o[0m
[32.737s] [ 36%] [32mBuilding C object CMakeFiles/iris_interfaces__rosidl_typesupport_introspection_c.dir/rosidl_typesupport_introspection_c/iris_interfaces/msg/detail/motor_status__type_support.c.o[0m
[32.819s] [ 36%] [32mBuilding CXX object CMakeFiles/iris_interfaces__rosidl_typesupport_introspection_cpp.dir/rosidl_typesupport_introspection_cpp/iris_interfaces/msg/detail/headband_mode__type_support.cpp.o[0m
[32.866s] [ 36%] [32mBuilding C object CMakeFiles/iris_interfaces__rosidl_typesupport_introspection_c.dir/rosidl_typesupport_introspection_c/iris_interfaces/msg/detail/motor_controller_status__type_support.c.o[0m
[32.928s] [ 37%] [32mBuilding C object CMakeFiles/iris_interfaces__rosidl_typesupport_introspection_c.dir/rosidl_typesupport_introspection_c/iris_interfaces/msg/detail/ultrasonic_ranges__type_support.c.o[0m
[32.976s] [ 38%] [32m[1mLinking CXX shared library libiris_interfaces__rosidl_typesupport_c.so[0m
[33.011s] [ 38%] [32mBuilding C object CMakeFiles/iris_interfaces__rosidl_typesupport_introspection_c.dir/rosidl_typesupport_introspection_c/iris_interfaces/msg/detail/water_tank_levels__type_support.c.o[0m
[33.141s] [ 39%] [32mBuilding CXX object CMakeFiles/iris_interfaces__rosidl_typesupport_cpp.dir/rosidl_typesupport_cpp/iris_interfaces/msg/brush_status__type_support.cpp.o[0m
[33.175s] [ 39%] [32mBuilding C object CMakeFiles/iris_interfaces__rosidl_typesupport_introspection_c.dir/rosidl_typesupport_introspection_c/iris_interfaces/msg/detail/headband_mode__type_support.c.o[0m
[33.374s] [ 39%] [32mBuilding C object CMakeFiles/iris_interfaces__rosidl_typesupport_introspection_c.dir/rosidl_typesupport_introspection_c/iris_interfaces/msg/detail/navigation_mode__type_support.c.o[0m
[33.536s] [ 40%] [32mBuilding C object CMakeFiles/iris_interfaces__rosidl_typesupport_introspection_c.dir/rosidl_typesupport_introspection_c/iris_interfaces/msg/detail/follow_path_result__type_support.c.o[0m
[33.655s] [ 40%] [32mBuilding C object CMakeFiles/iris_interfaces__rosidl_typesupport_introspection_c.dir/rosidl_typesupport_introspection_c/iris_interfaces/msg/detail/ota_status__type_support.c.o[0m
[33.682s] [ 40%] [32mBuilding CXX object CMakeFiles/iris_interfaces__rosidl_typesupport_introspection_cpp.dir/rosidl_typesupport_introspection_cpp/iris_interfaces/msg/detail/navigation_mode__type_support.cpp.o[0m
[33.749s] [ 41%] [32mBuilding CXX object CMakeFiles/iris_interfaces__rosidl_typesupport_introspection_cpp.dir/rosidl_typesupport_introspection_cpp/iris_interfaces/msg/detail/follow_path_result__type_support.cpp.o[0m
[33.824s] [ 42%] [32mBuilding CXX object CMakeFiles/iris_interfaces__rosidl_typesupport_fastrtps_cpp.dir/rosidl_typesupport_fastrtps_cpp/iris_interfaces/msg/detail/dds_fastrtps/wheel_command_speed__type_support.cpp.o[0m
[33.827s] gmake[2]: warning:  Clock skew detected.  Your build may be incomplete.
[33.869s] [ 42%] Built target iris_interfaces__rosidl_typesupport_c
[33.876s] [ 42%] [32mBuilding C object CMakeFiles/iris_interfaces__rosidl_typesupport_introspection_c.dir/rosidl_typesupport_introspection_c/iris_interfaces/msg/detail/system_software_status__type_support.c.o[0m
[33.947s] [ 43%] [32mBuilding C object CMakeFiles/iris_interfaces__rosidl_typesupport_introspection_c.dir/rosidl_typesupport_introspection_c/iris_interfaces/msg/detail/mender_client_status__type_support.c.o[0m
[34.062s] [ 43%] [32mBuilding CXX object CMakeFiles/iris_interfaces__rosidl_typesupport_introspection_cpp.dir/rosidl_typesupport_introspection_cpp/iris_interfaces/msg/detail/ota_status__type_support.cpp.o[0m
[34.110s] [ 43%] [32mBuilding C object CMakeFiles/iris_interfaces__rosidl_typesupport_introspection_c.dir/rosidl_typesupport_introspection_c/iris_interfaces/msg/detail/a5_status__type_support.c.o[0m
[34.269s] [ 43%] [32mBuilding C object CMakeFiles/iris_interfaces__rosidl_typesupport_introspection_c.dir/rosidl_typesupport_introspection_c/iris_interfaces/msg/detail/led_control__type_support.c.o[0m
[34.382s] [ 43%] [32mBuilding CXX object CMakeFiles/iris_interfaces__rosidl_typesupport_cpp.dir/rosidl_typesupport_cpp/iris_interfaces/msg/brush_faults__type_support.cpp.o[0m
[34.456s] [ 44%] [32mBuilding C object CMakeFiles/iris_interfaces__rosidl_typesupport_introspection_c.dir/rosidl_typesupport_introspection_c/iris_interfaces/msg/detail/a2_functional_status__type_support.c.o[0m
[34.708s] [ 44%] [32mBuilding C object CMakeFiles/iris_interfaces__rosidl_typesupport_introspection_c.dir/rosidl_typesupport_introspection_c/iris_interfaces/msg/detail/a2_command__type_support.c.o[0m
[34.763s] [ 44%] [32mBuilding CXX object CMakeFiles/iris_interfaces__rosidl_typesupport_introspection_cpp.dir/rosidl_typesupport_introspection_cpp/iris_interfaces/msg/detail/system_software_status__type_support.cpp.o[0m
[34.817s] [ 44%] [32mBuilding C object CMakeFiles/iris_interfaces__rosidl_typesupport_introspection_c.dir/rosidl_typesupport_introspection_c/iris_interfaces/msg/detail/vacuum_status__type_support.c.o[0m
[34.952s] [ 45%] [32mBuilding C object CMakeFiles/iris_interfaces__rosidl_typesupport_introspection_c.dir/rosidl_typesupport_introspection_c/iris_interfaces/msg/detail/vacuum_faults__type_support.c.o[0m
[35.132s] [ 45%] [32mBuilding C object CMakeFiles/iris_interfaces__rosidl_typesupport_introspection_c.dir/rosidl_typesupport_introspection_c/iris_interfaces/msg/detail/brush_status__type_support.c.o[0m
[35.343s] [ 45%] [32mBuilding C object CMakeFiles/iris_interfaces__rosidl_typesupport_introspection_c.dir/rosidl_typesupport_introspection_c/iris_interfaces/msg/detail/brush_faults__type_support.c.o[0m
[35.546s] [ 45%] [32mBuilding C object CMakeFiles/iris_interfaces__rosidl_typesupport_introspection_c.dir/rosidl_typesupport_introspection_c/iris_interfaces/msg/detail/a2_fault_status__type_support.c.o[0m
[35.590s] [ 46%] [32mBuilding CXX object CMakeFiles/iris_interfaces__rosidl_typesupport_introspection_cpp.dir/rosidl_typesupport_introspection_cpp/iris_interfaces/msg/detail/mender_client_status__type_support.cpp.o[0m
[35.739s] [ 47%] [32mBuilding C object CMakeFiles/iris_interfaces__rosidl_typesupport_introspection_c.dir/rosidl_typesupport_introspection_c/iris_interfaces/msg/detail/actuator_status__type_support.c.o[0m
[35.798s] [ 47%] [32mBuilding CXX object CMakeFiles/iris_interfaces__rosidl_typesupport_fastrtps_cpp.dir/rosidl_typesupport_fastrtps_cpp/iris_interfaces/msg/detail/dds_fastrtps/wheel_encoders__type_support.cpp.o[0m
[36.012s] [ 47%] [32mBuilding C object CMakeFiles/iris_interfaces__rosidl_typesupport_introspection_c.dir/rosidl_typesupport_introspection_c/iris_interfaces/srv/detail/update_motor_controller_parameters__type_support.c.o[0m
[36.025s] [ 47%] [32mBuilding CXX object CMakeFiles/iris_interfaces__rosidl_typesupport_cpp.dir/rosidl_typesupport_cpp/iris_interfaces/msg/a2_fault_status__type_support.cpp.o[0m
[36.103s] [ 47%] [32mBuilding CXX object CMakeFiles/iris_interfaces__rosidl_typesupport_cpp.dir/rosidl_typesupport_cpp/iris_interfaces/msg/actuator_status__type_support.cpp.o[0m
[36.127s] [ 47%] [32mBuilding CXX object CMakeFiles/iris_interfaces__rosidl_typesupport_fastrtps_cpp.dir/rosidl_typesupport_fastrtps_cpp/iris_interfaces/msg/detail/dds_fastrtps/sensor_status__type_support.cpp.o[0m
[36.202s] [ 47%] [32mBuilding C object CMakeFiles/iris_interfaces__rosidl_typesupport_introspection_c.dir/rosidl_typesupport_introspection_c/iris_interfaces/srv/detail/restart_motor_controller__type_support.c.o[0m
[36.368s] [ 48%] [32mBuilding C object CMakeFiles/iris_interfaces__rosidl_typesupport_introspection_c.dir/rosidl_typesupport_introspection_c/iris_interfaces/srv/detail/get_wifi_status__type_support.c.o[0m
[36.620s] [ 48%] [32mBuilding C object CMakeFiles/iris_interfaces__rosidl_typesupport_introspection_c.dir/rosidl_typesupport_introspection_c/iris_interfaces/srv/detail/wifi_discovery__type_support.c.o[0m
[36.802s] [ 48%] [32mBuilding C object CMakeFiles/iris_interfaces__rosidl_typesupport_introspection_c.dir/rosidl_typesupport_introspection_c/iris_interfaces/srv/detail/connect_wifi__type_support.c.o[0m
[36.864s] [ 49%] [32mBuilding CXX object CMakeFiles/iris_interfaces__rosidl_typesupport_cpp.dir/rosidl_typesupport_cpp/iris_interfaces/srv/update_motor_controller_parameters__type_support.cpp.o[0m
[36.944s] [ 50%] [32mBuilding C object CMakeFiles/iris_interfaces__rosidl_typesupport_introspection_c.dir/rosidl_typesupport_introspection_c/iris_interfaces/srv/detail/disconnect_wifi__type_support.c.o[0m
[37.016s] [ 50%] [32mBuilding CXX object CMakeFiles/iris_interfaces__rosidl_typesupport_fastrtps_c.dir/rosidl_typesupport_fastrtps_c/iris_interfaces/msg/detail/wheel_command_speed__type_support_c.cpp.o[0m
[37.102s] [ 50%] [32mBuilding C object CMakeFiles/iris_interfaces__rosidl_typesupport_introspection_c.dir/rosidl_typesupport_introspection_c/iris_interfaces/srv/detail/process_manager__type_support.c.o[0m
[37.226s] [ 50%] [32mBuilding C object CMakeFiles/iris_interfaces__rosidl_typesupport_introspection_c.dir/rosidl_typesupport_introspection_c/iris_interfaces/srv/detail/state_manager__type_support.c.o[0m
[37.352s] [ 51%] [32mBuilding C object CMakeFiles/iris_interfaces__rosidl_typesupport_introspection_c.dir/rosidl_typesupport_introspection_c/iris_interfaces/srv/detail/reset_wheel_encoders__type_support.c.o[0m
[37.404s] [ 51%] [32mBuilding CXX object CMakeFiles/iris_interfaces__rosidl_typesupport_cpp.dir/rosidl_typesupport_cpp/iris_interfaces/srv/restart_motor_controller__type_support.cpp.o[0m
[37.421s] [ 51%] [32mBuilding CXX object CMakeFiles/iris_interfaces__rosidl_typesupport_introspection_cpp.dir/rosidl_typesupport_introspection_cpp/iris_interfaces/msg/detail/a5_status__type_support.cpp.o[0m
[37.514s] [ 51%] [32mBuilding C object CMakeFiles/iris_interfaces__rosidl_typesupport_introspection_c.dir/rosidl_typesupport_introspection_c/iris_interfaces/srv/detail/update_motor_controller_reference_source__type_support.c.o[0m
[37.524s] [ 51%] [32mBuilding CXX object CMakeFiles/iris_interfaces__rosidl_typesupport_introspection_cpp.dir/rosidl_typesupport_introspection_cpp/iris_interfaces/msg/detail/led_control__type_support.cpp.o[0m
[37.725s] [ 51%] [32mBuilding C object CMakeFiles/iris_interfaces__rosidl_typesupport_introspection_c.dir/rosidl_typesupport_introspection_c/iris_interfaces/srv/detail/a2_command__type_support.c.o[0m
[37.744s] [ 51%] [32mBuilding CXX object CMakeFiles/iris_interfaces__rosidl_typesupport_introspection_cpp.dir/rosidl_typesupport_introspection_cpp/iris_interfaces/msg/detail/a2_functional_status__type_support.cpp.o[0m
[37.843s] [ 52%] [32mBuilding CXX object CMakeFiles/iris_interfaces__rosidl_typesupport_fastrtps_cpp.dir/rosidl_typesupport_fastrtps_cpp/iris_interfaces/msg/detail/dds_fastrtps/motor_status__type_support.cpp.o[0m
[37.900s] [ 52%] [32mBuilding C object CMakeFiles/iris_interfaces__rosidl_typesupport_introspection_c.dir/rosidl_typesupport_introspection_c/iris_interfaces/srv/detail/reset_a2_faults__type_support.c.o[0m
[38.053s] [ 52%] [32mBuilding CXX object CMakeFiles/iris_interfaces__rosidl_typesupport_fastrtps_cpp.dir/rosidl_typesupport_fastrtps_cpp/iris_interfaces/msg/detail/dds_fastrtps/motor_controller_status__type_support.cpp.o[0m
[38.100s] [ 53%] [32mBuilding C object CMakeFiles/iris_interfaces__rosidl_typesupport_introspection_c.dir/rosidl_typesupport_introspection_c/iris_interfaces/action/detail/compute_path_coverage__type_support.c.o[0m
[38.333s] [ 53%] [32mBuilding CXX object CMakeFiles/iris_interfaces__rosidl_typesupport_fastrtps_c.dir/rosidl_typesupport_fastrtps_c/iris_interfaces/msg/detail/wheel_encoders__type_support_c.cpp.o[0m
[38.380s] [ 53%] [32mBuilding C object CMakeFiles/iris_interfaces__rosidl_typesupport_introspection_c.dir/rosidl_typesupport_introspection_c/iris_interfaces/action/detail/navigate_path_coverage__type_support.c.o[0m
[38.496s] [ 53%] [32mBuilding CXX object CMakeFiles/iris_interfaces__rosidl_typesupport_cpp.dir/rosidl_typesupport_cpp/iris_interfaces/srv/get_wifi_status__type_support.cpp.o[0m
[38.614s] [ 53%] [32mBuilding C object CMakeFiles/iris_interfaces__rosidl_typesupport_introspection_c.dir/rosidl_typesupport_introspection_c/iris_interfaces/action/detail/path_coverage_controller__type_support.c.o[0m
[38.680s] [ 54%] [32mBuilding CXX object CMakeFiles/iris_interfaces__rosidl_typesupport_introspection_cpp.dir/rosidl_typesupport_introspection_cpp/iris_interfaces/msg/detail/a2_command__type_support.cpp.o[0m
[38.803s] [ 55%] [32m[1mLinking C shared library libiris_interfaces__rosidl_typesupport_introspection_c.so[0m
[38.962s] [ 55%] [32mBuilding CXX object CMakeFiles/iris_interfaces__rosidl_typesupport_introspection_cpp.dir/rosidl_typesupport_introspection_cpp/iris_interfaces/msg/detail/vacuum_status__type_support.cpp.o[0m
[39.319s] [ 56%] [32mBuilding CXX object CMakeFiles/iris_interfaces__rosidl_typesupport_cpp.dir/rosidl_typesupport_cpp/iris_interfaces/srv/wifi_discovery__type_support.cpp.o[0m
[39.320s] [ 56%] Built target iris_interfaces__rosidl_typesupport_introspection_c
[39.340s] [ 57%] [32mBuilding CXX object CMakeFiles/iris_interfaces__rosidl_typesupport_fastrtps_c.dir/rosidl_typesupport_fastrtps_c/iris_interfaces/msg/detail/sensor_status__type_support_c.cpp.o[0m
[39.362s] [ 57%] [32mBuilding CXX object CMakeFiles/iris_interfaces__rosidl_typesupport_fastrtps_cpp.dir/rosidl_typesupport_fastrtps_cpp/iris_interfaces/msg/detail/dds_fastrtps/ultrasonic_ranges__type_support.cpp.o[0m
[39.634s] [ 58%] [32mBuilding CXX object CMakeFiles/iris_interfaces__rosidl_typesupport_fastrtps_cpp.dir/rosidl_typesupport_fastrtps_cpp/iris_interfaces/msg/detail/dds_fastrtps/water_tank_levels__type_support.cpp.o[0m
[39.990s] [ 58%] [32mBuilding CXX object CMakeFiles/iris_interfaces__rosidl_typesupport_fastrtps_cpp.dir/rosidl_typesupport_fastrtps_cpp/iris_interfaces/msg/detail/dds_fastrtps/headband_mode__type_support.cpp.o[0m
[40.035s] [ 58%] [32mBuilding CXX object CMakeFiles/iris_interfaces__rosidl_typesupport_fastrtps_c.dir/rosidl_typesupport_fastrtps_c/iris_interfaces/msg/detail/motor_status__type_support_c.cpp.o[0m
[40.052s] [ 58%] [32mBuilding CXX object CMakeFiles/iris_interfaces__rosidl_typesupport_introspection_cpp.dir/rosidl_typesupport_introspection_cpp/iris_interfaces/msg/detail/vacuum_faults__type_support.cpp.o[0m
[40.348s] [ 58%] [32mBuilding CXX object CMakeFiles/iris_interfaces__rosidl_typesupport_cpp.dir/rosidl_typesupport_cpp/iris_interfaces/srv/connect_wifi__type_support.cpp.o[0m
[40.449s] [ 58%] [32mBuilding CXX object CMakeFiles/iris_interfaces__rosidl_typesupport_fastrtps_cpp.dir/rosidl_typesupport_fastrtps_cpp/iris_interfaces/msg/detail/dds_fastrtps/navigation_mode__type_support.cpp.o[0m
[40.785s] [ 58%] [32mBuilding CXX object CMakeFiles/iris_interfaces__rosidl_typesupport_cpp.dir/rosidl_typesupport_cpp/iris_interfaces/srv/disconnect_wifi__type_support.cpp.o[0m
[40.830s] [ 59%] [32mBuilding CXX object CMakeFiles/iris_interfaces__rosidl_typesupport_fastrtps_cpp.dir/rosidl_typesupport_fastrtps_cpp/iris_interfaces/msg/detail/dds_fastrtps/follow_path_result__type_support.cpp.o[0m
[41.231s] [ 60%] [32mBuilding CXX object CMakeFiles/iris_interfaces__rosidl_typesupport_introspection_cpp.dir/rosidl_typesupport_introspection_cpp/iris_interfaces/msg/detail/brush_status__type_support.cpp.o[0m
[41.256s] [ 60%] [32mBuilding CXX object CMakeFiles/iris_interfaces__rosidl_typesupport_fastrtps_c.dir/rosidl_typesupport_fastrtps_c/iris_interfaces/msg/detail/motor_controller_status__type_support_c.cpp.o[0m
[41.445s] [ 60%] [32mBuilding CXX object CMakeFiles/iris_interfaces__rosidl_typesupport_fastrtps_c.dir/rosidl_typesupport_fastrtps_c/iris_interfaces/msg/detail/ultrasonic_ranges__type_support_c.cpp.o[0m
[41.603s] [ 61%] [32mBuilding CXX object CMakeFiles/iris_interfaces__rosidl_typesupport_fastrtps_c.dir/rosidl_typesupport_fastrtps_c/iris_interfaces/msg/detail/water_tank_levels__type_support_c.cpp.o[0m
[41.730s] [ 61%] [32mBuilding CXX object CMakeFiles/iris_interfaces__rosidl_typesupport_introspection_cpp.dir/rosidl_typesupport_introspection_cpp/iris_interfaces/msg/detail/brush_faults__type_support.cpp.o[0m
[41.798s] [ 62%] [32mBuilding CXX object CMakeFiles/iris_interfaces__rosidl_typesupport_cpp.dir/rosidl_typesupport_cpp/iris_interfaces/srv/process_manager__type_support.cpp.o[0m
[41.832s] [ 62%] [32mBuilding CXX object CMakeFiles/iris_interfaces__rosidl_typesupport_fastrtps_c.dir/rosidl_typesupport_fastrtps_c/iris_interfaces/msg/detail/headband_mode__type_support_c.cpp.o[0m
[42.236s] [ 62%] [32mBuilding CXX object CMakeFiles/iris_interfaces__rosidl_typesupport_fastrtps_cpp.dir/rosidl_typesupport_fastrtps_cpp/iris_interfaces/msg/detail/dds_fastrtps/ota_status__type_support.cpp.o[0m
[42.542s] [ 62%] [32mBuilding CXX object CMakeFiles/iris_interfaces__rosidl_typesupport_fastrtps_c.dir/rosidl_typesupport_fastrtps_c/iris_interfaces/msg/detail/navigation_mode__type_support_c.cpp.o[0m
[42.629s] [ 62%] [32mBuilding CXX object CMakeFiles/iris_interfaces__rosidl_typesupport_cpp.dir/rosidl_typesupport_cpp/iris_interfaces/srv/state_manager__type_support.cpp.o[0m
[42.771s] [ 62%] [32mBuilding CXX object CMakeFiles/iris_interfaces__rosidl_typesupport_fastrtps_cpp.dir/rosidl_typesupport_fastrtps_cpp/iris_interfaces/msg/detail/dds_fastrtps/system_software_status__type_support.cpp.o[0m
[42.799s] [ 63%] [32mBuilding CXX object CMakeFiles/iris_interfaces__rosidl_typesupport_fastrtps_c.dir/rosidl_typesupport_fastrtps_c/iris_interfaces/msg/detail/follow_path_result__type_support_c.cpp.o[0m
[43.037s] [ 63%] [32mBuilding CXX object CMakeFiles/iris_interfaces__rosidl_typesupport_introspection_cpp.dir/rosidl_typesupport_introspection_cpp/iris_interfaces/msg/detail/a2_fault_status__type_support.cpp.o[0m
[43.057s] [ 63%] [32mBuilding CXX object CMakeFiles/iris_interfaces__rosidl_typesupport_fastrtps_c.dir/rosidl_typesupport_fastrtps_c/iris_interfaces/msg/detail/ota_status__type_support_c.cpp.o[0m
[43.172s] [ 63%] [32mBuilding CXX object CMakeFiles/iris_interfaces__rosidl_typesupport_cpp.dir/rosidl_typesupport_cpp/iris_interfaces/srv/reset_wheel_encoders__type_support.cpp.o[0m
[43.546s] [ 63%] [32mBuilding CXX object CMakeFiles/iris_interfaces__rosidl_typesupport_fastrtps_c.dir/rosidl_typesupport_fastrtps_c/iris_interfaces/msg/detail/system_software_status__type_support_c.cpp.o[0m
[43.805s] [ 64%] [32mBuilding CXX object CMakeFiles/iris_interfaces__rosidl_typesupport_fastrtps_c.dir/rosidl_typesupport_fastrtps_c/iris_interfaces/msg/detail/mender_client_status__type_support_c.cpp.o[0m
[43.866s] [ 65%] [32mBuilding CXX object CMakeFiles/iris_interfaces__rosidl_typesupport_cpp.dir/rosidl_typesupport_cpp/iris_interfaces/srv/update_motor_controller_reference_source__type_support.cpp.o[0m
[44.130s] [ 66%] [32mBuilding CXX object CMakeFiles/iris_interfaces__rosidl_typesupport_introspection_cpp.dir/rosidl_typesupport_introspection_cpp/iris_interfaces/msg/detail/actuator_status__type_support.cpp.o[0m
[44.292s] [ 66%] [32mBuilding CXX object CMakeFiles/iris_interfaces__rosidl_typesupport_fastrtps_c.dir/rosidl_typesupport_fastrtps_c/iris_interfaces/msg/detail/a5_status__type_support_c.cpp.o[0m
[44.363s] [ 66%] [32mBuilding CXX object CMakeFiles/iris_interfaces__rosidl_typesupport_fastrtps_cpp.dir/rosidl_typesupport_fastrtps_cpp/iris_interfaces/msg/detail/dds_fastrtps/mender_client_status__type_support.cpp.o[0m
[44.406s] [ 66%] [32mBuilding CXX object CMakeFiles/iris_interfaces__rosidl_typesupport_fastrtps_c.dir/rosidl_typesupport_fastrtps_c/iris_interfaces/msg/detail/led_control__type_support_c.cpp.o[0m
[44.411s] [ 66%] [32mBuilding CXX object CMakeFiles/iris_interfaces__rosidl_typesupport_introspection_cpp.dir/rosidl_typesupport_introspection_cpp/iris_interfaces/srv/detail/update_motor_controller_parameters__type_support.cpp.o[0m
[44.675s] [ 66%] [32mBuilding CXX object CMakeFiles/iris_interfaces__rosidl_typesupport_introspection_cpp.dir/rosidl_typesupport_introspection_cpp/iris_interfaces/srv/detail/restart_motor_controller__type_support.cpp.o[0m
[45.114s] [ 66%] [32mBuilding CXX object CMakeFiles/iris_interfaces__rosidl_typesupport_cpp.dir/rosidl_typesupport_cpp/iris_interfaces/srv/a2_command__type_support.cpp.o[0m
[45.254s] [ 66%] [32mBuilding CXX object CMakeFiles/iris_interfaces__rosidl_typesupport_cpp.dir/rosidl_typesupport_cpp/iris_interfaces/srv/reset_a2_faults__type_support.cpp.o[0m
[45.540s] [ 66%] [32mBuilding CXX object CMakeFiles/iris_interfaces__rosidl_typesupport_cpp.dir/rosidl_typesupport_cpp/iris_interfaces/action/compute_path_coverage__type_support.cpp.o[0m
[45.580s] [ 67%] [32mBuilding CXX object CMakeFiles/iris_interfaces__rosidl_typesupport_fastrtps_cpp.dir/rosidl_typesupport_fastrtps_cpp/iris_interfaces/msg/detail/dds_fastrtps/a5_status__type_support.cpp.o[0m
[45.696s] [ 67%] [32mBuilding CXX object CMakeFiles/iris_interfaces__rosidl_typesupport_fastrtps_cpp.dir/rosidl_typesupport_fastrtps_cpp/iris_interfaces/msg/detail/dds_fastrtps/led_control__type_support.cpp.o[0m
[45.708s] [ 68%] [32mBuilding CXX object CMakeFiles/iris_interfaces__rosidl_typesupport_fastrtps_c.dir/rosidl_typesupport_fastrtps_c/iris_interfaces/msg/detail/a2_functional_status__type_support_c.cpp.o[0m
[45.946s] [ 68%] [32mBuilding CXX object CMakeFiles/iris_interfaces__rosidl_typesupport_fastrtps_c.dir/rosidl_typesupport_fastrtps_c/iris_interfaces/msg/detail/a2_command__type_support_c.cpp.o[0m
[45.980s] [ 69%] [32mBuilding CXX object CMakeFiles/iris_interfaces__rosidl_typesupport_introspection_cpp.dir/rosidl_typesupport_introspection_cpp/iris_interfaces/srv/detail/get_wifi_status__type_support.cpp.o[0m
[46.138s] [ 69%] [32mBuilding CXX object CMakeFiles/iris_interfaces__rosidl_typesupport_fastrtps_cpp.dir/rosidl_typesupport_fastrtps_cpp/iris_interfaces/msg/detail/dds_fastrtps/a2_functional_status__type_support.cpp.o[0m
[46.376s] [ 69%] [32mBuilding CXX object CMakeFiles/iris_interfaces__rosidl_typesupport_introspection_cpp.dir/rosidl_typesupport_introspection_cpp/iris_interfaces/srv/detail/wifi_discovery__type_support.cpp.o[0m
[46.943s] [ 69%] [32mBuilding CXX object CMakeFiles/iris_interfaces__rosidl_typesupport_introspection_cpp.dir/rosidl_typesupport_introspection_cpp/iris_interfaces/srv/detail/connect_wifi__type_support.cpp.o[0m
[47.091s] [ 70%] [32mBuilding CXX object CMakeFiles/iris_interfaces__rosidl_typesupport_cpp.dir/rosidl_typesupport_cpp/iris_interfaces/action/navigate_path_coverage__type_support.cpp.o[0m
[47.288s] [ 70%] [32mBuilding CXX object CMakeFiles/iris_interfaces__rosidl_typesupport_fastrtps_c.dir/rosidl_typesupport_fastrtps_c/iris_interfaces/msg/detail/vacuum_status__type_support_c.cpp.o[0m
[47.386s] [ 71%] [32mBuilding CXX object CMakeFiles/iris_interfaces__rosidl_typesupport_introspection_cpp.dir/rosidl_typesupport_introspection_cpp/iris_interfaces/srv/detail/process_manager__type_support.cpp.o[0m
[47.394s] [ 71%] [32mBuilding CXX object CMakeFiles/iris_interfaces__rosidl_typesupport_introspection_cpp.dir/rosidl_typesupport_introspection_cpp/iris_interfaces/srv/detail/disconnect_wifi__type_support.cpp.o[0m
[47.596s] [ 71%] [32mBuilding CXX object CMakeFiles/iris_interfaces__rosidl_typesupport_cpp.dir/rosidl_typesupport_cpp/iris_interfaces/action/path_coverage_controller__type_support.cpp.o[0m
[47.641s] [ 72%] [32mBuilding CXX object CMakeFiles/iris_interfaces__rosidl_typesupport_fastrtps_cpp.dir/rosidl_typesupport_fastrtps_cpp/iris_interfaces/msg/detail/dds_fastrtps/a2_command__type_support.cpp.o[0m
[47.751s] [ 72%] [32mBuilding CXX object CMakeFiles/iris_interfaces__rosidl_typesupport_introspection_cpp.dir/rosidl_typesupport_introspection_cpp/iris_interfaces/srv/detail/state_manager__type_support.cpp.o[0m
[48.222s] [ 72%] [32mBuilding CXX object CMakeFiles/iris_interfaces__rosidl_typesupport_fastrtps_c.dir/rosidl_typesupport_fastrtps_c/iris_interfaces/msg/detail/vacuum_faults__type_support_c.cpp.o[0m
[48.809s] [ 73%] [32mBuilding CXX object CMakeFiles/iris_interfaces__rosidl_typesupport_fastrtps_c.dir/rosidl_typesupport_fastrtps_c/iris_interfaces/msg/detail/brush_status__type_support_c.cpp.o[0m
[48.813s] [ 73%] [32mBuilding CXX object CMakeFiles/iris_interfaces__rosidl_typesupport_fastrtps_cpp.dir/rosidl_typesupport_fastrtps_cpp/iris_interfaces/msg/detail/dds_fastrtps/vacuum_status__type_support.cpp.o[0m
[49.110s] [ 73%] [32mBuilding CXX object CMakeFiles/iris_interfaces__rosidl_typesupport_introspection_cpp.dir/rosidl_typesupport_introspection_cpp/iris_interfaces/srv/detail/reset_wheel_encoders__type_support.cpp.o[0m
[49.121s] [ 73%] [32mBuilding CXX object CMakeFiles/iris_interfaces__rosidl_typesupport_fastrtps_cpp.dir/rosidl_typesupport_fastrtps_cpp/iris_interfaces/msg/detail/dds_fastrtps/vacuum_faults__type_support.cpp.o[0m
[49.147s] [ 73%] [32mBuilding CXX object CMakeFiles/iris_interfaces__rosidl_typesupport_fastrtps_c.dir/rosidl_typesupport_fastrtps_c/iris_interfaces/msg/detail/brush_faults__type_support_c.cpp.o[0m
[49.150s] [ 73%] [32m[1mLinking CXX shared library libiris_interfaces__rosidl_typesupport_cpp.so[0m
[49.361s] [ 73%] [32mBuilding CXX object CMakeFiles/iris_interfaces__rosidl_typesupport_fastrtps_c.dir/rosidl_typesupport_fastrtps_c/iris_interfaces/msg/detail/a2_fault_status__type_support_c.cpp.o[0m
[49.367s] [ 74%] [32mBuilding CXX object CMakeFiles/iris_interfaces__rosidl_typesupport_fastrtps_cpp.dir/rosidl_typesupport_fastrtps_cpp/iris_interfaces/msg/detail/dds_fastrtps/brush_status__type_support.cpp.o[0m
[49.661s] gmake[2]: warning:  Clock skew detected.  Your build may be incomplete.
[49.711s] [ 74%] Built target iris_interfaces__rosidl_typesupport_cpp
[49.749s] [ 75%] [32mBuilding CXX object CMakeFiles/iris_interfaces__rosidl_typesupport_fastrtps_c.dir/rosidl_typesupport_fastrtps_c/iris_interfaces/msg/detail/actuator_status__type_support_c.cpp.o[0m
[50.196s] [ 76%] [32mBuilding CXX object CMakeFiles/iris_interfaces__rosidl_typesupport_introspection_cpp.dir/rosidl_typesupport_introspection_cpp/iris_interfaces/srv/detail/update_motor_controller_reference_source__type_support.cpp.o[0m
[50.204s] [ 76%] [32mBuilding CXX object CMakeFiles/iris_interfaces__rosidl_typesupport_fastrtps_c.dir/rosidl_typesupport_fastrtps_c/iris_interfaces/srv/detail/update_motor_controller_parameters__type_support_c.cpp.o[0m
[50.568s] [ 76%] [32mBuilding CXX object CMakeFiles/iris_interfaces__rosidl_typesupport_introspection_cpp.dir/rosidl_typesupport_introspection_cpp/iris_interfaces/srv/detail/a2_command__type_support.cpp.o[0m
[50.632s] [ 76%] [32mBuilding CXX object CMakeFiles/iris_interfaces__rosidl_typesupport_introspection_cpp.dir/rosidl_typesupport_introspection_cpp/iris_interfaces/srv/detail/reset_a2_faults__type_support.cpp.o[0m
[50.710s] [ 77%] [32mBuilding CXX object CMakeFiles/iris_interfaces__rosidl_typesupport_introspection_cpp.dir/rosidl_typesupport_introspection_cpp/iris_interfaces/action/detail/compute_path_coverage__type_support.cpp.o[0m
[50.736s] [ 77%] [32mBuilding CXX object CMakeFiles/iris_interfaces__rosidl_typesupport_introspection_cpp.dir/rosidl_typesupport_introspection_cpp/iris_interfaces/action/detail/navigate_path_coverage__type_support.cpp.o[0m
[50.921s] [ 77%] [32mBuilding CXX object CMakeFiles/iris_interfaces__rosidl_typesupport_fastrtps_c.dir/rosidl_typesupport_fastrtps_c/iris_interfaces/srv/detail/restart_motor_controller__type_support_c.cpp.o[0m
[51.062s] [ 77%] [32mBuilding CXX object CMakeFiles/iris_interfaces__rosidl_typesupport_fastrtps_cpp.dir/rosidl_typesupport_fastrtps_cpp/iris_interfaces/msg/detail/dds_fastrtps/brush_faults__type_support.cpp.o[0m
[51.400s] [ 78%] [32mBuilding CXX object CMakeFiles/iris_interfaces__rosidl_typesupport_fastrtps_c.dir/rosidl_typesupport_fastrtps_c/iris_interfaces/srv/detail/get_wifi_status__type_support_c.cpp.o[0m
[51.472s] [ 78%] [32mBuilding CXX object CMakeFiles/iris_interfaces__rosidl_typesupport_introspection_cpp.dir/rosidl_typesupport_introspection_cpp/iris_interfaces/action/detail/path_coverage_controller__type_support.cpp.o[0m
[52.268s] [ 78%] [32mBuilding CXX object CMakeFiles/iris_interfaces__rosidl_typesupport_fastrtps_cpp.dir/rosidl_typesupport_fastrtps_cpp/iris_interfaces/msg/detail/dds_fastrtps/a2_fault_status__type_support.cpp.o[0m
[52.340s] [ 79%] [32mBuilding CXX object CMakeFiles/iris_interfaces__rosidl_typesupport_fastrtps_cpp.dir/rosidl_typesupport_fastrtps_cpp/iris_interfaces/msg/detail/dds_fastrtps/actuator_status__type_support.cpp.o[0m
[52.518s] [ 79%] [32mBuilding CXX object CMakeFiles/iris_interfaces__rosidl_typesupport_fastrtps_c.dir/rosidl_typesupport_fastrtps_c/iris_interfaces/srv/detail/wifi_discovery__type_support_c.cpp.o[0m
[52.848s] [ 79%] [32mBuilding CXX object CMakeFiles/iris_interfaces__rosidl_typesupport_fastrtps_cpp.dir/rosidl_typesupport_fastrtps_cpp/iris_interfaces/srv/detail/dds_fastrtps/update_motor_controller_parameters__type_support.cpp.o[0m
[52.872s] [ 79%] [32mBuilding CXX object CMakeFiles/iris_interfaces__rosidl_typesupport_fastrtps_cpp.dir/rosidl_typesupport_fastrtps_cpp/iris_interfaces/srv/detail/dds_fastrtps/restart_motor_controller__type_support.cpp.o[0m
[52.945s] [ 79%] [32mBuilding CXX object CMakeFiles/iris_interfaces__rosidl_typesupport_fastrtps_c.dir/rosidl_typesupport_fastrtps_c/iris_interfaces/srv/detail/connect_wifi__type_support_c.cpp.o[0m
[53.392s] [ 79%] [32mBuilding CXX object CMakeFiles/iris_interfaces__rosidl_typesupport_fastrtps_cpp.dir/rosidl_typesupport_fastrtps_cpp/iris_interfaces/srv/detail/dds_fastrtps/get_wifi_status__type_support.cpp.o[0m
[53.853s] [ 80%] [32mBuilding CXX object CMakeFiles/iris_interfaces__rosidl_typesupport_fastrtps_cpp.dir/rosidl_typesupport_fastrtps_cpp/iris_interfaces/srv/detail/dds_fastrtps/wifi_discovery__type_support.cpp.o[0m
[53.996s] [ 80%] [32mBuilding CXX object CMakeFiles/iris_interfaces__rosidl_typesupport_fastrtps_cpp.dir/rosidl_typesupport_fastrtps_cpp/iris_interfaces/srv/detail/dds_fastrtps/connect_wifi__type_support.cpp.o[0m
[54.005s] [ 81%] [32mBuilding CXX object CMakeFiles/iris_interfaces__rosidl_typesupport_fastrtps_c.dir/rosidl_typesupport_fastrtps_c/iris_interfaces/srv/detail/disconnect_wifi__type_support_c.cpp.o[0m
[54.153s] [ 82%] [32m[1mLinking CXX shared library libiris_interfaces__rosidl_typesupport_introspection_cpp.so[0m
[54.170s] [ 82%] [32mBuilding CXX object CMakeFiles/iris_interfaces__rosidl_typesupport_fastrtps_cpp.dir/rosidl_typesupport_fastrtps_cpp/iris_interfaces/srv/detail/dds_fastrtps/disconnect_wifi__type_support.cpp.o[0m
[54.419s] [ 82%] [32mBuilding CXX object CMakeFiles/iris_interfaces__rosidl_typesupport_fastrtps_c.dir/rosidl_typesupport_fastrtps_c/iris_interfaces/srv/detail/process_manager__type_support_c.cpp.o[0m
[54.557s] [ 82%] [32mBuilding CXX object CMakeFiles/iris_interfaces__rosidl_typesupport_fastrtps_c.dir/rosidl_typesupport_fastrtps_c/iris_interfaces/srv/detail/state_manager__type_support_c.cpp.o[0m
[55.004s] [ 82%] [32mBuilding CXX object CMakeFiles/iris_interfaces__rosidl_typesupport_fastrtps_c.dir/rosidl_typesupport_fastrtps_c/iris_interfaces/srv/detail/reset_wheel_encoders__type_support_c.cpp.o[0m
[55.012s] gmake[2]: warning:  Clock skew detected.  Your build may be incomplete.
[55.050s] [ 82%] Built target iris_interfaces__rosidl_typesupport_introspection_cpp
[55.101s] [ 83%] [32mBuilding CXX object CMakeFiles/iris_interfaces__rosidl_typesupport_fastrtps_cpp.dir/rosidl_typesupport_fastrtps_cpp/iris_interfaces/srv/detail/dds_fastrtps/process_manager__type_support.cpp.o[0m
[55.324s] [ 84%] [32mBuilding CXX object CMakeFiles/iris_interfaces__rosidl_typesupport_fastrtps_c.dir/rosidl_typesupport_fastrtps_c/iris_interfaces/srv/detail/update_motor_controller_reference_source__type_support_c.cpp.o[0m
[55.439s] [ 84%] [32mBuilding CXX object CMakeFiles/iris_interfaces__rosidl_typesupport_fastrtps_cpp.dir/rosidl_typesupport_fastrtps_cpp/iris_interfaces/srv/detail/dds_fastrtps/state_manager__type_support.cpp.o[0m
[55.480s] [ 84%] [32mBuilding CXX object CMakeFiles/iris_interfaces__rosidl_typesupport_fastrtps_c.dir/rosidl_typesupport_fastrtps_c/iris_interfaces/srv/detail/a2_command__type_support_c.cpp.o[0m
[55.583s] [ 84%] [32mBuilding CXX object CMakeFiles/iris_interfaces__rosidl_typesupport_fastrtps_cpp.dir/rosidl_typesupport_fastrtps_cpp/iris_interfaces/srv/detail/dds_fastrtps/reset_wheel_encoders__type_support.cpp.o[0m
[55.857s] [ 84%] [32mBuilding CXX object CMakeFiles/iris_interfaces__rosidl_typesupport_fastrtps_c.dir/rosidl_typesupport_fastrtps_c/iris_interfaces/srv/detail/reset_a2_faults__type_support_c.cpp.o[0m
[55.994s] [ 85%] [32mBuilding CXX object CMakeFiles/iris_interfaces__rosidl_typesupport_fastrtps_c.dir/rosidl_typesupport_fastrtps_c/iris_interfaces/action/detail/compute_path_coverage__type_support_c.cpp.o[0m
[56.173s] [ 86%] [32mBuilding CXX object CMakeFiles/iris_interfaces__rosidl_typesupport_fastrtps_cpp.dir/rosidl_typesupport_fastrtps_cpp/iris_interfaces/srv/detail/dds_fastrtps/update_motor_controller_reference_source__type_support.cpp.o[0m
[56.570s] [ 86%] [32mBuilding CXX object CMakeFiles/iris_interfaces__rosidl_typesupport_fastrtps_cpp.dir/rosidl_typesupport_fastrtps_cpp/iris_interfaces/srv/detail/dds_fastrtps/a2_command__type_support.cpp.o[0m
[56.599s] [ 86%] [32mBuilding CXX object CMakeFiles/iris_interfaces__rosidl_typesupport_fastrtps_cpp.dir/rosidl_typesupport_fastrtps_cpp/iris_interfaces/srv/detail/dds_fastrtps/reset_a2_faults__type_support.cpp.o[0m
[57.079s] [ 86%] [32mBuilding CXX object CMakeFiles/iris_interfaces__rosidl_typesupport_fastrtps_c.dir/rosidl_typesupport_fastrtps_c/iris_interfaces/action/detail/navigate_path_coverage__type_support_c.cpp.o[0m
[57.088s] [ 86%] [32mBuilding CXX object CMakeFiles/iris_interfaces__rosidl_typesupport_fastrtps_c.dir/rosidl_typesupport_fastrtps_c/iris_interfaces/action/detail/path_coverage_controller__type_support_c.cpp.o[0m
[57.146s] [ 87%] [32mBuilding CXX object CMakeFiles/iris_interfaces__rosidl_typesupport_fastrtps_cpp.dir/rosidl_typesupport_fastrtps_cpp/iris_interfaces/action/detail/dds_fastrtps/compute_path_coverage__type_support.cpp.o[0m
[57.328s] [ 87%] [32mBuilding CXX object CMakeFiles/iris_interfaces__rosidl_typesupport_fastrtps_cpp.dir/rosidl_typesupport_fastrtps_cpp/iris_interfaces/action/detail/dds_fastrtps/navigate_path_coverage__type_support.cpp.o[0m
[57.848s] [ 87%] [32mBuilding CXX object CMakeFiles/iris_interfaces__rosidl_typesupport_fastrtps_cpp.dir/rosidl_typesupport_fastrtps_cpp/iris_interfaces/action/detail/dds_fastrtps/path_coverage_controller__type_support.cpp.o[0m
[58.511s] [ 88%] [32m[1mLinking CXX shared library libiris_interfaces__rosidl_typesupport_fastrtps_c.so[0m
[59.005s] [ 88%] Built target iris_interfaces__rosidl_typesupport_fastrtps_c
[59.499s] [ 88%] [32m[1mLinking CXX shared library libiris_interfaces__rosidl_typesupport_fastrtps_cpp.so[0m
[59.864s] [ 88%] Built target iris_interfaces__rosidl_typesupport_fastrtps_cpp
[59.894s] [ 88%] Built target iris_interfaces
[59.930s] [ 88%] [34m[1mGenerating Python code for ROS interfaces[0m
[70.176s] [ 88%] Built target iris_interfaces__py
[70.205s] [35m[1mConsolidate compiler generated dependencies of target iris_interfaces__rosidl_generator_py[0m
[70.306s] [ 88%] [32mBuilding C object CMakeFiles/iris_interfaces__rosidl_generator_py.dir/rosidl_generator_py/iris_interfaces/msg/_sensor_status_s.c.o[0m
[70.306s] [ 89%] [32mBuilding C object CMakeFiles/iris_interfaces__rosidl_generator_py.dir/rosidl_generator_py/iris_interfaces/msg/_motor_status_s.c.o[0m
[70.307s] [ 89%] [32mBuilding C object CMakeFiles/iris_interfaces__rosidl_generator_py.dir/rosidl_generator_py/iris_interfaces/msg/_wheel_encoders_s.c.o[0m
[70.312s] [ 90%] [32mBuilding C object CMakeFiles/iris_interfaces__rosidl_generator_py.dir/rosidl_generator_py/iris_interfaces/msg/_wheel_command_speed_s.c.o[0m
[70.313s] [ 90%] [32mBuilding C object CMakeFiles/iris_interfaces__rosidl_generator_py.dir/rosidl_generator_py/iris_interfaces/msg/_water_tank_levels_s.c.o[0m
[70.313s] [ 90%] [32mBuilding C object CMakeFiles/iris_interfaces__rosidl_generator_py.dir/rosidl_generator_py/iris_interfaces/msg/_motor_controller_status_s.c.o[0m
[70.320s] [ 90%] [32mBuilding C object CMakeFiles/iris_interfaces__rosidl_generator_py.dir/rosidl_generator_py/iris_interfaces/msg/_ultrasonic_ranges_s.c.o[0m
[70.321s] [ 91%] [32mBuilding C object CMakeFiles/iris_interfaces__rosidl_generator_py.dir/rosidl_generator_py/iris_interfaces/msg/_headband_mode_s.c.o[0m
[70.725s] [ 91%] [32mBuilding C object CMakeFiles/iris_interfaces__rosidl_generator_py.dir/rosidl_generator_py/iris_interfaces/msg/_navigation_mode_s.c.o[0m
[70.726s] [ 92%] [32mBuilding C object CMakeFiles/iris_interfaces__rosidl_generator_py.dir/rosidl_generator_py/iris_interfaces/msg/_ota_status_s.c.o[0m
[70.733s] [ 92%] [32mBuilding C object CMakeFiles/iris_interfaces__rosidl_generator_py.dir/rosidl_generator_py/iris_interfaces/msg/_follow_path_result_s.c.o[0m
[70.748s] [ 92%] [32mBuilding C object CMakeFiles/iris_interfaces__rosidl_generator_py.dir/rosidl_generator_py/iris_interfaces/msg/_system_software_status_s.c.o[0m
[70.801s] [ 92%] [32mBuilding C object CMakeFiles/iris_interfaces__rosidl_generator_py.dir/rosidl_generator_py/iris_interfaces/msg/_mender_client_status_s.c.o[0m
[70.867s] [ 93%] [32mBuilding C object CMakeFiles/iris_interfaces__rosidl_generator_py.dir/rosidl_generator_py/iris_interfaces/msg/_a5_status_s.c.o[0m
[70.905s] [ 93%] [32mBuilding C object CMakeFiles/iris_interfaces__rosidl_generator_py.dir/rosidl_generator_py/iris_interfaces/msg/_led_control_s.c.o[0m
[70.973s] [ 93%] [32mBuilding C object CMakeFiles/iris_interfaces__rosidl_generator_py.dir/rosidl_generator_py/iris_interfaces/msg/_a2_functional_status_s.c.o[0m
[71.071s] [ 94%] [32mBuilding C object CMakeFiles/iris_interfaces__rosidl_generator_py.dir/rosidl_generator_py/iris_interfaces/msg/_a2_command_s.c.o[0m
[71.148s] [ 94%] [32mBuilding C object CMakeFiles/iris_interfaces__rosidl_generator_py.dir/rosidl_generator_py/iris_interfaces/msg/_vacuum_status_s.c.o[0m
[71.208s] [ 94%] [32mBuilding C object CMakeFiles/iris_interfaces__rosidl_generator_py.dir/rosidl_generator_py/iris_interfaces/msg/_vacuum_faults_s.c.o[0m
[71.292s] [ 94%] [32mBuilding C object CMakeFiles/iris_interfaces__rosidl_generator_py.dir/rosidl_generator_py/iris_interfaces/msg/_brush_status_s.c.o[0m
[71.332s] [ 95%] [32mBuilding C object CMakeFiles/iris_interfaces__rosidl_generator_py.dir/rosidl_generator_py/iris_interfaces/msg/_brush_faults_s.c.o[0m
[71.357s] [ 95%] [32mBuilding C object CMakeFiles/iris_interfaces__rosidl_generator_py.dir/rosidl_generator_py/iris_interfaces/msg/_a2_fault_status_s.c.o[0m
[71.379s] [ 95%] [32mBuilding C object CMakeFiles/iris_interfaces__rosidl_generator_py.dir/rosidl_generator_py/iris_interfaces/msg/_actuator_status_s.c.o[0m
[71.389s] [ 96%] [32mBuilding C object CMakeFiles/iris_interfaces__rosidl_generator_py.dir/rosidl_generator_py/iris_interfaces/srv/_update_motor_controller_parameters_s.c.o[0m
[71.460s] [ 96%] [32mBuilding C object CMakeFiles/iris_interfaces__rosidl_generator_py.dir/rosidl_generator_py/iris_interfaces/srv/_restart_motor_controller_s.c.o[0m
[71.582s] [ 96%] [32mBuilding C object CMakeFiles/iris_interfaces__rosidl_generator_py.dir/rosidl_generator_py/iris_interfaces/srv/_get_wifi_status_s.c.o[0m
[71.640s] [ 97%] [32mBuilding C object CMakeFiles/iris_interfaces__rosidl_generator_py.dir/rosidl_generator_py/iris_interfaces/srv/_wifi_discovery_s.c.o[0m
[71.664s] [ 97%] [32mBuilding C object CMakeFiles/iris_interfaces__rosidl_generator_py.dir/rosidl_generator_py/iris_interfaces/srv/_connect_wifi_s.c.o[0m
[71.712s] [ 98%] [32mBuilding C object CMakeFiles/iris_interfaces__rosidl_generator_py.dir/rosidl_generator_py/iris_interfaces/srv/_process_manager_s.c.o[0m
[71.729s] [ 98%] [32mBuilding C object CMakeFiles/iris_interfaces__rosidl_generator_py.dir/rosidl_generator_py/iris_interfaces/srv/_disconnect_wifi_s.c.o[0m
[71.815s] [ 98%] [32mBuilding C object CMakeFiles/iris_interfaces__rosidl_generator_py.dir/rosidl_generator_py/iris_interfaces/srv/_state_manager_s.c.o[0m
[71.831s] [ 98%] [32mBuilding C object CMakeFiles/iris_interfaces__rosidl_generator_py.dir/rosidl_generator_py/iris_interfaces/srv/_reset_wheel_encoders_s.c.o[0m
[71.916s] [ 98%] [32mBuilding C object CMakeFiles/iris_interfaces__rosidl_generator_py.dir/rosidl_generator_py/iris_interfaces/srv/_update_motor_controller_reference_source_s.c.o[0m
[71.963s] [ 98%] [32mBuilding C object CMakeFiles/iris_interfaces__rosidl_generator_py.dir/rosidl_generator_py/iris_interfaces/srv/_reset_a2_faults_s.c.o[0m
[71.963s] [ 99%] [32mBuilding C object CMakeFiles/iris_interfaces__rosidl_generator_py.dir/rosidl_generator_py/iris_interfaces/srv/_a2_command_s.c.o[0m
[72.026s] [ 99%] [32mBuilding C object CMakeFiles/iris_interfaces__rosidl_generator_py.dir/rosidl_generator_py/iris_interfaces/action/_compute_path_coverage_s.c.o[0m
[72.088s] [100%] [32mBuilding C object CMakeFiles/iris_interfaces__rosidl_generator_py.dir/rosidl_generator_py/iris_interfaces/action/_navigate_path_coverage_s.c.o[0m
[72.188s] [100%] [32mBuilding C object CMakeFiles/iris_interfaces__rosidl_generator_py.dir/rosidl_generator_py/iris_interfaces/action/_path_coverage_controller_s.c.o[0m
[72.550s] [100%] [32m[1mLinking C shared library rosidl_generator_py/iris_interfaces/libiris_interfaces__rosidl_generator_py.so[0m
[72.784s] [100%] Built target iris_interfaces__rosidl_generator_py
[72.802s] [35m[1mConsolidate compiler generated dependencies of target iris_interfaces__rosidl_typesupport_introspection_c__pyext[0m
[72.808s] [35m[1mConsolidate compiler generated dependencies of target iris_interfaces__rosidl_typesupport_fastrtps_c__pyext[0m
[72.811s] [35m[1mConsolidate compiler generated dependencies of target iris_interfaces__rosidl_typesupport_c__pyext[0m
[72.842s] [100%] [32mBuilding C object CMakeFiles/iris_interfaces__rosidl_typesupport_introspection_c__pyext.dir/rosidl_generator_py/iris_interfaces/_iris_interfaces_s.ep.rosidl_typesupport_introspection_c.c.o[0m
[72.843s] [100%] [32mBuilding C object CMakeFiles/iris_interfaces__rosidl_typesupport_fastrtps_c__pyext.dir/rosidl_generator_py/iris_interfaces/_iris_interfaces_s.ep.rosidl_typesupport_fastrtps_c.c.o[0m
[72.847s] [100%] [32mBuilding C object CMakeFiles/iris_interfaces__rosidl_typesupport_c__pyext.dir/rosidl_generator_py/iris_interfaces/_iris_interfaces_s.ep.rosidl_typesupport_c.c.o[0m
[73.477s] [100%] [32m[1mLinking C shared library rosidl_generator_py/iris_interfaces/iris_interfaces_s__rosidl_typesupport_introspection_c.cpython-310-x86_64-linux-gnu.so[0m
[73.487s] [100%] [32m[1mLinking C shared library rosidl_generator_py/iris_interfaces/iris_interfaces_s__rosidl_typesupport_c.cpython-310-x86_64-linux-gnu.so[0m
[73.493s] [100%] [32m[1mLinking C shared library rosidl_generator_py/iris_interfaces/iris_interfaces_s__rosidl_typesupport_fastrtps_c.cpython-310-x86_64-linux-gnu.so[0m
[73.684s] [100%] Built target iris_interfaces__rosidl_typesupport_c__pyext
[73.684s] [100%] Built target iris_interfaces__rosidl_typesupport_introspection_c__pyext
[73.734s] [100%] Built target iris_interfaces__rosidl_typesupport_fastrtps_c__pyext
[73.755s] Invoked command in '/home/maddy/iris_test_tool/build/iris_interfaces' returned '0': CMAKE_PREFIX_PATH=${CMAKE_PREFIX_PATH}:/opt/ros/humble /usr/bin/cmake --build /home/maddy/iris_test_tool/build/iris_interfaces -- -j8 -l8
[73.769s] Invoking command in '/home/maddy/iris_test_tool/build/iris_interfaces': CMAKE_PREFIX_PATH=${CMAKE_PREFIX_PATH}:/opt/ros/humble /usr/bin/cmake --install /home/maddy/iris_test_tool/build/iris_interfaces
[73.781s] -- Install configuration: "Debug"
[73.781s] -- Up-to-date: /home/maddy/iris_test_tool/install/iris_interfaces/share/ament_index/resource_index/rosidl_interfaces/iris_interfaces
[73.782s] -- Up-to-date: /home/maddy/iris_test_tool/install/iris_interfaces/include/iris_interfaces/iris_interfaces
[73.782s] -- Up-to-date: /home/maddy/iris_test_tool/install/iris_interfaces/include/iris_interfaces/iris_interfaces/srv
[73.782s] -- Installing: /home/maddy/iris_test_tool/install/iris_interfaces/include/iris_interfaces/iris_interfaces/srv/reset_a2_faults.h
[73.782s] -- Installing: /home/maddy/iris_test_tool/install/iris_interfaces/include/iris_interfaces/iris_interfaces/srv/update_motor_controller_parameters.h
[73.783s] -- Installing: /home/maddy/iris_test_tool/install/iris_interfaces/include/iris_interfaces/iris_interfaces/srv/reset_wheel_encoders.h
[73.783s] -- Installing: /home/maddy/iris_test_tool/install/iris_interfaces/include/iris_interfaces/iris_interfaces/srv/restart_motor_controller.h
[73.783s] -- Installing: /home/maddy/iris_test_tool/install/iris_interfaces/include/iris_interfaces/iris_interfaces/srv/update_motor_controller_reference_source.h
[73.783s] -- Up-to-date: /home/maddy/iris_test_tool/install/iris_interfaces/include/iris_interfaces/iris_interfaces/srv/detail
[73.784s] -- Installing: /home/maddy/iris_test_tool/install/iris_interfaces/include/iris_interfaces/iris_interfaces/srv/detail/reset_a2_faults__struct.h
[73.784s] -- Installing: /home/maddy/iris_test_tool/install/iris_interfaces/include/iris_interfaces/iris_interfaces/srv/detail/process_manager__struct.h
[73.785s] -- Installing: /home/maddy/iris_test_tool/install/iris_interfaces/include/iris_interfaces/iris_interfaces/srv/detail/get_wifi_status__functions.h
[73.785s] -- Installing: /home/maddy/iris_test_tool/install/iris_interfaces/include/iris_interfaces/iris_interfaces/srv/detail/reset_wheel_encoders__struct.h
[73.786s] -- Installing: /home/maddy/iris_test_tool/install/iris_interfaces/include/iris_interfaces/iris_interfaces/srv/detail/update_motor_controller_parameters__functions.c
[73.786s] -- Installing: /home/maddy/iris_test_tool/install/iris_interfaces/include/iris_interfaces/iris_interfaces/srv/detail/update_motor_controller_parameters__functions.h
[73.787s] -- Installing: /home/maddy/iris_test_tool/install/iris_interfaces/include/iris_interfaces/iris_interfaces/srv/detail/reset_wheel_encoders__functions.h
[73.787s] -- Installing: /home/maddy/iris_test_tool/install/iris_interfaces/include/iris_interfaces/iris_interfaces/srv/detail/process_manager__functions.c
[73.788s] -- Installing: /home/maddy/iris_test_tool/install/iris_interfaces/include/iris_interfaces/iris_interfaces/srv/detail/a2_command__functions.c
[73.788s] -- Installing: /home/maddy/iris_test_tool/install/iris_interfaces/include/iris_interfaces/iris_interfaces/srv/detail/state_manager__functions.c
[73.789s] -- Installing: /home/maddy/iris_test_tool/install/iris_interfaces/include/iris_interfaces/iris_interfaces/srv/detail/a2_command__type_support.h
[73.789s] -- Installing: /home/maddy/iris_test_tool/install/iris_interfaces/include/iris_interfaces/iris_interfaces/srv/detail/reset_wheel_encoders__functions.c
[73.790s] -- Installing: /home/maddy/iris_test_tool/install/iris_interfaces/include/iris_interfaces/iris_interfaces/srv/detail/update_motor_controller_reference_source__struct.h
[73.790s] -- Installing: /home/maddy/iris_test_tool/install/iris_interfaces/include/iris_interfaces/iris_interfaces/srv/detail/update_motor_controller_parameters__type_support.h
[73.790s] -- Installing: /home/maddy/iris_test_tool/install/iris_interfaces/include/iris_interfaces/iris_interfaces/srv/detail/restart_motor_controller__struct.h
[73.791s] -- Installing: /home/maddy/iris_test_tool/install/iris_interfaces/include/iris_interfaces/iris_interfaces/srv/detail/state_manager__functions.h
[73.791s] -- Installing: /home/maddy/iris_test_tool/install/iris_interfaces/include/iris_interfaces/iris_interfaces/srv/detail/state_manager__struct.h
[73.792s] -- Installing: /home/maddy/iris_test_tool/install/iris_interfaces/include/iris_interfaces/iris_interfaces/srv/detail/a2_command__struct.h
[73.793s] -- Installing: /home/maddy/iris_test_tool/install/iris_interfaces/include/iris_interfaces/iris_interfaces/srv/detail/reset_a2_faults__functions.c
[73.793s] -- Installing: /home/maddy/iris_test_tool/install/iris_interfaces/include/iris_interfaces/iris_interfaces/srv/detail/update_motor_controller_parameters__struct.h
[73.794s] -- Installing: /home/maddy/iris_test_tool/install/iris_interfaces/include/iris_interfaces/iris_interfaces/srv/detail/restart_motor_controller__functions.h
[73.794s] -- Installing: /home/maddy/iris_test_tool/install/iris_interfaces/include/iris_interfaces/iris_interfaces/srv/detail/state_manager__type_support.h
[73.795s] -- Installing: /home/maddy/iris_test_tool/install/iris_interfaces/include/iris_interfaces/iris_interfaces/srv/detail/restart_motor_controller__functions.c
[73.795s] -- Installing: /home/maddy/iris_test_tool/install/iris_interfaces/include/iris_interfaces/iris_interfaces/srv/detail/update_motor_controller_reference_source__type_support.h
[73.796s] -- Installing: /home/maddy/iris_test_tool/install/iris_interfaces/include/iris_interfaces/iris_interfaces/srv/detail/wifi_discovery__functions.c
[73.796s] -- Installing: /home/maddy/iris_test_tool/install/iris_interfaces/include/iris_interfaces/iris_interfaces/srv/detail/reset_wheel_encoders__type_support.h
[73.797s] -- Installing: /home/maddy/iris_test_tool/install/iris_interfaces/include/iris_interfaces/iris_interfaces/srv/detail/wifi_discovery__type_support.h
[73.797s] -- Installing: /home/maddy/iris_test_tool/install/iris_interfaces/include/iris_interfaces/iris_interfaces/srv/detail/get_wifi_status__struct.h
[73.798s] -- Installing: /home/maddy/iris_test_tool/install/iris_interfaces/include/iris_interfaces/iris_interfaces/srv/detail/disconnect_wifi__functions.c
[73.798s] -- Installing: /home/maddy/iris_test_tool/install/iris_interfaces/include/iris_interfaces/iris_interfaces/srv/detail/disconnect_wifi__struct.h
[73.798s] -- Installing: /home/maddy/iris_test_tool/install/iris_interfaces/include/iris_interfaces/iris_interfaces/srv/detail/wifi_discovery__functions.h
[73.799s] -- Installing: /home/maddy/iris_test_tool/install/iris_interfaces/include/iris_interfaces/iris_interfaces/srv/detail/a2_command__functions.h
[73.799s] -- Installing: /home/maddy/iris_test_tool/install/iris_interfaces/include/iris_interfaces/iris_interfaces/srv/detail/get_wifi_status__functions.c
[73.800s] -- Installing: /home/maddy/iris_test_tool/install/iris_interfaces/include/iris_interfaces/iris_interfaces/srv/detail/disconnect_wifi__functions.h
[73.800s] -- Installing: /home/maddy/iris_test_tool/install/iris_interfaces/include/iris_interfaces/iris_interfaces/srv/detail/reset_a2_faults__functions.h
[73.801s] -- Installing: /home/maddy/iris_test_tool/install/iris_interfaces/include/iris_interfaces/iris_interfaces/srv/detail/wifi_discovery__struct.h
[73.801s] -- Installing: /home/maddy/iris_test_tool/install/iris_interfaces/include/iris_interfaces/iris_interfaces/srv/detail/get_wifi_status__type_support.h
[73.802s] -- Installing: /home/maddy/iris_test_tool/install/iris_interfaces/include/iris_interfaces/iris_interfaces/srv/detail/disconnect_wifi__type_support.h
[73.802s] -- Installing: /home/maddy/iris_test_tool/install/iris_interfaces/include/iris_interfaces/iris_interfaces/srv/detail/connect_wifi__functions.c
[73.802s] -- Installing: /home/maddy/iris_test_tool/install/iris_interfaces/include/iris_interfaces/iris_interfaces/srv/detail/reset_a2_faults__type_support.h
[73.803s] -- Installing: /home/maddy/iris_test_tool/install/iris_interfaces/include/iris_interfaces/iris_interfaces/srv/detail/restart_motor_controller__type_support.h
[73.803s] -- Installing: /home/maddy/iris_test_tool/install/iris_interfaces/include/iris_interfaces/iris_interfaces/srv/detail/connect_wifi__struct.h
[73.803s] -- Installing: /home/maddy/iris_test_tool/install/iris_interfaces/include/iris_interfaces/iris_interfaces/srv/detail/process_manager__functions.h
[73.804s] -- Installing: /home/maddy/iris_test_tool/install/iris_interfaces/include/iris_interfaces/iris_interfaces/srv/detail/connect_wifi__functions.h
[73.804s] -- Installing: /home/maddy/iris_test_tool/install/iris_interfaces/include/iris_interfaces/iris_interfaces/srv/detail/update_motor_controller_reference_source__functions.c
[73.805s] -- Installing: /home/maddy/iris_test_tool/install/iris_interfaces/include/iris_interfaces/iris_interfaces/srv/detail/update_motor_controller_reference_source__functions.h
[73.806s] -- Installing: /home/maddy/iris_test_tool/install/iris_interfaces/include/iris_interfaces/iris_interfaces/srv/detail/process_manager__type_support.h
[73.806s] -- Installing: /home/maddy/iris_test_tool/install/iris_interfaces/include/iris_interfaces/iris_interfaces/srv/detail/connect_wifi__type_support.h
[73.807s] -- Installing: /home/maddy/iris_test_tool/install/iris_interfaces/include/iris_interfaces/iris_interfaces/srv/wifi_discovery.h
[73.807s] -- Installing: /home/maddy/iris_test_tool/install/iris_interfaces/include/iris_interfaces/iris_interfaces/srv/get_wifi_status.h
[73.807s] -- Installing: /home/maddy/iris_test_tool/install/iris_interfaces/include/iris_interfaces/iris_interfaces/srv/disconnect_wifi.h
[73.808s] -- Installing: /home/maddy/iris_test_tool/install/iris_interfaces/include/iris_interfaces/iris_interfaces/srv/process_manager.h
[73.808s] -- Installing: /home/maddy/iris_test_tool/install/iris_interfaces/include/iris_interfaces/iris_interfaces/srv/state_manager.h
[73.808s] -- Installing: /home/maddy/iris_test_tool/install/iris_interfaces/include/iris_interfaces/iris_interfaces/srv/connect_wifi.h
[73.809s] -- Installing: /home/maddy/iris_test_tool/install/iris_interfaces/include/iris_interfaces/iris_interfaces/srv/a2_command.h
[73.809s] -- Up-to-date: /home/maddy/iris_test_tool/install/iris_interfaces/include/iris_interfaces/iris_interfaces/action
[73.810s] -- Installing: /home/maddy/iris_test_tool/install/iris_interfaces/include/iris_interfaces/iris_interfaces/action/navigate_path_coverage.h
[73.810s] -- Installing: /home/maddy/iris_test_tool/install/iris_interfaces/include/iris_interfaces/iris_interfaces/action/path_coverage_controller.h
[73.810s] -- Up-to-date: /home/maddy/iris_test_tool/install/iris_interfaces/include/iris_interfaces/iris_interfaces/action/detail
[73.811s] -- Installing: /home/maddy/iris_test_tool/install/iris_interfaces/include/iris_interfaces/iris_interfaces/action/detail/compute_path_coverage__functions.h
[73.811s] -- Installing: /home/maddy/iris_test_tool/install/iris_interfaces/include/iris_interfaces/iris_interfaces/action/detail/compute_path_coverage__struct.h
[73.812s] -- Installing: /home/maddy/iris_test_tool/install/iris_interfaces/include/iris_interfaces/iris_interfaces/action/detail/navigate_path_coverage__functions.h
[73.812s] -- Installing: /home/maddy/iris_test_tool/install/iris_interfaces/include/iris_interfaces/iris_interfaces/action/detail/path_coverage_controller__type_support.h
[73.813s] -- Installing: /home/maddy/iris_test_tool/install/iris_interfaces/include/iris_interfaces/iris_interfaces/action/detail/navigate_path_coverage__functions.c
[73.814s] -- Installing: /home/maddy/iris_test_tool/install/iris_interfaces/include/iris_interfaces/iris_interfaces/action/detail/compute_path_coverage__type_support.h
[73.814s] -- Installing: /home/maddy/iris_test_tool/install/iris_interfaces/include/iris_interfaces/iris_interfaces/action/detail/path_coverage_controller__functions.c
[73.815s] -- Installing: /home/maddy/iris_test_tool/install/iris_interfaces/include/iris_interfaces/iris_interfaces/action/detail/navigate_path_coverage__type_support.h
[73.815s] -- Installing: /home/maddy/iris_test_tool/install/iris_interfaces/include/iris_interfaces/iris_interfaces/action/detail/path_coverage_controller__struct.h
[73.816s] -- Installing: /home/maddy/iris_test_tool/install/iris_interfaces/include/iris_interfaces/iris_interfaces/action/detail/compute_path_coverage__functions.c
[73.817s] -- Installing: /home/maddy/iris_test_tool/install/iris_interfaces/include/iris_interfaces/iris_interfaces/action/detail/navigate_path_coverage__struct.h
[73.817s] -- Installing: /home/maddy/iris_test_tool/install/iris_interfaces/include/iris_interfaces/iris_interfaces/action/detail/path_coverage_controller__functions.h
[73.818s] -- Installing: /home/maddy/iris_test_tool/install/iris_interfaces/include/iris_interfaces/iris_interfaces/action/compute_path_coverage.h
[73.818s] -- Up-to-date: /home/maddy/iris_test_tool/install/iris_interfaces/include/iris_interfaces/iris_interfaces/msg
[73.818s] -- Installing: /home/maddy/iris_test_tool/install/iris_interfaces/include/iris_interfaces/iris_interfaces/msg/headband_mode.h
[73.819s] -- Installing: /home/maddy/iris_test_tool/install/iris_interfaces/include/iris_interfaces/iris_interfaces/msg/follow_path_result.h
[73.819s] -- Installing: /home/maddy/iris_test_tool/install/iris_interfaces/include/iris_interfaces/iris_interfaces/msg/system_software_status.h
[73.820s] -- Installing: /home/maddy/iris_test_tool/install/iris_interfaces/include/iris_interfaces/iris_interfaces/msg/mender_client_status.h
[73.821s] -- Up-to-date: /home/maddy/iris_test_tool/install/iris_interfaces/include/iris_interfaces/iris_interfaces/msg/rosidl_generator_c__visibility_control.h
[73.821s] -- Installing: /home/maddy/iris_test_tool/install/iris_interfaces/include/iris_interfaces/iris_interfaces/msg/actuator_status.h
[73.821s] -- Installing: /home/maddy/iris_test_tool/install/iris_interfaces/include/iris_interfaces/iris_interfaces/msg/ota_status.h
[73.822s] -- Installing: /home/maddy/iris_test_tool/install/iris_interfaces/include/iris_interfaces/iris_interfaces/msg/navigation_mode.h
[73.822s] -- Installing: /home/maddy/iris_test_tool/install/iris_interfaces/include/iris_interfaces/iris_interfaces/msg/brush_faults.h
[73.822s] -- Installing: /home/maddy/iris_test_tool/install/iris_interfaces/include/iris_interfaces/iris_interfaces/msg/wheel_encoders.h
[73.823s] -- Installing: /home/maddy/iris_test_tool/install/iris_interfaces/include/iris_interfaces/iris_interfaces/msg/a2_functional_status.h
[73.823s] -- Installing: /home/maddy/iris_test_tool/install/iris_interfaces/include/iris_interfaces/iris_interfaces/msg/led_control.h
[73.823s] -- Installing: /home/maddy/iris_test_tool/install/iris_interfaces/include/iris_interfaces/iris_interfaces/msg/a2_fault_status.h
[73.823s] -- Installing: /home/maddy/iris_test_tool/install/iris_interfaces/include/iris_interfaces/iris_interfaces/msg/brush_status.h
[73.824s] -- Installing: /home/maddy/iris_test_tool/install/iris_interfaces/include/iris_interfaces/iris_interfaces/msg/vacuum_status.h
[73.824s] -- Up-to-date: /home/maddy/iris_test_tool/install/iris_interfaces/include/iris_interfaces/iris_interfaces/msg/detail
[73.825s] -- Installing: /home/maddy/iris_test_tool/install/iris_interfaces/include/iris_interfaces/iris_interfaces/msg/detail/navigation_mode__functions.h
[73.825s] -- Installing: /home/maddy/iris_test_tool/install/iris_interfaces/include/iris_interfaces/iris_interfaces/msg/detail/a5_status__type_support.h
[73.825s] -- Installing: /home/maddy/iris_test_tool/install/iris_interfaces/include/iris_interfaces/iris_interfaces/msg/detail/motor_status__functions.c
[73.825s] -- Installing: /home/maddy/iris_test_tool/install/iris_interfaces/include/iris_interfaces/iris_interfaces/msg/detail/water_tank_levels__type_support.h
[73.825s] -- Installing: /home/maddy/iris_test_tool/install/iris_interfaces/include/iris_interfaces/iris_interfaces/msg/detail/led_control__type_support.h
[73.826s] -- Installing: /home/maddy/iris_test_tool/install/iris_interfaces/include/iris_interfaces/iris_interfaces/msg/detail/ota_status__type_support.h
[73.826s] -- Installing: /home/maddy/iris_test_tool/install/iris_interfaces/include/iris_interfaces/iris_interfaces/msg/detail/headband_mode__type_support.h
[73.827s] -- Installing: /home/maddy/iris_test_tool/install/iris_interfaces/include/iris_interfaces/iris_interfaces/msg/detail/ultrasonic_ranges__type_support.h
[73.827s] -- Installing: /home/maddy/iris_test_tool/install/iris_interfaces/include/iris_interfaces/iris_interfaces/msg/detail/wheel_encoders__functions.h
[73.827s] -- Installing: /home/maddy/iris_test_tool/install/iris_interfaces/include/iris_interfaces/iris_interfaces/msg/detail/a2_command__functions.c
[73.828s] -- Installing: /home/maddy/iris_test_tool/install/iris_interfaces/include/iris_interfaces/iris_interfaces/msg/detail/wheel_command_speed__functions.h
[73.828s] -- Installing: /home/maddy/iris_test_tool/install/iris_interfaces/include/iris_interfaces/iris_interfaces/msg/detail/a2_fault_status__type_support.h
[73.829s] -- Installing: /home/maddy/iris_test_tool/install/iris_interfaces/include/iris_interfaces/iris_interfaces/msg/detail/ota_status__functions.h
[73.829s] -- Installing: /home/maddy/iris_test_tool/install/iris_interfaces/include/iris_interfaces/iris_interfaces/msg/detail/a2_functional_status__functions.h
[73.830s] -- Installing: /home/maddy/iris_test_tool/install/iris_interfaces/include/iris_interfaces/iris_interfaces/msg/detail/wheel_encoders__functions.c
[73.830s] -- Installing: /home/maddy/iris_test_tool/install/iris_interfaces/include/iris_interfaces/iris_interfaces/msg/detail/wheel_command_speed__struct.h
[73.831s] -- Installing: /home/maddy/iris_test_tool/install/iris_interfaces/include/iris_interfaces/iris_interfaces/msg/detail/navigation_mode__struct.h
[73.831s] -- Installing: /home/maddy/iris_test_tool/install/iris_interfaces/include/iris_interfaces/iris_interfaces/msg/detail/mender_client_status__functions.h
[73.832s] -- Installing: /home/maddy/iris_test_tool/install/iris_interfaces/include/iris_interfaces/iris_interfaces/msg/detail/brush_status__functions.h
[73.832s] -- Installing: /home/maddy/iris_test_tool/install/iris_interfaces/include/iris_interfaces/iris_interfaces/msg/detail/a2_functional_status__struct.h
[73.833s] -- Installing: /home/maddy/iris_test_tool/install/iris_interfaces/include/iris_interfaces/iris_interfaces/msg/detail/mender_client_status__functions.c
[73.833s] -- Installing: /home/maddy/iris_test_tool/install/iris_interfaces/include/iris_interfaces/iris_interfaces/msg/detail/ota_status__functions.c
[73.834s] -- Installing: /home/maddy/iris_test_tool/install/iris_interfaces/include/iris_interfaces/iris_interfaces/msg/detail/follow_path_result__struct.h
[73.834s] -- Installing: /home/maddy/iris_test_tool/install/iris_interfaces/include/iris_interfaces/iris_interfaces/msg/detail/system_software_status__functions.c
[73.835s] -- Installing: /home/maddy/iris_test_tool/install/iris_interfaces/include/iris_interfaces/iris_interfaces/msg/detail/a2_command__type_support.h
[73.835s] -- Installing: /home/maddy/iris_test_tool/install/iris_interfaces/include/iris_interfaces/iris_interfaces/msg/detail/vacuum_status__type_support.h
[73.836s] -- Installing: /home/maddy/iris_test_tool/install/iris_interfaces/include/iris_interfaces/iris_interfaces/msg/detail/mender_client_status__type_support.h
[73.836s] -- Installing: /home/maddy/iris_test_tool/install/iris_interfaces/include/iris_interfaces/iris_interfaces/msg/detail/vacuum_faults__functions.c
[73.837s] -- Installing: /home/maddy/iris_test_tool/install/iris_interfaces/include/iris_interfaces/iris_interfaces/msg/detail/a2_functional_status__type_support.h
[73.837s] -- Installing: /home/maddy/iris_test_tool/install/iris_interfaces/include/iris_interfaces/iris_interfaces/msg/detail/follow_path_result__type_support.h
[73.837s] -- Installing: /home/maddy/iris_test_tool/install/iris_interfaces/include/iris_interfaces/iris_interfaces/msg/detail/led_control__functions.h
[73.838s] -- Installing: /home/maddy/iris_test_tool/install/iris_interfaces/include/iris_interfaces/iris_interfaces/msg/detail/actuator_status__type_support.h
[73.838s] -- Installing: /home/maddy/iris_test_tool/install/iris_interfaces/include/iris_interfaces/iris_interfaces/msg/detail/wheel_encoders__struct.h
[73.839s] -- Installing: /home/maddy/iris_test_tool/install/iris_interfaces/include/iris_interfaces/iris_interfaces/msg/detail/a5_status__functions.h
[73.840s] -- Installing: /home/maddy/iris_test_tool/install/iris_interfaces/include/iris_interfaces/iris_interfaces/msg/detail/sensor_status__struct.h
[73.840s] -- Installing: /home/maddy/iris_test_tool/install/iris_interfaces/include/iris_interfaces/iris_interfaces/msg/detail/vacuum_status__functions.h
[73.841s] -- Installing: /home/maddy/iris_test_tool/install/iris_interfaces/include/iris_interfaces/iris_interfaces/msg/detail/a2_fault_status__functions.c
[73.841s] -- Installing: /home/maddy/iris_test_tool/install/iris_interfaces/include/iris_interfaces/iris_interfaces/msg/detail/motor_status__functions.h
[73.842s] -- Installing: /home/maddy/iris_test_tool/install/iris_interfaces/include/iris_interfaces/iris_interfaces/msg/detail/a2_command__struct.h
[73.842s] -- Installing: /home/maddy/iris_test_tool/install/iris_interfaces/include/iris_interfaces/iris_interfaces/msg/detail/follow_path_result__functions.c
[73.842s] -- Installing: /home/maddy/iris_test_tool/install/iris_interfaces/include/iris_interfaces/iris_interfaces/msg/detail/motor_controller_status__functions.c
[73.843s] -- Installing: /home/maddy/iris_test_tool/install/iris_interfaces/include/iris_interfaces/iris_interfaces/msg/detail/sensor_status__functions.c
[73.844s] -- Installing: /home/maddy/iris_test_tool/install/iris_interfaces/include/iris_interfaces/iris_interfaces/msg/detail/system_software_status__struct.h
[73.844s] -- Installing: /home/maddy/iris_test_tool/install/iris_interfaces/include/iris_interfaces/iris_interfaces/msg/detail/sensor_status__functions.h
[73.845s] -- Installing: /home/maddy/iris_test_tool/install/iris_interfaces/include/iris_interfaces/iris_interfaces/msg/detail/led_control__struct.h
[73.845s] -- Installing: /home/maddy/iris_test_tool/install/iris_interfaces/include/iris_interfaces/iris_interfaces/msg/detail/water_tank_levels__struct.h
[73.845s] -- Installing: /home/maddy/iris_test_tool/install/iris_interfaces/include/iris_interfaces/iris_interfaces/msg/detail/a2_fault_status__functions.h
[73.846s] -- Installing: /home/maddy/iris_test_tool/install/iris_interfaces/include/iris_interfaces/iris_interfaces/msg/detail/actuator_status__functions.h
[73.846s] -- Installing: /home/maddy/iris_test_tool/install/iris_interfaces/include/iris_interfaces/iris_interfaces/msg/detail/navigation_mode__functions.c
[73.847s] -- Installing: /home/maddy/iris_test_tool/install/iris_interfaces/include/iris_interfaces/iris_interfaces/msg/detail/vacuum_status__functions.c
[73.847s] -- Installing: /home/maddy/iris_test_tool/install/iris_interfaces/include/iris_interfaces/iris_interfaces/msg/detail/vacuum_faults__functions.h
[73.848s] -- Installing: /home/maddy/iris_test_tool/install/iris_interfaces/include/iris_interfaces/iris_interfaces/msg/detail/brush_faults__functions.h
[73.848s] -- Installing: /home/maddy/iris_test_tool/install/iris_interfaces/include/iris_interfaces/iris_interfaces/msg/detail/brush_status__struct.h
[73.849s] -- Installing: /home/maddy/iris_test_tool/install/iris_interfaces/include/iris_interfaces/iris_interfaces/msg/detail/mender_client_status__struct.h
[73.849s] -- Installing: /home/maddy/iris_test_tool/install/iris_interfaces/include/iris_interfaces/iris_interfaces/msg/detail/vacuum_faults__type_support.h
[73.849s] -- Installing: /home/maddy/iris_test_tool/install/iris_interfaces/include/iris_interfaces/iris_interfaces/msg/detail/headband_mode__functions.c
[73.850s] -- Installing: /home/maddy/iris_test_tool/install/iris_interfaces/include/iris_interfaces/iris_interfaces/msg/detail/navigation_mode__type_support.h
[73.850s] -- Installing: /home/maddy/iris_test_tool/install/iris_interfaces/include/iris_interfaces/iris_interfaces/msg/detail/a2_command__functions.h
[73.851s] -- Installing: /home/maddy/iris_test_tool/install/iris_interfaces/include/iris_interfaces/iris_interfaces/msg/detail/a2_fault_status__struct.h
[73.851s] -- Installing: /home/maddy/iris_test_tool/install/iris_interfaces/include/iris_interfaces/iris_interfaces/msg/detail/motor_status__struct.h
[73.852s] -- Installing: /home/maddy/iris_test_tool/install/iris_interfaces/include/iris_interfaces/iris_interfaces/msg/detail/a5_status__functions.c
[73.852s] -- Installing: /home/maddy/iris_test_tool/install/iris_interfaces/include/iris_interfaces/iris_interfaces/msg/detail/motor_controller_status__struct.h
[73.853s] -- Installing: /home/maddy/iris_test_tool/install/iris_interfaces/include/iris_interfaces/iris_interfaces/msg/detail/brush_faults__struct.h
[73.853s] -- Installing: /home/maddy/iris_test_tool/install/iris_interfaces/include/iris_interfaces/iris_interfaces/msg/detail/brush_faults__type_support.h
[73.853s] -- Installing: /home/maddy/iris_test_tool/install/iris_interfaces/include/iris_interfaces/iris_interfaces/msg/detail/wheel_encoders__type_support.h
[73.854s] -- Installing: /home/maddy/iris_test_tool/install/iris_interfaces/include/iris_interfaces/iris_interfaces/msg/detail/motor_controller_status__type_support.h
[73.854s] -- Installing: /home/maddy/iris_test_tool/install/iris_interfaces/include/iris_interfaces/iris_interfaces/msg/detail/water_tank_levels__functions.h
[73.855s] -- Installing: /home/maddy/iris_test_tool/install/iris_interfaces/include/iris_interfaces/iris_interfaces/msg/detail/follow_path_result__functions.h
[73.855s] -- Installing: /home/maddy/iris_test_tool/install/iris_interfaces/include/iris_interfaces/iris_interfaces/msg/detail/a2_functional_status__functions.c
[73.855s] -- Installing: /home/maddy/iris_test_tool/install/iris_interfaces/include/iris_interfaces/iris_interfaces/msg/detail/a5_status__struct.h
[73.856s] -- Installing: /home/maddy/iris_test_tool/install/iris_interfaces/include/iris_interfaces/iris_interfaces/msg/detail/ota_status__struct.h
[73.857s] -- Installing: /home/maddy/iris_test_tool/install/iris_interfaces/include/iris_interfaces/iris_interfaces/msg/detail/sensor_status__type_support.h
[73.857s] -- Installing: /home/maddy/iris_test_tool/install/iris_interfaces/include/iris_interfaces/iris_interfaces/msg/detail/headband_mode__functions.h
[73.857s] -- Installing: /home/maddy/iris_test_tool/install/iris_interfaces/include/iris_interfaces/iris_interfaces/msg/detail/motor_controller_status__functions.h
[73.858s] -- Installing: /home/maddy/iris_test_tool/install/iris_interfaces/include/iris_interfaces/iris_interfaces/msg/detail/wheel_command_speed__functions.c
[73.858s] -- Installing: /home/maddy/iris_test_tool/install/iris_interfaces/include/iris_interfaces/iris_interfaces/msg/detail/actuator_status__functions.c
[73.859s] -- Installing: /home/maddy/iris_test_tool/install/iris_interfaces/include/iris_interfaces/iris_interfaces/msg/detail/headband_mode__struct.h
[73.859s] -- Installing: /home/maddy/iris_test_tool/install/iris_interfaces/include/iris_interfaces/iris_interfaces/msg/detail/actuator_status__struct.h
[73.860s] -- Installing: /home/maddy/iris_test_tool/install/iris_interfaces/include/iris_interfaces/iris_interfaces/msg/detail/system_software_status__type_support.h
[73.860s] -- Installing: /home/maddy/iris_test_tool/install/iris_interfaces/include/iris_interfaces/iris_interfaces/msg/detail/brush_status__functions.c
[73.861s] -- Installing: /home/maddy/iris_test_tool/install/iris_interfaces/include/iris_interfaces/iris_interfaces/msg/detail/vacuum_status__struct.h
[73.861s] -- Installing: /home/maddy/iris_test_tool/install/iris_interfaces/include/iris_interfaces/iris_interfaces/msg/detail/ultrasonic_ranges__struct.h
[73.862s] -- Installing: /home/maddy/iris_test_tool/install/iris_interfaces/include/iris_interfaces/iris_interfaces/msg/detail/wheel_command_speed__type_support.h
[73.862s] -- Installing: /home/maddy/iris_test_tool/install/iris_interfaces/include/iris_interfaces/iris_interfaces/msg/detail/brush_status__type_support.h
[73.863s] -- Installing: /home/maddy/iris_test_tool/install/iris_interfaces/include/iris_interfaces/iris_interfaces/msg/detail/motor_status__type_support.h
[73.863s] -- Installing: /home/maddy/iris_test_tool/install/iris_interfaces/include/iris_interfaces/iris_interfaces/msg/detail/ultrasonic_ranges__functions.h
[73.864s] -- Installing: /home/maddy/iris_test_tool/install/iris_interfaces/include/iris_interfaces/iris_interfaces/msg/detail/system_software_status__functions.h
[73.864s] -- Installing: /home/maddy/iris_test_tool/install/iris_interfaces/include/iris_interfaces/iris_interfaces/msg/detail/ultrasonic_ranges__functions.c
[73.865s] -- Installing: /home/maddy/iris_test_tool/install/iris_interfaces/include/iris_interfaces/iris_interfaces/msg/detail/vacuum_faults__struct.h
[73.865s] -- Installing: /home/maddy/iris_test_tool/install/iris_interfaces/include/iris_interfaces/iris_interfaces/msg/detail/brush_faults__functions.c
[73.866s] -- Installing: /home/maddy/iris_test_tool/install/iris_interfaces/include/iris_interfaces/iris_interfaces/msg/detail/led_control__functions.c
[73.866s] -- Installing: /home/maddy/iris_test_tool/install/iris_interfaces/include/iris_interfaces/iris_interfaces/msg/detail/water_tank_levels__functions.c
[73.867s] -- Installing: /home/maddy/iris_test_tool/install/iris_interfaces/include/iris_interfaces/iris_interfaces/msg/wheel_command_speed.h
[73.867s] -- Installing: /home/maddy/iris_test_tool/install/iris_interfaces/include/iris_interfaces/iris_interfaces/msg/motor_controller_status.h
[73.867s] -- Installing: /home/maddy/iris_test_tool/install/iris_interfaces/include/iris_interfaces/iris_interfaces/msg/water_tank_levels.h
[73.868s] -- Installing: /home/maddy/iris_test_tool/install/iris_interfaces/include/iris_interfaces/iris_interfaces/msg/a5_status.h
[73.868s] -- Installing: /home/maddy/iris_test_tool/install/iris_interfaces/include/iris_interfaces/iris_interfaces/msg/ultrasonic_ranges.h
[73.869s] -- Installing: /home/maddy/iris_test_tool/install/iris_interfaces/include/iris_interfaces/iris_interfaces/msg/vacuum_faults.h
[73.869s] -- Installing: /home/maddy/iris_test_tool/install/iris_interfaces/include/iris_interfaces/iris_interfaces/msg/sensor_status.h
[73.869s] -- Installing: /home/maddy/iris_test_tool/install/iris_interfaces/include/iris_interfaces/iris_interfaces/msg/a2_command.h
[73.870s] -- Installing: /home/maddy/iris_test_tool/install/iris_interfaces/include/iris_interfaces/iris_interfaces/msg/motor_status.h
[73.871s] -- Up-to-date: /home/maddy/iris_test_tool/install/iris_interfaces/share/iris_interfaces/environment/library_path.sh
[73.871s] -- Installing: /home/maddy/iris_test_tool/install/iris_interfaces/share/iris_interfaces/environment/library_path.dsv
[73.872s] -- Installing: /home/maddy/iris_test_tool/install/iris_interfaces/lib/libiris_interfaces__rosidl_generator_c.so
[73.877s] -- Set runtime path of "/home/maddy/iris_test_tool/install/iris_interfaces/lib/libiris_interfaces__rosidl_generator_c.so" to ""
[73.877s] -- Up-to-date: /home/maddy/iris_test_tool/install/iris_interfaces/include/iris_interfaces/iris_interfaces
[73.877s] -- Up-to-date: /home/maddy/iris_test_tool/install/iris_interfaces/include/iris_interfaces/iris_interfaces/srv
[73.877s] -- Up-to-date: /home/maddy/iris_test_tool/install/iris_interfaces/include/iris_interfaces/iris_interfaces/srv/detail
[73.878s] -- Installing: /home/maddy/iris_test_tool/install/iris_interfaces/include/iris_interfaces/iris_interfaces/srv/detail/update_motor_controller_reference_source__rosidl_typesupport_fastrtps_c.h
[73.878s] -- Installing: /home/maddy/iris_test_tool/install/iris_interfaces/include/iris_interfaces/iris_interfaces/srv/detail/wifi_discovery__rosidl_typesupport_fastrtps_c.h
[73.879s] -- Installing: /home/maddy/iris_test_tool/install/iris_interfaces/include/iris_interfaces/iris_interfaces/srv/detail/get_wifi_status__rosidl_typesupport_fastrtps_c.h
[73.879s] -- Installing: /home/maddy/iris_test_tool/install/iris_interfaces/include/iris_interfaces/iris_interfaces/srv/detail/reset_wheel_encoders__rosidl_typesupport_fastrtps_c.h
[73.879s] -- Installing: /home/maddy/iris_test_tool/install/iris_interfaces/include/iris_interfaces/iris_interfaces/srv/detail/a2_command__rosidl_typesupport_fastrtps_c.h
[73.880s] -- Installing: /home/maddy/iris_test_tool/install/iris_interfaces/include/iris_interfaces/iris_interfaces/srv/detail/disconnect_wifi__rosidl_typesupport_fastrtps_c.h
[73.880s] -- Installing: /home/maddy/iris_test_tool/install/iris_interfaces/include/iris_interfaces/iris_interfaces/srv/detail/reset_a2_faults__rosidl_typesupport_fastrtps_c.h
[73.881s] -- Installing: /home/maddy/iris_test_tool/install/iris_interfaces/include/iris_interfaces/iris_interfaces/srv/detail/process_manager__rosidl_typesupport_fastrtps_c.h
[73.881s] -- Installing: /home/maddy/iris_test_tool/install/iris_interfaces/include/iris_interfaces/iris_interfaces/srv/detail/restart_motor_controller__rosidl_typesupport_fastrtps_c.h
[73.882s] -- Installing: /home/maddy/iris_test_tool/install/iris_interfaces/include/iris_interfaces/iris_interfaces/srv/detail/state_manager__rosidl_typesupport_fastrtps_c.h
[73.882s] -- Installing: /home/maddy/iris_test_tool/install/iris_interfaces/include/iris_interfaces/iris_interfaces/srv/detail/connect_wifi__rosidl_typesupport_fastrtps_c.h
[73.883s] -- Installing: /home/maddy/iris_test_tool/install/iris_interfaces/include/iris_interfaces/iris_interfaces/srv/detail/update_motor_controller_parameters__rosidl_typesupport_fastrtps_c.h
[73.884s] -- Up-to-date: /home/maddy/iris_test_tool/install/iris_interfaces/include/iris_interfaces/iris_interfaces/action
[73.884s] -- Up-to-date: /home/maddy/iris_test_tool/install/iris_interfaces/include/iris_interfaces/iris_interfaces/action/detail
[73.884s] -- Installing: /home/maddy/iris_test_tool/install/iris_interfaces/include/iris_interfaces/iris_interfaces/action/detail/compute_path_coverage__rosidl_typesupport_fastrtps_c.h
[73.884s] -- Installing: /home/maddy/iris_test_tool/install/iris_interfaces/include/iris_interfaces/iris_interfaces/action/detail/navigate_path_coverage__rosidl_typesupport_fastrtps_c.h
[73.885s] -- Installing: /home/maddy/iris_test_tool/install/iris_interfaces/include/iris_interfaces/iris_interfaces/action/detail/path_coverage_controller__rosidl_typesupport_fastrtps_c.h
[73.885s] -- Up-to-date: /home/maddy/iris_test_tool/install/iris_interfaces/include/iris_interfaces/iris_interfaces/msg
[73.886s] -- Up-to-date: /home/maddy/iris_test_tool/install/iris_interfaces/include/iris_interfaces/iris_interfaces/msg/rosidl_typesupport_fastrtps_c__visibility_control.h
[73.886s] -- Up-to-date: /home/maddy/iris_test_tool/install/iris_interfaces/include/iris_interfaces/iris_interfaces/msg/detail
[73.886s] -- Installing: /home/maddy/iris_test_tool/install/iris_interfaces/include/iris_interfaces/iris_interfaces/msg/detail/a2_fault_status__rosidl_typesupport_fastrtps_c.h
[73.887s] -- Installing: /home/maddy/iris_test_tool/install/iris_interfaces/include/iris_interfaces/iris_interfaces/msg/detail/motor_controller_status__rosidl_typesupport_fastrtps_c.h
[73.887s] -- Installing: /home/maddy/iris_test_tool/install/iris_interfaces/include/iris_interfaces/iris_interfaces/msg/detail/headband_mode__rosidl_typesupport_fastrtps_c.h
[73.887s] -- Installing: /home/maddy/iris_test_tool/install/iris_interfaces/include/iris_interfaces/iris_interfaces/msg/detail/sensor_status__rosidl_typesupport_fastrtps_c.h
[73.887s] -- Installing: /home/maddy/iris_test_tool/install/iris_interfaces/include/iris_interfaces/iris_interfaces/msg/detail/follow_path_result__rosidl_typesupport_fastrtps_c.h
[73.888s] -- Installing: /home/maddy/iris_test_tool/install/iris_interfaces/include/iris_interfaces/iris_interfaces/msg/detail/brush_faults__rosidl_typesupport_fastrtps_c.h
[73.888s] -- Installing: /home/maddy/iris_test_tool/install/iris_interfaces/include/iris_interfaces/iris_interfaces/msg/detail/wheel_encoders__rosidl_typesupport_fastrtps_c.h
[73.888s] -- Installing: /home/maddy/iris_test_tool/install/iris_interfaces/include/iris_interfaces/iris_interfaces/msg/detail/wheel_command_speed__rosidl_typesupport_fastrtps_c.h
[73.889s] -- Installing: /home/maddy/iris_test_tool/install/iris_interfaces/include/iris_interfaces/iris_interfaces/msg/detail/actuator_status__rosidl_typesupport_fastrtps_c.h
[73.889s] -- Installing: /home/maddy/iris_test_tool/install/iris_interfaces/include/iris_interfaces/iris_interfaces/msg/detail/a2_command__rosidl_typesupport_fastrtps_c.h
[73.889s] -- Installing: /home/maddy/iris_test_tool/install/iris_interfaces/include/iris_interfaces/iris_interfaces/msg/detail/led_control__rosidl_typesupport_fastrtps_c.h
[73.890s] -- Installing: /home/maddy/iris_test_tool/install/iris_interfaces/include/iris_interfaces/iris_interfaces/msg/detail/mender_client_status__rosidl_typesupport_fastrtps_c.h
[73.890s] -- Installing: /home/maddy/iris_test_tool/install/iris_interfaces/include/iris_interfaces/iris_interfaces/msg/detail/brush_status__rosidl_typesupport_fastrtps_c.h
[73.890s] -- Installing: /home/maddy/iris_test_tool/install/iris_interfaces/include/iris_interfaces/iris_interfaces/msg/detail/vacuum_status__rosidl_typesupport_fastrtps_c.h
[73.891s] -- Installing: /home/maddy/iris_test_tool/install/iris_interfaces/include/iris_interfaces/iris_interfaces/msg/detail/ultrasonic_ranges__rosidl_typesupport_fastrtps_c.h
[73.891s] -- Installing: /home/maddy/iris_test_tool/install/iris_interfaces/include/iris_interfaces/iris_interfaces/msg/detail/ota_status__rosidl_typesupport_fastrtps_c.h
[73.891s] -- Installing: /home/maddy/iris_test_tool/install/iris_interfaces/include/iris_interfaces/iris_interfaces/msg/detail/motor_status__rosidl_typesupport_fastrtps_c.h
[73.892s] -- Installing: /home/maddy/iris_test_tool/install/iris_interfaces/include/iris_interfaces/iris_interfaces/msg/detail/water_tank_levels__rosidl_typesupport_fastrtps_c.h
[73.892s] -- Installing: /home/maddy/iris_test_tool/install/iris_interfaces/include/iris_interfaces/iris_interfaces/msg/detail/navigation_mode__rosidl_typesupport_fastrtps_c.h
[73.893s] -- Installing: /home/maddy/iris_test_tool/install/iris_interfaces/include/iris_interfaces/iris_interfaces/msg/detail/a5_status__rosidl_typesupport_fastrtps_c.h
[73.893s] -- Installing: /home/maddy/iris_test_tool/install/iris_interfaces/include/iris_interfaces/iris_interfaces/msg/detail/a2_functional_status__rosidl_typesupport_fastrtps_c.h
[73.894s] -- Installing: /home/maddy/iris_test_tool/install/iris_interfaces/include/iris_interfaces/iris_interfaces/msg/detail/vacuum_faults__rosidl_typesupport_fastrtps_c.h
[73.894s] -- Installing: /home/maddy/iris_test_tool/install/iris_interfaces/include/iris_interfaces/iris_interfaces/msg/detail/system_software_status__rosidl_typesupport_fastrtps_c.h
[73.894s] -- Installing: /home/maddy/iris_test_tool/install/iris_interfaces/lib/libiris_interfaces__rosidl_typesupport_fastrtps_c.so
[73.903s] -- Set runtime path of "/home/maddy/iris_test_tool/install/iris_interfaces/lib/libiris_interfaces__rosidl_typesupport_fastrtps_c.so" to ""
[73.904s] -- Up-to-date: /home/maddy/iris_test_tool/install/iris_interfaces/include/iris_interfaces/iris_interfaces
[73.904s] -- Up-to-date: /home/maddy/iris_test_tool/install/iris_interfaces/include/iris_interfaces/iris_interfaces/srv
[73.905s] -- Up-to-date: /home/maddy/iris_test_tool/install/iris_interfaces/include/iris_interfaces/iris_interfaces/srv/detail
[73.905s] -- Installing: /home/maddy/iris_test_tool/install/iris_interfaces/include/iris_interfaces/iris_interfaces/srv/detail/reset_a2_faults__rosidl_typesupport_introspection_c.h
[73.905s] -- Installing: /home/maddy/iris_test_tool/install/iris_interfaces/include/iris_interfaces/iris_interfaces/srv/detail/update_motor_controller_reference_source__rosidl_typesupport_introspection_c.h
[73.906s] -- Installing: /home/maddy/iris_test_tool/install/iris_interfaces/include/iris_interfaces/iris_interfaces/srv/detail/disconnect_wifi__rosidl_typesupport_introspection_c.h
[73.906s] -- Installing: /home/maddy/iris_test_tool/install/iris_interfaces/include/iris_interfaces/iris_interfaces/srv/detail/disconnect_wifi__type_support.c
[73.906s] -- Installing: /home/maddy/iris_test_tool/install/iris_interfaces/include/iris_interfaces/iris_interfaces/srv/detail/get_wifi_status__rosidl_typesupport_introspection_c.h
[73.906s] -- Installing: /home/maddy/iris_test_tool/install/iris_interfaces/include/iris_interfaces/iris_interfaces/srv/detail/update_motor_controller_reference_source__type_support.c
[73.907s] -- Installing: /home/maddy/iris_test_tool/install/iris_interfaces/include/iris_interfaces/iris_interfaces/srv/detail/restart_motor_controller__type_support.c
[73.907s] -- Installing: /home/maddy/iris_test_tool/install/iris_interfaces/include/iris_interfaces/iris_interfaces/srv/detail/wifi_discovery__type_support.c
[73.908s] -- Installing: /home/maddy/iris_test_tool/install/iris_interfaces/include/iris_interfaces/iris_interfaces/srv/detail/process_manager__type_support.c
[73.909s] -- Installing: /home/maddy/iris_test_tool/install/iris_interfaces/include/iris_interfaces/iris_interfaces/srv/detail/connect_wifi__rosidl_typesupport_introspection_c.h
[73.909s] -- Installing: /home/maddy/iris_test_tool/install/iris_interfaces/include/iris_interfaces/iris_interfaces/srv/detail/get_wifi_status__type_support.c
[73.910s] -- Installing: /home/maddy/iris_test_tool/install/iris_interfaces/include/iris_interfaces/iris_interfaces/srv/detail/update_motor_controller_parameters__rosidl_typesupport_introspection_c.h
[73.910s] -- Installing: /home/maddy/iris_test_tool/install/iris_interfaces/include/iris_interfaces/iris_interfaces/srv/detail/connect_wifi__type_support.c
[73.910s] -- Installing: /home/maddy/iris_test_tool/install/iris_interfaces/include/iris_interfaces/iris_interfaces/srv/detail/reset_wheel_encoders__type_support.c
[73.911s] -- Installing: /home/maddy/iris_test_tool/install/iris_interfaces/include/iris_interfaces/iris_interfaces/srv/detail/state_manager__type_support.c
[73.911s] -- Installing: /home/maddy/iris_test_tool/install/iris_interfaces/include/iris_interfaces/iris_interfaces/srv/detail/process_manager__rosidl_typesupport_introspection_c.h
[73.911s] -- Installing: /home/maddy/iris_test_tool/install/iris_interfaces/include/iris_interfaces/iris_interfaces/srv/detail/reset_wheel_encoders__rosidl_typesupport_introspection_c.h
[73.911s] -- Installing: /home/maddy/iris_test_tool/install/iris_interfaces/include/iris_interfaces/iris_interfaces/srv/detail/update_motor_controller_parameters__type_support.c
[73.912s] -- Installing: /home/maddy/iris_test_tool/install/iris_interfaces/include/iris_interfaces/iris_interfaces/srv/detail/wifi_discovery__rosidl_typesupport_introspection_c.h
[73.912s] -- Installing: /home/maddy/iris_test_tool/install/iris_interfaces/include/iris_interfaces/iris_interfaces/srv/detail/restart_motor_controller__rosidl_typesupport_introspection_c.h
[73.913s] -- Installing: /home/maddy/iris_test_tool/install/iris_interfaces/include/iris_interfaces/iris_interfaces/srv/detail/state_manager__rosidl_typesupport_introspection_c.h
[73.913s] -- Installing: /home/maddy/iris_test_tool/install/iris_interfaces/include/iris_interfaces/iris_interfaces/srv/detail/a2_command__type_support.c
[73.913s] -- Installing: /home/maddy/iris_test_tool/install/iris_interfaces/include/iris_interfaces/iris_interfaces/srv/detail/a2_command__rosidl_typesupport_introspection_c.h
[73.914s] -- Installing: /home/maddy/iris_test_tool/install/iris_interfaces/include/iris_interfaces/iris_interfaces/srv/detail/reset_a2_faults__type_support.c
[73.914s] -- Up-to-date: /home/maddy/iris_test_tool/install/iris_interfaces/include/iris_interfaces/iris_interfaces/action
[73.915s] -- Up-to-date: /home/maddy/iris_test_tool/install/iris_interfaces/include/iris_interfaces/iris_interfaces/action/detail
[73.915s] -- Installing: /home/maddy/iris_test_tool/install/iris_interfaces/include/iris_interfaces/iris_interfaces/action/detail/navigate_path_coverage__rosidl_typesupport_introspection_c.h
[73.915s] -- Installing: /home/maddy/iris_test_tool/install/iris_interfaces/include/iris_interfaces/iris_interfaces/action/detail/navigate_path_coverage__type_support.c
[73.916s] -- Installing: /home/maddy/iris_test_tool/install/iris_interfaces/include/iris_interfaces/iris_interfaces/action/detail/compute_path_coverage__rosidl_typesupport_introspection_c.h
[73.916s] -- Installing: /home/maddy/iris_test_tool/install/iris_interfaces/include/iris_interfaces/iris_interfaces/action/detail/compute_path_coverage__type_support.c
[73.917s] -- Installing: /home/maddy/iris_test_tool/install/iris_interfaces/include/iris_interfaces/iris_interfaces/action/detail/path_coverage_controller__type_support.c
[73.917s] -- Installing: /home/maddy/iris_test_tool/install/iris_interfaces/include/iris_interfaces/iris_interfaces/action/detail/path_coverage_controller__rosidl_typesupport_introspection_c.h
[73.918s] -- Up-to-date: /home/maddy/iris_test_tool/install/iris_interfaces/include/iris_interfaces/iris_interfaces/msg
[73.918s] -- Up-to-date: /home/maddy/iris_test_tool/install/iris_interfaces/include/iris_interfaces/iris_interfaces/msg/detail
[73.918s] -- Installing: /home/maddy/iris_test_tool/install/iris_interfaces/include/iris_interfaces/iris_interfaces/msg/detail/navigation_mode__type_support.c
[73.919s] -- Installing: /home/maddy/iris_test_tool/install/iris_interfaces/include/iris_interfaces/iris_interfaces/msg/detail/a2_fault_status__rosidl_typesupport_introspection_c.h
[73.919s] -- Installing: /home/maddy/iris_test_tool/install/iris_interfaces/include/iris_interfaces/iris_interfaces/msg/detail/vacuum_faults__rosidl_typesupport_introspection_c.h
[73.919s] -- Installing: /home/maddy/iris_test_tool/install/iris_interfaces/include/iris_interfaces/iris_interfaces/msg/detail/follow_path_result__type_support.c
[73.920s] -- Installing: /home/maddy/iris_test_tool/install/iris_interfaces/include/iris_interfaces/iris_interfaces/msg/detail/vacuum_status__type_support.c
[73.920s] -- Installing: /home/maddy/iris_test_tool/install/iris_interfaces/include/iris_interfaces/iris_interfaces/msg/detail/ota_status__type_support.c
[73.921s] -- Installing: /home/maddy/iris_test_tool/install/iris_interfaces/include/iris_interfaces/iris_interfaces/msg/detail/brush_status__rosidl_typesupport_introspection_c.h
[73.921s] -- Installing: /home/maddy/iris_test_tool/install/iris_interfaces/include/iris_interfaces/iris_interfaces/msg/detail/sensor_status__type_support.c
[73.922s] -- Installing: /home/maddy/iris_test_tool/install/iris_interfaces/include/iris_interfaces/iris_interfaces/msg/detail/water_tank_levels__rosidl_typesupport_introspection_c.h
[73.922s] -- Installing: /home/maddy/iris_test_tool/install/iris_interfaces/include/iris_interfaces/iris_interfaces/msg/detail/brush_status__type_support.c
[73.923s] -- Installing: /home/maddy/iris_test_tool/install/iris_interfaces/include/iris_interfaces/iris_interfaces/msg/detail/system_software_status__type_support.c
[73.923s] -- Installing: /home/maddy/iris_test_tool/install/iris_interfaces/include/iris_interfaces/iris_interfaces/msg/detail/vacuum_status__rosidl_typesupport_introspection_c.h
[73.924s] -- Installing: /home/maddy/iris_test_tool/install/iris_interfaces/include/iris_interfaces/iris_interfaces/msg/detail/actuator_status__rosidl_typesupport_introspection_c.h
[73.924s] -- Installing: /home/maddy/iris_test_tool/install/iris_interfaces/include/iris_interfaces/iris_interfaces/msg/detail/a5_status__type_support.c
[73.925s] -- Installing: /home/maddy/iris_test_tool/install/iris_interfaces/include/iris_interfaces/iris_interfaces/msg/detail/wheel_command_speed__rosidl_typesupport_introspection_c.h
[73.925s] -- Installing: /home/maddy/iris_test_tool/install/iris_interfaces/include/iris_interfaces/iris_interfaces/msg/detail/actuator_status__type_support.c
[73.926s] -- Installing: /home/maddy/iris_test_tool/install/iris_interfaces/include/iris_interfaces/iris_interfaces/msg/detail/wheel_encoders__type_support.c
[73.926s] -- Installing: /home/maddy/iris_test_tool/install/iris_interfaces/include/iris_interfaces/iris_interfaces/msg/detail/mender_client_status__rosidl_typesupport_introspection_c.h
[73.926s] -- Installing: /home/maddy/iris_test_tool/install/iris_interfaces/include/iris_interfaces/iris_interfaces/msg/detail/follow_path_result__rosidl_typesupport_introspection_c.h
[73.927s] -- Installing: /home/maddy/iris_test_tool/install/iris_interfaces/include/iris_interfaces/iris_interfaces/msg/detail/headband_mode__rosidl_typesupport_introspection_c.h
[73.927s] -- Installing: /home/maddy/iris_test_tool/install/iris_interfaces/include/iris_interfaces/iris_interfaces/msg/detail/wheel_encoders__rosidl_typesupport_introspection_c.h
[73.928s] -- Installing: /home/maddy/iris_test_tool/install/iris_interfaces/include/iris_interfaces/iris_interfaces/msg/detail/vacuum_faults__type_support.c
[73.928s] -- Installing: /home/maddy/iris_test_tool/install/iris_interfaces/include/iris_interfaces/iris_interfaces/msg/detail/motor_controller_status__type_support.c
[73.929s] -- Installing: /home/maddy/iris_test_tool/install/iris_interfaces/include/iris_interfaces/iris_interfaces/msg/detail/wheel_command_speed__type_support.c
[73.929s] -- Installing: /home/maddy/iris_test_tool/install/iris_interfaces/include/iris_interfaces/iris_interfaces/msg/detail/motor_status__rosidl_typesupport_introspection_c.h
[73.930s] -- Installing: /home/maddy/iris_test_tool/install/iris_interfaces/include/iris_interfaces/iris_interfaces/msg/detail/brush_faults__rosidl_typesupport_introspection_c.h
[73.930s] -- Installing: /home/maddy/iris_test_tool/install/iris_interfaces/include/iris_interfaces/iris_interfaces/msg/detail/motor_status__type_support.c
[73.930s] -- Installing: /home/maddy/iris_test_tool/install/iris_interfaces/include/iris_interfaces/iris_interfaces/msg/detail/sensor_status__rosidl_typesupport_introspection_c.h
[73.931s] -- Installing: /home/maddy/iris_test_tool/install/iris_interfaces/include/iris_interfaces/iris_interfaces/msg/detail/led_control__rosidl_typesupport_introspection_c.h
[73.931s] -- Installing: /home/maddy/iris_test_tool/install/iris_interfaces/include/iris_interfaces/iris_interfaces/msg/detail/a2_fault_status__type_support.c
[73.932s] -- Installing: /home/maddy/iris_test_tool/install/iris_interfaces/include/iris_interfaces/iris_interfaces/msg/detail/led_control__type_support.c
[73.932s] -- Installing: /home/maddy/iris_test_tool/install/iris_interfaces/include/iris_interfaces/iris_interfaces/msg/detail/mender_client_status__type_support.c
[73.933s] -- Installing: /home/maddy/iris_test_tool/install/iris_interfaces/include/iris_interfaces/iris_interfaces/msg/detail/water_tank_levels__type_support.c
[73.933s] -- Installing: /home/maddy/iris_test_tool/install/iris_interfaces/include/iris_interfaces/iris_interfaces/msg/detail/brush_faults__type_support.c
[73.934s] -- Installing: /home/maddy/iris_test_tool/install/iris_interfaces/include/iris_interfaces/iris_interfaces/msg/detail/ultrasonic_ranges__rosidl_typesupport_introspection_c.h
[73.934s] -- Installing: /home/maddy/iris_test_tool/install/iris_interfaces/include/iris_interfaces/iris_interfaces/msg/detail/headband_mode__type_support.c
[73.935s] -- Installing: /home/maddy/iris_test_tool/install/iris_interfaces/include/iris_interfaces/iris_interfaces/msg/detail/a2_command__type_support.c
[73.935s] -- Installing: /home/maddy/iris_test_tool/install/iris_interfaces/include/iris_interfaces/iris_interfaces/msg/detail/navigation_mode__rosidl_typesupport_introspection_c.h
[73.936s] -- Installing: /home/maddy/iris_test_tool/install/iris_interfaces/include/iris_interfaces/iris_interfaces/msg/detail/a2_functional_status__type_support.c
[73.936s] -- Installing: /home/maddy/iris_test_tool/install/iris_interfaces/include/iris_interfaces/iris_interfaces/msg/detail/system_software_status__rosidl_typesupport_introspection_c.h
[73.937s] -- Installing: /home/maddy/iris_test_tool/install/iris_interfaces/include/iris_interfaces/iris_interfaces/msg/detail/a2_functional_status__rosidl_typesupport_introspection_c.h
[73.937s] -- Installing: /home/maddy/iris_test_tool/install/iris_interfaces/include/iris_interfaces/iris_interfaces/msg/detail/a2_command__rosidl_typesupport_introspection_c.h
[73.938s] -- Installing: /home/maddy/iris_test_tool/install/iris_interfaces/include/iris_interfaces/iris_interfaces/msg/detail/ota_status__rosidl_typesupport_introspection_c.h
[73.938s] -- Installing: /home/maddy/iris_test_tool/install/iris_interfaces/include/iris_interfaces/iris_interfaces/msg/detail/motor_controller_status__rosidl_typesupport_introspection_c.h
[73.939s] -- Installing: /home/maddy/iris_test_tool/install/iris_interfaces/include/iris_interfaces/iris_interfaces/msg/detail/ultrasonic_ranges__type_support.c
[73.939s] -- Installing: /home/maddy/iris_test_tool/install/iris_interfaces/include/iris_interfaces/iris_interfaces/msg/detail/a5_status__rosidl_typesupport_introspection_c.h
[73.940s] -- Up-to-date: /home/maddy/iris_test_tool/install/iris_interfaces/include/iris_interfaces/iris_interfaces/msg/rosidl_typesupport_introspection_c__visibility_control.h
[73.940s] -- Installing: /home/maddy/iris_test_tool/install/iris_interfaces/lib/libiris_interfaces__rosidl_typesupport_introspection_c.so
[73.943s] -- Set runtime path of "/home/maddy/iris_test_tool/install/iris_interfaces/lib/libiris_interfaces__rosidl_typesupport_introspection_c.so" to ""
[73.943s] -- Installing: /home/maddy/iris_test_tool/install/iris_interfaces/lib/libiris_interfaces__rosidl_typesupport_c.so
[73.946s] -- Set runtime path of "/home/maddy/iris_test_tool/install/iris_interfaces/lib/libiris_interfaces__rosidl_typesupport_c.so" to ""
[73.946s] -- Up-to-date: /home/maddy/iris_test_tool/install/iris_interfaces/include/iris_interfaces/iris_interfaces
[73.946s] -- Up-to-date: /home/maddy/iris_test_tool/install/iris_interfaces/include/iris_interfaces/iris_interfaces/srv
[73.947s] -- Installing: /home/maddy/iris_test_tool/install/iris_interfaces/include/iris_interfaces/iris_interfaces/srv/reset_wheel_encoders.hpp
[73.947s] -- Installing: /home/maddy/iris_test_tool/install/iris_interfaces/include/iris_interfaces/iris_interfaces/srv/update_motor_controller_parameters.hpp
[73.948s] -- Installing: /home/maddy/iris_test_tool/install/iris_interfaces/include/iris_interfaces/iris_interfaces/srv/disconnect_wifi.hpp
[73.948s] -- Installing: /home/maddy/iris_test_tool/install/iris_interfaces/include/iris_interfaces/iris_interfaces/srv/restart_motor_controller.hpp
[73.949s] -- Installing: /home/maddy/iris_test_tool/install/iris_interfaces/include/iris_interfaces/iris_interfaces/srv/reset_a2_faults.hpp
[73.949s] -- Installing: /home/maddy/iris_test_tool/install/iris_interfaces/include/iris_interfaces/iris_interfaces/srv/wifi_discovery.hpp
[73.950s] -- Installing: /home/maddy/iris_test_tool/install/iris_interfaces/include/iris_interfaces/iris_interfaces/srv/get_wifi_status.hpp
[73.950s] -- Up-to-date: /home/maddy/iris_test_tool/install/iris_interfaces/include/iris_interfaces/iris_interfaces/srv/detail
[73.950s] -- Installing: /home/maddy/iris_test_tool/install/iris_interfaces/include/iris_interfaces/iris_interfaces/srv/detail/disconnect_wifi__type_support.hpp
[73.951s] -- Installing: /home/maddy/iris_test_tool/install/iris_interfaces/include/iris_interfaces/iris_interfaces/srv/detail/process_manager__struct.hpp
[73.951s] -- Installing: /home/maddy/iris_test_tool/install/iris_interfaces/include/iris_interfaces/iris_interfaces/srv/detail/restart_motor_controller__struct.hpp
[73.951s] -- Installing: /home/maddy/iris_test_tool/install/iris_interfaces/include/iris_interfaces/iris_interfaces/srv/detail/update_motor_controller_parameters__type_support.hpp
[73.952s] -- Installing: /home/maddy/iris_test_tool/install/iris_interfaces/include/iris_interfaces/iris_interfaces/srv/detail/reset_wheel_encoders__builder.hpp
[73.952s] -- Installing: /home/maddy/iris_test_tool/install/iris_interfaces/include/iris_interfaces/iris_interfaces/srv/detail/connect_wifi__builder.hpp
[73.952s] -- Installing: /home/maddy/iris_test_tool/install/iris_interfaces/include/iris_interfaces/iris_interfaces/srv/detail/update_motor_controller_parameters__struct.hpp
[73.953s] -- Installing: /home/maddy/iris_test_tool/install/iris_interfaces/include/iris_interfaces/iris_interfaces/srv/detail/process_manager__traits.hpp
[73.953s] -- Installing: /home/maddy/iris_test_tool/install/iris_interfaces/include/iris_interfaces/iris_interfaces/srv/detail/restart_motor_controller__traits.hpp
[73.953s] -- Installing: /home/maddy/iris_test_tool/install/iris_interfaces/include/iris_interfaces/iris_interfaces/srv/detail/update_motor_controller_parameters__traits.hpp
[73.954s] -- Installing: /home/maddy/iris_test_tool/install/iris_interfaces/include/iris_interfaces/iris_interfaces/srv/detail/update_motor_controller_parameters__builder.hpp
[73.954s] -- Installing: /home/maddy/iris_test_tool/install/iris_interfaces/include/iris_interfaces/iris_interfaces/srv/detail/reset_a2_faults__type_support.hpp
[73.954s] -- Installing: /home/maddy/iris_test_tool/install/iris_interfaces/include/iris_interfaces/iris_interfaces/srv/detail/update_motor_controller_reference_source__builder.hpp
[73.955s] -- Installing: /home/maddy/iris_test_tool/install/iris_interfaces/include/iris_interfaces/iris_interfaces/srv/detail/state_manager__struct.hpp
[73.955s] -- Installing: /home/maddy/iris_test_tool/install/iris_interfaces/include/iris_interfaces/iris_interfaces/srv/detail/restart_motor_controller__builder.hpp
[73.956s] -- Installing: /home/maddy/iris_test_tool/install/iris_interfaces/include/iris_interfaces/iris_interfaces/srv/detail/disconnect_wifi__struct.hpp
[73.956s] -- Installing: /home/maddy/iris_test_tool/install/iris_interfaces/include/iris_interfaces/iris_interfaces/srv/detail/connect_wifi__type_support.hpp
[73.956s] -- Installing: /home/maddy/iris_test_tool/install/iris_interfaces/include/iris_interfaces/iris_interfaces/srv/detail/update_motor_controller_reference_source__type_support.hpp
[73.957s] -- Installing: /home/maddy/iris_test_tool/install/iris_interfaces/include/iris_interfaces/iris_interfaces/srv/detail/get_wifi_status__builder.hpp
[73.957s] -- Installing: /home/maddy/iris_test_tool/install/iris_interfaces/include/iris_interfaces/iris_interfaces/srv/detail/state_manager__type_support.hpp
[73.957s] -- Installing: /home/maddy/iris_test_tool/install/iris_interfaces/include/iris_interfaces/iris_interfaces/srv/detail/wifi_discovery__traits.hpp
[73.958s] -- Installing: /home/maddy/iris_test_tool/install/iris_interfaces/include/iris_interfaces/iris_interfaces/srv/detail/reset_wheel_encoders__struct.hpp
[73.958s] -- Installing: /home/maddy/iris_test_tool/install/iris_interfaces/include/iris_interfaces/iris_interfaces/srv/detail/get_wifi_status__struct.hpp
[73.959s] -- Installing: /home/maddy/iris_test_tool/install/iris_interfaces/include/iris_interfaces/iris_interfaces/srv/detail/process_manager__type_support.hpp
[73.960s] -- Installing: /home/maddy/iris_test_tool/install/iris_interfaces/include/iris_interfaces/iris_interfaces/srv/detail/a2_command__builder.hpp
[73.960s] -- Installing: /home/maddy/iris_test_tool/install/iris_interfaces/include/iris_interfaces/iris_interfaces/srv/detail/wifi_discovery__builder.hpp
[73.960s] -- Installing: /home/maddy/iris_test_tool/install/iris_interfaces/include/iris_interfaces/iris_interfaces/srv/detail/restart_motor_controller__type_support.hpp
[73.961s] -- Installing: /home/maddy/iris_test_tool/install/iris_interfaces/include/iris_interfaces/iris_interfaces/srv/detail/disconnect_wifi__traits.hpp
[73.961s] -- Installing: /home/maddy/iris_test_tool/install/iris_interfaces/include/iris_interfaces/iris_interfaces/srv/detail/disconnect_wifi__builder.hpp
[73.962s] -- Installing: /home/maddy/iris_test_tool/install/iris_interfaces/include/iris_interfaces/iris_interfaces/srv/detail/connect_wifi__struct.hpp
[73.962s] -- Installing: /home/maddy/iris_test_tool/install/iris_interfaces/include/iris_interfaces/iris_interfaces/srv/detail/get_wifi_status__traits.hpp
[73.962s] -- Installing: /home/maddy/iris_test_tool/install/iris_interfaces/include/iris_interfaces/iris_interfaces/srv/detail/process_manager__builder.hpp
[73.963s] -- Installing: /home/maddy/iris_test_tool/install/iris_interfaces/include/iris_interfaces/iris_interfaces/srv/detail/reset_a2_faults__struct.hpp
[73.963s] -- Installing: /home/maddy/iris_test_tool/install/iris_interfaces/include/iris_interfaces/iris_interfaces/srv/detail/reset_wheel_encoders__traits.hpp
[73.964s] -- Installing: /home/maddy/iris_test_tool/install/iris_interfaces/include/iris_interfaces/iris_interfaces/srv/detail/update_motor_controller_reference_source__traits.hpp
[73.964s] -- Installing: /home/maddy/iris_test_tool/install/iris_interfaces/include/iris_interfaces/iris_interfaces/srv/detail/get_wifi_status__type_support.hpp
[73.965s] -- Installing: /home/maddy/iris_test_tool/install/iris_interfaces/include/iris_interfaces/iris_interfaces/srv/detail/reset_wheel_encoders__type_support.hpp
[73.965s] -- Installing: /home/maddy/iris_test_tool/install/iris_interfaces/include/iris_interfaces/iris_interfaces/srv/detail/a2_command__type_support.hpp
[73.966s] -- Installing: /home/maddy/iris_test_tool/install/iris_interfaces/include/iris_interfaces/iris_interfaces/srv/detail/connect_wifi__traits.hpp
[73.966s] -- Installing: /home/maddy/iris_test_tool/install/iris_interfaces/include/iris_interfaces/iris_interfaces/srv/detail/state_manager__traits.hpp
[73.967s] -- Installing: /home/maddy/iris_test_tool/install/iris_interfaces/include/iris_interfaces/iris_interfaces/srv/detail/state_manager__builder.hpp
[73.967s] -- Installing: /home/maddy/iris_test_tool/install/iris_interfaces/include/iris_interfaces/iris_interfaces/srv/detail/reset_a2_faults__builder.hpp
[73.968s] -- Installing: /home/maddy/iris_test_tool/install/iris_interfaces/include/iris_interfaces/iris_interfaces/srv/detail/a2_command__traits.hpp
[73.968s] -- Installing: /home/maddy/iris_test_tool/install/iris_interfaces/include/iris_interfaces/iris_interfaces/srv/detail/a2_command__struct.hpp
[73.969s] -- Installing: /home/maddy/iris_test_tool/install/iris_interfaces/include/iris_interfaces/iris_interfaces/srv/detail/reset_a2_faults__traits.hpp
[73.969s] -- Installing: /home/maddy/iris_test_tool/install/iris_interfaces/include/iris_interfaces/iris_interfaces/srv/detail/wifi_discovery__type_support.hpp
[73.970s] -- Installing: /home/maddy/iris_test_tool/install/iris_interfaces/include/iris_interfaces/iris_interfaces/srv/detail/update_motor_controller_reference_source__struct.hpp
[73.970s] -- Installing: /home/maddy/iris_test_tool/install/iris_interfaces/include/iris_interfaces/iris_interfaces/srv/detail/wifi_discovery__struct.hpp
[73.971s] -- Installing: /home/maddy/iris_test_tool/install/iris_interfaces/include/iris_interfaces/iris_interfaces/srv/process_manager.hpp
[73.971s] -- Installing: /home/maddy/iris_test_tool/install/iris_interfaces/include/iris_interfaces/iris_interfaces/srv/state_manager.hpp
[73.971s] -- Installing: /home/maddy/iris_test_tool/install/iris_interfaces/include/iris_interfaces/iris_interfaces/srv/connect_wifi.hpp
[73.972s] -- Installing: /home/maddy/iris_test_tool/install/iris_interfaces/include/iris_interfaces/iris_interfaces/srv/a2_command.hpp
[73.972s] -- Installing: /home/maddy/iris_test_tool/install/iris_interfaces/include/iris_interfaces/iris_interfaces/srv/update_motor_controller_reference_source.hpp
[73.973s] -- Up-to-date: /home/maddy/iris_test_tool/install/iris_interfaces/include/iris_interfaces/iris_interfaces/action
[73.973s] -- Installing: /home/maddy/iris_test_tool/install/iris_interfaces/include/iris_interfaces/iris_interfaces/action/path_coverage_controller.hpp
[73.973s] -- Installing: /home/maddy/iris_test_tool/install/iris_interfaces/include/iris_interfaces/iris_interfaces/action/compute_path_coverage.hpp
[73.974s] -- Installing: /home/maddy/iris_test_tool/install/iris_interfaces/include/iris_interfaces/iris_interfaces/action/navigate_path_coverage.hpp
[73.974s] -- Up-to-date: /home/maddy/iris_test_tool/install/iris_interfaces/include/iris_interfaces/iris_interfaces/action/detail
[73.974s] -- Installing: /home/maddy/iris_test_tool/install/iris_interfaces/include/iris_interfaces/iris_interfaces/action/detail/path_coverage_controller__struct.hpp
[73.975s] -- Installing: /home/maddy/iris_test_tool/install/iris_interfaces/include/iris_interfaces/iris_interfaces/action/detail/compute_path_coverage__type_support.hpp
[73.976s] -- Installing: /home/maddy/iris_test_tool/install/iris_interfaces/include/iris_interfaces/iris_interfaces/action/detail/navigate_path_coverage__builder.hpp
[73.976s] -- Installing: /home/maddy/iris_test_tool/install/iris_interfaces/include/iris_interfaces/iris_interfaces/action/detail/compute_path_coverage__traits.hpp
[73.976s] -- Installing: /home/maddy/iris_test_tool/install/iris_interfaces/include/iris_interfaces/iris_interfaces/action/detail/path_coverage_controller__traits.hpp
[73.977s] -- Installing: /home/maddy/iris_test_tool/install/iris_interfaces/include/iris_interfaces/iris_interfaces/action/detail/navigate_path_coverage__struct.hpp
[73.977s] -- Installing: /home/maddy/iris_test_tool/install/iris_interfaces/include/iris_interfaces/iris_interfaces/action/detail/path_coverage_controller__type_support.hpp
[73.978s] -- Installing: /home/maddy/iris_test_tool/install/iris_interfaces/include/iris_interfaces/iris_interfaces/action/detail/navigate_path_coverage__type_support.hpp
[73.978s] -- Installing: /home/maddy/iris_test_tool/install/iris_interfaces/include/iris_interfaces/iris_interfaces/action/detail/navigate_path_coverage__traits.hpp
[73.979s] -- Installing: /home/maddy/iris_test_tool/install/iris_interfaces/include/iris_interfaces/iris_interfaces/action/detail/compute_path_coverage__builder.hpp
[73.979s] -- Installing: /home/maddy/iris_test_tool/install/iris_interfaces/include/iris_interfaces/iris_interfaces/action/detail/path_coverage_controller__builder.hpp
[73.980s] -- Installing: /home/maddy/iris_test_tool/install/iris_interfaces/include/iris_interfaces/iris_interfaces/action/detail/compute_path_coverage__struct.hpp
[73.981s] -- Up-to-date: /home/maddy/iris_test_tool/install/iris_interfaces/include/iris_interfaces/iris_interfaces/msg
[73.981s] -- Installing: /home/maddy/iris_test_tool/install/iris_interfaces/include/iris_interfaces/iris_interfaces/msg/motor_controller_status.hpp
[73.981s] -- Installing: /home/maddy/iris_test_tool/install/iris_interfaces/include/iris_interfaces/iris_interfaces/msg/wheel_command_speed.hpp
[73.982s] -- Installing: /home/maddy/iris_test_tool/install/iris_interfaces/include/iris_interfaces/iris_interfaces/msg/follow_path_result.hpp
[73.982s] -- Installing: /home/maddy/iris_test_tool/install/iris_interfaces/include/iris_interfaces/iris_interfaces/msg/vacuum_status.hpp
[73.982s] -- Installing: /home/maddy/iris_test_tool/install/iris_interfaces/include/iris_interfaces/iris_interfaces/msg/actuator_status.hpp
[73.983s] -- Installing: /home/maddy/iris_test_tool/install/iris_interfaces/include/iris_interfaces/iris_interfaces/msg/ota_status.hpp
[73.983s] -- Installing: /home/maddy/iris_test_tool/install/iris_interfaces/include/iris_interfaces/iris_interfaces/msg/brush_status.hpp
[73.984s] -- Installing: /home/maddy/iris_test_tool/install/iris_interfaces/include/iris_interfaces/iris_interfaces/msg/vacuum_faults.hpp
[73.984s] -- Installing: /home/maddy/iris_test_tool/install/iris_interfaces/include/iris_interfaces/iris_interfaces/msg/ultrasonic_ranges.hpp
[73.984s] -- Up-to-date: /home/maddy/iris_test_tool/install/iris_interfaces/include/iris_interfaces/iris_interfaces/msg/detail
[73.985s] -- Installing: /home/maddy/iris_test_tool/install/iris_interfaces/include/iris_interfaces/iris_interfaces/msg/detail/mender_client_status__type_support.hpp
[73.985s] -- Installing: /home/maddy/iris_test_tool/install/iris_interfaces/include/iris_interfaces/iris_interfaces/msg/detail/sensor_status__builder.hpp
[73.985s] -- Installing: /home/maddy/iris_test_tool/install/iris_interfaces/include/iris_interfaces/iris_interfaces/msg/detail/a2_fault_status__struct.hpp
[73.986s] -- Installing: /home/maddy/iris_test_tool/install/iris_interfaces/include/iris_interfaces/iris_interfaces/msg/detail/a5_status__builder.hpp
[73.987s] -- Installing: /home/maddy/iris_test_tool/install/iris_interfaces/include/iris_interfaces/iris_interfaces/msg/detail/brush_faults__struct.hpp
[73.987s] -- Installing: /home/maddy/iris_test_tool/install/iris_interfaces/include/iris_interfaces/iris_interfaces/msg/detail/navigation_mode__builder.hpp
[73.988s] -- Installing: /home/maddy/iris_test_tool/install/iris_interfaces/include/iris_interfaces/iris_interfaces/msg/detail/a2_functional_status__traits.hpp
[73.988s] -- Installing: /home/maddy/iris_test_tool/install/iris_interfaces/include/iris_interfaces/iris_interfaces/msg/detail/vacuum_status__struct.hpp
[73.989s] -- Installing: /home/maddy/iris_test_tool/install/iris_interfaces/include/iris_interfaces/iris_interfaces/msg/detail/ultrasonic_ranges__struct.hpp
[73.989s] -- Installing: /home/maddy/iris_test_tool/install/iris_interfaces/include/iris_interfaces/iris_interfaces/msg/detail/follow_path_result__builder.hpp
[73.990s] -- Installing: /home/maddy/iris_test_tool/install/iris_interfaces/include/iris_interfaces/iris_interfaces/msg/detail/vacuum_status__traits.hpp
[73.990s] -- Installing: /home/maddy/iris_test_tool/install/iris_interfaces/include/iris_interfaces/iris_interfaces/msg/detail/a2_functional_status__type_support.hpp
[73.991s] -- Installing: /home/maddy/iris_test_tool/install/iris_interfaces/include/iris_interfaces/iris_interfaces/msg/detail/navigation_mode__struct.hpp
[73.991s] -- Installing: /home/maddy/iris_test_tool/install/iris_interfaces/include/iris_interfaces/iris_interfaces/msg/detail/motor_controller_status__struct.hpp
[73.991s] -- Installing: /home/maddy/iris_test_tool/install/iris_interfaces/include/iris_interfaces/iris_interfaces/msg/detail/ota_status__type_support.hpp
[73.992s] -- Installing: /home/maddy/iris_test_tool/install/iris_interfaces/include/iris_interfaces/iris_interfaces/msg/detail/system_software_status__traits.hpp
[73.992s] -- Installing: /home/maddy/iris_test_tool/install/iris_interfaces/include/iris_interfaces/iris_interfaces/msg/detail/ota_status__struct.hpp
[73.993s] -- Installing: /home/maddy/iris_test_tool/install/iris_interfaces/include/iris_interfaces/iris_interfaces/msg/detail/ultrasonic_ranges__builder.hpp
[73.993s] -- Installing: /home/maddy/iris_test_tool/install/iris_interfaces/include/iris_interfaces/iris_interfaces/msg/detail/headband_mode__builder.hpp
[73.994s] -- Installing: /home/maddy/iris_test_tool/install/iris_interfaces/include/iris_interfaces/iris_interfaces/msg/detail/brush_status__struct.hpp
[73.994s] -- Installing: /home/maddy/iris_test_tool/install/iris_interfaces/include/iris_interfaces/iris_interfaces/msg/detail/ultrasonic_ranges__type_support.hpp
[73.995s] -- Installing: /home/maddy/iris_test_tool/install/iris_interfaces/include/iris_interfaces/iris_interfaces/msg/detail/system_software_status__type_support.hpp
[73.995s] -- Installing: /home/maddy/iris_test_tool/install/iris_interfaces/include/iris_interfaces/iris_interfaces/msg/detail/follow_path_result__struct.hpp
[73.996s] -- Installing: /home/maddy/iris_test_tool/install/iris_interfaces/include/iris_interfaces/iris_interfaces/msg/detail/wheel_command_speed__type_support.hpp
[73.996s] -- Installing: /home/maddy/iris_test_tool/install/iris_interfaces/include/iris_interfaces/iris_interfaces/msg/detail/wheel_command_speed__struct.hpp
[73.997s] -- Installing: /home/maddy/iris_test_tool/install/iris_interfaces/include/iris_interfaces/iris_interfaces/msg/detail/navigation_mode__traits.hpp
[73.997s] -- Installing: /home/maddy/iris_test_tool/install/iris_interfaces/include/iris_interfaces/iris_interfaces/msg/detail/mender_client_status__builder.hpp
[73.998s] -- Installing: /home/maddy/iris_test_tool/install/iris_interfaces/include/iris_interfaces/iris_interfaces/msg/detail/water_tank_levels__traits.hpp
[73.998s] -- Installing: /home/maddy/iris_test_tool/install/iris_interfaces/include/iris_interfaces/iris_interfaces/msg/detail/actuator_status__builder.hpp
[73.999s] -- Installing: /home/maddy/iris_test_tool/install/iris_interfaces/include/iris_interfaces/iris_interfaces/msg/detail/system_software_status__struct.hpp
[73.999s] -- Installing: /home/maddy/iris_test_tool/install/iris_interfaces/include/iris_interfaces/iris_interfaces/msg/detail/wheel_command_speed__builder.hpp
[74.000s] -- Installing: /home/maddy/iris_test_tool/install/iris_interfaces/include/iris_interfaces/iris_interfaces/msg/detail/led_control__traits.hpp
[74.000s] -- Installing: /home/maddy/iris_test_tool/install/iris_interfaces/include/iris_interfaces/iris_interfaces/msg/detail/wheel_encoders__builder.hpp
[74.001s] -- Installing: /home/maddy/iris_test_tool/install/iris_interfaces/include/iris_interfaces/iris_interfaces/msg/detail/mender_client_status__struct.hpp
[74.001s] -- Installing: /home/maddy/iris_test_tool/install/iris_interfaces/include/iris_interfaces/iris_interfaces/msg/detail/sensor_status__struct.hpp
[74.002s] -- Installing: /home/maddy/iris_test_tool/install/iris_interfaces/include/iris_interfaces/iris_interfaces/msg/detail/a2_fault_status__builder.hpp
[74.002s] -- Installing: /home/maddy/iris_test_tool/install/iris_interfaces/include/iris_interfaces/iris_interfaces/msg/detail/vacuum_faults__struct.hpp
[74.003s] -- Installing: /home/maddy/iris_test_tool/install/iris_interfaces/include/iris_interfaces/iris_interfaces/msg/detail/ultrasonic_ranges__traits.hpp
[74.003s] -- Installing: /home/maddy/iris_test_tool/install/iris_interfaces/include/iris_interfaces/iris_interfaces/msg/detail/headband_mode__traits.hpp
[74.004s] -- Installing: /home/maddy/iris_test_tool/install/iris_interfaces/include/iris_interfaces/iris_interfaces/msg/detail/brush_faults__builder.hpp
[74.005s] -- Installing: /home/maddy/iris_test_tool/install/iris_interfaces/include/iris_interfaces/iris_interfaces/msg/detail/a5_status__type_support.hpp
[74.005s] -- Installing: /home/maddy/iris_test_tool/install/iris_interfaces/include/iris_interfaces/iris_interfaces/msg/detail/vacuum_faults__traits.hpp
[74.005s] -- Installing: /home/maddy/iris_test_tool/install/iris_interfaces/include/iris_interfaces/iris_interfaces/msg/detail/a2_command__builder.hpp
[74.006s] -- Installing: /home/maddy/iris_test_tool/install/iris_interfaces/include/iris_interfaces/iris_interfaces/msg/detail/headband_mode__struct.hpp
[74.006s] -- Installing: /home/maddy/iris_test_tool/install/iris_interfaces/include/iris_interfaces/iris_interfaces/msg/detail/water_tank_levels__struct.hpp
[74.007s] -- Installing: /home/maddy/iris_test_tool/install/iris_interfaces/include/iris_interfaces/iris_interfaces/msg/detail/led_control__builder.hpp
[74.007s] -- Installing: /home/maddy/iris_test_tool/install/iris_interfaces/include/iris_interfaces/iris_interfaces/msg/detail/follow_path_result__traits.hpp
[74.008s] -- Installing: /home/maddy/iris_test_tool/install/iris_interfaces/include/iris_interfaces/iris_interfaces/msg/detail/motor_controller_status__traits.hpp
[74.008s] -- Installing: /home/maddy/iris_test_tool/install/iris_interfaces/include/iris_interfaces/iris_interfaces/msg/detail/brush_status__type_support.hpp
[74.009s] -- Installing: /home/maddy/iris_test_tool/install/iris_interfaces/include/iris_interfaces/iris_interfaces/msg/detail/actuator_status__struct.hpp
[74.009s] -- Installing: /home/maddy/iris_test_tool/install/iris_interfaces/include/iris_interfaces/iris_interfaces/msg/detail/actuator_status__traits.hpp
[74.010s] -- Installing: /home/maddy/iris_test_tool/install/iris_interfaces/include/iris_interfaces/iris_interfaces/msg/detail/brush_faults__type_support.hpp
[74.010s] -- Installing: /home/maddy/iris_test_tool/install/iris_interfaces/include/iris_interfaces/iris_interfaces/msg/detail/a2_functional_status__builder.hpp
[74.010s] -- Installing: /home/maddy/iris_test_tool/install/iris_interfaces/include/iris_interfaces/iris_interfaces/msg/detail/a5_status__traits.hpp
[74.011s] -- Installing: /home/maddy/iris_test_tool/install/iris_interfaces/include/iris_interfaces/iris_interfaces/msg/detail/vacuum_faults__type_support.hpp
[74.011s] -- Installing: /home/maddy/iris_test_tool/install/iris_interfaces/include/iris_interfaces/iris_interfaces/msg/detail/motor_controller_status__type_support.hpp
[74.012s] -- Installing: /home/maddy/iris_test_tool/install/iris_interfaces/include/iris_interfaces/iris_interfaces/msg/detail/vacuum_status__builder.hpp
[74.012s] -- Installing: /home/maddy/iris_test_tool/install/iris_interfaces/include/iris_interfaces/iris_interfaces/msg/detail/mender_client_status__traits.hpp
[74.013s] -- Installing: /home/maddy/iris_test_tool/install/iris_interfaces/include/iris_interfaces/iris_interfaces/msg/detail/a2_fault_status__type_support.hpp
[74.013s] -- Installing: /home/maddy/iris_test_tool/install/iris_interfaces/include/iris_interfaces/iris_interfaces/msg/detail/system_software_status__builder.hpp
[74.014s] -- Installing: /home/maddy/iris_test_tool/install/iris_interfaces/include/iris_interfaces/iris_interfaces/msg/detail/wheel_encoders__struct.hpp
[74.014s] -- Installing: /home/maddy/iris_test_tool/install/iris_interfaces/include/iris_interfaces/iris_interfaces/msg/detail/water_tank_levels__builder.hpp
[74.014s] -- Installing: /home/maddy/iris_test_tool/install/iris_interfaces/include/iris_interfaces/iris_interfaces/msg/detail/motor_status__builder.hpp
[74.015s] -- Installing: /home/maddy/iris_test_tool/install/iris_interfaces/include/iris_interfaces/iris_interfaces/msg/detail/sensor_status__traits.hpp
[74.015s] -- Installing: /home/maddy/iris_test_tool/install/iris_interfaces/include/iris_interfaces/iris_interfaces/msg/detail/sensor_status__type_support.hpp
[74.016s] -- Installing: /home/maddy/iris_test_tool/install/iris_interfaces/include/iris_interfaces/iris_interfaces/msg/detail/brush_status__traits.hpp
[74.016s] -- Installing: /home/maddy/iris_test_tool/install/iris_interfaces/include/iris_interfaces/iris_interfaces/msg/detail/a2_fault_status__traits.hpp
[74.017s] -- Installing: /home/maddy/iris_test_tool/install/iris_interfaces/include/iris_interfaces/iris_interfaces/msg/detail/wheel_encoders__type_support.hpp
[74.017s] -- Installing: /home/maddy/iris_test_tool/install/iris_interfaces/include/iris_interfaces/iris_interfaces/msg/detail/brush_status__builder.hpp
[74.017s] -- Installing: /home/maddy/iris_test_tool/install/iris_interfaces/include/iris_interfaces/iris_interfaces/msg/detail/vacuum_faults__builder.hpp
[74.018s] -- Installing: /home/maddy/iris_test_tool/install/iris_interfaces/include/iris_interfaces/iris_interfaces/msg/detail/ota_status__traits.hpp
[74.019s] -- Installing: /home/maddy/iris_test_tool/install/iris_interfaces/include/iris_interfaces/iris_interfaces/msg/detail/motor_status__traits.hpp
[74.020s] -- Installing: /home/maddy/iris_test_tool/install/iris_interfaces/include/iris_interfaces/iris_interfaces/msg/detail/led_control__type_support.hpp
[74.020s] -- Installing: /home/maddy/iris_test_tool/install/iris_interfaces/include/iris_interfaces/iris_interfaces/msg/detail/a2_command__type_support.hpp
[74.021s] -- Installing: /home/maddy/iris_test_tool/install/iris_interfaces/include/iris_interfaces/iris_interfaces/msg/detail/a5_status__struct.hpp
[74.021s] -- Installing: /home/maddy/iris_test_tool/install/iris_interfaces/include/iris_interfaces/iris_interfaces/msg/detail/led_control__struct.hpp
[74.021s] -- Installing: /home/maddy/iris_test_tool/install/iris_interfaces/include/iris_interfaces/iris_interfaces/msg/detail/ota_status__builder.hpp
[74.022s] -- Installing: /home/maddy/iris_test_tool/install/iris_interfaces/include/iris_interfaces/iris_interfaces/msg/detail/motor_status__struct.hpp
[74.022s] -- Installing: /home/maddy/iris_test_tool/install/iris_interfaces/include/iris_interfaces/iris_interfaces/msg/detail/actuator_status__type_support.hpp
[74.022s] -- Installing: /home/maddy/iris_test_tool/install/iris_interfaces/include/iris_interfaces/iris_interfaces/msg/detail/wheel_encoders__traits.hpp
[74.023s] -- Installing: /home/maddy/iris_test_tool/install/iris_interfaces/include/iris_interfaces/iris_interfaces/msg/detail/a2_functional_status__struct.hpp
[74.023s] -- Installing: /home/maddy/iris_test_tool/install/iris_interfaces/include/iris_interfaces/iris_interfaces/msg/detail/vacuum_status__type_support.hpp
[74.024s] -- Installing: /home/maddy/iris_test_tool/install/iris_interfaces/include/iris_interfaces/iris_interfaces/msg/detail/a2_command__traits.hpp
[74.024s] -- Installing: /home/maddy/iris_test_tool/install/iris_interfaces/include/iris_interfaces/iris_interfaces/msg/detail/motor_status__type_support.hpp
[74.024s] -- Installing: /home/maddy/iris_test_tool/install/iris_interfaces/include/iris_interfaces/iris_interfaces/msg/detail/follow_path_result__type_support.hpp
[74.025s] -- Installing: /home/maddy/iris_test_tool/install/iris_interfaces/include/iris_interfaces/iris_interfaces/msg/detail/wheel_command_speed__traits.hpp
[74.025s] -- Installing: /home/maddy/iris_test_tool/install/iris_interfaces/include/iris_interfaces/iris_interfaces/msg/detail/water_tank_levels__type_support.hpp
[74.025s] -- Installing: /home/maddy/iris_test_tool/install/iris_interfaces/include/iris_interfaces/iris_interfaces/msg/detail/motor_controller_status__builder.hpp
[74.026s] -- Installing: /home/maddy/iris_test_tool/install/iris_interfaces/include/iris_interfaces/iris_interfaces/msg/detail/headband_mode__type_support.hpp
[74.026s] -- Installing: /home/maddy/iris_test_tool/install/iris_interfaces/include/iris_interfaces/iris_interfaces/msg/detail/a2_command__struct.hpp
[74.027s] -- Installing: /home/maddy/iris_test_tool/install/iris_interfaces/include/iris_interfaces/iris_interfaces/msg/detail/navigation_mode__type_support.hpp
[74.027s] -- Installing: /home/maddy/iris_test_tool/install/iris_interfaces/include/iris_interfaces/iris_interfaces/msg/detail/brush_faults__traits.hpp
[74.028s] -- Installing: /home/maddy/iris_test_tool/install/iris_interfaces/include/iris_interfaces/iris_interfaces/msg/system_software_status.hpp
[74.028s] -- Installing: /home/maddy/iris_test_tool/install/iris_interfaces/include/iris_interfaces/iris_interfaces/msg/a5_status.hpp
[74.028s] -- Up-to-date: /home/maddy/iris_test_tool/install/iris_interfaces/include/iris_interfaces/iris_interfaces/msg/rosidl_generator_cpp__visibility_control.hpp
[74.029s] -- Installing: /home/maddy/iris_test_tool/install/iris_interfaces/include/iris_interfaces/iris_interfaces/msg/brush_faults.hpp
[74.029s] -- Installing: /home/maddy/iris_test_tool/install/iris_interfaces/include/iris_interfaces/iris_interfaces/msg/navigation_mode.hpp
[74.029s] -- Installing: /home/maddy/iris_test_tool/install/iris_interfaces/include/iris_interfaces/iris_interfaces/msg/a2_command.hpp
[74.030s] -- Installing: /home/maddy/iris_test_tool/install/iris_interfaces/include/iris_interfaces/iris_interfaces/msg/mender_client_status.hpp
[74.031s] -- Installing: /home/maddy/iris_test_tool/install/iris_interfaces/include/iris_interfaces/iris_interfaces/msg/motor_status.hpp
[74.031s] -- Installing: /home/maddy/iris_test_tool/install/iris_interfaces/include/iris_interfaces/iris_interfaces/msg/led_control.hpp
[74.032s] -- Installing: /home/maddy/iris_test_tool/install/iris_interfaces/include/iris_interfaces/iris_interfaces/msg/water_tank_levels.hpp
[74.032s] -- Installing: /home/maddy/iris_test_tool/install/iris_interfaces/include/iris_interfaces/iris_interfaces/msg/a2_fault_status.hpp
[74.033s] -- Installing: /home/maddy/iris_test_tool/install/iris_interfaces/include/iris_interfaces/iris_interfaces/msg/wheel_encoders.hpp
[74.033s] -- Installing: /home/maddy/iris_test_tool/install/iris_interfaces/include/iris_interfaces/iris_interfaces/msg/headband_mode.hpp
[74.034s] -- Installing: /home/maddy/iris_test_tool/install/iris_interfaces/include/iris_interfaces/iris_interfaces/msg/a2_functional_status.hpp
[74.034s] -- Installing: /home/maddy/iris_test_tool/install/iris_interfaces/include/iris_interfaces/iris_interfaces/msg/sensor_status.hpp
[74.035s] -- Up-to-date: /home/maddy/iris_test_tool/install/iris_interfaces/include/iris_interfaces/iris_interfaces
[74.035s] -- Up-to-date: /home/maddy/iris_test_tool/install/iris_interfaces/include/iris_interfaces/iris_interfaces/srv
[74.036s] -- Up-to-date: /home/maddy/iris_test_tool/install/iris_interfaces/include/iris_interfaces/iris_interfaces/srv/detail
[74.036s] -- Up-to-date: /home/maddy/iris_test_tool/install/iris_interfaces/include/iris_interfaces/iris_interfaces/srv/detail/dds_fastrtps
[74.036s] -- Installing: /home/maddy/iris_test_tool/install/iris_interfaces/include/iris_interfaces/iris_interfaces/srv/detail/update_motor_controller_parameters__rosidl_typesupport_fastrtps_cpp.hpp
[74.037s] -- Installing: /home/maddy/iris_test_tool/install/iris_interfaces/include/iris_interfaces/iris_interfaces/srv/detail/reset_a2_faults__rosidl_typesupport_fastrtps_cpp.hpp
[74.037s] -- Installing: /home/maddy/iris_test_tool/install/iris_interfaces/include/iris_interfaces/iris_interfaces/srv/detail/state_manager__rosidl_typesupport_fastrtps_cpp.hpp
[74.037s] -- Installing: /home/maddy/iris_test_tool/install/iris_interfaces/include/iris_interfaces/iris_interfaces/srv/detail/reset_wheel_encoders__rosidl_typesupport_fastrtps_cpp.hpp
[74.038s] -- Installing: /home/maddy/iris_test_tool/install/iris_interfaces/include/iris_interfaces/iris_interfaces/srv/detail/connect_wifi__rosidl_typesupport_fastrtps_cpp.hpp
[74.038s] -- Installing: /home/maddy/iris_test_tool/install/iris_interfaces/include/iris_interfaces/iris_interfaces/srv/detail/update_motor_controller_reference_source__rosidl_typesupport_fastrtps_cpp.hpp
[74.039s] -- Installing: /home/maddy/iris_test_tool/install/iris_interfaces/include/iris_interfaces/iris_interfaces/srv/detail/get_wifi_status__rosidl_typesupport_fastrtps_cpp.hpp
[74.039s] -- Installing: /home/maddy/iris_test_tool/install/iris_interfaces/include/iris_interfaces/iris_interfaces/srv/detail/process_manager__rosidl_typesupport_fastrtps_cpp.hpp
[74.040s] -- Installing: /home/maddy/iris_test_tool/install/iris_interfaces/include/iris_interfaces/iris_interfaces/srv/detail/disconnect_wifi__rosidl_typesupport_fastrtps_cpp.hpp
[74.040s] -- Installing: /home/maddy/iris_test_tool/install/iris_interfaces/include/iris_interfaces/iris_interfaces/srv/detail/a2_command__rosidl_typesupport_fastrtps_cpp.hpp
[74.041s] -- Installing: /home/maddy/iris_test_tool/install/iris_interfaces/include/iris_interfaces/iris_interfaces/srv/detail/restart_motor_controller__rosidl_typesupport_fastrtps_cpp.hpp
[74.041s] -- Installing: /home/maddy/iris_test_tool/install/iris_interfaces/include/iris_interfaces/iris_interfaces/srv/detail/wifi_discovery__rosidl_typesupport_fastrtps_cpp.hpp
[74.042s] -- Up-to-date: /home/maddy/iris_test_tool/install/iris_interfaces/include/iris_interfaces/iris_interfaces/action
[74.042s] -- Up-to-date: /home/maddy/iris_test_tool/install/iris_interfaces/include/iris_interfaces/iris_interfaces/action/detail
[74.042s] -- Installing: /home/maddy/iris_test_tool/install/iris_interfaces/include/iris_interfaces/iris_interfaces/action/detail/compute_path_coverage__rosidl_typesupport_fastrtps_cpp.hpp
[74.043s] -- Up-to-date: /home/maddy/iris_test_tool/install/iris_interfaces/include/iris_interfaces/iris_interfaces/action/detail/dds_fastrtps
[74.043s] -- Installing: /home/maddy/iris_test_tool/install/iris_interfaces/include/iris_interfaces/iris_interfaces/action/detail/navigate_path_coverage__rosidl_typesupport_fastrtps_cpp.hpp
[74.043s] -- Installing: /home/maddy/iris_test_tool/install/iris_interfaces/include/iris_interfaces/iris_interfaces/action/detail/path_coverage_controller__rosidl_typesupport_fastrtps_cpp.hpp
[74.044s] -- Up-to-date: /home/maddy/iris_test_tool/install/iris_interfaces/include/iris_interfaces/iris_interfaces/msg
[74.044s] -- Up-to-date: /home/maddy/iris_test_tool/install/iris_interfaces/include/iris_interfaces/iris_interfaces/msg/rosidl_typesupport_fastrtps_cpp__visibility_control.h
[74.044s] -- Up-to-date: /home/maddy/iris_test_tool/install/iris_interfaces/include/iris_interfaces/iris_interfaces/msg/detail
[74.045s] -- Installing: /home/maddy/iris_test_tool/install/iris_interfaces/include/iris_interfaces/iris_interfaces/msg/detail/follow_path_result__rosidl_typesupport_fastrtps_cpp.hpp
[74.045s] -- Up-to-date: /home/maddy/iris_test_tool/install/iris_interfaces/include/iris_interfaces/iris_interfaces/msg/detail/dds_fastrtps
[74.046s] -- Installing: /home/maddy/iris_test_tool/install/iris_interfaces/include/iris_interfaces/iris_interfaces/msg/detail/system_software_status__rosidl_typesupport_fastrtps_cpp.hpp
[74.046s] -- Installing: /home/maddy/iris_test_tool/install/iris_interfaces/include/iris_interfaces/iris_interfaces/msg/detail/navigation_mode__rosidl_typesupport_fastrtps_cpp.hpp
[74.046s] -- Installing: /home/maddy/iris_test_tool/install/iris_interfaces/include/iris_interfaces/iris_interfaces/msg/detail/vacuum_faults__rosidl_typesupport_fastrtps_cpp.hpp
[74.047s] -- Installing: /home/maddy/iris_test_tool/install/iris_interfaces/include/iris_interfaces/iris_interfaces/msg/detail/sensor_status__rosidl_typesupport_fastrtps_cpp.hpp
[74.047s] -- Installing: /home/maddy/iris_test_tool/install/iris_interfaces/include/iris_interfaces/iris_interfaces/msg/detail/vacuum_status__rosidl_typesupport_fastrtps_cpp.hpp
[74.047s] -- Installing: /home/maddy/iris_test_tool/install/iris_interfaces/include/iris_interfaces/iris_interfaces/msg/detail/a2_fault_status__rosidl_typesupport_fastrtps_cpp.hpp
[74.047s] -- Installing: /home/maddy/iris_test_tool/install/iris_interfaces/include/iris_interfaces/iris_interfaces/msg/detail/motor_status__rosidl_typesupport_fastrtps_cpp.hpp
[74.048s] -- Installing: /home/maddy/iris_test_tool/install/iris_interfaces/include/iris_interfaces/iris_interfaces/msg/detail/ultrasonic_ranges__rosidl_typesupport_fastrtps_cpp.hpp
[74.048s] -- Installing: /home/maddy/iris_test_tool/install/iris_interfaces/include/iris_interfaces/iris_interfaces/msg/detail/mender_client_status__rosidl_typesupport_fastrtps_cpp.hpp
[74.048s] -- Installing: /home/maddy/iris_test_tool/install/iris_interfaces/include/iris_interfaces/iris_interfaces/msg/detail/ota_status__rosidl_typesupport_fastrtps_cpp.hpp
[74.049s] -- Installing: /home/maddy/iris_test_tool/install/iris_interfaces/include/iris_interfaces/iris_interfaces/msg/detail/brush_faults__rosidl_typesupport_fastrtps_cpp.hpp
[74.049s] -- Installing: /home/maddy/iris_test_tool/install/iris_interfaces/include/iris_interfaces/iris_interfaces/msg/detail/headband_mode__rosidl_typesupport_fastrtps_cpp.hpp
[74.049s] -- Installing: /home/maddy/iris_test_tool/install/iris_interfaces/include/iris_interfaces/iris_interfaces/msg/detail/wheel_encoders__rosidl_typesupport_fastrtps_cpp.hpp
[74.050s] -- Installing: /home/maddy/iris_test_tool/install/iris_interfaces/include/iris_interfaces/iris_interfaces/msg/detail/motor_controller_status__rosidl_typesupport_fastrtps_cpp.hpp
[74.050s] -- Installing: /home/maddy/iris_test_tool/install/iris_interfaces/include/iris_interfaces/iris_interfaces/msg/detail/actuator_status__rosidl_typesupport_fastrtps_cpp.hpp
[74.051s] -- Installing: /home/maddy/iris_test_tool/install/iris_interfaces/include/iris_interfaces/iris_interfaces/msg/detail/brush_status__rosidl_typesupport_fastrtps_cpp.hpp
[74.051s] -- Installing: /home/maddy/iris_test_tool/install/iris_interfaces/include/iris_interfaces/iris_interfaces/msg/detail/wheel_command_speed__rosidl_typesupport_fastrtps_cpp.hpp
[74.051s] -- Installing: /home/maddy/iris_test_tool/install/iris_interfaces/include/iris_interfaces/iris_interfaces/msg/detail/a2_command__rosidl_typesupport_fastrtps_cpp.hpp
[74.052s] -- Installing: /home/maddy/iris_test_tool/install/iris_interfaces/include/iris_interfaces/iris_interfaces/msg/detail/led_control__rosidl_typesupport_fastrtps_cpp.hpp
[74.052s] -- Installing: /home/maddy/iris_test_tool/install/iris_interfaces/include/iris_interfaces/iris_interfaces/msg/detail/a5_status__rosidl_typesupport_fastrtps_cpp.hpp
[74.052s] -- Installing: /home/maddy/iris_test_tool/install/iris_interfaces/include/iris_interfaces/iris_interfaces/msg/detail/water_tank_levels__rosidl_typesupport_fastrtps_cpp.hpp
[74.053s] -- Installing: /home/maddy/iris_test_tool/install/iris_interfaces/include/iris_interfaces/iris_interfaces/msg/detail/a2_functional_status__rosidl_typesupport_fastrtps_cpp.hpp
[74.053s] -- Installing: /home/maddy/iris_test_tool/install/iris_interfaces/lib/libiris_interfaces__rosidl_typesupport_fastrtps_cpp.so
[74.060s] -- Set runtime path of "/home/maddy/iris_test_tool/install/iris_interfaces/lib/libiris_interfaces__rosidl_typesupport_fastrtps_cpp.so" to ""
[74.061s] -- Up-to-date: /home/maddy/iris_test_tool/install/iris_interfaces/include/iris_interfaces/iris_interfaces
[74.061s] -- Up-to-date: /home/maddy/iris_test_tool/install/iris_interfaces/include/iris_interfaces/iris_interfaces/srv
[74.061s] -- Up-to-date: /home/maddy/iris_test_tool/install/iris_interfaces/include/iris_interfaces/iris_interfaces/srv/detail
[74.061s] -- Installing: /home/maddy/iris_test_tool/install/iris_interfaces/include/iris_interfaces/iris_interfaces/srv/detail/restart_motor_controller__type_support.cpp
[74.062s] -- Installing: /home/maddy/iris_test_tool/install/iris_interfaces/include/iris_interfaces/iris_interfaces/srv/detail/update_motor_controller_reference_source__rosidl_typesupport_introspection_cpp.hpp
[74.062s] -- Installing: /home/maddy/iris_test_tool/install/iris_interfaces/include/iris_interfaces/iris_interfaces/srv/detail/reset_wheel_encoders__type_support.cpp
[74.062s] -- Installing: /home/maddy/iris_test_tool/install/iris_interfaces/include/iris_interfaces/iris_interfaces/srv/detail/update_motor_controller_reference_source__type_support.cpp
[74.062s] -- Installing: /home/maddy/iris_test_tool/install/iris_interfaces/include/iris_interfaces/iris_interfaces/srv/detail/process_manager__rosidl_typesupport_introspection_cpp.hpp
[74.062s] -- Installing: /home/maddy/iris_test_tool/install/iris_interfaces/include/iris_interfaces/iris_interfaces/srv/detail/update_motor_controller_parameters__type_support.cpp
[74.063s] -- Installing: /home/maddy/iris_test_tool/install/iris_interfaces/include/iris_interfaces/iris_interfaces/srv/detail/reset_a2_faults__type_support.cpp
[74.063s] -- Installing: /home/maddy/iris_test_tool/install/iris_interfaces/include/iris_interfaces/iris_interfaces/srv/detail/update_motor_controller_parameters__rosidl_typesupport_introspection_cpp.hpp
[74.064s] -- Installing: /home/maddy/iris_test_tool/install/iris_interfaces/include/iris_interfaces/iris_interfaces/srv/detail/state_manager__rosidl_typesupport_introspection_cpp.hpp
[74.064s] -- Installing: /home/maddy/iris_test_tool/install/iris_interfaces/include/iris_interfaces/iris_interfaces/srv/detail/wifi_discovery__type_support.cpp
[74.064s] -- Installing: /home/maddy/iris_test_tool/install/iris_interfaces/include/iris_interfaces/iris_interfaces/srv/detail/process_manager__type_support.cpp
[74.065s] -- Installing: /home/maddy/iris_test_tool/install/iris_interfaces/include/iris_interfaces/iris_interfaces/srv/detail/connect_wifi__type_support.cpp
[74.065s] -- Installing: /home/maddy/iris_test_tool/install/iris_interfaces/include/iris_interfaces/iris_interfaces/srv/detail/state_manager__type_support.cpp
[74.066s] -- Installing: /home/maddy/iris_test_tool/install/iris_interfaces/include/iris_interfaces/iris_interfaces/srv/detail/disconnect_wifi__rosidl_typesupport_introspection_cpp.hpp
[74.066s] -- Installing: /home/maddy/iris_test_tool/install/iris_interfaces/include/iris_interfaces/iris_interfaces/srv/detail/wifi_discovery__rosidl_typesupport_introspection_cpp.hpp
[74.066s] -- Installing: /home/maddy/iris_test_tool/install/iris_interfaces/include/iris_interfaces/iris_interfaces/srv/detail/connect_wifi__rosidl_typesupport_introspection_cpp.hpp
[74.067s] -- Installing: /home/maddy/iris_test_tool/install/iris_interfaces/include/iris_interfaces/iris_interfaces/srv/detail/get_wifi_status__type_support.cpp
[74.067s] -- Installing: /home/maddy/iris_test_tool/install/iris_interfaces/include/iris_interfaces/iris_interfaces/srv/detail/reset_wheel_encoders__rosidl_typesupport_introspection_cpp.hpp
[74.067s] -- Installing: /home/maddy/iris_test_tool/install/iris_interfaces/include/iris_interfaces/iris_interfaces/srv/detail/get_wifi_status__rosidl_typesupport_introspection_cpp.hpp
[74.068s] -- Installing: /home/maddy/iris_test_tool/install/iris_interfaces/include/iris_interfaces/iris_interfaces/srv/detail/a2_command__rosidl_typesupport_introspection_cpp.hpp
[74.068s] -- Installing: /home/maddy/iris_test_tool/install/iris_interfaces/include/iris_interfaces/iris_interfaces/srv/detail/disconnect_wifi__type_support.cpp
[74.069s] -- Installing: /home/maddy/iris_test_tool/install/iris_interfaces/include/iris_interfaces/iris_interfaces/srv/detail/reset_a2_faults__rosidl_typesupport_introspection_cpp.hpp
[74.069s] -- Installing: /home/maddy/iris_test_tool/install/iris_interfaces/include/iris_interfaces/iris_interfaces/srv/detail/restart_motor_controller__rosidl_typesupport_introspection_cpp.hpp
[74.070s] -- Installing: /home/maddy/iris_test_tool/install/iris_interfaces/include/iris_interfaces/iris_interfaces/srv/detail/a2_command__type_support.cpp
[74.071s] -- Up-to-date: /home/maddy/iris_test_tool/install/iris_interfaces/include/iris_interfaces/iris_interfaces/action
[74.071s] -- Up-to-date: /home/maddy/iris_test_tool/install/iris_interfaces/include/iris_interfaces/iris_interfaces/action/detail
[74.071s] -- Installing: /home/maddy/iris_test_tool/install/iris_interfaces/include/iris_interfaces/iris_interfaces/action/detail/path_coverage_controller__type_support.cpp
[74.072s] -- Installing: /home/maddy/iris_test_tool/install/iris_interfaces/include/iris_interfaces/iris_interfaces/action/detail/compute_path_coverage__type_support.cpp
[74.073s] -- Installing: /home/maddy/iris_test_tool/install/iris_interfaces/include/iris_interfaces/iris_interfaces/action/detail/compute_path_coverage__rosidl_typesupport_introspection_cpp.hpp
[74.073s] -- Installing: /home/maddy/iris_test_tool/install/iris_interfaces/include/iris_interfaces/iris_interfaces/action/detail/path_coverage_controller__rosidl_typesupport_introspection_cpp.hpp
[74.074s] -- Installing: /home/maddy/iris_test_tool/install/iris_interfaces/include/iris_interfaces/iris_interfaces/action/detail/navigate_path_coverage__type_support.cpp
[74.074s] -- Installing: /home/maddy/iris_test_tool/install/iris_interfaces/include/iris_interfaces/iris_interfaces/action/detail/navigate_path_coverage__rosidl_typesupport_introspection_cpp.hpp
[74.075s] -- Up-to-date: /home/maddy/iris_test_tool/install/iris_interfaces/include/iris_interfaces/iris_interfaces/msg
[74.075s] -- Up-to-date: /home/maddy/iris_test_tool/install/iris_interfaces/include/iris_interfaces/iris_interfaces/msg/detail
[74.076s] -- Installing: /home/maddy/iris_test_tool/install/iris_interfaces/include/iris_interfaces/iris_interfaces/msg/detail/ultrasonic_ranges__rosidl_typesupport_introspection_cpp.hpp
[74.076s] -- Installing: /home/maddy/iris_test_tool/install/iris_interfaces/include/iris_interfaces/iris_interfaces/msg/detail/motor_controller_status__rosidl_typesupport_introspection_cpp.hpp
[74.076s] -- Installing: /home/maddy/iris_test_tool/install/iris_interfaces/include/iris_interfaces/iris_interfaces/msg/detail/actuator_status__type_support.cpp
[74.077s] -- Installing: /home/maddy/iris_test_tool/install/iris_interfaces/include/iris_interfaces/iris_interfaces/msg/detail/navigation_mode__type_support.cpp
[74.077s] -- Installing: /home/maddy/iris_test_tool/install/iris_interfaces/include/iris_interfaces/iris_interfaces/msg/detail/a2_fault_status__rosidl_typesupport_introspection_cpp.hpp
[74.078s] -- Installing: /home/maddy/iris_test_tool/install/iris_interfaces/include/iris_interfaces/iris_interfaces/msg/detail/vacuum_faults__type_support.cpp
[74.078s] -- Installing: /home/maddy/iris_test_tool/install/iris_interfaces/include/iris_interfaces/iris_interfaces/msg/detail/navigation_mode__rosidl_typesupport_introspection_cpp.hpp
[74.078s] -- Installing: /home/maddy/iris_test_tool/install/iris_interfaces/include/iris_interfaces/iris_interfaces/msg/detail/headband_mode__type_support.cpp
[74.079s] -- Installing: /home/maddy/iris_test_tool/install/iris_interfaces/include/iris_interfaces/iris_interfaces/msg/detail/wheel_command_speed__type_support.cpp
[74.079s] -- Installing: /home/maddy/iris_test_tool/install/iris_interfaces/include/iris_interfaces/iris_interfaces/msg/detail/motor_status__rosidl_typesupport_introspection_cpp.hpp
[74.080s] -- Installing: /home/maddy/iris_test_tool/install/iris_interfaces/include/iris_interfaces/iris_interfaces/msg/detail/sensor_status__type_support.cpp
[74.080s] -- Installing: /home/maddy/iris_test_tool/install/iris_interfaces/include/iris_interfaces/iris_interfaces/msg/detail/motor_controller_status__type_support.cpp
[74.081s] -- Installing: /home/maddy/iris_test_tool/install/iris_interfaces/include/iris_interfaces/iris_interfaces/msg/detail/vacuum_status__type_support.cpp
[74.081s] -- Installing: /home/maddy/iris_test_tool/install/iris_interfaces/include/iris_interfaces/iris_interfaces/msg/detail/follow_path_result__type_support.cpp
[74.082s] -- Installing: /home/maddy/iris_test_tool/install/iris_interfaces/include/iris_interfaces/iris_interfaces/msg/detail/headband_mode__rosidl_typesupport_introspection_cpp.hpp
[74.082s] -- Installing: /home/maddy/iris_test_tool/install/iris_interfaces/include/iris_interfaces/iris_interfaces/msg/detail/wheel_encoders__rosidl_typesupport_introspection_cpp.hpp
[74.083s] -- Installing: /home/maddy/iris_test_tool/install/iris_interfaces/include/iris_interfaces/iris_interfaces/msg/detail/water_tank_levels__rosidl_typesupport_introspection_cpp.hpp
[74.083s] -- Installing: /home/maddy/iris_test_tool/install/iris_interfaces/include/iris_interfaces/iris_interfaces/msg/detail/motor_status__type_support.cpp
[74.084s] -- Installing: /home/maddy/iris_test_tool/install/iris_interfaces/include/iris_interfaces/iris_interfaces/msg/detail/a5_status__rosidl_typesupport_introspection_cpp.hpp
[74.084s] -- Installing: /home/maddy/iris_test_tool/install/iris_interfaces/include/iris_interfaces/iris_interfaces/msg/detail/wheel_command_speed__rosidl_typesupport_introspection_cpp.hpp
[74.085s] -- Installing: /home/maddy/iris_test_tool/install/iris_interfaces/include/iris_interfaces/iris_interfaces/msg/detail/a2_fault_status__type_support.cpp
[74.085s] -- Installing: /home/maddy/iris_test_tool/install/iris_interfaces/include/iris_interfaces/iris_interfaces/msg/detail/vacuum_status__rosidl_typesupport_introspection_cpp.hpp
[74.086s] -- Installing: /home/maddy/iris_test_tool/install/iris_interfaces/include/iris_interfaces/iris_interfaces/msg/detail/ota_status__rosidl_typesupport_introspection_cpp.hpp
[74.086s] -- Installing: /home/maddy/iris_test_tool/install/iris_interfaces/include/iris_interfaces/iris_interfaces/msg/detail/brush_faults__type_support.cpp
[74.087s] -- Installing: /home/maddy/iris_test_tool/install/iris_interfaces/include/iris_interfaces/iris_interfaces/msg/detail/mender_client_status__type_support.cpp
[74.087s] -- Installing: /home/maddy/iris_test_tool/install/iris_interfaces/include/iris_interfaces/iris_interfaces/msg/detail/ota_status__type_support.cpp
[74.087s] -- Installing: /home/maddy/iris_test_tool/install/iris_interfaces/include/iris_interfaces/iris_interfaces/msg/detail/a5_status__type_support.cpp
[74.088s] -- Installing: /home/maddy/iris_test_tool/install/iris_interfaces/include/iris_interfaces/iris_interfaces/msg/detail/a2_command__rosidl_typesupport_introspection_cpp.hpp
[74.088s] -- Installing: /home/maddy/iris_test_tool/install/iris_interfaces/include/iris_interfaces/iris_interfaces/msg/detail/a2_functional_status__rosidl_typesupport_introspection_cpp.hpp
[74.088s] -- Installing: /home/maddy/iris_test_tool/install/iris_interfaces/include/iris_interfaces/iris_interfaces/msg/detail/ultrasonic_ranges__type_support.cpp
[74.089s] -- Installing: /home/maddy/iris_test_tool/install/iris_interfaces/include/iris_interfaces/iris_interfaces/msg/detail/wheel_encoders__type_support.cpp
[74.089s] -- Installing: /home/maddy/iris_test_tool/install/iris_interfaces/include/iris_interfaces/iris_interfaces/msg/detail/sensor_status__rosidl_typesupport_introspection_cpp.hpp
[74.090s] -- Installing: /home/maddy/iris_test_tool/install/iris_interfaces/include/iris_interfaces/iris_interfaces/msg/detail/vacuum_faults__rosidl_typesupport_introspection_cpp.hpp
[74.090s] -- Installing: /home/maddy/iris_test_tool/install/iris_interfaces/include/iris_interfaces/iris_interfaces/msg/detail/led_control__type_support.cpp
[74.090s] -- Installing: /home/maddy/iris_test_tool/install/iris_interfaces/include/iris_interfaces/iris_interfaces/msg/detail/a2_functional_status__type_support.cpp
[74.091s] -- Installing: /home/maddy/iris_test_tool/install/iris_interfaces/include/iris_interfaces/iris_interfaces/msg/detail/brush_status__rosidl_typesupport_introspection_cpp.hpp
[74.091s] -- Installing: /home/maddy/iris_test_tool/install/iris_interfaces/include/iris_interfaces/iris_interfaces/msg/detail/actuator_status__rosidl_typesupport_introspection_cpp.hpp
[74.092s] -- Installing: /home/maddy/iris_test_tool/install/iris_interfaces/include/iris_interfaces/iris_interfaces/msg/detail/a2_command__type_support.cpp
[74.092s] -- Installing: /home/maddy/iris_test_tool/install/iris_interfaces/include/iris_interfaces/iris_interfaces/msg/detail/brush_faults__rosidl_typesupport_introspection_cpp.hpp
[74.092s] -- Installing: /home/maddy/iris_test_tool/install/iris_interfaces/include/iris_interfaces/iris_interfaces/msg/detail/follow_path_result__rosidl_typesupport_introspection_cpp.hpp
[74.093s] -- Installing: /home/maddy/iris_test_tool/install/iris_interfaces/include/iris_interfaces/iris_interfaces/msg/detail/brush_status__type_support.cpp
[74.093s] -- Installing: /home/maddy/iris_test_tool/install/iris_interfaces/include/iris_interfaces/iris_interfaces/msg/detail/system_software_status__type_support.cpp
[74.094s] -- Installing: /home/maddy/iris_test_tool/install/iris_interfaces/include/iris_interfaces/iris_interfaces/msg/detail/system_software_status__rosidl_typesupport_introspection_cpp.hpp
[74.094s] -- Installing: /home/maddy/iris_test_tool/install/iris_interfaces/include/iris_interfaces/iris_interfaces/msg/detail/mender_client_status__rosidl_typesupport_introspection_cpp.hpp
[74.095s] -- Installing: /home/maddy/iris_test_tool/install/iris_interfaces/include/iris_interfaces/iris_interfaces/msg/detail/led_control__rosidl_typesupport_introspection_cpp.hpp
[74.095s] -- Installing: /home/maddy/iris_test_tool/install/iris_interfaces/include/iris_interfaces/iris_interfaces/msg/detail/water_tank_levels__type_support.cpp
[74.097s] -- Installing: /home/maddy/iris_test_tool/install/iris_interfaces/lib/libiris_interfaces__rosidl_typesupport_introspection_cpp.so
[74.101s] -- Set runtime path of "/home/maddy/iris_test_tool/install/iris_interfaces/lib/libiris_interfaces__rosidl_typesupport_introspection_cpp.so" to ""
[74.102s] -- Installing: /home/maddy/iris_test_tool/install/iris_interfaces/lib/libiris_interfaces__rosidl_typesupport_cpp.so
[74.105s] -- Set runtime path of "/home/maddy/iris_test_tool/install/iris_interfaces/lib/libiris_interfaces__rosidl_typesupport_cpp.so" to ""
[74.105s] -- Up-to-date: /home/maddy/iris_test_tool/install/iris_interfaces/share/iris_interfaces/environment/pythonpath.sh
[74.106s] -- Installing: /home/maddy/iris_test_tool/install/iris_interfaces/share/iris_interfaces/environment/pythonpath.dsv
[74.106s] -- Up-to-date: /home/maddy/iris_test_tool/install/iris_interfaces/local/lib/python3.10/dist-packages/iris_interfaces-0.5.13-py3.10.egg-info
[74.106s] -- Installing: /home/maddy/iris_test_tool/install/iris_interfaces/local/lib/python3.10/dist-packages/iris_interfaces-0.5.13-py3.10.egg-info/top_level.txt
[74.107s] -- Installing: /home/maddy/iris_test_tool/install/iris_interfaces/local/lib/python3.10/dist-packages/iris_interfaces-0.5.13-py3.10.egg-info/dependency_links.txt
[74.107s] -- Installing: /home/maddy/iris_test_tool/install/iris_interfaces/local/lib/python3.10/dist-packages/iris_interfaces-0.5.13-py3.10.egg-info/PKG-INFO
[74.108s] -- Installing: /home/maddy/iris_test_tool/install/iris_interfaces/local/lib/python3.10/dist-packages/iris_interfaces-0.5.13-py3.10.egg-info/SOURCES.txt
[74.108s] -- Up-to-date: /home/maddy/iris_test_tool/install/iris_interfaces/local/lib/python3.10/dist-packages/iris_interfaces
[74.109s] -- Installing: /home/maddy/iris_test_tool/install/iris_interfaces/local/lib/python3.10/dist-packages/iris_interfaces/_iris_interfaces_s.ep.rosidl_typesupport_fastrtps_c.c
[74.110s] -- Up-to-date: /home/maddy/iris_test_tool/install/iris_interfaces/local/lib/python3.10/dist-packages/iris_interfaces/srv
[74.111s] -- Installing: /home/maddy/iris_test_tool/install/iris_interfaces/local/lib/python3.10/dist-packages/iris_interfaces/srv/_get_wifi_status_s.c
[74.111s] -- Installing: /home/maddy/iris_test_tool/install/iris_interfaces/local/lib/python3.10/dist-packages/iris_interfaces/srv/_update_motor_controller_parameters.py
[74.112s] -- Installing: /home/maddy/iris_test_tool/install/iris_interfaces/local/lib/python3.10/dist-packages/iris_interfaces/srv/_connect_wifi_s.c
[74.112s] -- Installing: /home/maddy/iris_test_tool/install/iris_interfaces/local/lib/python3.10/dist-packages/iris_interfaces/srv/_connect_wifi.py
[74.113s] -- Installing: /home/maddy/iris_test_tool/install/iris_interfaces/local/lib/python3.10/dist-packages/iris_interfaces/srv/_update_motor_controller_reference_source_s.c
[74.113s] -- Installing: /home/maddy/iris_test_tool/install/iris_interfaces/local/lib/python3.10/dist-packages/iris_interfaces/srv/_process_manager.py
[74.113s] -- Installing: /home/maddy/iris_test_tool/install/iris_interfaces/local/lib/python3.10/dist-packages/iris_interfaces/srv/_restart_motor_controller.py
[74.114s] -- Installing: /home/maddy/iris_test_tool/install/iris_interfaces/local/lib/python3.10/dist-packages/iris_interfaces/srv/_wifi_discovery.py
[74.114s] -- Installing: /home/maddy/iris_test_tool/install/iris_interfaces/local/lib/python3.10/dist-packages/iris_interfaces/srv/_get_wifi_status.py
[74.115s] -- Installing: /home/maddy/iris_test_tool/install/iris_interfaces/local/lib/python3.10/dist-packages/iris_interfaces/srv/_reset_a2_faults_s.c
[74.115s] -- Installing: /home/maddy/iris_test_tool/install/iris_interfaces/local/lib/python3.10/dist-packages/iris_interfaces/srv/_wifi_discovery_s.c
[74.115s] -- Installing: /home/maddy/iris_test_tool/install/iris_interfaces/local/lib/python3.10/dist-packages/iris_interfaces/srv/_disconnect_wifi.py
[74.116s] -- Installing: /home/maddy/iris_test_tool/install/iris_interfaces/local/lib/python3.10/dist-packages/iris_interfaces/srv/_state_manager_s.c
[74.116s] -- Installing: /home/maddy/iris_test_tool/install/iris_interfaces/local/lib/python3.10/dist-packages/iris_interfaces/srv/_update_motor_controller_parameters_s.c
[74.116s] -- Installing: /home/maddy/iris_test_tool/install/iris_interfaces/local/lib/python3.10/dist-packages/iris_interfaces/srv/_process_manager_s.c
[74.117s] -- Installing: /home/maddy/iris_test_tool/install/iris_interfaces/local/lib/python3.10/dist-packages/iris_interfaces/srv/_reset_a2_faults.py
[74.117s] -- Installing: /home/maddy/iris_test_tool/install/iris_interfaces/local/lib/python3.10/dist-packages/iris_interfaces/srv/_a2_command_s.c
[74.118s] -- Installing: /home/maddy/iris_test_tool/install/iris_interfaces/local/lib/python3.10/dist-packages/iris_interfaces/srv/_disconnect_wifi_s.c
[74.118s] -- Installing: /home/maddy/iris_test_tool/install/iris_interfaces/local/lib/python3.10/dist-packages/iris_interfaces/srv/__init__.py
[74.118s] -- Installing: /home/maddy/iris_test_tool/install/iris_interfaces/local/lib/python3.10/dist-packages/iris_interfaces/srv/_reset_wheel_encoders.py
[74.119s] -- Installing: /home/maddy/iris_test_tool/install/iris_interfaces/local/lib/python3.10/dist-packages/iris_interfaces/srv/_a2_command.py
[74.119s] -- Installing: /home/maddy/iris_test_tool/install/iris_interfaces/local/lib/python3.10/dist-packages/iris_interfaces/srv/_update_motor_controller_reference_source.py
[74.119s] -- Installing: /home/maddy/iris_test_tool/install/iris_interfaces/local/lib/python3.10/dist-packages/iris_interfaces/srv/_state_manager.py
[74.120s] -- Installing: /home/maddy/iris_test_tool/install/iris_interfaces/local/lib/python3.10/dist-packages/iris_interfaces/srv/_restart_motor_controller_s.c
[74.120s] -- Installing: /home/maddy/iris_test_tool/install/iris_interfaces/local/lib/python3.10/dist-packages/iris_interfaces/srv/_reset_wheel_encoders_s.c
[74.121s] -- Up-to-date: /home/maddy/iris_test_tool/install/iris_interfaces/local/lib/python3.10/dist-packages/iris_interfaces/action
[74.121s] -- Installing: /home/maddy/iris_test_tool/install/iris_interfaces/local/lib/python3.10/dist-packages/iris_interfaces/action/_compute_path_coverage_s.c
[74.121s] -- Installing: /home/maddy/iris_test_tool/install/iris_interfaces/local/lib/python3.10/dist-packages/iris_interfaces/action/_navigate_path_coverage_s.c
[74.122s] -- Installing: /home/maddy/iris_test_tool/install/iris_interfaces/local/lib/python3.10/dist-packages/iris_interfaces/action/_navigate_path_coverage.py
[74.122s] -- Installing: /home/maddy/iris_test_tool/install/iris_interfaces/local/lib/python3.10/dist-packages/iris_interfaces/action/__init__.py
[74.122s] -- Installing: /home/maddy/iris_test_tool/install/iris_interfaces/local/lib/python3.10/dist-packages/iris_interfaces/action/_compute_path_coverage.py
[74.123s] -- Installing: /home/maddy/iris_test_tool/install/iris_interfaces/local/lib/python3.10/dist-packages/iris_interfaces/action/_path_coverage_controller_s.c
[74.123s] -- Installing: /home/maddy/iris_test_tool/install/iris_interfaces/local/lib/python3.10/dist-packages/iris_interfaces/action/_path_coverage_controller.py
[74.124s] -- Installing: /home/maddy/iris_test_tool/install/iris_interfaces/local/lib/python3.10/dist-packages/iris_interfaces/__init__.py
[74.124s] -- Installing: /home/maddy/iris_test_tool/install/iris_interfaces/local/lib/python3.10/dist-packages/iris_interfaces/iris_interfaces_s__rosidl_typesupport_c.cpython-310-x86_64-linux-gnu.so
[74.126s] -- Installing: /home/maddy/iris_test_tool/install/iris_interfaces/local/lib/python3.10/dist-packages/iris_interfaces/iris_interfaces_s__rosidl_typesupport_introspection_c.cpython-310-x86_64-linux-gnu.so
[74.127s] -- Installing: /home/maddy/iris_test_tool/install/iris_interfaces/local/lib/python3.10/dist-packages/iris_interfaces/libiris_interfaces__rosidl_generator_py.so
[74.129s] -- Up-to-date: /home/maddy/iris_test_tool/install/iris_interfaces/local/lib/python3.10/dist-packages/iris_interfaces/msg
[74.129s] -- Installing: /home/maddy/iris_test_tool/install/iris_interfaces/local/lib/python3.10/dist-packages/iris_interfaces/msg/_water_tank_levels_s.c
[74.129s] -- Installing: /home/maddy/iris_test_tool/install/iris_interfaces/local/lib/python3.10/dist-packages/iris_interfaces/msg/_vacuum_status.py
[74.129s] -- Installing: /home/maddy/iris_test_tool/install/iris_interfaces/local/lib/python3.10/dist-packages/iris_interfaces/msg/_a2_fault_status_s.c
[74.130s] -- Installing: /home/maddy/iris_test_tool/install/iris_interfaces/local/lib/python3.10/dist-packages/iris_interfaces/msg/_wheel_command_speed.py
[74.130s] -- Installing: /home/maddy/iris_test_tool/install/iris_interfaces/local/lib/python3.10/dist-packages/iris_interfaces/msg/_headband_mode.py
[74.130s] -- Installing: /home/maddy/iris_test_tool/install/iris_interfaces/local/lib/python3.10/dist-packages/iris_interfaces/msg/_motor_status.py
[74.131s] -- Installing: /home/maddy/iris_test_tool/install/iris_interfaces/local/lib/python3.10/dist-packages/iris_interfaces/msg/_a2_functional_status_s.c
[74.131s] -- Installing: /home/maddy/iris_test_tool/install/iris_interfaces/local/lib/python3.10/dist-packages/iris_interfaces/msg/_system_software_status_s.c
[74.132s] -- Installing: /home/maddy/iris_test_tool/install/iris_interfaces/local/lib/python3.10/dist-packages/iris_interfaces/msg/_mender_client_status_s.c
[74.132s] -- Installing: /home/maddy/iris_test_tool/install/iris_interfaces/local/lib/python3.10/dist-packages/iris_interfaces/msg/_sensor_status.py
[74.133s] -- Installing: /home/maddy/iris_test_tool/install/iris_interfaces/local/lib/python3.10/dist-packages/iris_interfaces/msg/_motor_controller_status.py
[74.134s] -- Installing: /home/maddy/iris_test_tool/install/iris_interfaces/local/lib/python3.10/dist-packages/iris_interfaces/msg/_headband_mode_s.c
[74.134s] -- Installing: /home/maddy/iris_test_tool/install/iris_interfaces/local/lib/python3.10/dist-packages/iris_interfaces/msg/_wheel_encoders.py
[74.134s] -- Installing: /home/maddy/iris_test_tool/install/iris_interfaces/local/lib/python3.10/dist-packages/iris_interfaces/msg/_a5_status.py
[74.135s] -- Installing: /home/maddy/iris_test_tool/install/iris_interfaces/local/lib/python3.10/dist-packages/iris_interfaces/msg/_ultrasonic_ranges_s.c
[74.135s] -- Installing: /home/maddy/iris_test_tool/install/iris_interfaces/local/lib/python3.10/dist-packages/iris_interfaces/msg/_led_control_s.c
[74.136s] -- Installing: /home/maddy/iris_test_tool/install/iris_interfaces/local/lib/python3.10/dist-packages/iris_interfaces/msg/_motor_controller_status_s.c
[74.136s] -- Installing: /home/maddy/iris_test_tool/install/iris_interfaces/local/lib/python3.10/dist-packages/iris_interfaces/msg/_brush_status_s.c
[74.137s] -- Installing: /home/maddy/iris_test_tool/install/iris_interfaces/local/lib/python3.10/dist-packages/iris_interfaces/msg/_ultrasonic_ranges.py
[74.137s] -- Installing: /home/maddy/iris_test_tool/install/iris_interfaces/local/lib/python3.10/dist-packages/iris_interfaces/msg/_a2_command_s.c
[74.138s] -- Installing: /home/maddy/iris_test_tool/install/iris_interfaces/local/lib/python3.10/dist-packages/iris_interfaces/msg/_ota_status.py
[74.138s] -- Installing: /home/maddy/iris_test_tool/install/iris_interfaces/local/lib/python3.10/dist-packages/iris_interfaces/msg/_vacuum_faults.py
[74.139s] -- Installing: /home/maddy/iris_test_tool/install/iris_interfaces/local/lib/python3.10/dist-packages/iris_interfaces/msg/_a2_functional_status.py
[74.139s] -- Installing: /home/maddy/iris_test_tool/install/iris_interfaces/local/lib/python3.10/dist-packages/iris_interfaces/msg/_actuator_status.py
[74.140s] -- Installing: /home/maddy/iris_test_tool/install/iris_interfaces/local/lib/python3.10/dist-packages/iris_interfaces/msg/_follow_path_result.py
[74.140s] -- Installing: /home/maddy/iris_test_tool/install/iris_interfaces/local/lib/python3.10/dist-packages/iris_interfaces/msg/_motor_status_s.c
[74.140s] -- Installing: /home/maddy/iris_test_tool/install/iris_interfaces/local/lib/python3.10/dist-packages/iris_interfaces/msg/_vacuum_faults_s.c
[74.141s] -- Installing: /home/maddy/iris_test_tool/install/iris_interfaces/local/lib/python3.10/dist-packages/iris_interfaces/msg/_wheel_command_speed_s.c
[74.141s] -- Installing: /home/maddy/iris_test_tool/install/iris_interfaces/local/lib/python3.10/dist-packages/iris_interfaces/msg/_brush_faults_s.c
[74.142s] -- Installing: /home/maddy/iris_test_tool/install/iris_interfaces/local/lib/python3.10/dist-packages/iris_interfaces/msg/__init__.py
[74.142s] -- Installing: /home/maddy/iris_test_tool/install/iris_interfaces/local/lib/python3.10/dist-packages/iris_interfaces/msg/_wheel_encoders_s.c
[74.142s] -- Installing: /home/maddy/iris_test_tool/install/iris_interfaces/local/lib/python3.10/dist-packages/iris_interfaces/msg/_follow_path_result_s.c
[74.143s] -- Installing: /home/maddy/iris_test_tool/install/iris_interfaces/local/lib/python3.10/dist-packages/iris_interfaces/msg/_sensor_status_s.c
[74.143s] -- Installing: /home/maddy/iris_test_tool/install/iris_interfaces/local/lib/python3.10/dist-packages/iris_interfaces/msg/_a2_command.py
[74.144s] -- Installing: /home/maddy/iris_test_tool/install/iris_interfaces/local/lib/python3.10/dist-packages/iris_interfaces/msg/_navigation_mode_s.c
[74.144s] -- Installing: /home/maddy/iris_test_tool/install/iris_interfaces/local/lib/python3.10/dist-packages/iris_interfaces/msg/_water_tank_levels.py
[74.145s] -- Installing: /home/maddy/iris_test_tool/install/iris_interfaces/local/lib/python3.10/dist-packages/iris_interfaces/msg/_ota_status_s.c
[74.145s] -- Installing: /home/maddy/iris_test_tool/install/iris_interfaces/local/lib/python3.10/dist-packages/iris_interfaces/msg/_vacuum_status_s.c
[74.145s] -- Installing: /home/maddy/iris_test_tool/install/iris_interfaces/local/lib/python3.10/dist-packages/iris_interfaces/msg/_led_control.py
[74.146s] -- Installing: /home/maddy/iris_test_tool/install/iris_interfaces/local/lib/python3.10/dist-packages/iris_interfaces/msg/_navigation_mode.py
[74.146s] -- Installing: /home/maddy/iris_test_tool/install/iris_interfaces/local/lib/python3.10/dist-packages/iris_interfaces/msg/_mender_client_status.py
[74.147s] -- Installing: /home/maddy/iris_test_tool/install/iris_interfaces/local/lib/python3.10/dist-packages/iris_interfaces/msg/_a2_fault_status.py
[74.147s] -- Installing: /home/maddy/iris_test_tool/install/iris_interfaces/local/lib/python3.10/dist-packages/iris_interfaces/msg/_actuator_status_s.c
[74.148s] -- Installing: /home/maddy/iris_test_tool/install/iris_interfaces/local/lib/python3.10/dist-packages/iris_interfaces/msg/_a5_status_s.c
[74.148s] -- Installing: /home/maddy/iris_test_tool/install/iris_interfaces/local/lib/python3.10/dist-packages/iris_interfaces/msg/_brush_faults.py
[74.149s] -- Installing: /home/maddy/iris_test_tool/install/iris_interfaces/local/lib/python3.10/dist-packages/iris_interfaces/msg/_brush_status.py
[74.149s] -- Installing: /home/maddy/iris_test_tool/install/iris_interfaces/local/lib/python3.10/dist-packages/iris_interfaces/msg/_system_software_status.py
[74.150s] -- Installing: /home/maddy/iris_test_tool/install/iris_interfaces/local/lib/python3.10/dist-packages/iris_interfaces/_iris_interfaces_s.ep.rosidl_typesupport_c.c
[74.151s] -- Installing: /home/maddy/iris_test_tool/install/iris_interfaces/local/lib/python3.10/dist-packages/iris_interfaces/_iris_interfaces_s.ep.rosidl_typesupport_introspection_c.c
[74.152s] -- Installing: /home/maddy/iris_test_tool/install/iris_interfaces/local/lib/python3.10/dist-packages/iris_interfaces/iris_interfaces_s__rosidl_typesupport_fastrtps_c.cpython-310-x86_64-linux-gnu.so
[74.320s] Listing '/home/maddy/iris_test_tool/install/iris_interfaces/local/lib/python3.10/dist-packages/iris_interfaces'...
[74.320s] Compiling '/home/maddy/iris_test_tool/install/iris_interfaces/local/lib/python3.10/dist-packages/iris_interfaces/__init__.py'...
[74.320s] Listing '/home/maddy/iris_test_tool/install/iris_interfaces/local/lib/python3.10/dist-packages/iris_interfaces/action'...
[74.321s] Compiling '/home/maddy/iris_test_tool/install/iris_interfaces/local/lib/python3.10/dist-packages/iris_interfaces/action/__init__.py'...
[74.321s] Compiling '/home/maddy/iris_test_tool/install/iris_interfaces/local/lib/python3.10/dist-packages/iris_interfaces/action/_compute_path_coverage.py'...
[74.321s] Compiling '/home/maddy/iris_test_tool/install/iris_interfaces/local/lib/python3.10/dist-packages/iris_interfaces/action/_navigate_path_coverage.py'...
[74.321s] Compiling '/home/maddy/iris_test_tool/install/iris_interfaces/local/lib/python3.10/dist-packages/iris_interfaces/action/_path_coverage_controller.py'...
[74.321s] Listing '/home/maddy/iris_test_tool/install/iris_interfaces/local/lib/python3.10/dist-packages/iris_interfaces/msg'...
[74.322s] Compiling '/home/maddy/iris_test_tool/install/iris_interfaces/local/lib/python3.10/dist-packages/iris_interfaces/msg/__init__.py'...
[74.322s] Compiling '/home/maddy/iris_test_tool/install/iris_interfaces/local/lib/python3.10/dist-packages/iris_interfaces/msg/_a2_command.py'...
[74.322s] Compiling '/home/maddy/iris_test_tool/install/iris_interfaces/local/lib/python3.10/dist-packages/iris_interfaces/msg/_a2_fault_status.py'...
[74.322s] Compiling '/home/maddy/iris_test_tool/install/iris_interfaces/local/lib/python3.10/dist-packages/iris_interfaces/msg/_a2_functional_status.py'...
[74.322s] Compiling '/home/maddy/iris_test_tool/install/iris_interfaces/local/lib/python3.10/dist-packages/iris_interfaces/msg/_a5_status.py'...
[74.323s] Compiling '/home/maddy/iris_test_tool/install/iris_interfaces/local/lib/python3.10/dist-packages/iris_interfaces/msg/_actuator_status.py'...
[74.323s] Compiling '/home/maddy/iris_test_tool/install/iris_interfaces/local/lib/python3.10/dist-packages/iris_interfaces/msg/_brush_faults.py'...
[74.323s] Compiling '/home/maddy/iris_test_tool/install/iris_interfaces/local/lib/python3.10/dist-packages/iris_interfaces/msg/_brush_status.py'...
[74.323s] Compiling '/home/maddy/iris_test_tool/install/iris_interfaces/local/lib/python3.10/dist-packages/iris_interfaces/msg/_follow_path_result.py'...
[74.323s] Compiling '/home/maddy/iris_test_tool/install/iris_interfaces/local/lib/python3.10/dist-packages/iris_interfaces/msg/_headband_mode.py'...
[74.324s] Compiling '/home/maddy/iris_test_tool/install/iris_interfaces/local/lib/python3.10/dist-packages/iris_interfaces/msg/_led_control.py'...
[74.324s] Compiling '/home/maddy/iris_test_tool/install/iris_interfaces/local/lib/python3.10/dist-packages/iris_interfaces/msg/_mender_client_status.py'...
[74.324s] Compiling '/home/maddy/iris_test_tool/install/iris_interfaces/local/lib/python3.10/dist-packages/iris_interfaces/msg/_motor_controller_status.py'...
[74.324s] Compiling '/home/maddy/iris_test_tool/install/iris_interfaces/local/lib/python3.10/dist-packages/iris_interfaces/msg/_motor_status.py'...
[74.325s] Compiling '/home/maddy/iris_test_tool/install/iris_interfaces/local/lib/python3.10/dist-packages/iris_interfaces/msg/_navigation_mode.py'...
[74.325s] Compiling '/home/maddy/iris_test_tool/install/iris_interfaces/local/lib/python3.10/dist-packages/iris_interfaces/msg/_ota_status.py'...
[74.325s] Compiling '/home/maddy/iris_test_tool/install/iris_interfaces/local/lib/python3.10/dist-packages/iris_interfaces/msg/_sensor_status.py'...
[74.325s] Compiling '/home/maddy/iris_test_tool/install/iris_interfaces/local/lib/python3.10/dist-packages/iris_interfaces/msg/_system_software_status.py'...
[74.325s] Compiling '/home/maddy/iris_test_tool/install/iris_interfaces/local/lib/python3.10/dist-packages/iris_interfaces/msg/_ultrasonic_ranges.py'...
[74.325s] Compiling '/home/maddy/iris_test_tool/install/iris_interfaces/local/lib/python3.10/dist-packages/iris_interfaces/msg/_vacuum_faults.py'...
[74.326s] Compiling '/home/maddy/iris_test_tool/install/iris_interfaces/local/lib/python3.10/dist-packages/iris_interfaces/msg/_vacuum_status.py'...
[74.326s] Compiling '/home/maddy/iris_test_tool/install/iris_interfaces/local/lib/python3.10/dist-packages/iris_interfaces/msg/_water_tank_levels.py'...
[74.326s] Compiling '/home/maddy/iris_test_tool/install/iris_interfaces/local/lib/python3.10/dist-packages/iris_interfaces/msg/_wheel_command_speed.py'...
[74.326s] Compiling '/home/maddy/iris_test_tool/install/iris_interfaces/local/lib/python3.10/dist-packages/iris_interfaces/msg/_wheel_encoders.py'...
[74.326s] Listing '/home/maddy/iris_test_tool/install/iris_interfaces/local/lib/python3.10/dist-packages/iris_interfaces/srv'...
[74.327s] Compiling '/home/maddy/iris_test_tool/install/iris_interfaces/local/lib/python3.10/dist-packages/iris_interfaces/srv/__init__.py'...
[74.327s] Compiling '/home/maddy/iris_test_tool/install/iris_interfaces/local/lib/python3.10/dist-packages/iris_interfaces/srv/_a2_command.py'...
[74.327s] Compiling '/home/maddy/iris_test_tool/install/iris_interfaces/local/lib/python3.10/dist-packages/iris_interfaces/srv/_connect_wifi.py'...
[74.327s] Compiling '/home/maddy/iris_test_tool/install/iris_interfaces/local/lib/python3.10/dist-packages/iris_interfaces/srv/_disconnect_wifi.py'...
[74.327s] Compiling '/home/maddy/iris_test_tool/install/iris_interfaces/local/lib/python3.10/dist-packages/iris_interfaces/srv/_get_wifi_status.py'...
[74.328s] Compiling '/home/maddy/iris_test_tool/install/iris_interfaces/local/lib/python3.10/dist-packages/iris_interfaces/srv/_process_manager.py'...
[74.328s] Compiling '/home/maddy/iris_test_tool/install/iris_interfaces/local/lib/python3.10/dist-packages/iris_interfaces/srv/_reset_a2_faults.py'...
[74.328s] Compiling '/home/maddy/iris_test_tool/install/iris_interfaces/local/lib/python3.10/dist-packages/iris_interfaces/srv/_reset_wheel_encoders.py'...
[74.328s] Compiling '/home/maddy/iris_test_tool/install/iris_interfaces/local/lib/python3.10/dist-packages/iris_interfaces/srv/_restart_motor_controller.py'...
[74.328s] Compiling '/home/maddy/iris_test_tool/install/iris_interfaces/local/lib/python3.10/dist-packages/iris_interfaces/srv/_state_manager.py'...
[74.329s] Compiling '/home/maddy/iris_test_tool/install/iris_interfaces/local/lib/python3.10/dist-packages/iris_interfaces/srv/_update_motor_controller_parameters.py'...
[74.329s] Compiling '/home/maddy/iris_test_tool/install/iris_interfaces/local/lib/python3.10/dist-packages/iris_interfaces/srv/_update_motor_controller_reference_source.py'...
[74.329s] Compiling '/home/maddy/iris_test_tool/install/iris_interfaces/local/lib/python3.10/dist-packages/iris_interfaces/srv/_wifi_discovery.py'...
[74.331s] -- Installing: /home/maddy/iris_test_tool/install/iris_interfaces/local/lib/python3.10/dist-packages/iris_interfaces/iris_interfaces_s__rosidl_typesupport_fastrtps_c.cpython-310-x86_64-linux-gnu.so
[74.333s] -- Set runtime path of "/home/maddy/iris_test_tool/install/iris_interfaces/local/lib/python3.10/dist-packages/iris_interfaces/iris_interfaces_s__rosidl_typesupport_fastrtps_c.cpython-310-x86_64-linux-gnu.so" to ""
[74.334s] -- Installing: /home/maddy/iris_test_tool/install/iris_interfaces/local/lib/python3.10/dist-packages/iris_interfaces/iris_interfaces_s__rosidl_typesupport_introspection_c.cpython-310-x86_64-linux-gnu.so
[74.336s] -- Set runtime path of "/home/maddy/iris_test_tool/install/iris_interfaces/local/lib/python3.10/dist-packages/iris_interfaces/iris_interfaces_s__rosidl_typesupport_introspection_c.cpython-310-x86_64-linux-gnu.so" to ""
[74.337s] -- Installing: /home/maddy/iris_test_tool/install/iris_interfaces/local/lib/python3.10/dist-packages/iris_interfaces/iris_interfaces_s__rosidl_typesupport_c.cpython-310-x86_64-linux-gnu.so
[74.339s] -- Set runtime path of "/home/maddy/iris_test_tool/install/iris_interfaces/local/lib/python3.10/dist-packages/iris_interfaces/iris_interfaces_s__rosidl_typesupport_c.cpython-310-x86_64-linux-gnu.so" to ""
[74.339s] -- Installing: /home/maddy/iris_test_tool/install/iris_interfaces/lib/libiris_interfaces__rosidl_generator_py.so
[74.344s] -- Set runtime path of "/home/maddy/iris_test_tool/install/iris_interfaces/lib/libiris_interfaces__rosidl_generator_py.so" to ""
[74.345s] -- Up-to-date: /home/maddy/iris_test_tool/install/iris_interfaces/share/iris_interfaces/msg/WheelCommandSpeed.idl
[74.345s] -- Up-to-date: /home/maddy/iris_test_tool/install/iris_interfaces/share/iris_interfaces/msg/WheelEncoders.idl
[74.345s] -- Up-to-date: /home/maddy/iris_test_tool/install/iris_interfaces/share/iris_interfaces/msg/SensorStatus.idl
[74.345s] -- Up-to-date: /home/maddy/iris_test_tool/install/iris_interfaces/share/iris_interfaces/msg/MotorStatus.idl
[74.346s] -- Up-to-date: /home/maddy/iris_test_tool/install/iris_interfaces/share/iris_interfaces/msg/MotorControllerStatus.idl
[74.346s] -- Installing: /home/maddy/iris_test_tool/install/iris_interfaces/share/iris_interfaces/msg/UltrasonicRanges.idl
[74.346s] -- Up-to-date: /home/maddy/iris_test_tool/install/iris_interfaces/share/iris_interfaces/msg/WaterTankLevels.idl
[74.347s] -- Up-to-date: /home/maddy/iris_test_tool/install/iris_interfaces/share/iris_interfaces/msg/HeadbandMode.idl
[74.347s] -- Up-to-date: /home/maddy/iris_test_tool/install/iris_interfaces/share/iris_interfaces/msg/NavigationMode.idl
[74.347s] -- Up-to-date: /home/maddy/iris_test_tool/install/iris_interfaces/share/iris_interfaces/msg/FollowPathResult.idl
[74.347s] -- Up-to-date: /home/maddy/iris_test_tool/install/iris_interfaces/share/iris_interfaces/msg/OTAStatus.idl
[74.348s] -- Up-to-date: /home/maddy/iris_test_tool/install/iris_interfaces/share/iris_interfaces/msg/SystemSoftwareStatus.idl
[74.348s] -- Up-to-date: /home/maddy/iris_test_tool/install/iris_interfaces/share/iris_interfaces/msg/MenderClientStatus.idl
[74.348s] -- Up-to-date: /home/maddy/iris_test_tool/install/iris_interfaces/share/iris_interfaces/msg/A5Status.idl
[74.349s] -- Up-to-date: /home/maddy/iris_test_tool/install/iris_interfaces/share/iris_interfaces/msg/LedControl.idl
[74.349s] -- Up-to-date: /home/maddy/iris_test_tool/install/iris_interfaces/share/iris_interfaces/msg/A2FunctionalStatus.idl
[74.349s] -- Up-to-date: /home/maddy/iris_test_tool/install/iris_interfaces/share/iris_interfaces/msg/A2Command.idl
[74.349s] -- Up-to-date: /home/maddy/iris_test_tool/install/iris_interfaces/share/iris_interfaces/msg/VacuumStatus.idl
[74.350s] -- Up-to-date: /home/maddy/iris_test_tool/install/iris_interfaces/share/iris_interfaces/msg/VacuumFaults.idl
[74.350s] -- Up-to-date: /home/maddy/iris_test_tool/install/iris_interfaces/share/iris_interfaces/msg/BrushStatus.idl
[74.350s] -- Up-to-date: /home/maddy/iris_test_tool/install/iris_interfaces/share/iris_interfaces/msg/BrushFaults.idl
[74.351s] -- Up-to-date: /home/maddy/iris_test_tool/install/iris_interfaces/share/iris_interfaces/msg/A2FaultStatus.idl
[74.351s] -- Up-to-date: /home/maddy/iris_test_tool/install/iris_interfaces/share/iris_interfaces/msg/ActuatorStatus.idl
[74.351s] -- Up-to-date: /home/maddy/iris_test_tool/install/iris_interfaces/share/iris_interfaces/srv/UpdateMotorControllerParameters.idl
[74.351s] -- Up-to-date: /home/maddy/iris_test_tool/install/iris_interfaces/share/iris_interfaces/srv/RestartMotorController.idl
[74.352s] -- Up-to-date: /home/maddy/iris_test_tool/install/iris_interfaces/share/iris_interfaces/srv/GetWifiStatus.idl
[74.352s] -- Up-to-date: /home/maddy/iris_test_tool/install/iris_interfaces/share/iris_interfaces/srv/WifiDiscovery.idl
[74.352s] -- Up-to-date: /home/maddy/iris_test_tool/install/iris_interfaces/share/iris_interfaces/srv/ConnectWifi.idl
[74.353s] -- Up-to-date: /home/maddy/iris_test_tool/install/iris_interfaces/share/iris_interfaces/srv/DisconnectWifi.idl
[74.353s] -- Up-to-date: /home/maddy/iris_test_tool/install/iris_interfaces/share/iris_interfaces/srv/ProcessManager.idl
[74.353s] -- Up-to-date: /home/maddy/iris_test_tool/install/iris_interfaces/share/iris_interfaces/srv/StateManager.idl
[74.353s] -- Up-to-date: /home/maddy/iris_test_tool/install/iris_interfaces/share/iris_interfaces/srv/ResetWheelEncoders.idl
[74.354s] -- Up-to-date: /home/maddy/iris_test_tool/install/iris_interfaces/share/iris_interfaces/srv/UpdateMotorControllerReferenceSource.idl
[74.354s] -- Up-to-date: /home/maddy/iris_test_tool/install/iris_interfaces/share/iris_interfaces/srv/A2Command.idl
[74.354s] -- Up-to-date: /home/maddy/iris_test_tool/install/iris_interfaces/share/iris_interfaces/srv/ResetA2Faults.idl
[74.355s] -- Up-to-date: /home/maddy/iris_test_tool/install/iris_interfaces/share/iris_interfaces/action/ComputePathCoverage.idl
[74.355s] -- Up-to-date: /home/maddy/iris_test_tool/install/iris_interfaces/share/iris_interfaces/action/NavigatePathCoverage.idl
[74.355s] -- Up-to-date: /home/maddy/iris_test_tool/install/iris_interfaces/share/iris_interfaces/action/PathCoverageController.idl
[74.356s] -- Up-to-date: /home/maddy/iris_test_tool/install/iris_interfaces/share/iris_interfaces/msg/WheelCommandSpeed.msg
[74.356s] -- Up-to-date: /home/maddy/iris_test_tool/install/iris_interfaces/share/iris_interfaces/msg/WheelEncoders.msg
[74.356s] -- Up-to-date: /home/maddy/iris_test_tool/install/iris_interfaces/share/iris_interfaces/msg/SensorStatus.msg
[74.357s] -- Up-to-date: /home/maddy/iris_test_tool/install/iris_interfaces/share/iris_interfaces/msg/MotorStatus.msg
[74.357s] -- Up-to-date: /home/maddy/iris_test_tool/install/iris_interfaces/share/iris_interfaces/msg/MotorControllerStatus.msg
[74.357s] -- Installing: /home/maddy/iris_test_tool/install/iris_interfaces/share/iris_interfaces/msg/UltrasonicRanges.msg
[74.358s] -- Up-to-date: /home/maddy/iris_test_tool/install/iris_interfaces/share/iris_interfaces/msg/WaterTankLevels.msg
[74.358s] -- Up-to-date: /home/maddy/iris_test_tool/install/iris_interfaces/share/iris_interfaces/msg/HeadbandMode.msg
[74.358s] -- Up-to-date: /home/maddy/iris_test_tool/install/iris_interfaces/share/iris_interfaces/msg/NavigationMode.msg
[74.358s] -- Up-to-date: /home/maddy/iris_test_tool/install/iris_interfaces/share/iris_interfaces/msg/FollowPathResult.msg
[74.359s] -- Up-to-date: /home/maddy/iris_test_tool/install/iris_interfaces/share/iris_interfaces/msg/OTAStatus.msg
[74.359s] -- Up-to-date: /home/maddy/iris_test_tool/install/iris_interfaces/share/iris_interfaces/msg/SystemSoftwareStatus.msg
[74.359s] -- Up-to-date: /home/maddy/iris_test_tool/install/iris_interfaces/share/iris_interfaces/msg/MenderClientStatus.msg
[74.360s] -- Up-to-date: /home/maddy/iris_test_tool/install/iris_interfaces/share/iris_interfaces/msg/A5Status.msg
[74.360s] -- Up-to-date: /home/maddy/iris_test_tool/install/iris_interfaces/share/iris_interfaces/msg/LedControl.msg
[74.360s] -- Up-to-date: /home/maddy/iris_test_tool/install/iris_interfaces/share/iris_interfaces/msg/A2FunctionalStatus.msg
[74.361s] -- Up-to-date: /home/maddy/iris_test_tool/install/iris_interfaces/share/iris_interfaces/msg/A2Command.msg
[74.361s] -- Up-to-date: /home/maddy/iris_test_tool/install/iris_interfaces/share/iris_interfaces/msg/VacuumStatus.msg
[74.361s] -- Up-to-date: /home/maddy/iris_test_tool/install/iris_interfaces/share/iris_interfaces/msg/VacuumFaults.msg
[74.362s] -- Up-to-date: /home/maddy/iris_test_tool/install/iris_interfaces/share/iris_interfaces/msg/BrushStatus.msg
[74.362s] -- Up-to-date: /home/maddy/iris_test_tool/install/iris_interfaces/share/iris_interfaces/msg/BrushFaults.msg
[74.362s] -- Up-to-date: /home/maddy/iris_test_tool/install/iris_interfaces/share/iris_interfaces/msg/A2FaultStatus.msg
[74.363s] -- Up-to-date: /home/maddy/iris_test_tool/install/iris_interfaces/share/iris_interfaces/msg/ActuatorStatus.msg
[74.363s] -- Up-to-date: /home/maddy/iris_test_tool/install/iris_interfaces/share/iris_interfaces/srv/UpdateMotorControllerParameters.srv
[74.363s] -- Up-to-date: /home/maddy/iris_test_tool/install/iris_interfaces/share/iris_interfaces/srv/UpdateMotorControllerParameters_Request.msg
[74.363s] -- Up-to-date: /home/maddy/iris_test_tool/install/iris_interfaces/share/iris_interfaces/srv/UpdateMotorControllerParameters_Response.msg
[74.364s] -- Up-to-date: /home/maddy/iris_test_tool/install/iris_interfaces/share/iris_interfaces/srv/RestartMotorController.srv
[74.364s] -- Up-to-date: /home/maddy/iris_test_tool/install/iris_interfaces/share/iris_interfaces/srv/RestartMotorController_Request.msg
[74.364s] -- Up-to-date: /home/maddy/iris_test_tool/install/iris_interfaces/share/iris_interfaces/srv/RestartMotorController_Response.msg
[74.365s] -- Up-to-date: /home/maddy/iris_test_tool/install/iris_interfaces/share/iris_interfaces/srv/GetWifiStatus.srv
[74.365s] -- Up-to-date: /home/maddy/iris_test_tool/install/iris_interfaces/share/iris_interfaces/srv/GetWifiStatus_Request.msg
[74.365s] -- Up-to-date: /home/maddy/iris_test_tool/install/iris_interfaces/share/iris_interfaces/srv/GetWifiStatus_Response.msg
[74.366s] -- Up-to-date: /home/maddy/iris_test_tool/install/iris_interfaces/share/iris_interfaces/srv/WifiDiscovery.srv
[74.366s] -- Up-to-date: /home/maddy/iris_test_tool/install/iris_interfaces/share/iris_interfaces/srv/WifiDiscovery_Request.msg
[74.367s] -- Up-to-date: /home/maddy/iris_test_tool/install/iris_interfaces/share/iris_interfaces/srv/WifiDiscovery_Response.msg
[74.367s] -- Up-to-date: /home/maddy/iris_test_tool/install/iris_interfaces/share/iris_interfaces/srv/ConnectWifi.srv
[74.368s] -- Up-to-date: /home/maddy/iris_test_tool/install/iris_interfaces/share/iris_interfaces/srv/ConnectWifi_Request.msg
[74.368s] -- Up-to-date: /home/maddy/iris_test_tool/install/iris_interfaces/share/iris_interfaces/srv/ConnectWifi_Response.msg
[74.368s] -- Up-to-date: /home/maddy/iris_test_tool/install/iris_interfaces/share/iris_interfaces/srv/DisconnectWifi.srv
[74.369s] -- Up-to-date: /home/maddy/iris_test_tool/install/iris_interfaces/share/iris_interfaces/srv/DisconnectWifi_Request.msg
[74.369s] -- Up-to-date: /home/maddy/iris_test_tool/install/iris_interfaces/share/iris_interfaces/srv/DisconnectWifi_Response.msg
[74.370s] -- Up-to-date: /home/maddy/iris_test_tool/install/iris_interfaces/share/iris_interfaces/srv/ProcessManager.srv
[74.370s] -- Up-to-date: /home/maddy/iris_test_tool/install/iris_interfaces/share/iris_interfaces/srv/ProcessManager_Request.msg
[74.370s] -- Up-to-date: /home/maddy/iris_test_tool/install/iris_interfaces/share/iris_interfaces/srv/ProcessManager_Response.msg
[74.371s] -- Up-to-date: /home/maddy/iris_test_tool/install/iris_interfaces/share/iris_interfaces/srv/StateManager.srv
[74.371s] -- Up-to-date: /home/maddy/iris_test_tool/install/iris_interfaces/share/iris_interfaces/srv/StateManager_Request.msg
[74.372s] -- Up-to-date: /home/maddy/iris_test_tool/install/iris_interfaces/share/iris_interfaces/srv/StateManager_Response.msg
[74.372s] -- Up-to-date: /home/maddy/iris_test_tool/install/iris_interfaces/share/iris_interfaces/srv/ResetWheelEncoders.srv
[74.372s] -- Up-to-date: /home/maddy/iris_test_tool/install/iris_interfaces/share/iris_interfaces/srv/ResetWheelEncoders_Request.msg
[74.373s] -- Up-to-date: /home/maddy/iris_test_tool/install/iris_interfaces/share/iris_interfaces/srv/ResetWheelEncoders_Response.msg
[74.373s] -- Up-to-date: /home/maddy/iris_test_tool/install/iris_interfaces/share/iris_interfaces/srv/UpdateMotorControllerReferenceSource.srv
[74.373s] -- Up-to-date: /home/maddy/iris_test_tool/install/iris_interfaces/share/iris_interfaces/srv/UpdateMotorControllerReferenceSource_Request.msg
[74.374s] -- Up-to-date: /home/maddy/iris_test_tool/install/iris_interfaces/share/iris_interfaces/srv/UpdateMotorControllerReferenceSource_Response.msg
[74.374s] -- Up-to-date: /home/maddy/iris_test_tool/install/iris_interfaces/share/iris_interfaces/srv/A2Command.srv
[74.375s] -- Up-to-date: /home/maddy/iris_test_tool/install/iris_interfaces/share/iris_interfaces/srv/A2Command_Request.msg
[74.375s] -- Up-to-date: /home/maddy/iris_test_tool/install/iris_interfaces/share/iris_interfaces/srv/A2Command_Response.msg
[74.375s] -- Up-to-date: /home/maddy/iris_test_tool/install/iris_interfaces/share/iris_interfaces/srv/ResetA2Faults.srv
[74.376s] -- Up-to-date: /home/maddy/iris_test_tool/install/iris_interfaces/share/iris_interfaces/srv/ResetA2Faults_Request.msg
[74.376s] -- Up-to-date: /home/maddy/iris_test_tool/install/iris_interfaces/share/iris_interfaces/srv/ResetA2Faults_Response.msg
[74.376s] -- Up-to-date: /home/maddy/iris_test_tool/install/iris_interfaces/share/iris_interfaces/action/ComputePathCoverage.action
[74.377s] -- Up-to-date: /home/maddy/iris_test_tool/install/iris_interfaces/share/iris_interfaces/action/NavigatePathCoverage.action
[74.377s] -- Up-to-date: /home/maddy/iris_test_tool/install/iris_interfaces/share/iris_interfaces/action/PathCoverageController.action
[74.377s] -- Up-to-date: /home/maddy/iris_test_tool/install/iris_interfaces/share/ament_index/resource_index/package_run_dependencies/iris_interfaces
[74.378s] -- Up-to-date: /home/maddy/iris_test_tool/install/iris_interfaces/share/ament_index/resource_index/parent_prefix_path/iris_interfaces
[74.378s] -- Up-to-date: /home/maddy/iris_test_tool/install/iris_interfaces/share/iris_interfaces/environment/ament_prefix_path.sh
[74.378s] -- Installing: /home/maddy/iris_test_tool/install/iris_interfaces/share/iris_interfaces/environment/ament_prefix_path.dsv
[74.379s] -- Up-to-date: /home/maddy/iris_test_tool/install/iris_interfaces/share/iris_interfaces/environment/path.sh
[74.379s] -- Installing: /home/maddy/iris_test_tool/install/iris_interfaces/share/iris_interfaces/environment/path.dsv
[74.379s] -- Up-to-date: /home/maddy/iris_test_tool/install/iris_interfaces/share/iris_interfaces/local_setup.bash
[74.380s] -- Up-to-date: /home/maddy/iris_test_tool/install/iris_interfaces/share/iris_interfaces/local_setup.sh
[74.380s] -- Up-to-date: /home/maddy/iris_test_tool/install/iris_interfaces/share/iris_interfaces/local_setup.zsh
[74.380s] -- Installing: /home/maddy/iris_test_tool/install/iris_interfaces/share/iris_interfaces/local_setup.dsv
[74.381s] -- Installing: /home/maddy/iris_test_tool/install/iris_interfaces/share/iris_interfaces/package.dsv
[74.381s] -- Up-to-date: /home/maddy/iris_test_tool/install/iris_interfaces/share/ament_index/resource_index/packages/iris_interfaces
[74.382s] -- Up-to-date: /home/maddy/iris_test_tool/install/iris_interfaces/share/iris_interfaces/cmake/export_iris_interfaces__rosidl_generator_cExport.cmake
[74.382s] -- Up-to-date: /home/maddy/iris_test_tool/install/iris_interfaces/share/iris_interfaces/cmake/export_iris_interfaces__rosidl_generator_cExport-debug.cmake
[74.382s] -- Up-to-date: /home/maddy/iris_test_tool/install/iris_interfaces/share/iris_interfaces/cmake/export_iris_interfaces__rosidl_typesupport_fastrtps_cExport.cmake
[74.383s] -- Up-to-date: /home/maddy/iris_test_tool/install/iris_interfaces/share/iris_interfaces/cmake/export_iris_interfaces__rosidl_typesupport_fastrtps_cExport-debug.cmake
[74.383s] -- Up-to-date: /home/maddy/iris_test_tool/install/iris_interfaces/share/iris_interfaces/cmake/iris_interfaces__rosidl_typesupport_introspection_cExport.cmake
[74.383s] -- Up-to-date: /home/maddy/iris_test_tool/install/iris_interfaces/share/iris_interfaces/cmake/iris_interfaces__rosidl_typesupport_introspection_cExport-debug.cmake
[74.384s] -- Up-to-date: /home/maddy/iris_test_tool/install/iris_interfaces/share/iris_interfaces/cmake/iris_interfaces__rosidl_typesupport_cExport.cmake
[74.384s] -- Up-to-date: /home/maddy/iris_test_tool/install/iris_interfaces/share/iris_interfaces/cmake/iris_interfaces__rosidl_typesupport_cExport-debug.cmake
[74.385s] -- Up-to-date: /home/maddy/iris_test_tool/install/iris_interfaces/share/iris_interfaces/cmake/export_iris_interfaces__rosidl_generator_cppExport.cmake
[74.385s] -- Up-to-date: /home/maddy/iris_test_tool/install/iris_interfaces/share/iris_interfaces/cmake/export_iris_interfaces__rosidl_typesupport_fastrtps_cppExport.cmake
[74.385s] -- Up-to-date: /home/maddy/iris_test_tool/install/iris_interfaces/share/iris_interfaces/cmake/export_iris_interfaces__rosidl_typesupport_fastrtps_cppExport-debug.cmake
[74.385s] -- Up-to-date: /home/maddy/iris_test_tool/install/iris_interfaces/share/iris_interfaces/cmake/iris_interfaces__rosidl_typesupport_introspection_cppExport.cmake
[74.386s] -- Up-to-date: /home/maddy/iris_test_tool/install/iris_interfaces/share/iris_interfaces/cmake/iris_interfaces__rosidl_typesupport_introspection_cppExport-debug.cmake
[74.386s] -- Up-to-date: /home/maddy/iris_test_tool/install/iris_interfaces/share/iris_interfaces/cmake/iris_interfaces__rosidl_typesupport_cppExport.cmake
[74.386s] -- Up-to-date: /home/maddy/iris_test_tool/install/iris_interfaces/share/iris_interfaces/cmake/iris_interfaces__rosidl_typesupport_cppExport-debug.cmake
[74.386s] -- Up-to-date: /home/maddy/iris_test_tool/install/iris_interfaces/share/iris_interfaces/cmake/export_iris_interfaces__rosidl_generator_pyExport.cmake
[74.386s] -- Up-to-date: /home/maddy/iris_test_tool/install/iris_interfaces/share/iris_interfaces/cmake/export_iris_interfaces__rosidl_generator_pyExport-debug.cmake
[74.387s] -- Up-to-date: /home/maddy/iris_test_tool/install/iris_interfaces/share/iris_interfaces/cmake/rosidl_cmake-extras.cmake
[74.387s] -- Up-to-date: /home/maddy/iris_test_tool/install/iris_interfaces/share/iris_interfaces/cmake/ament_cmake_export_dependencies-extras.cmake
[74.387s] -- Up-to-date: /home/maddy/iris_test_tool/install/iris_interfaces/share/iris_interfaces/cmake/ament_cmake_export_include_directories-extras.cmake
[74.387s] -- Up-to-date: /home/maddy/iris_test_tool/install/iris_interfaces/share/iris_interfaces/cmake/ament_cmake_export_libraries-extras.cmake
[74.387s] -- Up-to-date: /home/maddy/iris_test_tool/install/iris_interfaces/share/iris_interfaces/cmake/ament_cmake_export_targets-extras.cmake
[74.388s] -- Up-to-date: /home/maddy/iris_test_tool/install/iris_interfaces/share/iris_interfaces/cmake/rosidl_cmake_export_typesupport_targets-extras.cmake
[74.388s] -- Up-to-date: /home/maddy/iris_test_tool/install/iris_interfaces/share/iris_interfaces/cmake/rosidl_cmake_export_typesupport_libraries-extras.cmake
[74.389s] -- Up-to-date: /home/maddy/iris_test_tool/install/iris_interfaces/share/iris_interfaces/cmake/iris_interfacesConfig.cmake
[74.389s] -- Up-to-date: /home/maddy/iris_test_tool/install/iris_interfaces/share/iris_interfaces/cmake/iris_interfacesConfig-version.cmake
[74.389s] -- Up-to-date: /home/maddy/iris_test_tool/install/iris_interfaces/share/iris_interfaces/package.xml
[74.393s] Invoked command in '/home/maddy/iris_test_tool/build/iris_interfaces' returned '0': CMAKE_PREFIX_PATH=${CMAKE_PREFIX_PATH}:/opt/ros/humble /usr/bin/cmake --install /home/maddy/iris_test_tool/build/iris_interfaces
