[0.024s] Invoking command in '/home/maddy/iris_test_tool/build/iris_interfaces': CMAKE_PREFIX_PATH=${CMAKE_PREFIX_PATH}:/opt/ros/humble /usr/bin/cmake --build /home/maddy/iris_test_tool/build/iris_interfaces -- -j8 -l8
[0.140s] [  0%] Built target iris_interfaces__cpp
[0.150s] [ 12%] Built target iris_interfaces__rosidl_generator_c
[0.182s] [ 12%] Built target ament_cmake_python_copy_iris_interfaces
[0.234s] [ 36%] Built target iris_interfaces__rosidl_typesupport_cpp
[0.234s] [ 37%] Built target iris_interfaces__rosidl_typesupport_introspection_cpp
[0.234s] [ 50%] Built target iris_interfaces__rosidl_typesupport_c
[0.238s] [ 63%] Built target iris_interfaces__rosidl_typesupport_introspection_c
[0.245s] [ 75%] Built target iris_interfaces__rosidl_typesupport_fastrtps_cpp
[0.249s] [ 88%] Built target iris_interfaces__rosidl_typesupport_fastrtps_c
[0.287s] [ 88%] Built target iris_interfaces
[0.325s] [ 88%] Built target iris_interfaces__py
[0.399s] [100%] Built target iris_interfaces__rosidl_generator_py
[0.446s] [100%] Built target iris_interfaces__rosidl_typesupport_fastrtps_c__pyext
[0.449s] [100%] Built target iris_interfaces__rosidl_typesupport_c__pyext
[0.450s] [100%] Built target iris_interfaces__rosidl_typesupport_introspection_c__pyext
[0.641s] running egg_info
[0.643s] writing iris_interfaces.egg-info/PKG-INFO
[0.643s] writing dependency_links to iris_interfaces.egg-info/dependency_links.txt
[0.643s] writing top-level names to iris_interfaces.egg-info/top_level.txt
[0.647s] reading manifest file 'iris_interfaces.egg-info/SOURCES.txt'
[0.649s] writing manifest file 'iris_interfaces.egg-info/SOURCES.txt'
[0.684s] [100%] Built target ament_cmake_python_build_iris_interfaces_egg
[0.701s] Invoked command in '/home/maddy/iris_test_tool/build/iris_interfaces' returned '0': CMAKE_PREFIX_PATH=${CMAKE_PREFIX_PATH}:/opt/ros/humble /usr/bin/cmake --build /home/maddy/iris_test_tool/build/iris_interfaces -- -j8 -l8
[0.723s] Invoking command in '/home/maddy/iris_test_tool/build/iris_interfaces': CMAKE_PREFIX_PATH=${CMAKE_PREFIX_PATH}:/opt/ros/humble /usr/bin/cmake --install /home/maddy/iris_test_tool/build/iris_interfaces
[0.742s] -- Install configuration: ""
[0.742s] -- Up-to-date: /home/maddy/iris_test_tool/install/iris_interfaces/share/ament_index/resource_index/rosidl_interfaces/iris_interfaces
[0.743s] -- Up-to-date: /home/maddy/iris_test_tool/install/iris_interfaces/include/iris_interfaces/iris_interfaces
[0.743s] -- Up-to-date: /home/maddy/iris_test_tool/install/iris_interfaces/include/iris_interfaces/iris_interfaces/srv
[0.744s] -- Up-to-date: /home/maddy/iris_test_tool/install/iris_interfaces/include/iris_interfaces/iris_interfaces/srv/reset_a2_faults.h
[0.744s] -- Up-to-date: /home/maddy/iris_test_tool/install/iris_interfaces/include/iris_interfaces/iris_interfaces/srv/update_motor_controller_parameters.h
[0.745s] -- Up-to-date: /home/maddy/iris_test_tool/install/iris_interfaces/include/iris_interfaces/iris_interfaces/srv/reset_wheel_encoders.h
[0.745s] -- Up-to-date: /home/maddy/iris_test_tool/install/iris_interfaces/include/iris_interfaces/iris_interfaces/srv/restart_motor_controller.h
[0.746s] -- Up-to-date: /home/maddy/iris_test_tool/install/iris_interfaces/include/iris_interfaces/iris_interfaces/srv/update_motor_controller_reference_source.h
[0.746s] -- Up-to-date: /home/maddy/iris_test_tool/install/iris_interfaces/include/iris_interfaces/iris_interfaces/srv/detail
[0.746s] -- Up-to-date: /home/maddy/iris_test_tool/install/iris_interfaces/include/iris_interfaces/iris_interfaces/srv/detail/reset_a2_faults__struct.h
[0.747s] -- Up-to-date: /home/maddy/iris_test_tool/install/iris_interfaces/include/iris_interfaces/iris_interfaces/srv/detail/process_manager__struct.h
[0.747s] -- Up-to-date: /home/maddy/iris_test_tool/install/iris_interfaces/include/iris_interfaces/iris_interfaces/srv/detail/get_wifi_status__functions.h
[0.748s] -- Up-to-date: /home/maddy/iris_test_tool/install/iris_interfaces/include/iris_interfaces/iris_interfaces/srv/detail/reset_wheel_encoders__struct.h
[0.748s] -- Up-to-date: /home/maddy/iris_test_tool/install/iris_interfaces/include/iris_interfaces/iris_interfaces/srv/detail/update_motor_controller_parameters__functions.c
[0.748s] -- Up-to-date: /home/maddy/iris_test_tool/install/iris_interfaces/include/iris_interfaces/iris_interfaces/srv/detail/update_motor_controller_parameters__functions.h
[0.748s] -- Up-to-date: /home/maddy/iris_test_tool/install/iris_interfaces/include/iris_interfaces/iris_interfaces/srv/detail/reset_wheel_encoders__functions.h
[0.749s] -- Up-to-date: /home/maddy/iris_test_tool/install/iris_interfaces/include/iris_interfaces/iris_interfaces/srv/detail/process_manager__functions.c
[0.749s] -- Up-to-date: /home/maddy/iris_test_tool/install/iris_interfaces/include/iris_interfaces/iris_interfaces/srv/detail/a2_command__functions.c
[0.749s] -- Up-to-date: /home/maddy/iris_test_tool/install/iris_interfaces/include/iris_interfaces/iris_interfaces/srv/detail/state_manager__functions.c
[0.750s] -- Up-to-date: /home/maddy/iris_test_tool/install/iris_interfaces/include/iris_interfaces/iris_interfaces/srv/detail/a2_command__type_support.h
[0.750s] -- Up-to-date: /home/maddy/iris_test_tool/install/iris_interfaces/include/iris_interfaces/iris_interfaces/srv/detail/reset_wheel_encoders__functions.c
[0.750s] -- Up-to-date: /home/maddy/iris_test_tool/install/iris_interfaces/include/iris_interfaces/iris_interfaces/srv/detail/update_motor_controller_reference_source__struct.h
[0.751s] -- Up-to-date: /home/maddy/iris_test_tool/install/iris_interfaces/include/iris_interfaces/iris_interfaces/srv/detail/update_motor_controller_parameters__type_support.h
[0.751s] -- Up-to-date: /home/maddy/iris_test_tool/install/iris_interfaces/include/iris_interfaces/iris_interfaces/srv/detail/restart_motor_controller__struct.h
[0.751s] -- Up-to-date: /home/maddy/iris_test_tool/install/iris_interfaces/include/iris_interfaces/iris_interfaces/srv/detail/state_manager__functions.h
[0.752s] -- Up-to-date: /home/maddy/iris_test_tool/install/iris_interfaces/include/iris_interfaces/iris_interfaces/srv/detail/state_manager__struct.h
[0.752s] -- Up-to-date: /home/maddy/iris_test_tool/install/iris_interfaces/include/iris_interfaces/iris_interfaces/srv/detail/a2_command__struct.h
[0.752s] -- Up-to-date: /home/maddy/iris_test_tool/install/iris_interfaces/include/iris_interfaces/iris_interfaces/srv/detail/reset_a2_faults__functions.c
[0.753s] -- Up-to-date: /home/maddy/iris_test_tool/install/iris_interfaces/include/iris_interfaces/iris_interfaces/srv/detail/update_motor_controller_parameters__struct.h
[0.753s] -- Up-to-date: /home/maddy/iris_test_tool/install/iris_interfaces/include/iris_interfaces/iris_interfaces/srv/detail/restart_motor_controller__functions.h
[0.753s] -- Up-to-date: /home/maddy/iris_test_tool/install/iris_interfaces/include/iris_interfaces/iris_interfaces/srv/detail/state_manager__type_support.h
[0.753s] -- Up-to-date: /home/maddy/iris_test_tool/install/iris_interfaces/include/iris_interfaces/iris_interfaces/srv/detail/restart_motor_controller__functions.c
[0.754s] -- Up-to-date: /home/maddy/iris_test_tool/install/iris_interfaces/include/iris_interfaces/iris_interfaces/srv/detail/update_motor_controller_reference_source__type_support.h
[0.754s] -- Up-to-date: /home/maddy/iris_test_tool/install/iris_interfaces/include/iris_interfaces/iris_interfaces/srv/detail/wifi_discovery__functions.c
[0.754s] -- Up-to-date: /home/maddy/iris_test_tool/install/iris_interfaces/include/iris_interfaces/iris_interfaces/srv/detail/reset_wheel_encoders__type_support.h
[0.755s] -- Up-to-date: /home/maddy/iris_test_tool/install/iris_interfaces/include/iris_interfaces/iris_interfaces/srv/detail/wifi_discovery__type_support.h
[0.755s] -- Up-to-date: /home/maddy/iris_test_tool/install/iris_interfaces/include/iris_interfaces/iris_interfaces/srv/detail/get_wifi_status__struct.h
[0.755s] -- Up-to-date: /home/maddy/iris_test_tool/install/iris_interfaces/include/iris_interfaces/iris_interfaces/srv/detail/disconnect_wifi__functions.c
[0.756s] -- Up-to-date: /home/maddy/iris_test_tool/install/iris_interfaces/include/iris_interfaces/iris_interfaces/srv/detail/disconnect_wifi__struct.h
[0.756s] -- Up-to-date: /home/maddy/iris_test_tool/install/iris_interfaces/include/iris_interfaces/iris_interfaces/srv/detail/wifi_discovery__functions.h
[0.756s] -- Up-to-date: /home/maddy/iris_test_tool/install/iris_interfaces/include/iris_interfaces/iris_interfaces/srv/detail/a2_command__functions.h
[0.757s] -- Up-to-date: /home/maddy/iris_test_tool/install/iris_interfaces/include/iris_interfaces/iris_interfaces/srv/detail/get_wifi_status__functions.c
[0.757s] -- Up-to-date: /home/maddy/iris_test_tool/install/iris_interfaces/include/iris_interfaces/iris_interfaces/srv/detail/disconnect_wifi__functions.h
[0.757s] -- Up-to-date: /home/maddy/iris_test_tool/install/iris_interfaces/include/iris_interfaces/iris_interfaces/srv/detail/reset_a2_faults__functions.h
[0.757s] -- Up-to-date: /home/maddy/iris_test_tool/install/iris_interfaces/include/iris_interfaces/iris_interfaces/srv/detail/wifi_discovery__struct.h
[0.758s] -- Up-to-date: /home/maddy/iris_test_tool/install/iris_interfaces/include/iris_interfaces/iris_interfaces/srv/detail/get_wifi_status__type_support.h
[0.758s] -- Up-to-date: /home/maddy/iris_test_tool/install/iris_interfaces/include/iris_interfaces/iris_interfaces/srv/detail/disconnect_wifi__type_support.h
[0.758s] -- Up-to-date: /home/maddy/iris_test_tool/install/iris_interfaces/include/iris_interfaces/iris_interfaces/srv/detail/connect_wifi__functions.c
[0.759s] -- Up-to-date: /home/maddy/iris_test_tool/install/iris_interfaces/include/iris_interfaces/iris_interfaces/srv/detail/reset_a2_faults__type_support.h
[0.759s] -- Up-to-date: /home/maddy/iris_test_tool/install/iris_interfaces/include/iris_interfaces/iris_interfaces/srv/detail/restart_motor_controller__type_support.h
[0.760s] -- Up-to-date: /home/maddy/iris_test_tool/install/iris_interfaces/include/iris_interfaces/iris_interfaces/srv/detail/connect_wifi__struct.h
[0.760s] -- Up-to-date: /home/maddy/iris_test_tool/install/iris_interfaces/include/iris_interfaces/iris_interfaces/srv/detail/process_manager__functions.h
[0.760s] -- Up-to-date: /home/maddy/iris_test_tool/install/iris_interfaces/include/iris_interfaces/iris_interfaces/srv/detail/connect_wifi__functions.h
[0.761s] -- Up-to-date: /home/maddy/iris_test_tool/install/iris_interfaces/include/iris_interfaces/iris_interfaces/srv/detail/update_motor_controller_reference_source__functions.c
[0.761s] -- Up-to-date: /home/maddy/iris_test_tool/install/iris_interfaces/include/iris_interfaces/iris_interfaces/srv/detail/update_motor_controller_reference_source__functions.h
[0.761s] -- Up-to-date: /home/maddy/iris_test_tool/install/iris_interfaces/include/iris_interfaces/iris_interfaces/srv/detail/process_manager__type_support.h
[0.762s] -- Up-to-date: /home/maddy/iris_test_tool/install/iris_interfaces/include/iris_interfaces/iris_interfaces/srv/detail/connect_wifi__type_support.h
[0.762s] -- Up-to-date: /home/maddy/iris_test_tool/install/iris_interfaces/include/iris_interfaces/iris_interfaces/srv/wifi_discovery.h
[0.762s] -- Up-to-date: /home/maddy/iris_test_tool/install/iris_interfaces/include/iris_interfaces/iris_interfaces/srv/get_wifi_status.h
[0.762s] -- Up-to-date: /home/maddy/iris_test_tool/install/iris_interfaces/include/iris_interfaces/iris_interfaces/srv/disconnect_wifi.h
[0.763s] -- Up-to-date: /home/maddy/iris_test_tool/install/iris_interfaces/include/iris_interfaces/iris_interfaces/srv/process_manager.h
[0.763s] -- Up-to-date: /home/maddy/iris_test_tool/install/iris_interfaces/include/iris_interfaces/iris_interfaces/srv/state_manager.h
[0.764s] -- Up-to-date: /home/maddy/iris_test_tool/install/iris_interfaces/include/iris_interfaces/iris_interfaces/srv/connect_wifi.h
[0.764s] -- Up-to-date: /home/maddy/iris_test_tool/install/iris_interfaces/include/iris_interfaces/iris_interfaces/srv/a2_command.h
[0.764s] -- Up-to-date: /home/maddy/iris_test_tool/install/iris_interfaces/include/iris_interfaces/iris_interfaces/action
[0.764s] -- Up-to-date: /home/maddy/iris_test_tool/install/iris_interfaces/include/iris_interfaces/iris_interfaces/action/navigate_path_coverage.h
[0.765s] -- Up-to-date: /home/maddy/iris_test_tool/install/iris_interfaces/include/iris_interfaces/iris_interfaces/action/path_coverage_controller.h
[0.765s] -- Up-to-date: /home/maddy/iris_test_tool/install/iris_interfaces/include/iris_interfaces/iris_interfaces/action/detail
[0.765s] -- Up-to-date: /home/maddy/iris_test_tool/install/iris_interfaces/include/iris_interfaces/iris_interfaces/action/detail/compute_path_coverage__functions.h
[0.765s] -- Up-to-date: /home/maddy/iris_test_tool/install/iris_interfaces/include/iris_interfaces/iris_interfaces/action/detail/compute_path_coverage__struct.h
[0.766s] -- Up-to-date: /home/maddy/iris_test_tool/install/iris_interfaces/include/iris_interfaces/iris_interfaces/action/detail/navigate_path_coverage__functions.h
[0.766s] -- Up-to-date: /home/maddy/iris_test_tool/install/iris_interfaces/include/iris_interfaces/iris_interfaces/action/detail/path_coverage_controller__type_support.h
[0.767s] -- Up-to-date: /home/maddy/iris_test_tool/install/iris_interfaces/include/iris_interfaces/iris_interfaces/action/detail/navigate_path_coverage__functions.c
[0.767s] -- Up-to-date: /home/maddy/iris_test_tool/install/iris_interfaces/include/iris_interfaces/iris_interfaces/action/detail/compute_path_coverage__type_support.h
[0.767s] -- Up-to-date: /home/maddy/iris_test_tool/install/iris_interfaces/include/iris_interfaces/iris_interfaces/action/detail/path_coverage_controller__functions.c
[0.768s] -- Up-to-date: /home/maddy/iris_test_tool/install/iris_interfaces/include/iris_interfaces/iris_interfaces/action/detail/navigate_path_coverage__type_support.h
[0.768s] -- Up-to-date: /home/maddy/iris_test_tool/install/iris_interfaces/include/iris_interfaces/iris_interfaces/action/detail/path_coverage_controller__struct.h
[0.768s] -- Up-to-date: /home/maddy/iris_test_tool/install/iris_interfaces/include/iris_interfaces/iris_interfaces/action/detail/compute_path_coverage__functions.c
[0.768s] -- Up-to-date: /home/maddy/iris_test_tool/install/iris_interfaces/include/iris_interfaces/iris_interfaces/action/detail/navigate_path_coverage__struct.h
[0.768s] -- Up-to-date: /home/maddy/iris_test_tool/install/iris_interfaces/include/iris_interfaces/iris_interfaces/action/detail/path_coverage_controller__functions.h
[0.769s] -- Up-to-date: /home/maddy/iris_test_tool/install/iris_interfaces/include/iris_interfaces/iris_interfaces/action/compute_path_coverage.h
[0.769s] -- Up-to-date: /home/maddy/iris_test_tool/install/iris_interfaces/include/iris_interfaces/iris_interfaces/msg
[0.769s] -- Up-to-date: /home/maddy/iris_test_tool/install/iris_interfaces/include/iris_interfaces/iris_interfaces/msg/headband_mode.h
[0.770s] -- Up-to-date: /home/maddy/iris_test_tool/install/iris_interfaces/include/iris_interfaces/iris_interfaces/msg/follow_path_result.h
[0.770s] -- Up-to-date: /home/maddy/iris_test_tool/install/iris_interfaces/include/iris_interfaces/iris_interfaces/msg/system_software_status.h
[0.770s] -- Up-to-date: /home/maddy/iris_test_tool/install/iris_interfaces/include/iris_interfaces/iris_interfaces/msg/mender_client_status.h
[0.770s] -- Up-to-date: /home/maddy/iris_test_tool/install/iris_interfaces/include/iris_interfaces/iris_interfaces/msg/rosidl_generator_c__visibility_control.h
[0.770s] -- Up-to-date: /home/maddy/iris_test_tool/install/iris_interfaces/include/iris_interfaces/iris_interfaces/msg/actuator_status.h
[0.771s] -- Up-to-date: /home/maddy/iris_test_tool/install/iris_interfaces/include/iris_interfaces/iris_interfaces/msg/ota_status.h
[0.771s] -- Up-to-date: /home/maddy/iris_test_tool/install/iris_interfaces/include/iris_interfaces/iris_interfaces/msg/navigation_mode.h
[0.771s] -- Up-to-date: /home/maddy/iris_test_tool/install/iris_interfaces/include/iris_interfaces/iris_interfaces/msg/brush_faults.h
[0.771s] -- Up-to-date: /home/maddy/iris_test_tool/install/iris_interfaces/include/iris_interfaces/iris_interfaces/msg/wheel_encoders.h
[0.771s] -- Up-to-date: /home/maddy/iris_test_tool/install/iris_interfaces/include/iris_interfaces/iris_interfaces/msg/a2_functional_status.h
[0.772s] -- Up-to-date: /home/maddy/iris_test_tool/install/iris_interfaces/include/iris_interfaces/iris_interfaces/msg/led_control.h
[0.772s] -- Up-to-date: /home/maddy/iris_test_tool/install/iris_interfaces/include/iris_interfaces/iris_interfaces/msg/a2_fault_status.h
[0.772s] -- Up-to-date: /home/maddy/iris_test_tool/install/iris_interfaces/include/iris_interfaces/iris_interfaces/msg/brush_status.h
[0.772s] -- Up-to-date: /home/maddy/iris_test_tool/install/iris_interfaces/include/iris_interfaces/iris_interfaces/msg/vacuum_status.h
[0.772s] -- Up-to-date: /home/maddy/iris_test_tool/install/iris_interfaces/include/iris_interfaces/iris_interfaces/msg/detail
[0.773s] -- Up-to-date: /home/maddy/iris_test_tool/install/iris_interfaces/include/iris_interfaces/iris_interfaces/msg/detail/navigation_mode__functions.h
[0.773s] -- Up-to-date: /home/maddy/iris_test_tool/install/iris_interfaces/include/iris_interfaces/iris_interfaces/msg/detail/a5_status__type_support.h
[0.773s] -- Up-to-date: /home/maddy/iris_test_tool/install/iris_interfaces/include/iris_interfaces/iris_interfaces/msg/detail/motor_status__functions.c
[0.773s] -- Up-to-date: /home/maddy/iris_test_tool/install/iris_interfaces/include/iris_interfaces/iris_interfaces/msg/detail/water_tank_levels__type_support.h
[0.774s] -- Up-to-date: /home/maddy/iris_test_tool/install/iris_interfaces/include/iris_interfaces/iris_interfaces/msg/detail/led_control__type_support.h
[0.774s] -- Up-to-date: /home/maddy/iris_test_tool/install/iris_interfaces/include/iris_interfaces/iris_interfaces/msg/detail/ota_status__type_support.h
[0.774s] -- Up-to-date: /home/maddy/iris_test_tool/install/iris_interfaces/include/iris_interfaces/iris_interfaces/msg/detail/headband_mode__type_support.h
[0.775s] -- Up-to-date: /home/maddy/iris_test_tool/install/iris_interfaces/include/iris_interfaces/iris_interfaces/msg/detail/ultrasonic_ranges__type_support.h
[0.775s] -- Up-to-date: /home/maddy/iris_test_tool/install/iris_interfaces/include/iris_interfaces/iris_interfaces/msg/detail/wheel_encoders__functions.h
[0.776s] -- Up-to-date: /home/maddy/iris_test_tool/install/iris_interfaces/include/iris_interfaces/iris_interfaces/msg/detail/a2_command__functions.c
[0.776s] -- Up-to-date: /home/maddy/iris_test_tool/install/iris_interfaces/include/iris_interfaces/iris_interfaces/msg/detail/wheel_command_speed__functions.h
[0.776s] -- Up-to-date: /home/maddy/iris_test_tool/install/iris_interfaces/include/iris_interfaces/iris_interfaces/msg/detail/a2_fault_status__type_support.h
[0.776s] -- Up-to-date: /home/maddy/iris_test_tool/install/iris_interfaces/include/iris_interfaces/iris_interfaces/msg/detail/ota_status__functions.h
[0.776s] -- Up-to-date: /home/maddy/iris_test_tool/install/iris_interfaces/include/iris_interfaces/iris_interfaces/msg/detail/a2_functional_status__functions.h
[0.777s] -- Up-to-date: /home/maddy/iris_test_tool/install/iris_interfaces/include/iris_interfaces/iris_interfaces/msg/detail/wheel_encoders__functions.c
[0.777s] -- Up-to-date: /home/maddy/iris_test_tool/install/iris_interfaces/include/iris_interfaces/iris_interfaces/msg/detail/wheel_command_speed__struct.h
[0.777s] -- Up-to-date: /home/maddy/iris_test_tool/install/iris_interfaces/include/iris_interfaces/iris_interfaces/msg/detail/navigation_mode__struct.h
[0.778s] -- Up-to-date: /home/maddy/iris_test_tool/install/iris_interfaces/include/iris_interfaces/iris_interfaces/msg/detail/mender_client_status__functions.h
[0.778s] -- Up-to-date: /home/maddy/iris_test_tool/install/iris_interfaces/include/iris_interfaces/iris_interfaces/msg/detail/brush_status__functions.h
[0.778s] -- Up-to-date: /home/maddy/iris_test_tool/install/iris_interfaces/include/iris_interfaces/iris_interfaces/msg/detail/a2_functional_status__struct.h
[0.779s] -- Up-to-date: /home/maddy/iris_test_tool/install/iris_interfaces/include/iris_interfaces/iris_interfaces/msg/detail/mender_client_status__functions.c
[0.779s] -- Up-to-date: /home/maddy/iris_test_tool/install/iris_interfaces/include/iris_interfaces/iris_interfaces/msg/detail/ota_status__functions.c
[0.780s] -- Up-to-date: /home/maddy/iris_test_tool/install/iris_interfaces/include/iris_interfaces/iris_interfaces/msg/detail/follow_path_result__struct.h
[0.780s] -- Up-to-date: /home/maddy/iris_test_tool/install/iris_interfaces/include/iris_interfaces/iris_interfaces/msg/detail/system_software_status__functions.c
[0.780s] -- Up-to-date: /home/maddy/iris_test_tool/install/iris_interfaces/include/iris_interfaces/iris_interfaces/msg/detail/a2_command__type_support.h
[0.781s] -- Up-to-date: /home/maddy/iris_test_tool/install/iris_interfaces/include/iris_interfaces/iris_interfaces/msg/detail/vacuum_status__type_support.h
[0.781s] -- Up-to-date: /home/maddy/iris_test_tool/install/iris_interfaces/include/iris_interfaces/iris_interfaces/msg/detail/mender_client_status__type_support.h
[0.781s] -- Up-to-date: /home/maddy/iris_test_tool/install/iris_interfaces/include/iris_interfaces/iris_interfaces/msg/detail/vacuum_faults__functions.c
[0.781s] -- Up-to-date: /home/maddy/iris_test_tool/install/iris_interfaces/include/iris_interfaces/iris_interfaces/msg/detail/a2_functional_status__type_support.h
[0.781s] -- Up-to-date: /home/maddy/iris_test_tool/install/iris_interfaces/include/iris_interfaces/iris_interfaces/msg/detail/follow_path_result__type_support.h
[0.782s] -- Up-to-date: /home/maddy/iris_test_tool/install/iris_interfaces/include/iris_interfaces/iris_interfaces/msg/detail/led_control__functions.h
[0.782s] -- Up-to-date: /home/maddy/iris_test_tool/install/iris_interfaces/include/iris_interfaces/iris_interfaces/msg/detail/actuator_status__type_support.h
[0.782s] -- Up-to-date: /home/maddy/iris_test_tool/install/iris_interfaces/include/iris_interfaces/iris_interfaces/msg/detail/wheel_encoders__struct.h
[0.782s] -- Up-to-date: /home/maddy/iris_test_tool/install/iris_interfaces/include/iris_interfaces/iris_interfaces/msg/detail/a5_status__functions.h
[0.782s] -- Up-to-date: /home/maddy/iris_test_tool/install/iris_interfaces/include/iris_interfaces/iris_interfaces/msg/detail/sensor_status__struct.h
[0.783s] -- Up-to-date: /home/maddy/iris_test_tool/install/iris_interfaces/include/iris_interfaces/iris_interfaces/msg/detail/vacuum_status__functions.h
[0.783s] -- Up-to-date: /home/maddy/iris_test_tool/install/iris_interfaces/include/iris_interfaces/iris_interfaces/msg/detail/a2_fault_status__functions.c
[0.783s] -- Up-to-date: /home/maddy/iris_test_tool/install/iris_interfaces/include/iris_interfaces/iris_interfaces/msg/detail/motor_status__functions.h
[0.783s] -- Up-to-date: /home/maddy/iris_test_tool/install/iris_interfaces/include/iris_interfaces/iris_interfaces/msg/detail/a2_command__struct.h
[0.783s] -- Up-to-date: /home/maddy/iris_test_tool/install/iris_interfaces/include/iris_interfaces/iris_interfaces/msg/detail/follow_path_result__functions.c
[0.784s] -- Up-to-date: /home/maddy/iris_test_tool/install/iris_interfaces/include/iris_interfaces/iris_interfaces/msg/detail/motor_controller_status__functions.c
[0.784s] -- Up-to-date: /home/maddy/iris_test_tool/install/iris_interfaces/include/iris_interfaces/iris_interfaces/msg/detail/sensor_status__functions.c
[0.784s] -- Up-to-date: /home/maddy/iris_test_tool/install/iris_interfaces/include/iris_interfaces/iris_interfaces/msg/detail/system_software_status__struct.h
[0.784s] -- Up-to-date: /home/maddy/iris_test_tool/install/iris_interfaces/include/iris_interfaces/iris_interfaces/msg/detail/sensor_status__functions.h
[0.784s] -- Up-to-date: /home/maddy/iris_test_tool/install/iris_interfaces/include/iris_interfaces/iris_interfaces/msg/detail/led_control__struct.h
[0.785s] -- Up-to-date: /home/maddy/iris_test_tool/install/iris_interfaces/include/iris_interfaces/iris_interfaces/msg/detail/water_tank_levels__struct.h
[0.785s] -- Up-to-date: /home/maddy/iris_test_tool/install/iris_interfaces/include/iris_interfaces/iris_interfaces/msg/detail/a2_fault_status__functions.h
[0.785s] -- Up-to-date: /home/maddy/iris_test_tool/install/iris_interfaces/include/iris_interfaces/iris_interfaces/msg/detail/actuator_status__functions.h
[0.785s] -- Up-to-date: /home/maddy/iris_test_tool/install/iris_interfaces/include/iris_interfaces/iris_interfaces/msg/detail/navigation_mode__functions.c
[0.786s] -- Up-to-date: /home/maddy/iris_test_tool/install/iris_interfaces/include/iris_interfaces/iris_interfaces/msg/detail/vacuum_status__functions.c
[0.787s] -- Up-to-date: /home/maddy/iris_test_tool/install/iris_interfaces/include/iris_interfaces/iris_interfaces/msg/detail/vacuum_faults__functions.h
[0.787s] -- Up-to-date: /home/maddy/iris_test_tool/install/iris_interfaces/include/iris_interfaces/iris_interfaces/msg/detail/brush_faults__functions.h
[0.787s] -- Up-to-date: /home/maddy/iris_test_tool/install/iris_interfaces/include/iris_interfaces/iris_interfaces/msg/detail/brush_status__struct.h
[0.787s] -- Up-to-date: /home/maddy/iris_test_tool/install/iris_interfaces/include/iris_interfaces/iris_interfaces/msg/detail/mender_client_status__struct.h
[0.788s] -- Up-to-date: /home/maddy/iris_test_tool/install/iris_interfaces/include/iris_interfaces/iris_interfaces/msg/detail/vacuum_faults__type_support.h
[0.788s] -- Up-to-date: /home/maddy/iris_test_tool/install/iris_interfaces/include/iris_interfaces/iris_interfaces/msg/detail/headband_mode__functions.c
[0.788s] -- Up-to-date: /home/maddy/iris_test_tool/install/iris_interfaces/include/iris_interfaces/iris_interfaces/msg/detail/navigation_mode__type_support.h
[0.788s] -- Up-to-date: /home/maddy/iris_test_tool/install/iris_interfaces/include/iris_interfaces/iris_interfaces/msg/detail/a2_command__functions.h
[0.789s] -- Up-to-date: /home/maddy/iris_test_tool/install/iris_interfaces/include/iris_interfaces/iris_interfaces/msg/detail/a2_fault_status__struct.h
[0.789s] -- Up-to-date: /home/maddy/iris_test_tool/install/iris_interfaces/include/iris_interfaces/iris_interfaces/msg/detail/motor_status__struct.h
[0.789s] -- Up-to-date: /home/maddy/iris_test_tool/install/iris_interfaces/include/iris_interfaces/iris_interfaces/msg/detail/a5_status__functions.c
[0.790s] -- Up-to-date: /home/maddy/iris_test_tool/install/iris_interfaces/include/iris_interfaces/iris_interfaces/msg/detail/motor_controller_status__struct.h
[0.790s] -- Up-to-date: /home/maddy/iris_test_tool/install/iris_interfaces/include/iris_interfaces/iris_interfaces/msg/detail/brush_faults__struct.h
[0.791s] -- Up-to-date: /home/maddy/iris_test_tool/install/iris_interfaces/include/iris_interfaces/iris_interfaces/msg/detail/brush_faults__type_support.h
[0.791s] -- Up-to-date: /home/maddy/iris_test_tool/install/iris_interfaces/include/iris_interfaces/iris_interfaces/msg/detail/wheel_encoders__type_support.h
[0.791s] -- Up-to-date: /home/maddy/iris_test_tool/install/iris_interfaces/include/iris_interfaces/iris_interfaces/msg/detail/motor_controller_status__type_support.h
[0.791s] -- Up-to-date: /home/maddy/iris_test_tool/install/iris_interfaces/include/iris_interfaces/iris_interfaces/msg/detail/water_tank_levels__functions.h
[0.792s] -- Up-to-date: /home/maddy/iris_test_tool/install/iris_interfaces/include/iris_interfaces/iris_interfaces/msg/detail/follow_path_result__functions.h
[0.792s] -- Up-to-date: /home/maddy/iris_test_tool/install/iris_interfaces/include/iris_interfaces/iris_interfaces/msg/detail/a2_functional_status__functions.c
[0.792s] -- Up-to-date: /home/maddy/iris_test_tool/install/iris_interfaces/include/iris_interfaces/iris_interfaces/msg/detail/a5_status__struct.h
[0.793s] -- Up-to-date: /home/maddy/iris_test_tool/install/iris_interfaces/include/iris_interfaces/iris_interfaces/msg/detail/ota_status__struct.h
[0.793s] -- Up-to-date: /home/maddy/iris_test_tool/install/iris_interfaces/include/iris_interfaces/iris_interfaces/msg/detail/sensor_status__type_support.h
[0.793s] -- Up-to-date: /home/maddy/iris_test_tool/install/iris_interfaces/include/iris_interfaces/iris_interfaces/msg/detail/headband_mode__functions.h
[0.794s] -- Up-to-date: /home/maddy/iris_test_tool/install/iris_interfaces/include/iris_interfaces/iris_interfaces/msg/detail/motor_controller_status__functions.h
[0.794s] -- Up-to-date: /home/maddy/iris_test_tool/install/iris_interfaces/include/iris_interfaces/iris_interfaces/msg/detail/wheel_command_speed__functions.c
[0.794s] -- Up-to-date: /home/maddy/iris_test_tool/install/iris_interfaces/include/iris_interfaces/iris_interfaces/msg/detail/actuator_status__functions.c
[0.795s] -- Up-to-date: /home/maddy/iris_test_tool/install/iris_interfaces/include/iris_interfaces/iris_interfaces/msg/detail/headband_mode__struct.h
[0.795s] -- Up-to-date: /home/maddy/iris_test_tool/install/iris_interfaces/include/iris_interfaces/iris_interfaces/msg/detail/actuator_status__struct.h
[0.795s] -- Up-to-date: /home/maddy/iris_test_tool/install/iris_interfaces/include/iris_interfaces/iris_interfaces/msg/detail/system_software_status__type_support.h
[0.796s] -- Up-to-date: /home/maddy/iris_test_tool/install/iris_interfaces/include/iris_interfaces/iris_interfaces/msg/detail/brush_status__functions.c
[0.796s] -- Up-to-date: /home/maddy/iris_test_tool/install/iris_interfaces/include/iris_interfaces/iris_interfaces/msg/detail/vacuum_status__struct.h
[0.796s] -- Up-to-date: /home/maddy/iris_test_tool/install/iris_interfaces/include/iris_interfaces/iris_interfaces/msg/detail/ultrasonic_ranges__struct.h
[0.796s] -- Up-to-date: /home/maddy/iris_test_tool/install/iris_interfaces/include/iris_interfaces/iris_interfaces/msg/detail/wheel_command_speed__type_support.h
[0.797s] -- Up-to-date: /home/maddy/iris_test_tool/install/iris_interfaces/include/iris_interfaces/iris_interfaces/msg/detail/brush_status__type_support.h
[0.798s] -- Up-to-date: /home/maddy/iris_test_tool/install/iris_interfaces/include/iris_interfaces/iris_interfaces/msg/detail/motor_status__type_support.h
[0.798s] -- Up-to-date: /home/maddy/iris_test_tool/install/iris_interfaces/include/iris_interfaces/iris_interfaces/msg/detail/ultrasonic_ranges__functions.h
[0.798s] -- Up-to-date: /home/maddy/iris_test_tool/install/iris_interfaces/include/iris_interfaces/iris_interfaces/msg/detail/system_software_status__functions.h
[0.798s] -- Up-to-date: /home/maddy/iris_test_tool/install/iris_interfaces/include/iris_interfaces/iris_interfaces/msg/detail/ultrasonic_ranges__functions.c
[0.799s] -- Up-to-date: /home/maddy/iris_test_tool/install/iris_interfaces/include/iris_interfaces/iris_interfaces/msg/detail/vacuum_faults__struct.h
[0.799s] -- Up-to-date: /home/maddy/iris_test_tool/install/iris_interfaces/include/iris_interfaces/iris_interfaces/msg/detail/brush_faults__functions.c
[0.799s] -- Up-to-date: /home/maddy/iris_test_tool/install/iris_interfaces/include/iris_interfaces/iris_interfaces/msg/detail/led_control__functions.c
[0.800s] -- Up-to-date: /home/maddy/iris_test_tool/install/iris_interfaces/include/iris_interfaces/iris_interfaces/msg/detail/water_tank_levels__functions.c
[0.801s] -- Up-to-date: /home/maddy/iris_test_tool/install/iris_interfaces/include/iris_interfaces/iris_interfaces/msg/wheel_command_speed.h
[0.801s] -- Up-to-date: /home/maddy/iris_test_tool/install/iris_interfaces/include/iris_interfaces/iris_interfaces/msg/motor_controller_status.h
[0.801s] -- Up-to-date: /home/maddy/iris_test_tool/install/iris_interfaces/include/iris_interfaces/iris_interfaces/msg/water_tank_levels.h
[0.802s] -- Up-to-date: /home/maddy/iris_test_tool/install/iris_interfaces/include/iris_interfaces/iris_interfaces/msg/a5_status.h
[0.803s] -- Up-to-date: /home/maddy/iris_test_tool/install/iris_interfaces/include/iris_interfaces/iris_interfaces/msg/ultrasonic_ranges.h
[0.803s] -- Up-to-date: /home/maddy/iris_test_tool/install/iris_interfaces/include/iris_interfaces/iris_interfaces/msg/vacuum_faults.h
[0.803s] -- Up-to-date: /home/maddy/iris_test_tool/install/iris_interfaces/include/iris_interfaces/iris_interfaces/msg/sensor_status.h
[0.804s] -- Up-to-date: /home/maddy/iris_test_tool/install/iris_interfaces/include/iris_interfaces/iris_interfaces/msg/a2_command.h
[0.804s] -- Up-to-date: /home/maddy/iris_test_tool/install/iris_interfaces/include/iris_interfaces/iris_interfaces/msg/motor_status.h
[0.804s] -- Up-to-date: /home/maddy/iris_test_tool/install/iris_interfaces/share/iris_interfaces/environment/library_path.sh
[0.805s] -- Up-to-date: /home/maddy/iris_test_tool/install/iris_interfaces/share/iris_interfaces/environment/library_path.dsv
[0.805s] -- Up-to-date: /home/maddy/iris_test_tool/install/iris_interfaces/lib/libiris_interfaces__rosidl_generator_c.so
[0.805s] -- Up-to-date: /home/maddy/iris_test_tool/install/iris_interfaces/include/iris_interfaces/iris_interfaces
[0.806s] -- Up-to-date: /home/maddy/iris_test_tool/install/iris_interfaces/include/iris_interfaces/iris_interfaces/srv
[0.806s] -- Up-to-date: /home/maddy/iris_test_tool/install/iris_interfaces/include/iris_interfaces/iris_interfaces/srv/detail
[0.807s] -- Up-to-date: /home/maddy/iris_test_tool/install/iris_interfaces/include/iris_interfaces/iris_interfaces/srv/detail/update_motor_controller_reference_source__rosidl_typesupport_fastrtps_c.h
[0.807s] -- Up-to-date: /home/maddy/iris_test_tool/install/iris_interfaces/include/iris_interfaces/iris_interfaces/srv/detail/wifi_discovery__rosidl_typesupport_fastrtps_c.h
[0.807s] -- Up-to-date: /home/maddy/iris_test_tool/install/iris_interfaces/include/iris_interfaces/iris_interfaces/srv/detail/get_wifi_status__rosidl_typesupport_fastrtps_c.h
[0.808s] -- Up-to-date: /home/maddy/iris_test_tool/install/iris_interfaces/include/iris_interfaces/iris_interfaces/srv/detail/reset_wheel_encoders__rosidl_typesupport_fastrtps_c.h
[0.808s] -- Up-to-date: /home/maddy/iris_test_tool/install/iris_interfaces/include/iris_interfaces/iris_interfaces/srv/detail/a2_command__rosidl_typesupport_fastrtps_c.h
[0.808s] -- Up-to-date: /home/maddy/iris_test_tool/install/iris_interfaces/include/iris_interfaces/iris_interfaces/srv/detail/disconnect_wifi__rosidl_typesupport_fastrtps_c.h
[0.809s] -- Up-to-date: /home/maddy/iris_test_tool/install/iris_interfaces/include/iris_interfaces/iris_interfaces/srv/detail/reset_a2_faults__rosidl_typesupport_fastrtps_c.h
[0.809s] -- Up-to-date: /home/maddy/iris_test_tool/install/iris_interfaces/include/iris_interfaces/iris_interfaces/srv/detail/process_manager__rosidl_typesupport_fastrtps_c.h
[0.809s] -- Up-to-date: /home/maddy/iris_test_tool/install/iris_interfaces/include/iris_interfaces/iris_interfaces/srv/detail/restart_motor_controller__rosidl_typesupport_fastrtps_c.h
[0.810s] -- Up-to-date: /home/maddy/iris_test_tool/install/iris_interfaces/include/iris_interfaces/iris_interfaces/srv/detail/state_manager__rosidl_typesupport_fastrtps_c.h
[0.810s] -- Up-to-date: /home/maddy/iris_test_tool/install/iris_interfaces/include/iris_interfaces/iris_interfaces/srv/detail/connect_wifi__rosidl_typesupport_fastrtps_c.h
[0.811s] -- Up-to-date: /home/maddy/iris_test_tool/install/iris_interfaces/include/iris_interfaces/iris_interfaces/srv/detail/update_motor_controller_parameters__rosidl_typesupport_fastrtps_c.h
[0.811s] -- Up-to-date: /home/maddy/iris_test_tool/install/iris_interfaces/include/iris_interfaces/iris_interfaces/action
[0.812s] -- Up-to-date: /home/maddy/iris_test_tool/install/iris_interfaces/include/iris_interfaces/iris_interfaces/action/detail
[0.812s] -- Up-to-date: /home/maddy/iris_test_tool/install/iris_interfaces/include/iris_interfaces/iris_interfaces/action/detail/compute_path_coverage__rosidl_typesupport_fastrtps_c.h
[0.812s] -- Up-to-date: /home/maddy/iris_test_tool/install/iris_interfaces/include/iris_interfaces/iris_interfaces/action/detail/navigate_path_coverage__rosidl_typesupport_fastrtps_c.h
[0.813s] -- Up-to-date: /home/maddy/iris_test_tool/install/iris_interfaces/include/iris_interfaces/iris_interfaces/action/detail/path_coverage_controller__rosidl_typesupport_fastrtps_c.h
[0.813s] -- Up-to-date: /home/maddy/iris_test_tool/install/iris_interfaces/include/iris_interfaces/iris_interfaces/msg
[0.814s] -- Up-to-date: /home/maddy/iris_test_tool/install/iris_interfaces/include/iris_interfaces/iris_interfaces/msg/rosidl_typesupport_fastrtps_c__visibility_control.h
[0.814s] -- Up-to-date: /home/maddy/iris_test_tool/install/iris_interfaces/include/iris_interfaces/iris_interfaces/msg/detail
[0.814s] -- Up-to-date: /home/maddy/iris_test_tool/install/iris_interfaces/include/iris_interfaces/iris_interfaces/msg/detail/a2_fault_status__rosidl_typesupport_fastrtps_c.h
[0.815s] -- Up-to-date: /home/maddy/iris_test_tool/install/iris_interfaces/include/iris_interfaces/iris_interfaces/msg/detail/motor_controller_status__rosidl_typesupport_fastrtps_c.h
[0.815s] -- Up-to-date: /home/maddy/iris_test_tool/install/iris_interfaces/include/iris_interfaces/iris_interfaces/msg/detail/headband_mode__rosidl_typesupport_fastrtps_c.h
[0.815s] -- Up-to-date: /home/maddy/iris_test_tool/install/iris_interfaces/include/iris_interfaces/iris_interfaces/msg/detail/sensor_status__rosidl_typesupport_fastrtps_c.h
[0.815s] -- Up-to-date: /home/maddy/iris_test_tool/install/iris_interfaces/include/iris_interfaces/iris_interfaces/msg/detail/follow_path_result__rosidl_typesupport_fastrtps_c.h
[0.816s] -- Up-to-date: /home/maddy/iris_test_tool/install/iris_interfaces/include/iris_interfaces/iris_interfaces/msg/detail/brush_faults__rosidl_typesupport_fastrtps_c.h
[0.816s] -- Up-to-date: /home/maddy/iris_test_tool/install/iris_interfaces/include/iris_interfaces/iris_interfaces/msg/detail/wheel_encoders__rosidl_typesupport_fastrtps_c.h
[0.816s] -- Up-to-date: /home/maddy/iris_test_tool/install/iris_interfaces/include/iris_interfaces/iris_interfaces/msg/detail/wheel_command_speed__rosidl_typesupport_fastrtps_c.h
[0.816s] -- Up-to-date: /home/maddy/iris_test_tool/install/iris_interfaces/include/iris_interfaces/iris_interfaces/msg/detail/actuator_status__rosidl_typesupport_fastrtps_c.h
[0.817s] -- Up-to-date: /home/maddy/iris_test_tool/install/iris_interfaces/include/iris_interfaces/iris_interfaces/msg/detail/a2_command__rosidl_typesupport_fastrtps_c.h
[0.817s] -- Up-to-date: /home/maddy/iris_test_tool/install/iris_interfaces/include/iris_interfaces/iris_interfaces/msg/detail/led_control__rosidl_typesupport_fastrtps_c.h
[0.817s] -- Up-to-date: /home/maddy/iris_test_tool/install/iris_interfaces/include/iris_interfaces/iris_interfaces/msg/detail/mender_client_status__rosidl_typesupport_fastrtps_c.h
[0.817s] -- Up-to-date: /home/maddy/iris_test_tool/install/iris_interfaces/include/iris_interfaces/iris_interfaces/msg/detail/brush_status__rosidl_typesupport_fastrtps_c.h
[0.818s] -- Up-to-date: /home/maddy/iris_test_tool/install/iris_interfaces/include/iris_interfaces/iris_interfaces/msg/detail/vacuum_status__rosidl_typesupport_fastrtps_c.h
[0.818s] -- Up-to-date: /home/maddy/iris_test_tool/install/iris_interfaces/include/iris_interfaces/iris_interfaces/msg/detail/ultrasonic_ranges__rosidl_typesupport_fastrtps_c.h
[0.818s] -- Up-to-date: /home/maddy/iris_test_tool/install/iris_interfaces/include/iris_interfaces/iris_interfaces/msg/detail/ota_status__rosidl_typesupport_fastrtps_c.h
[0.818s] -- Up-to-date: /home/maddy/iris_test_tool/install/iris_interfaces/include/iris_interfaces/iris_interfaces/msg/detail/motor_status__rosidl_typesupport_fastrtps_c.h
[0.818s] -- Up-to-date: /home/maddy/iris_test_tool/install/iris_interfaces/include/iris_interfaces/iris_interfaces/msg/detail/water_tank_levels__rosidl_typesupport_fastrtps_c.h
[0.819s] -- Up-to-date: /home/maddy/iris_test_tool/install/iris_interfaces/include/iris_interfaces/iris_interfaces/msg/detail/navigation_mode__rosidl_typesupport_fastrtps_c.h
[0.819s] -- Up-to-date: /home/maddy/iris_test_tool/install/iris_interfaces/include/iris_interfaces/iris_interfaces/msg/detail/a5_status__rosidl_typesupport_fastrtps_c.h
[0.819s] -- Up-to-date: /home/maddy/iris_test_tool/install/iris_interfaces/include/iris_interfaces/iris_interfaces/msg/detail/a2_functional_status__rosidl_typesupport_fastrtps_c.h
[0.819s] -- Up-to-date: /home/maddy/iris_test_tool/install/iris_interfaces/include/iris_interfaces/iris_interfaces/msg/detail/vacuum_faults__rosidl_typesupport_fastrtps_c.h
[0.819s] -- Up-to-date: /home/maddy/iris_test_tool/install/iris_interfaces/include/iris_interfaces/iris_interfaces/msg/detail/system_software_status__rosidl_typesupport_fastrtps_c.h
[0.820s] -- Up-to-date: /home/maddy/iris_test_tool/install/iris_interfaces/lib/libiris_interfaces__rosidl_typesupport_fastrtps_c.so
[0.820s] -- Up-to-date: /home/maddy/iris_test_tool/install/iris_interfaces/include/iris_interfaces/iris_interfaces
[0.820s] -- Up-to-date: /home/maddy/iris_test_tool/install/iris_interfaces/include/iris_interfaces/iris_interfaces/srv
[0.820s] -- Up-to-date: /home/maddy/iris_test_tool/install/iris_interfaces/include/iris_interfaces/iris_interfaces/srv/detail
[0.821s] -- Up-to-date: /home/maddy/iris_test_tool/install/iris_interfaces/include/iris_interfaces/iris_interfaces/srv/detail/reset_a2_faults__rosidl_typesupport_introspection_c.h
[0.821s] -- Up-to-date: /home/maddy/iris_test_tool/install/iris_interfaces/include/iris_interfaces/iris_interfaces/srv/detail/update_motor_controller_reference_source__rosidl_typesupport_introspection_c.h
[0.821s] -- Up-to-date: /home/maddy/iris_test_tool/install/iris_interfaces/include/iris_interfaces/iris_interfaces/srv/detail/disconnect_wifi__rosidl_typesupport_introspection_c.h
[0.821s] -- Up-to-date: /home/maddy/iris_test_tool/install/iris_interfaces/include/iris_interfaces/iris_interfaces/srv/detail/disconnect_wifi__type_support.c
[0.822s] -- Up-to-date: /home/maddy/iris_test_tool/install/iris_interfaces/include/iris_interfaces/iris_interfaces/srv/detail/get_wifi_status__rosidl_typesupport_introspection_c.h
[0.822s] -- Up-to-date: /home/maddy/iris_test_tool/install/iris_interfaces/include/iris_interfaces/iris_interfaces/srv/detail/update_motor_controller_reference_source__type_support.c
[0.822s] -- Up-to-date: /home/maddy/iris_test_tool/install/iris_interfaces/include/iris_interfaces/iris_interfaces/srv/detail/restart_motor_controller__type_support.c
[0.823s] -- Up-to-date: /home/maddy/iris_test_tool/install/iris_interfaces/include/iris_interfaces/iris_interfaces/srv/detail/wifi_discovery__type_support.c
[0.823s] -- Up-to-date: /home/maddy/iris_test_tool/install/iris_interfaces/include/iris_interfaces/iris_interfaces/srv/detail/process_manager__type_support.c
[0.823s] -- Up-to-date: /home/maddy/iris_test_tool/install/iris_interfaces/include/iris_interfaces/iris_interfaces/srv/detail/connect_wifi__rosidl_typesupport_introspection_c.h
[0.823s] -- Up-to-date: /home/maddy/iris_test_tool/install/iris_interfaces/include/iris_interfaces/iris_interfaces/srv/detail/get_wifi_status__type_support.c
[0.824s] -- Up-to-date: /home/maddy/iris_test_tool/install/iris_interfaces/include/iris_interfaces/iris_interfaces/srv/detail/update_motor_controller_parameters__rosidl_typesupport_introspection_c.h
[0.824s] -- Up-to-date: /home/maddy/iris_test_tool/install/iris_interfaces/include/iris_interfaces/iris_interfaces/srv/detail/connect_wifi__type_support.c
[0.824s] -- Up-to-date: /home/maddy/iris_test_tool/install/iris_interfaces/include/iris_interfaces/iris_interfaces/srv/detail/reset_wheel_encoders__type_support.c
[0.825s] -- Up-to-date: /home/maddy/iris_test_tool/install/iris_interfaces/include/iris_interfaces/iris_interfaces/srv/detail/state_manager__type_support.c
[0.825s] -- Up-to-date: /home/maddy/iris_test_tool/install/iris_interfaces/include/iris_interfaces/iris_interfaces/srv/detail/process_manager__rosidl_typesupport_introspection_c.h
[0.825s] -- Up-to-date: /home/maddy/iris_test_tool/install/iris_interfaces/include/iris_interfaces/iris_interfaces/srv/detail/reset_wheel_encoders__rosidl_typesupport_introspection_c.h
[0.826s] -- Up-to-date: /home/maddy/iris_test_tool/install/iris_interfaces/include/iris_interfaces/iris_interfaces/srv/detail/update_motor_controller_parameters__type_support.c
[0.826s] -- Up-to-date: /home/maddy/iris_test_tool/install/iris_interfaces/include/iris_interfaces/iris_interfaces/srv/detail/wifi_discovery__rosidl_typesupport_introspection_c.h
[0.827s] -- Up-to-date: /home/maddy/iris_test_tool/install/iris_interfaces/include/iris_interfaces/iris_interfaces/srv/detail/restart_motor_controller__rosidl_typesupport_introspection_c.h
[0.827s] -- Up-to-date: /home/maddy/iris_test_tool/install/iris_interfaces/include/iris_interfaces/iris_interfaces/srv/detail/state_manager__rosidl_typesupport_introspection_c.h
[0.827s] -- Up-to-date: /home/maddy/iris_test_tool/install/iris_interfaces/include/iris_interfaces/iris_interfaces/srv/detail/a2_command__type_support.c
[0.828s] -- Up-to-date: /home/maddy/iris_test_tool/install/iris_interfaces/include/iris_interfaces/iris_interfaces/srv/detail/a2_command__rosidl_typesupport_introspection_c.h
[0.828s] -- Up-to-date: /home/maddy/iris_test_tool/install/iris_interfaces/include/iris_interfaces/iris_interfaces/srv/detail/reset_a2_faults__type_support.c
[0.828s] -- Up-to-date: /home/maddy/iris_test_tool/install/iris_interfaces/include/iris_interfaces/iris_interfaces/action
[0.828s] -- Up-to-date: /home/maddy/iris_test_tool/install/iris_interfaces/include/iris_interfaces/iris_interfaces/action/detail
[0.829s] -- Up-to-date: /home/maddy/iris_test_tool/install/iris_interfaces/include/iris_interfaces/iris_interfaces/action/detail/navigate_path_coverage__rosidl_typesupport_introspection_c.h
[0.829s] -- Up-to-date: /home/maddy/iris_test_tool/install/iris_interfaces/include/iris_interfaces/iris_interfaces/action/detail/navigate_path_coverage__type_support.c
[0.830s] -- Up-to-date: /home/maddy/iris_test_tool/install/iris_interfaces/include/iris_interfaces/iris_interfaces/action/detail/compute_path_coverage__rosidl_typesupport_introspection_c.h
[0.830s] -- Up-to-date: /home/maddy/iris_test_tool/install/iris_interfaces/include/iris_interfaces/iris_interfaces/action/detail/compute_path_coverage__type_support.c
[0.831s] -- Up-to-date: /home/maddy/iris_test_tool/install/iris_interfaces/include/iris_interfaces/iris_interfaces/action/detail/path_coverage_controller__type_support.c
[0.831s] -- Up-to-date: /home/maddy/iris_test_tool/install/iris_interfaces/include/iris_interfaces/iris_interfaces/action/detail/path_coverage_controller__rosidl_typesupport_introspection_c.h
[0.832s] -- Up-to-date: /home/maddy/iris_test_tool/install/iris_interfaces/include/iris_interfaces/iris_interfaces/msg
[0.832s] -- Up-to-date: /home/maddy/iris_test_tool/install/iris_interfaces/include/iris_interfaces/iris_interfaces/msg/detail
[0.832s] -- Up-to-date: /home/maddy/iris_test_tool/install/iris_interfaces/include/iris_interfaces/iris_interfaces/msg/detail/navigation_mode__type_support.c
[0.833s] -- Up-to-date: /home/maddy/iris_test_tool/install/iris_interfaces/include/iris_interfaces/iris_interfaces/msg/detail/a2_fault_status__rosidl_typesupport_introspection_c.h
[0.833s] -- Up-to-date: /home/maddy/iris_test_tool/install/iris_interfaces/include/iris_interfaces/iris_interfaces/msg/detail/vacuum_faults__rosidl_typesupport_introspection_c.h
[0.833s] -- Up-to-date: /home/maddy/iris_test_tool/install/iris_interfaces/include/iris_interfaces/iris_interfaces/msg/detail/follow_path_result__type_support.c
[0.833s] -- Up-to-date: /home/maddy/iris_test_tool/install/iris_interfaces/include/iris_interfaces/iris_interfaces/msg/detail/vacuum_status__type_support.c
[0.834s] -- Up-to-date: /home/maddy/iris_test_tool/install/iris_interfaces/include/iris_interfaces/iris_interfaces/msg/detail/ota_status__type_support.c
[0.834s] -- Up-to-date: /home/maddy/iris_test_tool/install/iris_interfaces/include/iris_interfaces/iris_interfaces/msg/detail/brush_status__rosidl_typesupport_introspection_c.h
[0.834s] -- Up-to-date: /home/maddy/iris_test_tool/install/iris_interfaces/include/iris_interfaces/iris_interfaces/msg/detail/sensor_status__type_support.c
[0.834s] -- Up-to-date: /home/maddy/iris_test_tool/install/iris_interfaces/include/iris_interfaces/iris_interfaces/msg/detail/water_tank_levels__rosidl_typesupport_introspection_c.h
[0.834s] -- Up-to-date: /home/maddy/iris_test_tool/install/iris_interfaces/include/iris_interfaces/iris_interfaces/msg/detail/brush_status__type_support.c
[0.835s] -- Up-to-date: /home/maddy/iris_test_tool/install/iris_interfaces/include/iris_interfaces/iris_interfaces/msg/detail/system_software_status__type_support.c
[0.835s] -- Up-to-date: /home/maddy/iris_test_tool/install/iris_interfaces/include/iris_interfaces/iris_interfaces/msg/detail/vacuum_status__rosidl_typesupport_introspection_c.h
[0.835s] -- Up-to-date: /home/maddy/iris_test_tool/install/iris_interfaces/include/iris_interfaces/iris_interfaces/msg/detail/actuator_status__rosidl_typesupport_introspection_c.h
[0.835s] -- Up-to-date: /home/maddy/iris_test_tool/install/iris_interfaces/include/iris_interfaces/iris_interfaces/msg/detail/a5_status__type_support.c
[0.835s] -- Up-to-date: /home/maddy/iris_test_tool/install/iris_interfaces/include/iris_interfaces/iris_interfaces/msg/detail/wheel_command_speed__rosidl_typesupport_introspection_c.h
[0.836s] -- Up-to-date: /home/maddy/iris_test_tool/install/iris_interfaces/include/iris_interfaces/iris_interfaces/msg/detail/actuator_status__type_support.c
[0.836s] -- Up-to-date: /home/maddy/iris_test_tool/install/iris_interfaces/include/iris_interfaces/iris_interfaces/msg/detail/wheel_encoders__type_support.c
[0.836s] -- Up-to-date: /home/maddy/iris_test_tool/install/iris_interfaces/include/iris_interfaces/iris_interfaces/msg/detail/mender_client_status__rosidl_typesupport_introspection_c.h
[0.836s] -- Up-to-date: /home/maddy/iris_test_tool/install/iris_interfaces/include/iris_interfaces/iris_interfaces/msg/detail/follow_path_result__rosidl_typesupport_introspection_c.h
[0.836s] -- Up-to-date: /home/maddy/iris_test_tool/install/iris_interfaces/include/iris_interfaces/iris_interfaces/msg/detail/headband_mode__rosidl_typesupport_introspection_c.h
[0.837s] -- Up-to-date: /home/maddy/iris_test_tool/install/iris_interfaces/include/iris_interfaces/iris_interfaces/msg/detail/wheel_encoders__rosidl_typesupport_introspection_c.h
[0.837s] -- Up-to-date: /home/maddy/iris_test_tool/install/iris_interfaces/include/iris_interfaces/iris_interfaces/msg/detail/vacuum_faults__type_support.c
[0.837s] -- Up-to-date: /home/maddy/iris_test_tool/install/iris_interfaces/include/iris_interfaces/iris_interfaces/msg/detail/motor_controller_status__type_support.c
[0.837s] -- Up-to-date: /home/maddy/iris_test_tool/install/iris_interfaces/include/iris_interfaces/iris_interfaces/msg/detail/wheel_command_speed__type_support.c
[0.837s] -- Up-to-date: /home/maddy/iris_test_tool/install/iris_interfaces/include/iris_interfaces/iris_interfaces/msg/detail/motor_status__rosidl_typesupport_introspection_c.h
[0.837s] -- Up-to-date: /home/maddy/iris_test_tool/install/iris_interfaces/include/iris_interfaces/iris_interfaces/msg/detail/brush_faults__rosidl_typesupport_introspection_c.h
[0.838s] -- Up-to-date: /home/maddy/iris_test_tool/install/iris_interfaces/include/iris_interfaces/iris_interfaces/msg/detail/motor_status__type_support.c
[0.838s] -- Up-to-date: /home/maddy/iris_test_tool/install/iris_interfaces/include/iris_interfaces/iris_interfaces/msg/detail/sensor_status__rosidl_typesupport_introspection_c.h
[0.838s] -- Up-to-date: /home/maddy/iris_test_tool/install/iris_interfaces/include/iris_interfaces/iris_interfaces/msg/detail/led_control__rosidl_typesupport_introspection_c.h
[0.838s] -- Up-to-date: /home/maddy/iris_test_tool/install/iris_interfaces/include/iris_interfaces/iris_interfaces/msg/detail/a2_fault_status__type_support.c
[0.838s] -- Up-to-date: /home/maddy/iris_test_tool/install/iris_interfaces/include/iris_interfaces/iris_interfaces/msg/detail/led_control__type_support.c
[0.839s] -- Up-to-date: /home/maddy/iris_test_tool/install/iris_interfaces/include/iris_interfaces/iris_interfaces/msg/detail/mender_client_status__type_support.c
[0.839s] -- Up-to-date: /home/maddy/iris_test_tool/install/iris_interfaces/include/iris_interfaces/iris_interfaces/msg/detail/water_tank_levels__type_support.c
[0.839s] -- Up-to-date: /home/maddy/iris_test_tool/install/iris_interfaces/include/iris_interfaces/iris_interfaces/msg/detail/brush_faults__type_support.c
[0.839s] -- Up-to-date: /home/maddy/iris_test_tool/install/iris_interfaces/include/iris_interfaces/iris_interfaces/msg/detail/ultrasonic_ranges__rosidl_typesupport_introspection_c.h
[0.839s] -- Up-to-date: /home/maddy/iris_test_tool/install/iris_interfaces/include/iris_interfaces/iris_interfaces/msg/detail/headband_mode__type_support.c
[0.840s] -- Up-to-date: /home/maddy/iris_test_tool/install/iris_interfaces/include/iris_interfaces/iris_interfaces/msg/detail/a2_command__type_support.c
[0.840s] -- Up-to-date: /home/maddy/iris_test_tool/install/iris_interfaces/include/iris_interfaces/iris_interfaces/msg/detail/navigation_mode__rosidl_typesupport_introspection_c.h
[0.840s] -- Up-to-date: /home/maddy/iris_test_tool/install/iris_interfaces/include/iris_interfaces/iris_interfaces/msg/detail/a2_functional_status__type_support.c
[0.840s] -- Up-to-date: /home/maddy/iris_test_tool/install/iris_interfaces/include/iris_interfaces/iris_interfaces/msg/detail/system_software_status__rosidl_typesupport_introspection_c.h
[0.840s] -- Up-to-date: /home/maddy/iris_test_tool/install/iris_interfaces/include/iris_interfaces/iris_interfaces/msg/detail/a2_functional_status__rosidl_typesupport_introspection_c.h
[0.840s] -- Up-to-date: /home/maddy/iris_test_tool/install/iris_interfaces/include/iris_interfaces/iris_interfaces/msg/detail/a2_command__rosidl_typesupport_introspection_c.h
[0.841s] -- Up-to-date: /home/maddy/iris_test_tool/install/iris_interfaces/include/iris_interfaces/iris_interfaces/msg/detail/ota_status__rosidl_typesupport_introspection_c.h
[0.841s] -- Up-to-date: /home/maddy/iris_test_tool/install/iris_interfaces/include/iris_interfaces/iris_interfaces/msg/detail/motor_controller_status__rosidl_typesupport_introspection_c.h
[0.841s] -- Up-to-date: /home/maddy/iris_test_tool/install/iris_interfaces/include/iris_interfaces/iris_interfaces/msg/detail/ultrasonic_ranges__type_support.c
[0.841s] -- Up-to-date: /home/maddy/iris_test_tool/install/iris_interfaces/include/iris_interfaces/iris_interfaces/msg/detail/a5_status__rosidl_typesupport_introspection_c.h
[0.842s] -- Up-to-date: /home/maddy/iris_test_tool/install/iris_interfaces/include/iris_interfaces/iris_interfaces/msg/rosidl_typesupport_introspection_c__visibility_control.h
[0.842s] -- Up-to-date: /home/maddy/iris_test_tool/install/iris_interfaces/lib/libiris_interfaces__rosidl_typesupport_introspection_c.so
[0.842s] -- Up-to-date: /home/maddy/iris_test_tool/install/iris_interfaces/lib/libiris_interfaces__rosidl_typesupport_c.so
[0.842s] -- Up-to-date: /home/maddy/iris_test_tool/install/iris_interfaces/include/iris_interfaces/iris_interfaces
[0.842s] -- Up-to-date: /home/maddy/iris_test_tool/install/iris_interfaces/include/iris_interfaces/iris_interfaces/srv
[0.843s] -- Up-to-date: /home/maddy/iris_test_tool/install/iris_interfaces/include/iris_interfaces/iris_interfaces/srv/reset_wheel_encoders.hpp
[0.843s] -- Up-to-date: /home/maddy/iris_test_tool/install/iris_interfaces/include/iris_interfaces/iris_interfaces/srv/update_motor_controller_parameters.hpp
[0.843s] -- Up-to-date: /home/maddy/iris_test_tool/install/iris_interfaces/include/iris_interfaces/iris_interfaces/srv/disconnect_wifi.hpp
[0.843s] -- Up-to-date: /home/maddy/iris_test_tool/install/iris_interfaces/include/iris_interfaces/iris_interfaces/srv/restart_motor_controller.hpp
[0.843s] -- Up-to-date: /home/maddy/iris_test_tool/install/iris_interfaces/include/iris_interfaces/iris_interfaces/srv/reset_a2_faults.hpp
[0.844s] -- Up-to-date: /home/maddy/iris_test_tool/install/iris_interfaces/include/iris_interfaces/iris_interfaces/srv/wifi_discovery.hpp
[0.844s] -- Up-to-date: /home/maddy/iris_test_tool/install/iris_interfaces/include/iris_interfaces/iris_interfaces/srv/get_wifi_status.hpp
[0.844s] -- Up-to-date: /home/maddy/iris_test_tool/install/iris_interfaces/include/iris_interfaces/iris_interfaces/srv/detail
[0.844s] -- Up-to-date: /home/maddy/iris_test_tool/install/iris_interfaces/include/iris_interfaces/iris_interfaces/srv/detail/disconnect_wifi__type_support.hpp
[0.844s] -- Up-to-date: /home/maddy/iris_test_tool/install/iris_interfaces/include/iris_interfaces/iris_interfaces/srv/detail/process_manager__struct.hpp
[0.845s] -- Up-to-date: /home/maddy/iris_test_tool/install/iris_interfaces/include/iris_interfaces/iris_interfaces/srv/detail/restart_motor_controller__struct.hpp
[0.845s] -- Up-to-date: /home/maddy/iris_test_tool/install/iris_interfaces/include/iris_interfaces/iris_interfaces/srv/detail/update_motor_controller_parameters__type_support.hpp
[0.845s] -- Up-to-date: /home/maddy/iris_test_tool/install/iris_interfaces/include/iris_interfaces/iris_interfaces/srv/detail/reset_wheel_encoders__builder.hpp
[0.845s] -- Up-to-date: /home/maddy/iris_test_tool/install/iris_interfaces/include/iris_interfaces/iris_interfaces/srv/detail/connect_wifi__builder.hpp
[0.845s] -- Up-to-date: /home/maddy/iris_test_tool/install/iris_interfaces/include/iris_interfaces/iris_interfaces/srv/detail/update_motor_controller_parameters__struct.hpp
[0.846s] -- Up-to-date: /home/maddy/iris_test_tool/install/iris_interfaces/include/iris_interfaces/iris_interfaces/srv/detail/process_manager__traits.hpp
[0.846s] -- Up-to-date: /home/maddy/iris_test_tool/install/iris_interfaces/include/iris_interfaces/iris_interfaces/srv/detail/restart_motor_controller__traits.hpp
[0.846s] -- Up-to-date: /home/maddy/iris_test_tool/install/iris_interfaces/include/iris_interfaces/iris_interfaces/srv/detail/update_motor_controller_parameters__traits.hpp
[0.846s] -- Up-to-date: /home/maddy/iris_test_tool/install/iris_interfaces/include/iris_interfaces/iris_interfaces/srv/detail/update_motor_controller_parameters__builder.hpp
[0.846s] -- Up-to-date: /home/maddy/iris_test_tool/install/iris_interfaces/include/iris_interfaces/iris_interfaces/srv/detail/reset_a2_faults__type_support.hpp
[0.847s] -- Up-to-date: /home/maddy/iris_test_tool/install/iris_interfaces/include/iris_interfaces/iris_interfaces/srv/detail/update_motor_controller_reference_source__builder.hpp
[0.847s] -- Up-to-date: /home/maddy/iris_test_tool/install/iris_interfaces/include/iris_interfaces/iris_interfaces/srv/detail/state_manager__struct.hpp
[0.847s] -- Up-to-date: /home/maddy/iris_test_tool/install/iris_interfaces/include/iris_interfaces/iris_interfaces/srv/detail/restart_motor_controller__builder.hpp
[0.847s] -- Up-to-date: /home/maddy/iris_test_tool/install/iris_interfaces/include/iris_interfaces/iris_interfaces/srv/detail/disconnect_wifi__struct.hpp
[0.847s] -- Up-to-date: /home/maddy/iris_test_tool/install/iris_interfaces/include/iris_interfaces/iris_interfaces/srv/detail/connect_wifi__type_support.hpp
[0.848s] -- Up-to-date: /home/maddy/iris_test_tool/install/iris_interfaces/include/iris_interfaces/iris_interfaces/srv/detail/update_motor_controller_reference_source__type_support.hpp
[0.848s] -- Up-to-date: /home/maddy/iris_test_tool/install/iris_interfaces/include/iris_interfaces/iris_interfaces/srv/detail/get_wifi_status__builder.hpp
[0.848s] -- Up-to-date: /home/maddy/iris_test_tool/install/iris_interfaces/include/iris_interfaces/iris_interfaces/srv/detail/state_manager__type_support.hpp
[0.848s] -- Up-to-date: /home/maddy/iris_test_tool/install/iris_interfaces/include/iris_interfaces/iris_interfaces/srv/detail/wifi_discovery__traits.hpp
[0.848s] -- Up-to-date: /home/maddy/iris_test_tool/install/iris_interfaces/include/iris_interfaces/iris_interfaces/srv/detail/reset_wheel_encoders__struct.hpp
[0.849s] -- Up-to-date: /home/maddy/iris_test_tool/install/iris_interfaces/include/iris_interfaces/iris_interfaces/srv/detail/get_wifi_status__struct.hpp
[0.849s] -- Up-to-date: /home/maddy/iris_test_tool/install/iris_interfaces/include/iris_interfaces/iris_interfaces/srv/detail/process_manager__type_support.hpp
[0.849s] -- Up-to-date: /home/maddy/iris_test_tool/install/iris_interfaces/include/iris_interfaces/iris_interfaces/srv/detail/a2_command__builder.hpp
[0.849s] -- Up-to-date: /home/maddy/iris_test_tool/install/iris_interfaces/include/iris_interfaces/iris_interfaces/srv/detail/wifi_discovery__builder.hpp
[0.849s] -- Up-to-date: /home/maddy/iris_test_tool/install/iris_interfaces/include/iris_interfaces/iris_interfaces/srv/detail/restart_motor_controller__type_support.hpp
[0.850s] -- Up-to-date: /home/maddy/iris_test_tool/install/iris_interfaces/include/iris_interfaces/iris_interfaces/srv/detail/disconnect_wifi__traits.hpp
[0.850s] -- Up-to-date: /home/maddy/iris_test_tool/install/iris_interfaces/include/iris_interfaces/iris_interfaces/srv/detail/disconnect_wifi__builder.hpp
[0.850s] -- Up-to-date: /home/maddy/iris_test_tool/install/iris_interfaces/include/iris_interfaces/iris_interfaces/srv/detail/connect_wifi__struct.hpp
[0.850s] -- Up-to-date: /home/maddy/iris_test_tool/install/iris_interfaces/include/iris_interfaces/iris_interfaces/srv/detail/get_wifi_status__traits.hpp
[0.851s] -- Up-to-date: /home/maddy/iris_test_tool/install/iris_interfaces/include/iris_interfaces/iris_interfaces/srv/detail/process_manager__builder.hpp
[0.851s] -- Up-to-date: /home/maddy/iris_test_tool/install/iris_interfaces/include/iris_interfaces/iris_interfaces/srv/detail/reset_a2_faults__struct.hpp
[0.851s] -- Up-to-date: /home/maddy/iris_test_tool/install/iris_interfaces/include/iris_interfaces/iris_interfaces/srv/detail/reset_wheel_encoders__traits.hpp
[0.851s] -- Up-to-date: /home/maddy/iris_test_tool/install/iris_interfaces/include/iris_interfaces/iris_interfaces/srv/detail/update_motor_controller_reference_source__traits.hpp
[0.851s] -- Up-to-date: /home/maddy/iris_test_tool/install/iris_interfaces/include/iris_interfaces/iris_interfaces/srv/detail/get_wifi_status__type_support.hpp
[0.851s] -- Up-to-date: /home/maddy/iris_test_tool/install/iris_interfaces/include/iris_interfaces/iris_interfaces/srv/detail/reset_wheel_encoders__type_support.hpp
[0.852s] -- Up-to-date: /home/maddy/iris_test_tool/install/iris_interfaces/include/iris_interfaces/iris_interfaces/srv/detail/a2_command__type_support.hpp
[0.852s] -- Up-to-date: /home/maddy/iris_test_tool/install/iris_interfaces/include/iris_interfaces/iris_interfaces/srv/detail/connect_wifi__traits.hpp
[0.852s] -- Up-to-date: /home/maddy/iris_test_tool/install/iris_interfaces/include/iris_interfaces/iris_interfaces/srv/detail/state_manager__traits.hpp
[0.852s] -- Up-to-date: /home/maddy/iris_test_tool/install/iris_interfaces/include/iris_interfaces/iris_interfaces/srv/detail/state_manager__builder.hpp
[0.852s] -- Up-to-date: /home/maddy/iris_test_tool/install/iris_interfaces/include/iris_interfaces/iris_interfaces/srv/detail/reset_a2_faults__builder.hpp
[0.853s] -- Up-to-date: /home/maddy/iris_test_tool/install/iris_interfaces/include/iris_interfaces/iris_interfaces/srv/detail/a2_command__traits.hpp
[0.853s] -- Up-to-date: /home/maddy/iris_test_tool/install/iris_interfaces/include/iris_interfaces/iris_interfaces/srv/detail/a2_command__struct.hpp
[0.853s] -- Up-to-date: /home/maddy/iris_test_tool/install/iris_interfaces/include/iris_interfaces/iris_interfaces/srv/detail/reset_a2_faults__traits.hpp
[0.853s] -- Up-to-date: /home/maddy/iris_test_tool/install/iris_interfaces/include/iris_interfaces/iris_interfaces/srv/detail/wifi_discovery__type_support.hpp
[0.853s] -- Up-to-date: /home/maddy/iris_test_tool/install/iris_interfaces/include/iris_interfaces/iris_interfaces/srv/detail/update_motor_controller_reference_source__struct.hpp
[0.854s] -- Up-to-date: /home/maddy/iris_test_tool/install/iris_interfaces/include/iris_interfaces/iris_interfaces/srv/detail/wifi_discovery__struct.hpp
[0.854s] -- Up-to-date: /home/maddy/iris_test_tool/install/iris_interfaces/include/iris_interfaces/iris_interfaces/srv/process_manager.hpp
[0.854s] -- Up-to-date: /home/maddy/iris_test_tool/install/iris_interfaces/include/iris_interfaces/iris_interfaces/srv/state_manager.hpp
[0.854s] -- Up-to-date: /home/maddy/iris_test_tool/install/iris_interfaces/include/iris_interfaces/iris_interfaces/srv/connect_wifi.hpp
[0.854s] -- Up-to-date: /home/maddy/iris_test_tool/install/iris_interfaces/include/iris_interfaces/iris_interfaces/srv/a2_command.hpp
[0.855s] -- Up-to-date: /home/maddy/iris_test_tool/install/iris_interfaces/include/iris_interfaces/iris_interfaces/srv/update_motor_controller_reference_source.hpp
[0.855s] -- Up-to-date: /home/maddy/iris_test_tool/install/iris_interfaces/include/iris_interfaces/iris_interfaces/action
[0.855s] -- Up-to-date: /home/maddy/iris_test_tool/install/iris_interfaces/include/iris_interfaces/iris_interfaces/action/path_coverage_controller.hpp
[0.855s] -- Up-to-date: /home/maddy/iris_test_tool/install/iris_interfaces/include/iris_interfaces/iris_interfaces/action/compute_path_coverage.hpp
[0.855s] -- Up-to-date: /home/maddy/iris_test_tool/install/iris_interfaces/include/iris_interfaces/iris_interfaces/action/navigate_path_coverage.hpp
[0.856s] -- Up-to-date: /home/maddy/iris_test_tool/install/iris_interfaces/include/iris_interfaces/iris_interfaces/action/detail
[0.856s] -- Up-to-date: /home/maddy/iris_test_tool/install/iris_interfaces/include/iris_interfaces/iris_interfaces/action/detail/path_coverage_controller__struct.hpp
[0.856s] -- Up-to-date: /home/maddy/iris_test_tool/install/iris_interfaces/include/iris_interfaces/iris_interfaces/action/detail/compute_path_coverage__type_support.hpp
[0.856s] -- Up-to-date: /home/maddy/iris_test_tool/install/iris_interfaces/include/iris_interfaces/iris_interfaces/action/detail/navigate_path_coverage__builder.hpp
[0.856s] -- Up-to-date: /home/maddy/iris_test_tool/install/iris_interfaces/include/iris_interfaces/iris_interfaces/action/detail/compute_path_coverage__traits.hpp
[0.856s] -- Up-to-date: /home/maddy/iris_test_tool/install/iris_interfaces/include/iris_interfaces/iris_interfaces/action/detail/path_coverage_controller__traits.hpp
[0.857s] -- Up-to-date: /home/maddy/iris_test_tool/install/iris_interfaces/include/iris_interfaces/iris_interfaces/action/detail/navigate_path_coverage__struct.hpp
[0.857s] -- Up-to-date: /home/maddy/iris_test_tool/install/iris_interfaces/include/iris_interfaces/iris_interfaces/action/detail/path_coverage_controller__type_support.hpp
[0.857s] -- Up-to-date: /home/maddy/iris_test_tool/install/iris_interfaces/include/iris_interfaces/iris_interfaces/action/detail/navigate_path_coverage__type_support.hpp
[0.857s] -- Up-to-date: /home/maddy/iris_test_tool/install/iris_interfaces/include/iris_interfaces/iris_interfaces/action/detail/navigate_path_coverage__traits.hpp
[0.858s] -- Up-to-date: /home/maddy/iris_test_tool/install/iris_interfaces/include/iris_interfaces/iris_interfaces/action/detail/compute_path_coverage__builder.hpp
[0.858s] -- Up-to-date: /home/maddy/iris_test_tool/install/iris_interfaces/include/iris_interfaces/iris_interfaces/action/detail/path_coverage_controller__builder.hpp
[0.858s] -- Up-to-date: /home/maddy/iris_test_tool/install/iris_interfaces/include/iris_interfaces/iris_interfaces/action/detail/compute_path_coverage__struct.hpp
[0.858s] -- Up-to-date: /home/maddy/iris_test_tool/install/iris_interfaces/include/iris_interfaces/iris_interfaces/msg
[0.858s] -- Up-to-date: /home/maddy/iris_test_tool/install/iris_interfaces/include/iris_interfaces/iris_interfaces/msg/motor_controller_status.hpp
[0.859s] -- Up-to-date: /home/maddy/iris_test_tool/install/iris_interfaces/include/iris_interfaces/iris_interfaces/msg/wheel_command_speed.hpp
[0.859s] -- Up-to-date: /home/maddy/iris_test_tool/install/iris_interfaces/include/iris_interfaces/iris_interfaces/msg/follow_path_result.hpp
[0.859s] -- Up-to-date: /home/maddy/iris_test_tool/install/iris_interfaces/include/iris_interfaces/iris_interfaces/msg/vacuum_status.hpp
[0.859s] -- Up-to-date: /home/maddy/iris_test_tool/install/iris_interfaces/include/iris_interfaces/iris_interfaces/msg/actuator_status.hpp
[0.859s] -- Up-to-date: /home/maddy/iris_test_tool/install/iris_interfaces/include/iris_interfaces/iris_interfaces/msg/ota_status.hpp
[0.859s] -- Up-to-date: /home/maddy/iris_test_tool/install/iris_interfaces/include/iris_interfaces/iris_interfaces/msg/brush_status.hpp
[0.860s] -- Up-to-date: /home/maddy/iris_test_tool/install/iris_interfaces/include/iris_interfaces/iris_interfaces/msg/vacuum_faults.hpp
[0.860s] -- Up-to-date: /home/maddy/iris_test_tool/install/iris_interfaces/include/iris_interfaces/iris_interfaces/msg/ultrasonic_ranges.hpp
[0.860s] -- Up-to-date: /home/maddy/iris_test_tool/install/iris_interfaces/include/iris_interfaces/iris_interfaces/msg/detail
[0.860s] -- Up-to-date: /home/maddy/iris_test_tool/install/iris_interfaces/include/iris_interfaces/iris_interfaces/msg/detail/mender_client_status__type_support.hpp
[0.860s] -- Up-to-date: /home/maddy/iris_test_tool/install/iris_interfaces/include/iris_interfaces/iris_interfaces/msg/detail/sensor_status__builder.hpp
[0.861s] -- Up-to-date: /home/maddy/iris_test_tool/install/iris_interfaces/include/iris_interfaces/iris_interfaces/msg/detail/a2_fault_status__struct.hpp
[0.861s] -- Up-to-date: /home/maddy/iris_test_tool/install/iris_interfaces/include/iris_interfaces/iris_interfaces/msg/detail/a5_status__builder.hpp
[0.861s] -- Up-to-date: /home/maddy/iris_test_tool/install/iris_interfaces/include/iris_interfaces/iris_interfaces/msg/detail/brush_faults__struct.hpp
[0.861s] -- Up-to-date: /home/maddy/iris_test_tool/install/iris_interfaces/include/iris_interfaces/iris_interfaces/msg/detail/navigation_mode__builder.hpp
[0.862s] -- Up-to-date: /home/maddy/iris_test_tool/install/iris_interfaces/include/iris_interfaces/iris_interfaces/msg/detail/a2_functional_status__traits.hpp
[0.862s] -- Up-to-date: /home/maddy/iris_test_tool/install/iris_interfaces/include/iris_interfaces/iris_interfaces/msg/detail/vacuum_status__struct.hpp
[0.862s] -- Up-to-date: /home/maddy/iris_test_tool/install/iris_interfaces/include/iris_interfaces/iris_interfaces/msg/detail/ultrasonic_ranges__struct.hpp
[0.862s] -- Up-to-date: /home/maddy/iris_test_tool/install/iris_interfaces/include/iris_interfaces/iris_interfaces/msg/detail/follow_path_result__builder.hpp
[0.862s] -- Up-to-date: /home/maddy/iris_test_tool/install/iris_interfaces/include/iris_interfaces/iris_interfaces/msg/detail/vacuum_status__traits.hpp
[0.863s] -- Up-to-date: /home/maddy/iris_test_tool/install/iris_interfaces/include/iris_interfaces/iris_interfaces/msg/detail/a2_functional_status__type_support.hpp
[0.863s] -- Up-to-date: /home/maddy/iris_test_tool/install/iris_interfaces/include/iris_interfaces/iris_interfaces/msg/detail/navigation_mode__struct.hpp
[0.863s] -- Up-to-date: /home/maddy/iris_test_tool/install/iris_interfaces/include/iris_interfaces/iris_interfaces/msg/detail/motor_controller_status__struct.hpp
[0.863s] -- Up-to-date: /home/maddy/iris_test_tool/install/iris_interfaces/include/iris_interfaces/iris_interfaces/msg/detail/ota_status__type_support.hpp
[0.863s] -- Up-to-date: /home/maddy/iris_test_tool/install/iris_interfaces/include/iris_interfaces/iris_interfaces/msg/detail/system_software_status__traits.hpp
[0.863s] -- Up-to-date: /home/maddy/iris_test_tool/install/iris_interfaces/include/iris_interfaces/iris_interfaces/msg/detail/ota_status__struct.hpp
[0.864s] -- Up-to-date: /home/maddy/iris_test_tool/install/iris_interfaces/include/iris_interfaces/iris_interfaces/msg/detail/ultrasonic_ranges__builder.hpp
[0.864s] -- Up-to-date: /home/maddy/iris_test_tool/install/iris_interfaces/include/iris_interfaces/iris_interfaces/msg/detail/headband_mode__builder.hpp
[0.864s] -- Up-to-date: /home/maddy/iris_test_tool/install/iris_interfaces/include/iris_interfaces/iris_interfaces/msg/detail/brush_status__struct.hpp
[0.864s] -- Up-to-date: /home/maddy/iris_test_tool/install/iris_interfaces/include/iris_interfaces/iris_interfaces/msg/detail/ultrasonic_ranges__type_support.hpp
[0.864s] -- Up-to-date: /home/maddy/iris_test_tool/install/iris_interfaces/include/iris_interfaces/iris_interfaces/msg/detail/system_software_status__type_support.hpp
[0.865s] -- Up-to-date: /home/maddy/iris_test_tool/install/iris_interfaces/include/iris_interfaces/iris_interfaces/msg/detail/follow_path_result__struct.hpp
[0.865s] -- Up-to-date: /home/maddy/iris_test_tool/install/iris_interfaces/include/iris_interfaces/iris_interfaces/msg/detail/wheel_command_speed__type_support.hpp
[0.865s] -- Up-to-date: /home/maddy/iris_test_tool/install/iris_interfaces/include/iris_interfaces/iris_interfaces/msg/detail/wheel_command_speed__struct.hpp
[0.865s] -- Up-to-date: /home/maddy/iris_test_tool/install/iris_interfaces/include/iris_interfaces/iris_interfaces/msg/detail/navigation_mode__traits.hpp
[0.865s] -- Up-to-date: /home/maddy/iris_test_tool/install/iris_interfaces/include/iris_interfaces/iris_interfaces/msg/detail/mender_client_status__builder.hpp
[0.865s] -- Up-to-date: /home/maddy/iris_test_tool/install/iris_interfaces/include/iris_interfaces/iris_interfaces/msg/detail/water_tank_levels__traits.hpp
[0.866s] -- Up-to-date: /home/maddy/iris_test_tool/install/iris_interfaces/include/iris_interfaces/iris_interfaces/msg/detail/actuator_status__builder.hpp
[0.866s] -- Up-to-date: /home/maddy/iris_test_tool/install/iris_interfaces/include/iris_interfaces/iris_interfaces/msg/detail/system_software_status__struct.hpp
[0.866s] -- Up-to-date: /home/maddy/iris_test_tool/install/iris_interfaces/include/iris_interfaces/iris_interfaces/msg/detail/wheel_command_speed__builder.hpp
[0.866s] -- Up-to-date: /home/maddy/iris_test_tool/install/iris_interfaces/include/iris_interfaces/iris_interfaces/msg/detail/led_control__traits.hpp
[0.867s] -- Up-to-date: /home/maddy/iris_test_tool/install/iris_interfaces/include/iris_interfaces/iris_interfaces/msg/detail/wheel_encoders__builder.hpp
[0.867s] -- Up-to-date: /home/maddy/iris_test_tool/install/iris_interfaces/include/iris_interfaces/iris_interfaces/msg/detail/mender_client_status__struct.hpp
[0.867s] -- Up-to-date: /home/maddy/iris_test_tool/install/iris_interfaces/include/iris_interfaces/iris_interfaces/msg/detail/sensor_status__struct.hpp
[0.867s] -- Up-to-date: /home/maddy/iris_test_tool/install/iris_interfaces/include/iris_interfaces/iris_interfaces/msg/detail/a2_fault_status__builder.hpp
[0.867s] -- Up-to-date: /home/maddy/iris_test_tool/install/iris_interfaces/include/iris_interfaces/iris_interfaces/msg/detail/vacuum_faults__struct.hpp
[0.868s] -- Up-to-date: /home/maddy/iris_test_tool/install/iris_interfaces/include/iris_interfaces/iris_interfaces/msg/detail/ultrasonic_ranges__traits.hpp
[0.868s] -- Up-to-date: /home/maddy/iris_test_tool/install/iris_interfaces/include/iris_interfaces/iris_interfaces/msg/detail/headband_mode__traits.hpp
[0.868s] -- Up-to-date: /home/maddy/iris_test_tool/install/iris_interfaces/include/iris_interfaces/iris_interfaces/msg/detail/brush_faults__builder.hpp
[0.868s] -- Up-to-date: /home/maddy/iris_test_tool/install/iris_interfaces/include/iris_interfaces/iris_interfaces/msg/detail/a5_status__type_support.hpp
[0.868s] -- Up-to-date: /home/maddy/iris_test_tool/install/iris_interfaces/include/iris_interfaces/iris_interfaces/msg/detail/vacuum_faults__traits.hpp
[0.869s] -- Up-to-date: /home/maddy/iris_test_tool/install/iris_interfaces/include/iris_interfaces/iris_interfaces/msg/detail/a2_command__builder.hpp
[0.869s] -- Up-to-date: /home/maddy/iris_test_tool/install/iris_interfaces/include/iris_interfaces/iris_interfaces/msg/detail/headband_mode__struct.hpp
[0.869s] -- Up-to-date: /home/maddy/iris_test_tool/install/iris_interfaces/include/iris_interfaces/iris_interfaces/msg/detail/water_tank_levels__struct.hpp
[0.869s] -- Up-to-date: /home/maddy/iris_test_tool/install/iris_interfaces/include/iris_interfaces/iris_interfaces/msg/detail/led_control__builder.hpp
[0.869s] -- Up-to-date: /home/maddy/iris_test_tool/install/iris_interfaces/include/iris_interfaces/iris_interfaces/msg/detail/follow_path_result__traits.hpp
[0.870s] -- Up-to-date: /home/maddy/iris_test_tool/install/iris_interfaces/include/iris_interfaces/iris_interfaces/msg/detail/motor_controller_status__traits.hpp
[0.870s] -- Up-to-date: /home/maddy/iris_test_tool/install/iris_interfaces/include/iris_interfaces/iris_interfaces/msg/detail/brush_status__type_support.hpp
[0.870s] -- Up-to-date: /home/maddy/iris_test_tool/install/iris_interfaces/include/iris_interfaces/iris_interfaces/msg/detail/actuator_status__struct.hpp
[0.870s] -- Up-to-date: /home/maddy/iris_test_tool/install/iris_interfaces/include/iris_interfaces/iris_interfaces/msg/detail/actuator_status__traits.hpp
[0.870s] -- Up-to-date: /home/maddy/iris_test_tool/install/iris_interfaces/include/iris_interfaces/iris_interfaces/msg/detail/brush_faults__type_support.hpp
[0.871s] -- Up-to-date: /home/maddy/iris_test_tool/install/iris_interfaces/include/iris_interfaces/iris_interfaces/msg/detail/a2_functional_status__builder.hpp
[0.871s] -- Up-to-date: /home/maddy/iris_test_tool/install/iris_interfaces/include/iris_interfaces/iris_interfaces/msg/detail/a5_status__traits.hpp
[0.871s] -- Up-to-date: /home/maddy/iris_test_tool/install/iris_interfaces/include/iris_interfaces/iris_interfaces/msg/detail/vacuum_faults__type_support.hpp
[0.871s] -- Up-to-date: /home/maddy/iris_test_tool/install/iris_interfaces/include/iris_interfaces/iris_interfaces/msg/detail/motor_controller_status__type_support.hpp
[0.871s] -- Up-to-date: /home/maddy/iris_test_tool/install/iris_interfaces/include/iris_interfaces/iris_interfaces/msg/detail/vacuum_status__builder.hpp
[0.871s] -- Up-to-date: /home/maddy/iris_test_tool/install/iris_interfaces/include/iris_interfaces/iris_interfaces/msg/detail/mender_client_status__traits.hpp
[0.872s] -- Up-to-date: /home/maddy/iris_test_tool/install/iris_interfaces/include/iris_interfaces/iris_interfaces/msg/detail/a2_fault_status__type_support.hpp
[0.872s] -- Up-to-date: /home/maddy/iris_test_tool/install/iris_interfaces/include/iris_interfaces/iris_interfaces/msg/detail/system_software_status__builder.hpp
[0.872s] -- Up-to-date: /home/maddy/iris_test_tool/install/iris_interfaces/include/iris_interfaces/iris_interfaces/msg/detail/wheel_encoders__struct.hpp
[0.872s] -- Up-to-date: /home/maddy/iris_test_tool/install/iris_interfaces/include/iris_interfaces/iris_interfaces/msg/detail/water_tank_levels__builder.hpp
[0.872s] -- Up-to-date: /home/maddy/iris_test_tool/install/iris_interfaces/include/iris_interfaces/iris_interfaces/msg/detail/motor_status__builder.hpp
[0.873s] -- Up-to-date: /home/maddy/iris_test_tool/install/iris_interfaces/include/iris_interfaces/iris_interfaces/msg/detail/sensor_status__traits.hpp
[0.873s] -- Up-to-date: /home/maddy/iris_test_tool/install/iris_interfaces/include/iris_interfaces/iris_interfaces/msg/detail/sensor_status__type_support.hpp
[0.873s] -- Up-to-date: /home/maddy/iris_test_tool/install/iris_interfaces/include/iris_interfaces/iris_interfaces/msg/detail/brush_status__traits.hpp
[0.873s] -- Up-to-date: /home/maddy/iris_test_tool/install/iris_interfaces/include/iris_interfaces/iris_interfaces/msg/detail/a2_fault_status__traits.hpp
[0.873s] -- Up-to-date: /home/maddy/iris_test_tool/install/iris_interfaces/include/iris_interfaces/iris_interfaces/msg/detail/wheel_encoders__type_support.hpp
[0.874s] -- Up-to-date: /home/maddy/iris_test_tool/install/iris_interfaces/include/iris_interfaces/iris_interfaces/msg/detail/brush_status__builder.hpp
[0.874s] -- Up-to-date: /home/maddy/iris_test_tool/install/iris_interfaces/include/iris_interfaces/iris_interfaces/msg/detail/vacuum_faults__builder.hpp
[0.874s] -- Up-to-date: /home/maddy/iris_test_tool/install/iris_interfaces/include/iris_interfaces/iris_interfaces/msg/detail/ota_status__traits.hpp
[0.874s] -- Up-to-date: /home/maddy/iris_test_tool/install/iris_interfaces/include/iris_interfaces/iris_interfaces/msg/detail/motor_status__traits.hpp
[0.874s] -- Up-to-date: /home/maddy/iris_test_tool/install/iris_interfaces/include/iris_interfaces/iris_interfaces/msg/detail/led_control__type_support.hpp
[0.875s] -- Up-to-date: /home/maddy/iris_test_tool/install/iris_interfaces/include/iris_interfaces/iris_interfaces/msg/detail/a2_command__type_support.hpp
[0.875s] -- Up-to-date: /home/maddy/iris_test_tool/install/iris_interfaces/include/iris_interfaces/iris_interfaces/msg/detail/a5_status__struct.hpp
[0.875s] -- Up-to-date: /home/maddy/iris_test_tool/install/iris_interfaces/include/iris_interfaces/iris_interfaces/msg/detail/led_control__struct.hpp
[0.875s] -- Up-to-date: /home/maddy/iris_test_tool/install/iris_interfaces/include/iris_interfaces/iris_interfaces/msg/detail/ota_status__builder.hpp
[0.875s] -- Up-to-date: /home/maddy/iris_test_tool/install/iris_interfaces/include/iris_interfaces/iris_interfaces/msg/detail/motor_status__struct.hpp
[0.876s] -- Up-to-date: /home/maddy/iris_test_tool/install/iris_interfaces/include/iris_interfaces/iris_interfaces/msg/detail/actuator_status__type_support.hpp
[0.876s] -- Up-to-date: /home/maddy/iris_test_tool/install/iris_interfaces/include/iris_interfaces/iris_interfaces/msg/detail/wheel_encoders__traits.hpp
[0.876s] -- Up-to-date: /home/maddy/iris_test_tool/install/iris_interfaces/include/iris_interfaces/iris_interfaces/msg/detail/a2_functional_status__struct.hpp
[0.876s] -- Up-to-date: /home/maddy/iris_test_tool/install/iris_interfaces/include/iris_interfaces/iris_interfaces/msg/detail/vacuum_status__type_support.hpp
[0.877s] -- Up-to-date: /home/maddy/iris_test_tool/install/iris_interfaces/include/iris_interfaces/iris_interfaces/msg/detail/a2_command__traits.hpp
[0.877s] -- Up-to-date: /home/maddy/iris_test_tool/install/iris_interfaces/include/iris_interfaces/iris_interfaces/msg/detail/motor_status__type_support.hpp
[0.877s] -- Up-to-date: /home/maddy/iris_test_tool/install/iris_interfaces/include/iris_interfaces/iris_interfaces/msg/detail/follow_path_result__type_support.hpp
[0.877s] -- Up-to-date: /home/maddy/iris_test_tool/install/iris_interfaces/include/iris_interfaces/iris_interfaces/msg/detail/wheel_command_speed__traits.hpp
[0.878s] -- Up-to-date: /home/maddy/iris_test_tool/install/iris_interfaces/include/iris_interfaces/iris_interfaces/msg/detail/water_tank_levels__type_support.hpp
[0.878s] -- Up-to-date: /home/maddy/iris_test_tool/install/iris_interfaces/include/iris_interfaces/iris_interfaces/msg/detail/motor_controller_status__builder.hpp
[0.878s] -- Up-to-date: /home/maddy/iris_test_tool/install/iris_interfaces/include/iris_interfaces/iris_interfaces/msg/detail/headband_mode__type_support.hpp
[0.878s] -- Up-to-date: /home/maddy/iris_test_tool/install/iris_interfaces/include/iris_interfaces/iris_interfaces/msg/detail/a2_command__struct.hpp
[0.878s] -- Up-to-date: /home/maddy/iris_test_tool/install/iris_interfaces/include/iris_interfaces/iris_interfaces/msg/detail/navigation_mode__type_support.hpp
[0.878s] -- Up-to-date: /home/maddy/iris_test_tool/install/iris_interfaces/include/iris_interfaces/iris_interfaces/msg/detail/brush_faults__traits.hpp
[0.879s] -- Up-to-date: /home/maddy/iris_test_tool/install/iris_interfaces/include/iris_interfaces/iris_interfaces/msg/system_software_status.hpp
[0.879s] -- Up-to-date: /home/maddy/iris_test_tool/install/iris_interfaces/include/iris_interfaces/iris_interfaces/msg/a5_status.hpp
[0.879s] -- Up-to-date: /home/maddy/iris_test_tool/install/iris_interfaces/include/iris_interfaces/iris_interfaces/msg/rosidl_generator_cpp__visibility_control.hpp
[0.879s] -- Up-to-date: /home/maddy/iris_test_tool/install/iris_interfaces/include/iris_interfaces/iris_interfaces/msg/brush_faults.hpp
[0.880s] -- Up-to-date: /home/maddy/iris_test_tool/install/iris_interfaces/include/iris_interfaces/iris_interfaces/msg/navigation_mode.hpp
[0.880s] -- Up-to-date: /home/maddy/iris_test_tool/install/iris_interfaces/include/iris_interfaces/iris_interfaces/msg/a2_command.hpp
[0.880s] -- Up-to-date: /home/maddy/iris_test_tool/install/iris_interfaces/include/iris_interfaces/iris_interfaces/msg/mender_client_status.hpp
[0.880s] -- Up-to-date: /home/maddy/iris_test_tool/install/iris_interfaces/include/iris_interfaces/iris_interfaces/msg/motor_status.hpp
[0.880s] -- Up-to-date: /home/maddy/iris_test_tool/install/iris_interfaces/include/iris_interfaces/iris_interfaces/msg/led_control.hpp
[0.881s] -- Up-to-date: /home/maddy/iris_test_tool/install/iris_interfaces/include/iris_interfaces/iris_interfaces/msg/water_tank_levels.hpp
[0.881s] -- Up-to-date: /home/maddy/iris_test_tool/install/iris_interfaces/include/iris_interfaces/iris_interfaces/msg/a2_fault_status.hpp
[0.881s] -- Up-to-date: /home/maddy/iris_test_tool/install/iris_interfaces/include/iris_interfaces/iris_interfaces/msg/wheel_encoders.hpp
[0.881s] -- Up-to-date: /home/maddy/iris_test_tool/install/iris_interfaces/include/iris_interfaces/iris_interfaces/msg/headband_mode.hpp
[0.882s] -- Up-to-date: /home/maddy/iris_test_tool/install/iris_interfaces/include/iris_interfaces/iris_interfaces/msg/a2_functional_status.hpp
[0.882s] -- Up-to-date: /home/maddy/iris_test_tool/install/iris_interfaces/include/iris_interfaces/iris_interfaces/msg/sensor_status.hpp
[0.882s] -- Up-to-date: /home/maddy/iris_test_tool/install/iris_interfaces/include/iris_interfaces/iris_interfaces
[0.882s] -- Up-to-date: /home/maddy/iris_test_tool/install/iris_interfaces/include/iris_interfaces/iris_interfaces/srv
[0.882s] -- Up-to-date: /home/maddy/iris_test_tool/install/iris_interfaces/include/iris_interfaces/iris_interfaces/srv/detail
[0.882s] -- Up-to-date: /home/maddy/iris_test_tool/install/iris_interfaces/include/iris_interfaces/iris_interfaces/srv/detail/dds_fastrtps
[0.883s] -- Up-to-date: /home/maddy/iris_test_tool/install/iris_interfaces/include/iris_interfaces/iris_interfaces/srv/detail/update_motor_controller_parameters__rosidl_typesupport_fastrtps_cpp.hpp
[0.883s] -- Up-to-date: /home/maddy/iris_test_tool/install/iris_interfaces/include/iris_interfaces/iris_interfaces/srv/detail/reset_a2_faults__rosidl_typesupport_fastrtps_cpp.hpp
[0.883s] -- Up-to-date: /home/maddy/iris_test_tool/install/iris_interfaces/include/iris_interfaces/iris_interfaces/srv/detail/state_manager__rosidl_typesupport_fastrtps_cpp.hpp
[0.883s] -- Up-to-date: /home/maddy/iris_test_tool/install/iris_interfaces/include/iris_interfaces/iris_interfaces/srv/detail/reset_wheel_encoders__rosidl_typesupport_fastrtps_cpp.hpp
[0.883s] -- Up-to-date: /home/maddy/iris_test_tool/install/iris_interfaces/include/iris_interfaces/iris_interfaces/srv/detail/connect_wifi__rosidl_typesupport_fastrtps_cpp.hpp
[0.884s] -- Up-to-date: /home/maddy/iris_test_tool/install/iris_interfaces/include/iris_interfaces/iris_interfaces/srv/detail/update_motor_controller_reference_source__rosidl_typesupport_fastrtps_cpp.hpp
[0.884s] -- Up-to-date: /home/maddy/iris_test_tool/install/iris_interfaces/include/iris_interfaces/iris_interfaces/srv/detail/get_wifi_status__rosidl_typesupport_fastrtps_cpp.hpp
[0.884s] -- Up-to-date: /home/maddy/iris_test_tool/install/iris_interfaces/include/iris_interfaces/iris_interfaces/srv/detail/process_manager__rosidl_typesupport_fastrtps_cpp.hpp
[0.884s] -- Up-to-date: /home/maddy/iris_test_tool/install/iris_interfaces/include/iris_interfaces/iris_interfaces/srv/detail/disconnect_wifi__rosidl_typesupport_fastrtps_cpp.hpp
[0.884s] -- Up-to-date: /home/maddy/iris_test_tool/install/iris_interfaces/include/iris_interfaces/iris_interfaces/srv/detail/a2_command__rosidl_typesupport_fastrtps_cpp.hpp
[0.885s] -- Up-to-date: /home/maddy/iris_test_tool/install/iris_interfaces/include/iris_interfaces/iris_interfaces/srv/detail/restart_motor_controller__rosidl_typesupport_fastrtps_cpp.hpp
[0.885s] -- Up-to-date: /home/maddy/iris_test_tool/install/iris_interfaces/include/iris_interfaces/iris_interfaces/srv/detail/wifi_discovery__rosidl_typesupport_fastrtps_cpp.hpp
[0.885s] -- Up-to-date: /home/maddy/iris_test_tool/install/iris_interfaces/include/iris_interfaces/iris_interfaces/action
[0.885s] -- Up-to-date: /home/maddy/iris_test_tool/install/iris_interfaces/include/iris_interfaces/iris_interfaces/action/detail
[0.885s] -- Up-to-date: /home/maddy/iris_test_tool/install/iris_interfaces/include/iris_interfaces/iris_interfaces/action/detail/compute_path_coverage__rosidl_typesupport_fastrtps_cpp.hpp
[0.886s] -- Up-to-date: /home/maddy/iris_test_tool/install/iris_interfaces/include/iris_interfaces/iris_interfaces/action/detail/dds_fastrtps
[0.886s] -- Up-to-date: /home/maddy/iris_test_tool/install/iris_interfaces/include/iris_interfaces/iris_interfaces/action/detail/navigate_path_coverage__rosidl_typesupport_fastrtps_cpp.hpp
[0.886s] -- Up-to-date: /home/maddy/iris_test_tool/install/iris_interfaces/include/iris_interfaces/iris_interfaces/action/detail/path_coverage_controller__rosidl_typesupport_fastrtps_cpp.hpp
[0.886s] -- Up-to-date: /home/maddy/iris_test_tool/install/iris_interfaces/include/iris_interfaces/iris_interfaces/msg
[0.886s] -- Up-to-date: /home/maddy/iris_test_tool/install/iris_interfaces/include/iris_interfaces/iris_interfaces/msg/rosidl_typesupport_fastrtps_cpp__visibility_control.h
[0.887s] -- Up-to-date: /home/maddy/iris_test_tool/install/iris_interfaces/include/iris_interfaces/iris_interfaces/msg/detail
[0.887s] -- Up-to-date: /home/maddy/iris_test_tool/install/iris_interfaces/include/iris_interfaces/iris_interfaces/msg/detail/follow_path_result__rosidl_typesupport_fastrtps_cpp.hpp
[0.887s] -- Up-to-date: /home/maddy/iris_test_tool/install/iris_interfaces/include/iris_interfaces/iris_interfaces/msg/detail/dds_fastrtps
[0.887s] -- Up-to-date: /home/maddy/iris_test_tool/install/iris_interfaces/include/iris_interfaces/iris_interfaces/msg/detail/system_software_status__rosidl_typesupport_fastrtps_cpp.hpp
[0.887s] -- Up-to-date: /home/maddy/iris_test_tool/install/iris_interfaces/include/iris_interfaces/iris_interfaces/msg/detail/navigation_mode__rosidl_typesupport_fastrtps_cpp.hpp
[0.888s] -- Up-to-date: /home/maddy/iris_test_tool/install/iris_interfaces/include/iris_interfaces/iris_interfaces/msg/detail/vacuum_faults__rosidl_typesupport_fastrtps_cpp.hpp
[0.888s] -- Up-to-date: /home/maddy/iris_test_tool/install/iris_interfaces/include/iris_interfaces/iris_interfaces/msg/detail/sensor_status__rosidl_typesupport_fastrtps_cpp.hpp
[0.888s] -- Up-to-date: /home/maddy/iris_test_tool/install/iris_interfaces/include/iris_interfaces/iris_interfaces/msg/detail/vacuum_status__rosidl_typesupport_fastrtps_cpp.hpp
[0.888s] -- Up-to-date: /home/maddy/iris_test_tool/install/iris_interfaces/include/iris_interfaces/iris_interfaces/msg/detail/a2_fault_status__rosidl_typesupport_fastrtps_cpp.hpp
[0.888s] -- Up-to-date: /home/maddy/iris_test_tool/install/iris_interfaces/include/iris_interfaces/iris_interfaces/msg/detail/motor_status__rosidl_typesupport_fastrtps_cpp.hpp
[0.888s] -- Up-to-date: /home/maddy/iris_test_tool/install/iris_interfaces/include/iris_interfaces/iris_interfaces/msg/detail/ultrasonic_ranges__rosidl_typesupport_fastrtps_cpp.hpp
[0.889s] -- Up-to-date: /home/maddy/iris_test_tool/install/iris_interfaces/include/iris_interfaces/iris_interfaces/msg/detail/mender_client_status__rosidl_typesupport_fastrtps_cpp.hpp
[0.889s] -- Up-to-date: /home/maddy/iris_test_tool/install/iris_interfaces/include/iris_interfaces/iris_interfaces/msg/detail/ota_status__rosidl_typesupport_fastrtps_cpp.hpp
[0.889s] -- Up-to-date: /home/maddy/iris_test_tool/install/iris_interfaces/include/iris_interfaces/iris_interfaces/msg/detail/brush_faults__rosidl_typesupport_fastrtps_cpp.hpp
[0.889s] -- Up-to-date: /home/maddy/iris_test_tool/install/iris_interfaces/include/iris_interfaces/iris_interfaces/msg/detail/headband_mode__rosidl_typesupport_fastrtps_cpp.hpp
[0.889s] -- Up-to-date: /home/maddy/iris_test_tool/install/iris_interfaces/include/iris_interfaces/iris_interfaces/msg/detail/wheel_encoders__rosidl_typesupport_fastrtps_cpp.hpp
[0.890s] -- Up-to-date: /home/maddy/iris_test_tool/install/iris_interfaces/include/iris_interfaces/iris_interfaces/msg/detail/motor_controller_status__rosidl_typesupport_fastrtps_cpp.hpp
[0.890s] -- Up-to-date: /home/maddy/iris_test_tool/install/iris_interfaces/include/iris_interfaces/iris_interfaces/msg/detail/actuator_status__rosidl_typesupport_fastrtps_cpp.hpp
[0.890s] -- Up-to-date: /home/maddy/iris_test_tool/install/iris_interfaces/include/iris_interfaces/iris_interfaces/msg/detail/brush_status__rosidl_typesupport_fastrtps_cpp.hpp
[0.890s] -- Up-to-date: /home/maddy/iris_test_tool/install/iris_interfaces/include/iris_interfaces/iris_interfaces/msg/detail/wheel_command_speed__rosidl_typesupport_fastrtps_cpp.hpp
[0.890s] -- Up-to-date: /home/maddy/iris_test_tool/install/iris_interfaces/include/iris_interfaces/iris_interfaces/msg/detail/a2_command__rosidl_typesupport_fastrtps_cpp.hpp
[0.891s] -- Up-to-date: /home/maddy/iris_test_tool/install/iris_interfaces/include/iris_interfaces/iris_interfaces/msg/detail/led_control__rosidl_typesupport_fastrtps_cpp.hpp
[0.891s] -- Up-to-date: /home/maddy/iris_test_tool/install/iris_interfaces/include/iris_interfaces/iris_interfaces/msg/detail/a5_status__rosidl_typesupport_fastrtps_cpp.hpp
[0.891s] -- Up-to-date: /home/maddy/iris_test_tool/install/iris_interfaces/include/iris_interfaces/iris_interfaces/msg/detail/water_tank_levels__rosidl_typesupport_fastrtps_cpp.hpp
[0.891s] -- Up-to-date: /home/maddy/iris_test_tool/install/iris_interfaces/include/iris_interfaces/iris_interfaces/msg/detail/a2_functional_status__rosidl_typesupport_fastrtps_cpp.hpp
[0.891s] -- Up-to-date: /home/maddy/iris_test_tool/install/iris_interfaces/lib/libiris_interfaces__rosidl_typesupport_fastrtps_cpp.so
[0.891s] -- Up-to-date: /home/maddy/iris_test_tool/install/iris_interfaces/include/iris_interfaces/iris_interfaces
[0.892s] -- Up-to-date: /home/maddy/iris_test_tool/install/iris_interfaces/include/iris_interfaces/iris_interfaces/srv
[0.892s] -- Up-to-date: /home/maddy/iris_test_tool/install/iris_interfaces/include/iris_interfaces/iris_interfaces/srv/detail
[0.892s] -- Up-to-date: /home/maddy/iris_test_tool/install/iris_interfaces/include/iris_interfaces/iris_interfaces/srv/detail/restart_motor_controller__type_support.cpp
[0.892s] -- Up-to-date: /home/maddy/iris_test_tool/install/iris_interfaces/include/iris_interfaces/iris_interfaces/srv/detail/update_motor_controller_reference_source__rosidl_typesupport_introspection_cpp.hpp
[0.892s] -- Up-to-date: /home/maddy/iris_test_tool/install/iris_interfaces/include/iris_interfaces/iris_interfaces/srv/detail/reset_wheel_encoders__type_support.cpp
[0.893s] -- Up-to-date: /home/maddy/iris_test_tool/install/iris_interfaces/include/iris_interfaces/iris_interfaces/srv/detail/update_motor_controller_reference_source__type_support.cpp
[0.893s] -- Up-to-date: /home/maddy/iris_test_tool/install/iris_interfaces/include/iris_interfaces/iris_interfaces/srv/detail/process_manager__rosidl_typesupport_introspection_cpp.hpp
[0.893s] -- Up-to-date: /home/maddy/iris_test_tool/install/iris_interfaces/include/iris_interfaces/iris_interfaces/srv/detail/update_motor_controller_parameters__type_support.cpp
[0.893s] -- Up-to-date: /home/maddy/iris_test_tool/install/iris_interfaces/include/iris_interfaces/iris_interfaces/srv/detail/reset_a2_faults__type_support.cpp
[0.893s] -- Up-to-date: /home/maddy/iris_test_tool/install/iris_interfaces/include/iris_interfaces/iris_interfaces/srv/detail/update_motor_controller_parameters__rosidl_typesupport_introspection_cpp.hpp
[0.893s] -- Up-to-date: /home/maddy/iris_test_tool/install/iris_interfaces/include/iris_interfaces/iris_interfaces/srv/detail/state_manager__rosidl_typesupport_introspection_cpp.hpp
[0.894s] -- Up-to-date: /home/maddy/iris_test_tool/install/iris_interfaces/include/iris_interfaces/iris_interfaces/srv/detail/wifi_discovery__type_support.cpp
[0.894s] -- Up-to-date: /home/maddy/iris_test_tool/install/iris_interfaces/include/iris_interfaces/iris_interfaces/srv/detail/process_manager__type_support.cpp
[0.894s] -- Up-to-date: /home/maddy/iris_test_tool/install/iris_interfaces/include/iris_interfaces/iris_interfaces/srv/detail/connect_wifi__type_support.cpp
[0.894s] -- Up-to-date: /home/maddy/iris_test_tool/install/iris_interfaces/include/iris_interfaces/iris_interfaces/srv/detail/state_manager__type_support.cpp
[0.894s] -- Up-to-date: /home/maddy/iris_test_tool/install/iris_interfaces/include/iris_interfaces/iris_interfaces/srv/detail/disconnect_wifi__rosidl_typesupport_introspection_cpp.hpp
[0.894s] -- Up-to-date: /home/maddy/iris_test_tool/install/iris_interfaces/include/iris_interfaces/iris_interfaces/srv/detail/wifi_discovery__rosidl_typesupport_introspection_cpp.hpp
[0.895s] -- Up-to-date: /home/maddy/iris_test_tool/install/iris_interfaces/include/iris_interfaces/iris_interfaces/srv/detail/connect_wifi__rosidl_typesupport_introspection_cpp.hpp
[0.895s] -- Up-to-date: /home/maddy/iris_test_tool/install/iris_interfaces/include/iris_interfaces/iris_interfaces/srv/detail/get_wifi_status__type_support.cpp
[0.895s] -- Up-to-date: /home/maddy/iris_test_tool/install/iris_interfaces/include/iris_interfaces/iris_interfaces/srv/detail/reset_wheel_encoders__rosidl_typesupport_introspection_cpp.hpp
[0.895s] -- Up-to-date: /home/maddy/iris_test_tool/install/iris_interfaces/include/iris_interfaces/iris_interfaces/srv/detail/get_wifi_status__rosidl_typesupport_introspection_cpp.hpp
[0.895s] -- Up-to-date: /home/maddy/iris_test_tool/install/iris_interfaces/include/iris_interfaces/iris_interfaces/srv/detail/a2_command__rosidl_typesupport_introspection_cpp.hpp
[0.895s] -- Up-to-date: /home/maddy/iris_test_tool/install/iris_interfaces/include/iris_interfaces/iris_interfaces/srv/detail/disconnect_wifi__type_support.cpp
[0.896s] -- Up-to-date: /home/maddy/iris_test_tool/install/iris_interfaces/include/iris_interfaces/iris_interfaces/srv/detail/reset_a2_faults__rosidl_typesupport_introspection_cpp.hpp
[0.896s] -- Up-to-date: /home/maddy/iris_test_tool/install/iris_interfaces/include/iris_interfaces/iris_interfaces/srv/detail/restart_motor_controller__rosidl_typesupport_introspection_cpp.hpp
[0.896s] -- Up-to-date: /home/maddy/iris_test_tool/install/iris_interfaces/include/iris_interfaces/iris_interfaces/srv/detail/a2_command__type_support.cpp
[0.896s] -- Up-to-date: /home/maddy/iris_test_tool/install/iris_interfaces/include/iris_interfaces/iris_interfaces/action
[0.896s] -- Up-to-date: /home/maddy/iris_test_tool/install/iris_interfaces/include/iris_interfaces/iris_interfaces/action/detail
[0.896s] -- Up-to-date: /home/maddy/iris_test_tool/install/iris_interfaces/include/iris_interfaces/iris_interfaces/action/detail/path_coverage_controller__type_support.cpp
[0.896s] -- Up-to-date: /home/maddy/iris_test_tool/install/iris_interfaces/include/iris_interfaces/iris_interfaces/action/detail/compute_path_coverage__type_support.cpp
[0.897s] -- Up-to-date: /home/maddy/iris_test_tool/install/iris_interfaces/include/iris_interfaces/iris_interfaces/action/detail/compute_path_coverage__rosidl_typesupport_introspection_cpp.hpp
[0.897s] -- Up-to-date: /home/maddy/iris_test_tool/install/iris_interfaces/include/iris_interfaces/iris_interfaces/action/detail/path_coverage_controller__rosidl_typesupport_introspection_cpp.hpp
[0.897s] -- Up-to-date: /home/maddy/iris_test_tool/install/iris_interfaces/include/iris_interfaces/iris_interfaces/action/detail/navigate_path_coverage__type_support.cpp
[0.897s] -- Up-to-date: /home/maddy/iris_test_tool/install/iris_interfaces/include/iris_interfaces/iris_interfaces/action/detail/navigate_path_coverage__rosidl_typesupport_introspection_cpp.hpp
[0.897s] -- Up-to-date: /home/maddy/iris_test_tool/install/iris_interfaces/include/iris_interfaces/iris_interfaces/msg
[0.897s] -- Up-to-date: /home/maddy/iris_test_tool/install/iris_interfaces/include/iris_interfaces/iris_interfaces/msg/detail
[0.898s] -- Up-to-date: /home/maddy/iris_test_tool/install/iris_interfaces/include/iris_interfaces/iris_interfaces/msg/detail/ultrasonic_ranges__rosidl_typesupport_introspection_cpp.hpp
[0.898s] -- Up-to-date: /home/maddy/iris_test_tool/install/iris_interfaces/include/iris_interfaces/iris_interfaces/msg/detail/motor_controller_status__rosidl_typesupport_introspection_cpp.hpp
[0.898s] -- Up-to-date: /home/maddy/iris_test_tool/install/iris_interfaces/include/iris_interfaces/iris_interfaces/msg/detail/actuator_status__type_support.cpp
[0.898s] -- Up-to-date: /home/maddy/iris_test_tool/install/iris_interfaces/include/iris_interfaces/iris_interfaces/msg/detail/navigation_mode__type_support.cpp
[0.898s] -- Up-to-date: /home/maddy/iris_test_tool/install/iris_interfaces/include/iris_interfaces/iris_interfaces/msg/detail/a2_fault_status__rosidl_typesupport_introspection_cpp.hpp
[0.898s] -- Up-to-date: /home/maddy/iris_test_tool/install/iris_interfaces/include/iris_interfaces/iris_interfaces/msg/detail/vacuum_faults__type_support.cpp
[0.899s] -- Up-to-date: /home/maddy/iris_test_tool/install/iris_interfaces/include/iris_interfaces/iris_interfaces/msg/detail/navigation_mode__rosidl_typesupport_introspection_cpp.hpp
[0.899s] -- Up-to-date: /home/maddy/iris_test_tool/install/iris_interfaces/include/iris_interfaces/iris_interfaces/msg/detail/headband_mode__type_support.cpp
[0.899s] -- Up-to-date: /home/maddy/iris_test_tool/install/iris_interfaces/include/iris_interfaces/iris_interfaces/msg/detail/wheel_command_speed__type_support.cpp
[0.899s] -- Up-to-date: /home/maddy/iris_test_tool/install/iris_interfaces/include/iris_interfaces/iris_interfaces/msg/detail/motor_status__rosidl_typesupport_introspection_cpp.hpp
[0.899s] -- Up-to-date: /home/maddy/iris_test_tool/install/iris_interfaces/include/iris_interfaces/iris_interfaces/msg/detail/sensor_status__type_support.cpp
[0.899s] -- Up-to-date: /home/maddy/iris_test_tool/install/iris_interfaces/include/iris_interfaces/iris_interfaces/msg/detail/motor_controller_status__type_support.cpp
[0.900s] -- Up-to-date: /home/maddy/iris_test_tool/install/iris_interfaces/include/iris_interfaces/iris_interfaces/msg/detail/vacuum_status__type_support.cpp
[0.900s] -- Up-to-date: /home/maddy/iris_test_tool/install/iris_interfaces/include/iris_interfaces/iris_interfaces/msg/detail/follow_path_result__type_support.cpp
[0.900s] -- Up-to-date: /home/maddy/iris_test_tool/install/iris_interfaces/include/iris_interfaces/iris_interfaces/msg/detail/headband_mode__rosidl_typesupport_introspection_cpp.hpp
[0.900s] -- Up-to-date: /home/maddy/iris_test_tool/install/iris_interfaces/include/iris_interfaces/iris_interfaces/msg/detail/wheel_encoders__rosidl_typesupport_introspection_cpp.hpp
[0.900s] -- Up-to-date: /home/maddy/iris_test_tool/install/iris_interfaces/include/iris_interfaces/iris_interfaces/msg/detail/water_tank_levels__rosidl_typesupport_introspection_cpp.hpp
[0.900s] -- Up-to-date: /home/maddy/iris_test_tool/install/iris_interfaces/include/iris_interfaces/iris_interfaces/msg/detail/motor_status__type_support.cpp
[0.901s] -- Up-to-date: /home/maddy/iris_test_tool/install/iris_interfaces/include/iris_interfaces/iris_interfaces/msg/detail/a5_status__rosidl_typesupport_introspection_cpp.hpp
[0.901s] -- Up-to-date: /home/maddy/iris_test_tool/install/iris_interfaces/include/iris_interfaces/iris_interfaces/msg/detail/wheel_command_speed__rosidl_typesupport_introspection_cpp.hpp
[0.901s] -- Up-to-date: /home/maddy/iris_test_tool/install/iris_interfaces/include/iris_interfaces/iris_interfaces/msg/detail/a2_fault_status__type_support.cpp
[0.901s] -- Up-to-date: /home/maddy/iris_test_tool/install/iris_interfaces/include/iris_interfaces/iris_interfaces/msg/detail/vacuum_status__rosidl_typesupport_introspection_cpp.hpp
[0.901s] -- Up-to-date: /home/maddy/iris_test_tool/install/iris_interfaces/include/iris_interfaces/iris_interfaces/msg/detail/ota_status__rosidl_typesupport_introspection_cpp.hpp
[0.901s] -- Up-to-date: /home/maddy/iris_test_tool/install/iris_interfaces/include/iris_interfaces/iris_interfaces/msg/detail/brush_faults__type_support.cpp
[0.902s] -- Up-to-date: /home/maddy/iris_test_tool/install/iris_interfaces/include/iris_interfaces/iris_interfaces/msg/detail/mender_client_status__type_support.cpp
[0.902s] -- Up-to-date: /home/maddy/iris_test_tool/install/iris_interfaces/include/iris_interfaces/iris_interfaces/msg/detail/ota_status__type_support.cpp
[0.902s] -- Up-to-date: /home/maddy/iris_test_tool/install/iris_interfaces/include/iris_interfaces/iris_interfaces/msg/detail/a5_status__type_support.cpp
[0.902s] -- Up-to-date: /home/maddy/iris_test_tool/install/iris_interfaces/include/iris_interfaces/iris_interfaces/msg/detail/a2_command__rosidl_typesupport_introspection_cpp.hpp
[0.902s] -- Up-to-date: /home/maddy/iris_test_tool/install/iris_interfaces/include/iris_interfaces/iris_interfaces/msg/detail/a2_functional_status__rosidl_typesupport_introspection_cpp.hpp
[0.903s] -- Up-to-date: /home/maddy/iris_test_tool/install/iris_interfaces/include/iris_interfaces/iris_interfaces/msg/detail/ultrasonic_ranges__type_support.cpp
[0.903s] -- Up-to-date: /home/maddy/iris_test_tool/install/iris_interfaces/include/iris_interfaces/iris_interfaces/msg/detail/wheel_encoders__type_support.cpp
[0.903s] -- Up-to-date: /home/maddy/iris_test_tool/install/iris_interfaces/include/iris_interfaces/iris_interfaces/msg/detail/sensor_status__rosidl_typesupport_introspection_cpp.hpp
[0.903s] -- Up-to-date: /home/maddy/iris_test_tool/install/iris_interfaces/include/iris_interfaces/iris_interfaces/msg/detail/vacuum_faults__rosidl_typesupport_introspection_cpp.hpp
[0.903s] -- Up-to-date: /home/maddy/iris_test_tool/install/iris_interfaces/include/iris_interfaces/iris_interfaces/msg/detail/led_control__type_support.cpp
[0.904s] -- Up-to-date: /home/maddy/iris_test_tool/install/iris_interfaces/include/iris_interfaces/iris_interfaces/msg/detail/a2_functional_status__type_support.cpp
[0.904s] -- Up-to-date: /home/maddy/iris_test_tool/install/iris_interfaces/include/iris_interfaces/iris_interfaces/msg/detail/brush_status__rosidl_typesupport_introspection_cpp.hpp
[0.904s] -- Up-to-date: /home/maddy/iris_test_tool/install/iris_interfaces/include/iris_interfaces/iris_interfaces/msg/detail/actuator_status__rosidl_typesupport_introspection_cpp.hpp
[0.904s] -- Up-to-date: /home/maddy/iris_test_tool/install/iris_interfaces/include/iris_interfaces/iris_interfaces/msg/detail/a2_command__type_support.cpp
[0.905s] -- Up-to-date: /home/maddy/iris_test_tool/install/iris_interfaces/include/iris_interfaces/iris_interfaces/msg/detail/brush_faults__rosidl_typesupport_introspection_cpp.hpp
[0.905s] -- Up-to-date: /home/maddy/iris_test_tool/install/iris_interfaces/include/iris_interfaces/iris_interfaces/msg/detail/follow_path_result__rosidl_typesupport_introspection_cpp.hpp
[0.905s] -- Up-to-date: /home/maddy/iris_test_tool/install/iris_interfaces/include/iris_interfaces/iris_interfaces/msg/detail/brush_status__type_support.cpp
[0.905s] -- Up-to-date: /home/maddy/iris_test_tool/install/iris_interfaces/include/iris_interfaces/iris_interfaces/msg/detail/system_software_status__type_support.cpp
[0.906s] -- Up-to-date: /home/maddy/iris_test_tool/install/iris_interfaces/include/iris_interfaces/iris_interfaces/msg/detail/system_software_status__rosidl_typesupport_introspection_cpp.hpp
[0.906s] -- Up-to-date: /home/maddy/iris_test_tool/install/iris_interfaces/include/iris_interfaces/iris_interfaces/msg/detail/mender_client_status__rosidl_typesupport_introspection_cpp.hpp
[0.906s] -- Up-to-date: /home/maddy/iris_test_tool/install/iris_interfaces/include/iris_interfaces/iris_interfaces/msg/detail/led_control__rosidl_typesupport_introspection_cpp.hpp
[0.906s] -- Up-to-date: /home/maddy/iris_test_tool/install/iris_interfaces/include/iris_interfaces/iris_interfaces/msg/detail/water_tank_levels__type_support.cpp
[0.906s] -- Up-to-date: /home/maddy/iris_test_tool/install/iris_interfaces/lib/libiris_interfaces__rosidl_typesupport_introspection_cpp.so
[0.906s] -- Up-to-date: /home/maddy/iris_test_tool/install/iris_interfaces/lib/libiris_interfaces__rosidl_typesupport_cpp.so
[0.906s] -- Up-to-date: /home/maddy/iris_test_tool/install/iris_interfaces/share/iris_interfaces/environment/pythonpath.sh
[0.907s] -- Up-to-date: /home/maddy/iris_test_tool/install/iris_interfaces/share/iris_interfaces/environment/pythonpath.dsv
[0.907s] -- Up-to-date: /home/maddy/iris_test_tool/install/iris_interfaces/local/lib/python3.10/dist-packages/iris_interfaces-0.5.13-py3.10.egg-info
[0.907s] -- Installing: /home/maddy/iris_test_tool/install/iris_interfaces/local/lib/python3.10/dist-packages/iris_interfaces-0.5.13-py3.10.egg-info/top_level.txt
[0.907s] -- Installing: /home/maddy/iris_test_tool/install/iris_interfaces/local/lib/python3.10/dist-packages/iris_interfaces-0.5.13-py3.10.egg-info/dependency_links.txt
[0.907s] -- Installing: /home/maddy/iris_test_tool/install/iris_interfaces/local/lib/python3.10/dist-packages/iris_interfaces-0.5.13-py3.10.egg-info/PKG-INFO
[0.907s] -- Installing: /home/maddy/iris_test_tool/install/iris_interfaces/local/lib/python3.10/dist-packages/iris_interfaces-0.5.13-py3.10.egg-info/SOURCES.txt
[0.908s] -- Up-to-date: /home/maddy/iris_test_tool/install/iris_interfaces/local/lib/python3.10/dist-packages/iris_interfaces
[0.908s] -- Up-to-date: /home/maddy/iris_test_tool/install/iris_interfaces/local/lib/python3.10/dist-packages/iris_interfaces/_iris_interfaces_s.ep.rosidl_typesupport_fastrtps_c.c
[0.908s] -- Up-to-date: /home/maddy/iris_test_tool/install/iris_interfaces/local/lib/python3.10/dist-packages/iris_interfaces/srv
[0.908s] -- Up-to-date: /home/maddy/iris_test_tool/install/iris_interfaces/local/lib/python3.10/dist-packages/iris_interfaces/srv/_get_wifi_status_s.c
[0.908s] -- Up-to-date: /home/maddy/iris_test_tool/install/iris_interfaces/local/lib/python3.10/dist-packages/iris_interfaces/srv/_update_motor_controller_parameters.py
[0.908s] -- Up-to-date: /home/maddy/iris_test_tool/install/iris_interfaces/local/lib/python3.10/dist-packages/iris_interfaces/srv/_connect_wifi_s.c
[0.909s] -- Up-to-date: /home/maddy/iris_test_tool/install/iris_interfaces/local/lib/python3.10/dist-packages/iris_interfaces/srv/_connect_wifi.py
[0.909s] -- Up-to-date: /home/maddy/iris_test_tool/install/iris_interfaces/local/lib/python3.10/dist-packages/iris_interfaces/srv/_update_motor_controller_reference_source_s.c
[0.909s] -- Up-to-date: /home/maddy/iris_test_tool/install/iris_interfaces/local/lib/python3.10/dist-packages/iris_interfaces/srv/_process_manager.py
[0.909s] -- Up-to-date: /home/maddy/iris_test_tool/install/iris_interfaces/local/lib/python3.10/dist-packages/iris_interfaces/srv/_restart_motor_controller.py
[0.909s] -- Up-to-date: /home/maddy/iris_test_tool/install/iris_interfaces/local/lib/python3.10/dist-packages/iris_interfaces/srv/_wifi_discovery.py
[0.909s] -- Up-to-date: /home/maddy/iris_test_tool/install/iris_interfaces/local/lib/python3.10/dist-packages/iris_interfaces/srv/_get_wifi_status.py
[0.910s] -- Up-to-date: /home/maddy/iris_test_tool/install/iris_interfaces/local/lib/python3.10/dist-packages/iris_interfaces/srv/_reset_a2_faults_s.c
[0.910s] -- Up-to-date: /home/maddy/iris_test_tool/install/iris_interfaces/local/lib/python3.10/dist-packages/iris_interfaces/srv/_wifi_discovery_s.c
[0.910s] -- Up-to-date: /home/maddy/iris_test_tool/install/iris_interfaces/local/lib/python3.10/dist-packages/iris_interfaces/srv/_disconnect_wifi.py
[0.910s] -- Up-to-date: /home/maddy/iris_test_tool/install/iris_interfaces/local/lib/python3.10/dist-packages/iris_interfaces/srv/_state_manager_s.c
[0.910s] -- Up-to-date: /home/maddy/iris_test_tool/install/iris_interfaces/local/lib/python3.10/dist-packages/iris_interfaces/srv/_update_motor_controller_parameters_s.c
[0.910s] -- Up-to-date: /home/maddy/iris_test_tool/install/iris_interfaces/local/lib/python3.10/dist-packages/iris_interfaces/srv/_process_manager_s.c
[0.911s] -- Up-to-date: /home/maddy/iris_test_tool/install/iris_interfaces/local/lib/python3.10/dist-packages/iris_interfaces/srv/_reset_a2_faults.py
[0.911s] -- Up-to-date: /home/maddy/iris_test_tool/install/iris_interfaces/local/lib/python3.10/dist-packages/iris_interfaces/srv/_a2_command_s.c
[0.911s] -- Up-to-date: /home/maddy/iris_test_tool/install/iris_interfaces/local/lib/python3.10/dist-packages/iris_interfaces/srv/_disconnect_wifi_s.c
[0.911s] -- Up-to-date: /home/maddy/iris_test_tool/install/iris_interfaces/local/lib/python3.10/dist-packages/iris_interfaces/srv/__init__.py
[0.911s] -- Up-to-date: /home/maddy/iris_test_tool/install/iris_interfaces/local/lib/python3.10/dist-packages/iris_interfaces/srv/_reset_wheel_encoders.py
[0.911s] -- Up-to-date: /home/maddy/iris_test_tool/install/iris_interfaces/local/lib/python3.10/dist-packages/iris_interfaces/srv/_a2_command.py
[0.911s] -- Up-to-date: /home/maddy/iris_test_tool/install/iris_interfaces/local/lib/python3.10/dist-packages/iris_interfaces/srv/_update_motor_controller_reference_source.py
[0.912s] -- Up-to-date: /home/maddy/iris_test_tool/install/iris_interfaces/local/lib/python3.10/dist-packages/iris_interfaces/srv/_state_manager.py
[0.912s] -- Up-to-date: /home/maddy/iris_test_tool/install/iris_interfaces/local/lib/python3.10/dist-packages/iris_interfaces/srv/_restart_motor_controller_s.c
[0.912s] -- Up-to-date: /home/maddy/iris_test_tool/install/iris_interfaces/local/lib/python3.10/dist-packages/iris_interfaces/srv/_reset_wheel_encoders_s.c
[0.912s] -- Up-to-date: /home/maddy/iris_test_tool/install/iris_interfaces/local/lib/python3.10/dist-packages/iris_interfaces/action
[0.912s] -- Up-to-date: /home/maddy/iris_test_tool/install/iris_interfaces/local/lib/python3.10/dist-packages/iris_interfaces/action/_compute_path_coverage_s.c
[0.913s] -- Up-to-date: /home/maddy/iris_test_tool/install/iris_interfaces/local/lib/python3.10/dist-packages/iris_interfaces/action/_navigate_path_coverage_s.c
[0.913s] -- Up-to-date: /home/maddy/iris_test_tool/install/iris_interfaces/local/lib/python3.10/dist-packages/iris_interfaces/action/_navigate_path_coverage.py
[0.913s] -- Up-to-date: /home/maddy/iris_test_tool/install/iris_interfaces/local/lib/python3.10/dist-packages/iris_interfaces/action/__init__.py
[0.913s] -- Up-to-date: /home/maddy/iris_test_tool/install/iris_interfaces/local/lib/python3.10/dist-packages/iris_interfaces/action/_compute_path_coverage.py
[0.913s] -- Up-to-date: /home/maddy/iris_test_tool/install/iris_interfaces/local/lib/python3.10/dist-packages/iris_interfaces/action/_path_coverage_controller_s.c
[0.913s] -- Up-to-date: /home/maddy/iris_test_tool/install/iris_interfaces/local/lib/python3.10/dist-packages/iris_interfaces/action/_path_coverage_controller.py
[0.914s] -- Up-to-date: /home/maddy/iris_test_tool/install/iris_interfaces/local/lib/python3.10/dist-packages/iris_interfaces/__init__.py
[0.914s] -- Up-to-date: /home/maddy/iris_test_tool/install/iris_interfaces/local/lib/python3.10/dist-packages/iris_interfaces/iris_interfaces_s__rosidl_typesupport_c.cpython-310-x86_64-linux-gnu.so
[0.914s] -- Up-to-date: /home/maddy/iris_test_tool/install/iris_interfaces/local/lib/python3.10/dist-packages/iris_interfaces/iris_interfaces_s__rosidl_typesupport_introspection_c.cpython-310-x86_64-linux-gnu.so
[0.914s] -- Up-to-date: /home/maddy/iris_test_tool/install/iris_interfaces/local/lib/python3.10/dist-packages/iris_interfaces/libiris_interfaces__rosidl_generator_py.so
[0.914s] -- Up-to-date: /home/maddy/iris_test_tool/install/iris_interfaces/local/lib/python3.10/dist-packages/iris_interfaces/msg
[0.914s] -- Up-to-date: /home/maddy/iris_test_tool/install/iris_interfaces/local/lib/python3.10/dist-packages/iris_interfaces/msg/_water_tank_levels_s.c
[0.915s] -- Up-to-date: /home/maddy/iris_test_tool/install/iris_interfaces/local/lib/python3.10/dist-packages/iris_interfaces/msg/_vacuum_status.py
[0.915s] -- Up-to-date: /home/maddy/iris_test_tool/install/iris_interfaces/local/lib/python3.10/dist-packages/iris_interfaces/msg/_a2_fault_status_s.c
[0.915s] -- Up-to-date: /home/maddy/iris_test_tool/install/iris_interfaces/local/lib/python3.10/dist-packages/iris_interfaces/msg/_wheel_command_speed.py
[0.915s] -- Up-to-date: /home/maddy/iris_test_tool/install/iris_interfaces/local/lib/python3.10/dist-packages/iris_interfaces/msg/_headband_mode.py
[0.915s] -- Up-to-date: /home/maddy/iris_test_tool/install/iris_interfaces/local/lib/python3.10/dist-packages/iris_interfaces/msg/_motor_status.py
[0.915s] -- Up-to-date: /home/maddy/iris_test_tool/install/iris_interfaces/local/lib/python3.10/dist-packages/iris_interfaces/msg/_a2_functional_status_s.c
[0.915s] -- Up-to-date: /home/maddy/iris_test_tool/install/iris_interfaces/local/lib/python3.10/dist-packages/iris_interfaces/msg/_system_software_status_s.c
[0.916s] -- Up-to-date: /home/maddy/iris_test_tool/install/iris_interfaces/local/lib/python3.10/dist-packages/iris_interfaces/msg/_mender_client_status_s.c
[0.916s] -- Up-to-date: /home/maddy/iris_test_tool/install/iris_interfaces/local/lib/python3.10/dist-packages/iris_interfaces/msg/_sensor_status.py
[0.916s] -- Up-to-date: /home/maddy/iris_test_tool/install/iris_interfaces/local/lib/python3.10/dist-packages/iris_interfaces/msg/_motor_controller_status.py
[0.916s] -- Up-to-date: /home/maddy/iris_test_tool/install/iris_interfaces/local/lib/python3.10/dist-packages/iris_interfaces/msg/_headband_mode_s.c
[0.916s] -- Up-to-date: /home/maddy/iris_test_tool/install/iris_interfaces/local/lib/python3.10/dist-packages/iris_interfaces/msg/_wheel_encoders.py
[0.916s] -- Up-to-date: /home/maddy/iris_test_tool/install/iris_interfaces/local/lib/python3.10/dist-packages/iris_interfaces/msg/_a5_status.py
[0.917s] -- Up-to-date: /home/maddy/iris_test_tool/install/iris_interfaces/local/lib/python3.10/dist-packages/iris_interfaces/msg/_ultrasonic_ranges_s.c
[0.917s] -- Up-to-date: /home/maddy/iris_test_tool/install/iris_interfaces/local/lib/python3.10/dist-packages/iris_interfaces/msg/_led_control_s.c
[0.917s] -- Up-to-date: /home/maddy/iris_test_tool/install/iris_interfaces/local/lib/python3.10/dist-packages/iris_interfaces/msg/_motor_controller_status_s.c
[0.917s] -- Up-to-date: /home/maddy/iris_test_tool/install/iris_interfaces/local/lib/python3.10/dist-packages/iris_interfaces/msg/_brush_status_s.c
[0.917s] -- Up-to-date: /home/maddy/iris_test_tool/install/iris_interfaces/local/lib/python3.10/dist-packages/iris_interfaces/msg/_ultrasonic_ranges.py
[0.917s] -- Up-to-date: /home/maddy/iris_test_tool/install/iris_interfaces/local/lib/python3.10/dist-packages/iris_interfaces/msg/_a2_command_s.c
[0.918s] -- Up-to-date: /home/maddy/iris_test_tool/install/iris_interfaces/local/lib/python3.10/dist-packages/iris_interfaces/msg/_ota_status.py
[0.918s] -- Up-to-date: /home/maddy/iris_test_tool/install/iris_interfaces/local/lib/python3.10/dist-packages/iris_interfaces/msg/_vacuum_faults.py
[0.918s] -- Up-to-date: /home/maddy/iris_test_tool/install/iris_interfaces/local/lib/python3.10/dist-packages/iris_interfaces/msg/_a2_functional_status.py
[0.918s] -- Up-to-date: /home/maddy/iris_test_tool/install/iris_interfaces/local/lib/python3.10/dist-packages/iris_interfaces/msg/_actuator_status.py
[0.918s] -- Up-to-date: /home/maddy/iris_test_tool/install/iris_interfaces/local/lib/python3.10/dist-packages/iris_interfaces/msg/_follow_path_result.py
[0.918s] -- Up-to-date: /home/maddy/iris_test_tool/install/iris_interfaces/local/lib/python3.10/dist-packages/iris_interfaces/msg/_motor_status_s.c
[0.918s] -- Up-to-date: /home/maddy/iris_test_tool/install/iris_interfaces/local/lib/python3.10/dist-packages/iris_interfaces/msg/_vacuum_faults_s.c
[0.919s] -- Up-to-date: /home/maddy/iris_test_tool/install/iris_interfaces/local/lib/python3.10/dist-packages/iris_interfaces/msg/_wheel_command_speed_s.c
[0.919s] -- Up-to-date: /home/maddy/iris_test_tool/install/iris_interfaces/local/lib/python3.10/dist-packages/iris_interfaces/msg/_brush_faults_s.c
[0.919s] -- Up-to-date: /home/maddy/iris_test_tool/install/iris_interfaces/local/lib/python3.10/dist-packages/iris_interfaces/msg/__init__.py
[0.919s] -- Up-to-date: /home/maddy/iris_test_tool/install/iris_interfaces/local/lib/python3.10/dist-packages/iris_interfaces/msg/_wheel_encoders_s.c
[0.919s] -- Up-to-date: /home/maddy/iris_test_tool/install/iris_interfaces/local/lib/python3.10/dist-packages/iris_interfaces/msg/_follow_path_result_s.c
[0.920s] -- Up-to-date: /home/maddy/iris_test_tool/install/iris_interfaces/local/lib/python3.10/dist-packages/iris_interfaces/msg/_sensor_status_s.c
[0.920s] -- Up-to-date: /home/maddy/iris_test_tool/install/iris_interfaces/local/lib/python3.10/dist-packages/iris_interfaces/msg/_a2_command.py
[0.920s] -- Up-to-date: /home/maddy/iris_test_tool/install/iris_interfaces/local/lib/python3.10/dist-packages/iris_interfaces/msg/_navigation_mode_s.c
[0.920s] -- Up-to-date: /home/maddy/iris_test_tool/install/iris_interfaces/local/lib/python3.10/dist-packages/iris_interfaces/msg/_water_tank_levels.py
[0.920s] -- Up-to-date: /home/maddy/iris_test_tool/install/iris_interfaces/local/lib/python3.10/dist-packages/iris_interfaces/msg/_ota_status_s.c
[0.920s] -- Up-to-date: /home/maddy/iris_test_tool/install/iris_interfaces/local/lib/python3.10/dist-packages/iris_interfaces/msg/_vacuum_status_s.c
[0.920s] -- Up-to-date: /home/maddy/iris_test_tool/install/iris_interfaces/local/lib/python3.10/dist-packages/iris_interfaces/msg/_led_control.py
[0.920s] -- Up-to-date: /home/maddy/iris_test_tool/install/iris_interfaces/local/lib/python3.10/dist-packages/iris_interfaces/msg/_navigation_mode.py
[0.920s] -- Up-to-date: /home/maddy/iris_test_tool/install/iris_interfaces/local/lib/python3.10/dist-packages/iris_interfaces/msg/_mender_client_status.py
[0.920s] -- Up-to-date: /home/maddy/iris_test_tool/install/iris_interfaces/local/lib/python3.10/dist-packages/iris_interfaces/msg/_a2_fault_status.py
[0.921s] -- Up-to-date: /home/maddy/iris_test_tool/install/iris_interfaces/local/lib/python3.10/dist-packages/iris_interfaces/msg/_actuator_status_s.c
[0.921s] -- Up-to-date: /home/maddy/iris_test_tool/install/iris_interfaces/local/lib/python3.10/dist-packages/iris_interfaces/msg/_a5_status_s.c
[0.921s] -- Up-to-date: /home/maddy/iris_test_tool/install/iris_interfaces/local/lib/python3.10/dist-packages/iris_interfaces/msg/_brush_faults.py
[0.921s] -- Up-to-date: /home/maddy/iris_test_tool/install/iris_interfaces/local/lib/python3.10/dist-packages/iris_interfaces/msg/_brush_status.py
[0.922s] -- Up-to-date: /home/maddy/iris_test_tool/install/iris_interfaces/local/lib/python3.10/dist-packages/iris_interfaces/msg/_system_software_status.py
[0.922s] -- Up-to-date: /home/maddy/iris_test_tool/install/iris_interfaces/local/lib/python3.10/dist-packages/iris_interfaces/_iris_interfaces_s.ep.rosidl_typesupport_c.c
[0.922s] -- Up-to-date: /home/maddy/iris_test_tool/install/iris_interfaces/local/lib/python3.10/dist-packages/iris_interfaces/_iris_interfaces_s.ep.rosidl_typesupport_introspection_c.c
[0.922s] -- Up-to-date: /home/maddy/iris_test_tool/install/iris_interfaces/local/lib/python3.10/dist-packages/iris_interfaces/iris_interfaces_s__rosidl_typesupport_fastrtps_c.cpython-310-x86_64-linux-gnu.so
[0.923s] Listing '/home/maddy/iris_test_tool/install/iris_interfaces/local/lib/python3.10/dist-packages/iris_interfaces'...
[0.923s] Listing '/home/maddy/iris_test_tool/install/iris_interfaces/local/lib/python3.10/dist-packages/iris_interfaces/action'...
[0.923s] Listing '/home/maddy/iris_test_tool/install/iris_interfaces/local/lib/python3.10/dist-packages/iris_interfaces/msg'...
[0.924s] Listing '/home/maddy/iris_test_tool/install/iris_interfaces/local/lib/python3.10/dist-packages/iris_interfaces/srv'...
[0.924s] -- Up-to-date: /home/maddy/iris_test_tool/install/iris_interfaces/local/lib/python3.10/dist-packages/iris_interfaces/iris_interfaces_s__rosidl_typesupport_fastrtps_c.cpython-310-x86_64-linux-gnu.so
[0.925s] -- Up-to-date: /home/maddy/iris_test_tool/install/iris_interfaces/local/lib/python3.10/dist-packages/iris_interfaces/iris_interfaces_s__rosidl_typesupport_introspection_c.cpython-310-x86_64-linux-gnu.so
[0.925s] -- Up-to-date: /home/maddy/iris_test_tool/install/iris_interfaces/local/lib/python3.10/dist-packages/iris_interfaces/iris_interfaces_s__rosidl_typesupport_c.cpython-310-x86_64-linux-gnu.so
[0.925s] -- Up-to-date: /home/maddy/iris_test_tool/install/iris_interfaces/lib/libiris_interfaces__rosidl_generator_py.so
[0.925s] -- Up-to-date: /home/maddy/iris_test_tool/install/iris_interfaces/share/iris_interfaces/msg/WheelCommandSpeed.idl
[0.926s] -- Up-to-date: /home/maddy/iris_test_tool/install/iris_interfaces/share/iris_interfaces/msg/WheelEncoders.idl
[0.926s] -- Up-to-date: /home/maddy/iris_test_tool/install/iris_interfaces/share/iris_interfaces/msg/SensorStatus.idl
[0.926s] -- Up-to-date: /home/maddy/iris_test_tool/install/iris_interfaces/share/iris_interfaces/msg/MotorStatus.idl
[0.926s] -- Up-to-date: /home/maddy/iris_test_tool/install/iris_interfaces/share/iris_interfaces/msg/MotorControllerStatus.idl
[0.926s] -- Up-to-date: /home/maddy/iris_test_tool/install/iris_interfaces/share/iris_interfaces/msg/UltrasonicRanges.idl
[0.926s] -- Up-to-date: /home/maddy/iris_test_tool/install/iris_interfaces/share/iris_interfaces/msg/WaterTankLevels.idl
[0.927s] -- Up-to-date: /home/maddy/iris_test_tool/install/iris_interfaces/share/iris_interfaces/msg/HeadbandMode.idl
[0.927s] -- Up-to-date: /home/maddy/iris_test_tool/install/iris_interfaces/share/iris_interfaces/msg/NavigationMode.idl
[0.927s] -- Up-to-date: /home/maddy/iris_test_tool/install/iris_interfaces/share/iris_interfaces/msg/FollowPathResult.idl
[0.928s] -- Up-to-date: /home/maddy/iris_test_tool/install/iris_interfaces/share/iris_interfaces/msg/OTAStatus.idl
[0.928s] -- Up-to-date: /home/maddy/iris_test_tool/install/iris_interfaces/share/iris_interfaces/msg/SystemSoftwareStatus.idl
[0.928s] -- Up-to-date: /home/maddy/iris_test_tool/install/iris_interfaces/share/iris_interfaces/msg/MenderClientStatus.idl
[0.929s] -- Up-to-date: /home/maddy/iris_test_tool/install/iris_interfaces/share/iris_interfaces/msg/A5Status.idl
[0.929s] -- Up-to-date: /home/maddy/iris_test_tool/install/iris_interfaces/share/iris_interfaces/msg/LedControl.idl
[0.929s] -- Up-to-date: /home/maddy/iris_test_tool/install/iris_interfaces/share/iris_interfaces/msg/A2FunctionalStatus.idl
[0.930s] -- Up-to-date: /home/maddy/iris_test_tool/install/iris_interfaces/share/iris_interfaces/msg/A2Command.idl
[0.930s] -- Up-to-date: /home/maddy/iris_test_tool/install/iris_interfaces/share/iris_interfaces/msg/VacuumStatus.idl
[0.930s] -- Up-to-date: /home/maddy/iris_test_tool/install/iris_interfaces/share/iris_interfaces/msg/VacuumFaults.idl
[0.931s] -- Up-to-date: /home/maddy/iris_test_tool/install/iris_interfaces/share/iris_interfaces/msg/BrushStatus.idl
[0.931s] -- Up-to-date: /home/maddy/iris_test_tool/install/iris_interfaces/share/iris_interfaces/msg/BrushFaults.idl
[0.932s] -- Up-to-date: /home/maddy/iris_test_tool/install/iris_interfaces/share/iris_interfaces/msg/A2FaultStatus.idl
[0.932s] -- Up-to-date: /home/maddy/iris_test_tool/install/iris_interfaces/share/iris_interfaces/msg/ActuatorStatus.idl
[0.932s] -- Up-to-date: /home/maddy/iris_test_tool/install/iris_interfaces/share/iris_interfaces/srv/UpdateMotorControllerParameters.idl
[0.933s] -- Up-to-date: /home/maddy/iris_test_tool/install/iris_interfaces/share/iris_interfaces/srv/RestartMotorController.idl
[0.933s] -- Up-to-date: /home/maddy/iris_test_tool/install/iris_interfaces/share/iris_interfaces/srv/GetWifiStatus.idl
[0.933s] -- Up-to-date: /home/maddy/iris_test_tool/install/iris_interfaces/share/iris_interfaces/srv/WifiDiscovery.idl
[0.934s] -- Up-to-date: /home/maddy/iris_test_tool/install/iris_interfaces/share/iris_interfaces/srv/ConnectWifi.idl
[0.934s] -- Up-to-date: /home/maddy/iris_test_tool/install/iris_interfaces/share/iris_interfaces/srv/DisconnectWifi.idl
[0.934s] -- Up-to-date: /home/maddy/iris_test_tool/install/iris_interfaces/share/iris_interfaces/srv/ProcessManager.idl
[0.935s] -- Up-to-date: /home/maddy/iris_test_tool/install/iris_interfaces/share/iris_interfaces/srv/StateManager.idl
[0.935s] -- Up-to-date: /home/maddy/iris_test_tool/install/iris_interfaces/share/iris_interfaces/srv/ResetWheelEncoders.idl
[0.935s] -- Up-to-date: /home/maddy/iris_test_tool/install/iris_interfaces/share/iris_interfaces/srv/UpdateMotorControllerReferenceSource.idl
[0.936s] -- Up-to-date: /home/maddy/iris_test_tool/install/iris_interfaces/share/iris_interfaces/srv/A2Command.idl
[0.936s] -- Up-to-date: /home/maddy/iris_test_tool/install/iris_interfaces/share/iris_interfaces/srv/ResetA2Faults.idl
[0.936s] -- Up-to-date: /home/maddy/iris_test_tool/install/iris_interfaces/share/iris_interfaces/action/ComputePathCoverage.idl
[0.937s] -- Up-to-date: /home/maddy/iris_test_tool/install/iris_interfaces/share/iris_interfaces/action/NavigatePathCoverage.idl
[0.937s] -- Up-to-date: /home/maddy/iris_test_tool/install/iris_interfaces/share/iris_interfaces/action/PathCoverageController.idl
[0.937s] -- Up-to-date: /home/maddy/iris_test_tool/install/iris_interfaces/share/iris_interfaces/msg/WheelCommandSpeed.msg
[0.938s] -- Up-to-date: /home/maddy/iris_test_tool/install/iris_interfaces/share/iris_interfaces/msg/WheelEncoders.msg
[0.938s] -- Up-to-date: /home/maddy/iris_test_tool/install/iris_interfaces/share/iris_interfaces/msg/SensorStatus.msg
[0.938s] -- Up-to-date: /home/maddy/iris_test_tool/install/iris_interfaces/share/iris_interfaces/msg/MotorStatus.msg
[0.939s] -- Up-to-date: /home/maddy/iris_test_tool/install/iris_interfaces/share/iris_interfaces/msg/MotorControllerStatus.msg
[0.939s] -- Up-to-date: /home/maddy/iris_test_tool/install/iris_interfaces/share/iris_interfaces/msg/UltrasonicRanges.msg
[0.939s] -- Up-to-date: /home/maddy/iris_test_tool/install/iris_interfaces/share/iris_interfaces/msg/WaterTankLevels.msg
[0.940s] -- Up-to-date: /home/maddy/iris_test_tool/install/iris_interfaces/share/iris_interfaces/msg/HeadbandMode.msg
[0.940s] -- Up-to-date: /home/maddy/iris_test_tool/install/iris_interfaces/share/iris_interfaces/msg/NavigationMode.msg
[0.940s] -- Up-to-date: /home/maddy/iris_test_tool/install/iris_interfaces/share/iris_interfaces/msg/FollowPathResult.msg
[0.941s] -- Up-to-date: /home/maddy/iris_test_tool/install/iris_interfaces/share/iris_interfaces/msg/OTAStatus.msg
[0.941s] -- Up-to-date: /home/maddy/iris_test_tool/install/iris_interfaces/share/iris_interfaces/msg/SystemSoftwareStatus.msg
[0.941s] -- Up-to-date: /home/maddy/iris_test_tool/install/iris_interfaces/share/iris_interfaces/msg/MenderClientStatus.msg
[0.942s] -- Up-to-date: /home/maddy/iris_test_tool/install/iris_interfaces/share/iris_interfaces/msg/A5Status.msg
[0.942s] -- Up-to-date: /home/maddy/iris_test_tool/install/iris_interfaces/share/iris_interfaces/msg/LedControl.msg
[0.942s] -- Up-to-date: /home/maddy/iris_test_tool/install/iris_interfaces/share/iris_interfaces/msg/A2FunctionalStatus.msg
[0.942s] -- Up-to-date: /home/maddy/iris_test_tool/install/iris_interfaces/share/iris_interfaces/msg/A2Command.msg
[0.943s] -- Up-to-date: /home/maddy/iris_test_tool/install/iris_interfaces/share/iris_interfaces/msg/VacuumStatus.msg
[0.943s] -- Up-to-date: /home/maddy/iris_test_tool/install/iris_interfaces/share/iris_interfaces/msg/VacuumFaults.msg
[0.943s] -- Up-to-date: /home/maddy/iris_test_tool/install/iris_interfaces/share/iris_interfaces/msg/BrushStatus.msg
[0.943s] -- Up-to-date: /home/maddy/iris_test_tool/install/iris_interfaces/share/iris_interfaces/msg/BrushFaults.msg
[0.944s] -- Up-to-date: /home/maddy/iris_test_tool/install/iris_interfaces/share/iris_interfaces/msg/A2FaultStatus.msg
[0.944s] -- Up-to-date: /home/maddy/iris_test_tool/install/iris_interfaces/share/iris_interfaces/msg/ActuatorStatus.msg
[0.944s] -- Up-to-date: /home/maddy/iris_test_tool/install/iris_interfaces/share/iris_interfaces/srv/UpdateMotorControllerParameters.srv
[0.944s] -- Up-to-date: /home/maddy/iris_test_tool/install/iris_interfaces/share/iris_interfaces/srv/UpdateMotorControllerParameters_Request.msg
[0.945s] -- Up-to-date: /home/maddy/iris_test_tool/install/iris_interfaces/share/iris_interfaces/srv/UpdateMotorControllerParameters_Response.msg
[0.945s] -- Up-to-date: /home/maddy/iris_test_tool/install/iris_interfaces/share/iris_interfaces/srv/RestartMotorController.srv
[0.945s] -- Up-to-date: /home/maddy/iris_test_tool/install/iris_interfaces/share/iris_interfaces/srv/RestartMotorController_Request.msg
[0.946s] -- Up-to-date: /home/maddy/iris_test_tool/install/iris_interfaces/share/iris_interfaces/srv/RestartMotorController_Response.msg
[0.946s] -- Up-to-date: /home/maddy/iris_test_tool/install/iris_interfaces/share/iris_interfaces/srv/GetWifiStatus.srv
[0.946s] -- Up-to-date: /home/maddy/iris_test_tool/install/iris_interfaces/share/iris_interfaces/srv/GetWifiStatus_Request.msg
[0.947s] -- Up-to-date: /home/maddy/iris_test_tool/install/iris_interfaces/share/iris_interfaces/srv/GetWifiStatus_Response.msg
[0.947s] -- Up-to-date: /home/maddy/iris_test_tool/install/iris_interfaces/share/iris_interfaces/srv/WifiDiscovery.srv
[0.947s] -- Up-to-date: /home/maddy/iris_test_tool/install/iris_interfaces/share/iris_interfaces/srv/WifiDiscovery_Request.msg
[0.948s] -- Up-to-date: /home/maddy/iris_test_tool/install/iris_interfaces/share/iris_interfaces/srv/WifiDiscovery_Response.msg
[0.948s] -- Up-to-date: /home/maddy/iris_test_tool/install/iris_interfaces/share/iris_interfaces/srv/ConnectWifi.srv
[0.948s] -- Up-to-date: /home/maddy/iris_test_tool/install/iris_interfaces/share/iris_interfaces/srv/ConnectWifi_Request.msg
[0.948s] -- Up-to-date: /home/maddy/iris_test_tool/install/iris_interfaces/share/iris_interfaces/srv/ConnectWifi_Response.msg
[0.948s] -- Up-to-date: /home/maddy/iris_test_tool/install/iris_interfaces/share/iris_interfaces/srv/DisconnectWifi.srv
[0.949s] -- Up-to-date: /home/maddy/iris_test_tool/install/iris_interfaces/share/iris_interfaces/srv/DisconnectWifi_Request.msg
[0.949s] -- Up-to-date: /home/maddy/iris_test_tool/install/iris_interfaces/share/iris_interfaces/srv/DisconnectWifi_Response.msg
[0.949s] -- Up-to-date: /home/maddy/iris_test_tool/install/iris_interfaces/share/iris_interfaces/srv/ProcessManager.srv
[0.950s] -- Up-to-date: /home/maddy/iris_test_tool/install/iris_interfaces/share/iris_interfaces/srv/ProcessManager_Request.msg
[0.950s] -- Up-to-date: /home/maddy/iris_test_tool/install/iris_interfaces/share/iris_interfaces/srv/ProcessManager_Response.msg
[0.950s] -- Up-to-date: /home/maddy/iris_test_tool/install/iris_interfaces/share/iris_interfaces/srv/StateManager.srv
[0.951s] -- Up-to-date: /home/maddy/iris_test_tool/install/iris_interfaces/share/iris_interfaces/srv/StateManager_Request.msg
[0.951s] -- Up-to-date: /home/maddy/iris_test_tool/install/iris_interfaces/share/iris_interfaces/srv/StateManager_Response.msg
[0.951s] -- Up-to-date: /home/maddy/iris_test_tool/install/iris_interfaces/share/iris_interfaces/srv/ResetWheelEncoders.srv
[0.952s] -- Up-to-date: /home/maddy/iris_test_tool/install/iris_interfaces/share/iris_interfaces/srv/ResetWheelEncoders_Request.msg
[0.953s] -- Up-to-date: /home/maddy/iris_test_tool/install/iris_interfaces/share/iris_interfaces/srv/ResetWheelEncoders_Response.msg
[0.953s] -- Up-to-date: /home/maddy/iris_test_tool/install/iris_interfaces/share/iris_interfaces/srv/UpdateMotorControllerReferenceSource.srv
[0.953s] -- Up-to-date: /home/maddy/iris_test_tool/install/iris_interfaces/share/iris_interfaces/srv/UpdateMotorControllerReferenceSource_Request.msg
[0.954s] -- Up-to-date: /home/maddy/iris_test_tool/install/iris_interfaces/share/iris_interfaces/srv/UpdateMotorControllerReferenceSource_Response.msg
[0.954s] -- Up-to-date: /home/maddy/iris_test_tool/install/iris_interfaces/share/iris_interfaces/srv/A2Command.srv
[0.954s] -- Up-to-date: /home/maddy/iris_test_tool/install/iris_interfaces/share/iris_interfaces/srv/A2Command_Request.msg
[0.955s] -- Up-to-date: /home/maddy/iris_test_tool/install/iris_interfaces/share/iris_interfaces/srv/A2Command_Response.msg
[0.955s] -- Up-to-date: /home/maddy/iris_test_tool/install/iris_interfaces/share/iris_interfaces/srv/ResetA2Faults.srv
[0.955s] -- Up-to-date: /home/maddy/iris_test_tool/install/iris_interfaces/share/iris_interfaces/srv/ResetA2Faults_Request.msg
[0.956s] -- Up-to-date: /home/maddy/iris_test_tool/install/iris_interfaces/share/iris_interfaces/srv/ResetA2Faults_Response.msg
[0.956s] -- Up-to-date: /home/maddy/iris_test_tool/install/iris_interfaces/share/iris_interfaces/action/ComputePathCoverage.action
[0.956s] -- Up-to-date: /home/maddy/iris_test_tool/install/iris_interfaces/share/iris_interfaces/action/NavigatePathCoverage.action
[0.957s] -- Up-to-date: /home/maddy/iris_test_tool/install/iris_interfaces/share/iris_interfaces/action/PathCoverageController.action
[0.957s] -- Up-to-date: /home/maddy/iris_test_tool/install/iris_interfaces/share/ament_index/resource_index/package_run_dependencies/iris_interfaces
[0.957s] -- Up-to-date: /home/maddy/iris_test_tool/install/iris_interfaces/share/ament_index/resource_index/parent_prefix_path/iris_interfaces
[0.958s] -- Up-to-date: /home/maddy/iris_test_tool/install/iris_interfaces/share/iris_interfaces/environment/ament_prefix_path.sh
[0.958s] -- Up-to-date: /home/maddy/iris_test_tool/install/iris_interfaces/share/iris_interfaces/environment/ament_prefix_path.dsv
[0.958s] -- Up-to-date: /home/maddy/iris_test_tool/install/iris_interfaces/share/iris_interfaces/environment/path.sh
[0.958s] -- Up-to-date: /home/maddy/iris_test_tool/install/iris_interfaces/share/iris_interfaces/environment/path.dsv
[0.958s] -- Up-to-date: /home/maddy/iris_test_tool/install/iris_interfaces/share/iris_interfaces/local_setup.bash
[0.959s] -- Up-to-date: /home/maddy/iris_test_tool/install/iris_interfaces/share/iris_interfaces/local_setup.sh
[0.959s] -- Up-to-date: /home/maddy/iris_test_tool/install/iris_interfaces/share/iris_interfaces/local_setup.zsh
[0.959s] -- Up-to-date: /home/maddy/iris_test_tool/install/iris_interfaces/share/iris_interfaces/local_setup.dsv
[0.959s] -- Installing: /home/maddy/iris_test_tool/install/iris_interfaces/share/iris_interfaces/package.dsv
[0.960s] -- Up-to-date: /home/maddy/iris_test_tool/install/iris_interfaces/share/ament_index/resource_index/packages/iris_interfaces
[0.960s] -- Up-to-date: /home/maddy/iris_test_tool/install/iris_interfaces/share/iris_interfaces/cmake/export_iris_interfaces__rosidl_generator_cExport.cmake
[0.960s] -- Up-to-date: /home/maddy/iris_test_tool/install/iris_interfaces/share/iris_interfaces/cmake/export_iris_interfaces__rosidl_generator_cExport-noconfig.cmake
[0.961s] -- Up-to-date: /home/maddy/iris_test_tool/install/iris_interfaces/share/iris_interfaces/cmake/export_iris_interfaces__rosidl_typesupport_fastrtps_cExport.cmake
[0.961s] -- Up-to-date: /home/maddy/iris_test_tool/install/iris_interfaces/share/iris_interfaces/cmake/export_iris_interfaces__rosidl_typesupport_fastrtps_cExport-noconfig.cmake
[0.961s] -- Up-to-date: /home/maddy/iris_test_tool/install/iris_interfaces/share/iris_interfaces/cmake/iris_interfaces__rosidl_typesupport_introspection_cExport.cmake
[0.961s] -- Up-to-date: /home/maddy/iris_test_tool/install/iris_interfaces/share/iris_interfaces/cmake/iris_interfaces__rosidl_typesupport_introspection_cExport-noconfig.cmake
[0.962s] -- Up-to-date: /home/maddy/iris_test_tool/install/iris_interfaces/share/iris_interfaces/cmake/iris_interfaces__rosidl_typesupport_cExport.cmake
[0.962s] -- Up-to-date: /home/maddy/iris_test_tool/install/iris_interfaces/share/iris_interfaces/cmake/iris_interfaces__rosidl_typesupport_cExport-noconfig.cmake
[0.962s] -- Up-to-date: /home/maddy/iris_test_tool/install/iris_interfaces/share/iris_interfaces/cmake/export_iris_interfaces__rosidl_generator_cppExport.cmake
[0.962s] -- Up-to-date: /home/maddy/iris_test_tool/install/iris_interfaces/share/iris_interfaces/cmake/export_iris_interfaces__rosidl_typesupport_fastrtps_cppExport.cmake
[0.962s] -- Up-to-date: /home/maddy/iris_test_tool/install/iris_interfaces/share/iris_interfaces/cmake/export_iris_interfaces__rosidl_typesupport_fastrtps_cppExport-noconfig.cmake
[0.962s] -- Up-to-date: /home/maddy/iris_test_tool/install/iris_interfaces/share/iris_interfaces/cmake/iris_interfaces__rosidl_typesupport_introspection_cppExport.cmake
[0.962s] -- Up-to-date: /home/maddy/iris_test_tool/install/iris_interfaces/share/iris_interfaces/cmake/iris_interfaces__rosidl_typesupport_introspection_cppExport-noconfig.cmake
[0.963s] -- Up-to-date: /home/maddy/iris_test_tool/install/iris_interfaces/share/iris_interfaces/cmake/iris_interfaces__rosidl_typesupport_cppExport.cmake
[0.963s] -- Up-to-date: /home/maddy/iris_test_tool/install/iris_interfaces/share/iris_interfaces/cmake/iris_interfaces__rosidl_typesupport_cppExport-noconfig.cmake
[0.963s] -- Up-to-date: /home/maddy/iris_test_tool/install/iris_interfaces/share/iris_interfaces/cmake/export_iris_interfaces__rosidl_generator_pyExport.cmake
[0.963s] -- Up-to-date: /home/maddy/iris_test_tool/install/iris_interfaces/share/iris_interfaces/cmake/export_iris_interfaces__rosidl_generator_pyExport-noconfig.cmake
[0.963s] -- Up-to-date: /home/maddy/iris_test_tool/install/iris_interfaces/share/iris_interfaces/cmake/rosidl_cmake-extras.cmake
[0.963s] -- Up-to-date: /home/maddy/iris_test_tool/install/iris_interfaces/share/iris_interfaces/cmake/ament_cmake_export_dependencies-extras.cmake
[0.963s] -- Up-to-date: /home/maddy/iris_test_tool/install/iris_interfaces/share/iris_interfaces/cmake/ament_cmake_export_include_directories-extras.cmake
[0.963s] -- Up-to-date: /home/maddy/iris_test_tool/install/iris_interfaces/share/iris_interfaces/cmake/ament_cmake_export_libraries-extras.cmake
[0.963s] -- Up-to-date: /home/maddy/iris_test_tool/install/iris_interfaces/share/iris_interfaces/cmake/ament_cmake_export_targets-extras.cmake
[0.964s] -- Up-to-date: /home/maddy/iris_test_tool/install/iris_interfaces/share/iris_interfaces/cmake/rosidl_cmake_export_typesupport_targets-extras.cmake
[0.964s] -- Up-to-date: /home/maddy/iris_test_tool/install/iris_interfaces/share/iris_interfaces/cmake/rosidl_cmake_export_typesupport_libraries-extras.cmake
[0.964s] -- Up-to-date: /home/maddy/iris_test_tool/install/iris_interfaces/share/iris_interfaces/cmake/iris_interfacesConfig.cmake
[0.964s] -- Up-to-date: /home/maddy/iris_test_tool/install/iris_interfaces/share/iris_interfaces/cmake/iris_interfacesConfig-version.cmake
[0.964s] -- Up-to-date: /home/maddy/iris_test_tool/install/iris_interfaces/share/iris_interfaces/package.xml
[0.968s] Invoked command in '/home/maddy/iris_test_tool/build/iris_interfaces' returned '0': CMAKE_PREFIX_PATH=${CMAKE_PREFIX_PATH}:/opt/ros/humble /usr/bin/cmake --install /home/maddy/iris_test_tool/build/iris_interfaces
