[0.000000] (-) TimerEvent: {}
[0.000285] (iris_interfaces) JobQueued: {'identifier': 'iris_interfaces', 'dependencies': OrderedDict()}
[0.000375] (test_tool_dummy) JobQueued: {'identifier': 'test_tool_dummy', 'dependencies': OrderedDict()}
[0.000438] (test_tool) JobQueued: {'identifier': 'test_tool', 'dependencies': OrderedDict([('iris_interfaces', '/home/maddy/iris_test_tool/install/iris_interfaces')])}
[0.000475] (iris_interfaces) JobStarted: {'identifier': 'iris_interfaces'}
[0.010098] (test_tool_dummy) JobStarted: {'identifier': 'test_tool_dummy'}
[0.018410] (iris_interfaces) JobProgress: {'identifier': 'iris_interfaces', 'progress': 'cmake'}
[0.019661] (iris_interfaces) JobProgress: {'identifier': 'iris_interfaces', 'progress': 'build'}
[0.020694] (iris_interfaces) Command: {'cmd': ['/usr/bin/cmake', '--build', '/home/maddy/iris_test_tool/build/iris_interfaces', '--', '-j8', '-l8'], 'cwd': '/home/maddy/iris_test_tool/build/iris_interfaces', 'env': OrderedDict([('TMUX', '/tmp/tmux-1000/default,3618,0'), ('USER', 'maddy'), ('LD_LIBRARY_PATH', '/home/maddy/iris_test_tool/install/iris_interfaces/lib:/usr/lib/x86_64-linux-gnu/gazebo-11/plugins:/opt/ros/humble/opt/rviz_ogre_vendor/lib:/opt/ros/humble/lib/x86_64-linux-gnu:/opt/ros/humble/lib'), ('SHLVL', '2'), ('HOME', '/home/maddy'), ('LESS', '-R'), ('OLDPWD', '/home/maddy/iris_test_tool'), ('TERM_PROGRAM_VERSION', '3.2a'), ('LSCOLORS', 'Gxfxcxdxbxegedabagacad'), ('PAGER', 'less'), ('ROS_PYTHON_VERSION', '3'), ('DBUS_SESSION_BUS_ADDRESS', 'unix:path=/run/user/1000/bus'), ('P9K_TTY', 'old'), ('WSL_DISTRO_NAME', 'Ubuntu-22.04'), ('COLCON_PREFIX_PATH', '/home/maddy/iris_test_tool/install'), ('ROS_DISTRO', 'humble'), ('WAYLAND_DISPLAY', 'wayland-0'), ('LOGNAME', 'maddy'), ('NAME', 'RMCCORPDE-DT024'), ('PULSE_SERVER', 'unix:/mnt/wslg/PulseServer'), ('WSL_INTEROP', '/run/WSL/351_interop'), ('_', '/usr/bin/colcon'), ('_P9K_SSH_TTY', '/dev/pts/2'), ('ROS_VERSION', '2'), ('TERM', 'screen-256color'), ('ROS_LOCALHOST_ONLY', '0'), ('PATH', '/opt/ros/humble/bin:/usr/local/sbin:/usr/local/bin:/usr/sbin:/usr/bin:/sbin:/bin:/usr/games:/usr/local/games:/usr/lib/wsl/lib:/mnt/c/Program Files/Common Files/Oracle/Java/javapath:/mnt/c/Program Files/Eclipse Adoptium/jdk-17.0.15.6-hotspot/bin:/mnt/c/Program Files (x86)/Common Files/Oracle/Java/java8path:/mnt/c/Program Files (x86)/Common Files/Oracle/Java/javapath:/mnt/c/Windows/system32:/mnt/c/Windows:/mnt/c/Windows/System32/Wbem:/mnt/c/Windows/System32/WindowsPowerShell/v1.0/:/mnt/c/Windows/System32/OpenSSH/:/mnt/c/Program Files/dotnet/:/mnt/c/Program Files/Git/cmd:/mnt/c/Program Files (x86)/Microsoft SQL Server/160/Tools/Binn/:/mnt/c/Program Files/Microsoft SQL Server/160/Tools/Binn/:/mnt/c/Program Files/Microsoft SQL Server/Client SDK/ODBC/170/Tools/Binn/:/mnt/c/Program Files/Microsoft SQL Server/160/DTS/Binn/:/mnt/c/Program Files (x86)/Windows Kits/10/Windows Performance Toolkit/:/mnt/c/Program Files/PostgreSQL/17/bin:/mnt/c/sonar-scanner-7.1.0.4889-windows-x64/bin:/mnt/c/msys64/mingw64/bin:/mnt/c/Program Files/CMake/bin:/mnt/c/Users/RMCPDEDT024/AppData/Local/Programs/Python/Python313/Scripts/:/mnt/c/Users/RMCPDEDT024/AppData/Local/Programs/Python/Python313/:/mnt/c/Users/RMCPDEDT024/AppData/Local/Programs/Python/Launcher/:/mnt/c/Users/RMCPDEDT024/AppData/Local/Microsoft/WindowsApps:/mnt/c/Users/RMCPDEDT024/AppData/Local/Programs/Microsoft VS Code/bin:/mnt/c/Users/RMCPDEDT024/AppData/Local/Python/bin'), ('XDG_RUNTIME_DIR', '/run/user/1000'), ('DISPLAY', ':0'), ('LANG', 'en_US.UTF-8'), ('LS_COLORS', 'rs=0:di=01;34:ln=01;36:mh=00:pi=40;33:so=01;35:do=01;35:bd=40;33;01:cd=40;33;01:or=40;31;01:mi=00:su=37;41:sg=30;43:ca=30;41:tw=30;42:ow=34;42:st=37;44:ex=01;32:*.tar=01;31:*.tgz=01;31:*.arc=01;31:*.arj=01;31:*.taz=01;31:*.lha=01;31:*.lz4=01;31:*.lzh=01;31:*.lzma=01;31:*.tlz=01;31:*.txz=01;31:*.tzo=01;31:*.t7z=01;31:*.zip=01;31:*.z=01;31:*.dz=01;31:*.gz=01;31:*.lrz=01;31:*.lz=01;31:*.lzo=01;31:*.xz=01;31:*.zst=01;31:*.tzst=01;31:*.bz2=01;31:*.bz=01;31:*.tbz=01;31:*.tbz2=01;31:*.tz=01;31:*.deb=01;31:*.rpm=01;31:*.jar=01;31:*.war=01;31:*.ear=01;31:*.sar=01;31:*.rar=01;31:*.alz=01;31:*.ace=01;31:*.zoo=01;31:*.cpio=01;31:*.7z=01;31:*.rz=01;31:*.cab=01;31:*.wim=01;31:*.swm=01;31:*.dwm=01;31:*.esd=01;31:*.jpg=01;35:*.jpeg=01;35:*.mjpg=01;35:*.mjpeg=01;35:*.gif=01;35:*.bmp=01;35:*.pbm=01;35:*.pgm=01;35:*.ppm=01;35:*.tga=01;35:*.xbm=01;35:*.xpm=01;35:*.tif=01;35:*.tiff=01;35:*.png=01;35:*.svg=01;35:*.svgz=01;35:*.mng=01;35:*.pcx=01;35:*.mov=01;35:*.mpg=01;35:*.mpeg=01;35:*.m2v=01;35:*.mkv=01;35:*.webm=01;35:*.webp=01;35:*.ogm=01;35:*.mp4=01;35:*.m4v=01;35:*.mp4v=01;35:*.vob=01;35:*.qt=01;35:*.nuv=01;35:*.wmv=01;35:*.asf=01;35:*.rm=01;35:*.rmvb=01;35:*.flc=01;35:*.avi=01;35:*.fli=01;35:*.flv=01;35:*.gl=01;35:*.dl=01;35:*.xcf=01;35:*.xwd=01;35:*.yuv=01;35:*.cgm=01;35:*.emf=01;35:*.ogv=01;35:*.ogx=01;35:*.aac=00;36:*.au=00;36:*.flac=00;36:*.m4a=00;36:*.mid=00;36:*.midi=00;36:*.mka=00;36:*.mp3=00;36:*.mpc=00;36:*.ogg=00;36:*.ra=00;36:*.wav=00;36:*.oga=00;36:*.opus=00;36:*.spx=00;36:*.xspf=00;36:'), ('TERM_PROGRAM', 'tmux'), ('AMENT_PREFIX_PATH', '/home/maddy/iris_test_tool/install/test_tool:/home/maddy/iris_test_tool/install/iris_interfaces:/opt/ros/humble'), ('SHELL', '/usr/bin/zsh'), ('P9K_SSH', '0'), ('PWD', '/home/maddy/iris_test_tool/build/iris_interfaces'), ('_P9K_TTY', '/dev/pts/2'), ('PYTHONPATH', '/home/maddy/iris_test_tool/install/test_tool_dummy/lib/python3.10/site-packages:/home/maddy/iris_test_tool/install/iris_interfaces/local/lib/python3.10/dist-packages:/opt/ros/humble/lib/python3.10/site-packages:/opt/ros/humble/local/lib/python3.10/dist-packages'), ('COLCON', '1'), ('HOSTTYPE', 'x86_64'), ('TMUX_PANE', '%0'), ('WSL2_GUI_APPS_ENABLED', '1'), ('CMAKE_PREFIX_PATH', '/home/maddy/iris_test_tool/install/test_tool:/home/maddy/iris_test_tool/install/iris_interfaces:/opt/ros/humble'), ('WSLENV', '')]), 'shell': False}
[0.098525] (-) TimerEvent: {}
[0.155927] (iris_interfaces) StdoutLine: {'line': b'[  0%] Built target iris_interfaces__cpp\n'}
[0.193193] (iris_interfaces) StdoutLine: {'line': b'[ 12%] Built target iris_interfaces__rosidl_generator_c\n'}
[0.198672] (-) TimerEvent: {}
[0.232444] (iris_interfaces) StdoutLine: {'line': b'[ 12%] Built target ament_cmake_python_copy_iris_interfaces\n'}
[0.269009] (iris_interfaces) StdoutLine: {'line': b'[ 24%] Built target iris_interfaces__rosidl_typesupport_cpp\n'}
[0.275375] (iris_interfaces) StdoutLine: {'line': b'[ 37%] Built target iris_interfaces__rosidl_typesupport_introspection_cpp\n'}
[0.284834] (iris_interfaces) StdoutLine: {'line': b'[ 49%] Built target iris_interfaces__rosidl_typesupport_fastrtps_cpp\n'}
[0.298127] (iris_interfaces) StdoutLine: {'line': b'[ 62%] Built target iris_interfaces__rosidl_typesupport_c\n'}
[0.298774] (-) TimerEvent: {}
[0.310948] (iris_interfaces) StdoutLine: {'line': b'[ 75%] Built target iris_interfaces__rosidl_typesupport_introspection_c\n'}
[0.323553] (iris_interfaces) StdoutLine: {'line': b'[ 88%] Built target iris_interfaces__rosidl_typesupport_fastrtps_c\n'}
[0.366124] (iris_interfaces) StdoutLine: {'line': b'[ 88%] Built target iris_interfaces\n'}
[0.398951] (-) TimerEvent: {}
[0.415733] (iris_interfaces) StdoutLine: {'line': b'[ 88%] Built target iris_interfaces__py\n'}
[0.491357] (iris_interfaces) StdoutLine: {'line': b'[100%] Built target iris_interfaces__rosidl_generator_py\n'}
[0.499130] (-) TimerEvent: {}
[0.565328] (iris_interfaces) StdoutLine: {'line': b'[100%] Built target iris_interfaces__rosidl_typesupport_fastrtps_c__pyext\n'}
[0.587031] (iris_interfaces) StdoutLine: {'line': b'[100%] Built target iris_interfaces__rosidl_typesupport_introspection_c__pyext\n'}
[0.587392] (iris_interfaces) StdoutLine: {'line': b'[100%] Built target iris_interfaces__rosidl_typesupport_c__pyext\n'}
[0.599334] (-) TimerEvent: {}
[0.699820] (-) TimerEvent: {}
[0.800237] (-) TimerEvent: {}
[0.852156] (iris_interfaces) StdoutLine: {'line': b'running egg_info\n'}
[0.854797] (iris_interfaces) StdoutLine: {'line': b'writing iris_interfaces.egg-info/PKG-INFO\n'}
[0.855298] (iris_interfaces) StdoutLine: {'line': b'writing dependency_links to iris_interfaces.egg-info/dependency_links.txt\n'}
[0.855617] (iris_interfaces) StdoutLine: {'line': b'writing top-level names to iris_interfaces.egg-info/top_level.txt\n'}
[0.860347] (iris_interfaces) StdoutLine: {'line': b"reading manifest file 'iris_interfaces.egg-info/SOURCES.txt'\n"}
[0.862148] (iris_interfaces) StdoutLine: {'line': b"writing manifest file 'iris_interfaces.egg-info/SOURCES.txt'\n"}
[0.900454] (-) TimerEvent: {}
[0.919697] (iris_interfaces) StdoutLine: {'line': b'[100%] Built target ament_cmake_python_build_iris_interfaces_egg\n'}
[0.946646] (iris_interfaces) CommandEnded: {'returncode': 0}
[0.947789] (iris_interfaces) JobProgress: {'identifier': 'iris_interfaces', 'progress': 'install'}
[0.960321] (iris_interfaces) Command: {'cmd': ['/usr/bin/cmake', '--install', '/home/maddy/iris_test_tool/build/iris_interfaces'], 'cwd': '/home/maddy/iris_test_tool/build/iris_interfaces', 'env': OrderedDict([('TMUX', '/tmp/tmux-1000/default,3618,0'), ('USER', 'maddy'), ('LD_LIBRARY_PATH', '/home/maddy/iris_test_tool/install/iris_interfaces/lib:/usr/lib/x86_64-linux-gnu/gazebo-11/plugins:/opt/ros/humble/opt/rviz_ogre_vendor/lib:/opt/ros/humble/lib/x86_64-linux-gnu:/opt/ros/humble/lib'), ('SHLVL', '2'), ('HOME', '/home/maddy'), ('LESS', '-R'), ('OLDPWD', '/home/maddy/iris_test_tool'), ('TERM_PROGRAM_VERSION', '3.2a'), ('LSCOLORS', 'Gxfxcxdxbxegedabagacad'), ('PAGER', 'less'), ('ROS_PYTHON_VERSION', '3'), ('DBUS_SESSION_BUS_ADDRESS', 'unix:path=/run/user/1000/bus'), ('P9K_TTY', 'old'), ('WSL_DISTRO_NAME', 'Ubuntu-22.04'), ('COLCON_PREFIX_PATH', '/home/maddy/iris_test_tool/install'), ('ROS_DISTRO', 'humble'), ('WAYLAND_DISPLAY', 'wayland-0'), ('LOGNAME', 'maddy'), ('NAME', 'RMCCORPDE-DT024'), ('PULSE_SERVER', 'unix:/mnt/wslg/PulseServer'), ('WSL_INTEROP', '/run/WSL/351_interop'), ('_', '/usr/bin/colcon'), ('_P9K_SSH_TTY', '/dev/pts/2'), ('ROS_VERSION', '2'), ('TERM', 'screen-256color'), ('ROS_LOCALHOST_ONLY', '0'), ('PATH', '/opt/ros/humble/bin:/usr/local/sbin:/usr/local/bin:/usr/sbin:/usr/bin:/sbin:/bin:/usr/games:/usr/local/games:/usr/lib/wsl/lib:/mnt/c/Program Files/Common Files/Oracle/Java/javapath:/mnt/c/Program Files/Eclipse Adoptium/jdk-17.0.15.6-hotspot/bin:/mnt/c/Program Files (x86)/Common Files/Oracle/Java/java8path:/mnt/c/Program Files (x86)/Common Files/Oracle/Java/javapath:/mnt/c/Windows/system32:/mnt/c/Windows:/mnt/c/Windows/System32/Wbem:/mnt/c/Windows/System32/WindowsPowerShell/v1.0/:/mnt/c/Windows/System32/OpenSSH/:/mnt/c/Program Files/dotnet/:/mnt/c/Program Files/Git/cmd:/mnt/c/Program Files (x86)/Microsoft SQL Server/160/Tools/Binn/:/mnt/c/Program Files/Microsoft SQL Server/160/Tools/Binn/:/mnt/c/Program Files/Microsoft SQL Server/Client SDK/ODBC/170/Tools/Binn/:/mnt/c/Program Files/Microsoft SQL Server/160/DTS/Binn/:/mnt/c/Program Files (x86)/Windows Kits/10/Windows Performance Toolkit/:/mnt/c/Program Files/PostgreSQL/17/bin:/mnt/c/sonar-scanner-7.1.0.4889-windows-x64/bin:/mnt/c/msys64/mingw64/bin:/mnt/c/Program Files/CMake/bin:/mnt/c/Users/RMCPDEDT024/AppData/Local/Programs/Python/Python313/Scripts/:/mnt/c/Users/RMCPDEDT024/AppData/Local/Programs/Python/Python313/:/mnt/c/Users/RMCPDEDT024/AppData/Local/Programs/Python/Launcher/:/mnt/c/Users/RMCPDEDT024/AppData/Local/Microsoft/WindowsApps:/mnt/c/Users/RMCPDEDT024/AppData/Local/Programs/Microsoft VS Code/bin:/mnt/c/Users/RMCPDEDT024/AppData/Local/Python/bin'), ('XDG_RUNTIME_DIR', '/run/user/1000'), ('DISPLAY', ':0'), ('LANG', 'en_US.UTF-8'), ('LS_COLORS', 'rs=0:di=01;34:ln=01;36:mh=00:pi=40;33:so=01;35:do=01;35:bd=40;33;01:cd=40;33;01:or=40;31;01:mi=00:su=37;41:sg=30;43:ca=30;41:tw=30;42:ow=34;42:st=37;44:ex=01;32:*.tar=01;31:*.tgz=01;31:*.arc=01;31:*.arj=01;31:*.taz=01;31:*.lha=01;31:*.lz4=01;31:*.lzh=01;31:*.lzma=01;31:*.tlz=01;31:*.txz=01;31:*.tzo=01;31:*.t7z=01;31:*.zip=01;31:*.z=01;31:*.dz=01;31:*.gz=01;31:*.lrz=01;31:*.lz=01;31:*.lzo=01;31:*.xz=01;31:*.zst=01;31:*.tzst=01;31:*.bz2=01;31:*.bz=01;31:*.tbz=01;31:*.tbz2=01;31:*.tz=01;31:*.deb=01;31:*.rpm=01;31:*.jar=01;31:*.war=01;31:*.ear=01;31:*.sar=01;31:*.rar=01;31:*.alz=01;31:*.ace=01;31:*.zoo=01;31:*.cpio=01;31:*.7z=01;31:*.rz=01;31:*.cab=01;31:*.wim=01;31:*.swm=01;31:*.dwm=01;31:*.esd=01;31:*.jpg=01;35:*.jpeg=01;35:*.mjpg=01;35:*.mjpeg=01;35:*.gif=01;35:*.bmp=01;35:*.pbm=01;35:*.pgm=01;35:*.ppm=01;35:*.tga=01;35:*.xbm=01;35:*.xpm=01;35:*.tif=01;35:*.tiff=01;35:*.png=01;35:*.svg=01;35:*.svgz=01;35:*.mng=01;35:*.pcx=01;35:*.mov=01;35:*.mpg=01;35:*.mpeg=01;35:*.m2v=01;35:*.mkv=01;35:*.webm=01;35:*.webp=01;35:*.ogm=01;35:*.mp4=01;35:*.m4v=01;35:*.mp4v=01;35:*.vob=01;35:*.qt=01;35:*.nuv=01;35:*.wmv=01;35:*.asf=01;35:*.rm=01;35:*.rmvb=01;35:*.flc=01;35:*.avi=01;35:*.fli=01;35:*.flv=01;35:*.gl=01;35:*.dl=01;35:*.xcf=01;35:*.xwd=01;35:*.yuv=01;35:*.cgm=01;35:*.emf=01;35:*.ogv=01;35:*.ogx=01;35:*.aac=00;36:*.au=00;36:*.flac=00;36:*.m4a=00;36:*.mid=00;36:*.midi=00;36:*.mka=00;36:*.mp3=00;36:*.mpc=00;36:*.ogg=00;36:*.ra=00;36:*.wav=00;36:*.oga=00;36:*.opus=00;36:*.spx=00;36:*.xspf=00;36:'), ('TERM_PROGRAM', 'tmux'), ('AMENT_PREFIX_PATH', '/home/maddy/iris_test_tool/install/test_tool:/home/maddy/iris_test_tool/install/iris_interfaces:/opt/ros/humble'), ('SHELL', '/usr/bin/zsh'), ('P9K_SSH', '0'), ('PWD', '/home/maddy/iris_test_tool/build/iris_interfaces'), ('_P9K_TTY', '/dev/pts/2'), ('PYTHONPATH', '/home/maddy/iris_test_tool/install/test_tool_dummy/lib/python3.10/site-packages:/home/maddy/iris_test_tool/install/iris_interfaces/local/lib/python3.10/dist-packages:/opt/ros/humble/lib/python3.10/site-packages:/opt/ros/humble/local/lib/python3.10/dist-packages'), ('COLCON', '1'), ('HOSTTYPE', 'x86_64'), ('TMUX_PANE', '%0'), ('WSL2_GUI_APPS_ENABLED', '1'), ('CMAKE_PREFIX_PATH', '/home/maddy/iris_test_tool/install/test_tool:/home/maddy/iris_test_tool/install/iris_interfaces:/opt/ros/humble'), ('WSLENV', '')]), 'shell': False}
[0.972011] (iris_interfaces) StdoutLine: {'line': b'-- Install configuration: ""\n'}
[0.972866] (iris_interfaces) StdoutLine: {'line': b'-- Up-to-date: /home/maddy/iris_test_tool/install/iris_interfaces/share/ament_index/resource_index/rosidl_interfaces/iris_interfaces\n'}
[0.973573] (iris_interfaces) StdoutLine: {'line': b'-- Up-to-date: /home/maddy/iris_test_tool/install/iris_interfaces/include/iris_interfaces/iris_interfaces\n'}
[0.974140] (iris_interfaces) StdoutLine: {'line': b'-- Up-to-date: /home/maddy/iris_test_tool/install/iris_interfaces/include/iris_interfaces/iris_interfaces/srv\n'}
[0.974597] (iris_interfaces) StdoutLine: {'line': b'-- Up-to-date: /home/maddy/iris_test_tool/install/iris_interfaces/include/iris_interfaces/iris_interfaces/srv/reset_a2_faults.h\n'}
[0.975151] (iris_interfaces) StdoutLine: {'line': b'-- Up-to-date: /home/maddy/iris_test_tool/install/iris_interfaces/include/iris_interfaces/iris_interfaces/srv/update_motor_controller_parameters.h\n'}
[0.975507] (iris_interfaces) StdoutLine: {'line': b'-- Up-to-date: /home/maddy/iris_test_tool/install/iris_interfaces/include/iris_interfaces/iris_interfaces/srv/reset_wheel_encoders.h\n'}
[0.975872] (iris_interfaces) StdoutLine: {'line': b'-- Up-to-date: /home/maddy/iris_test_tool/install/iris_interfaces/include/iris_interfaces/iris_interfaces/srv/restart_motor_controller.h\n'}
[0.976256] (iris_interfaces) StdoutLine: {'line': b'-- Up-to-date: /home/maddy/iris_test_tool/install/iris_interfaces/include/iris_interfaces/iris_interfaces/srv/update_motor_controller_reference_source.h\n'}
[0.976648] (iris_interfaces) StdoutLine: {'line': b'-- Up-to-date: /home/maddy/iris_test_tool/install/iris_interfaces/include/iris_interfaces/iris_interfaces/srv/detail\n'}
[0.977481] (iris_interfaces) StdoutLine: {'line': b'-- Up-to-date: /home/maddy/iris_test_tool/install/iris_interfaces/include/iris_interfaces/iris_interfaces/srv/detail/reset_a2_faults__struct.h\n'}
[0.977929] (iris_interfaces) StdoutLine: {'line': b'-- Up-to-date: /home/maddy/iris_test_tool/install/iris_interfaces/include/iris_interfaces/iris_interfaces/srv/detail/process_manager__struct.h\n'}
[0.978433] (iris_interfaces) StdoutLine: {'line': b'-- Up-to-date: /home/maddy/iris_test_tool/install/iris_interfaces/include/iris_interfaces/iris_interfaces/srv/detail/get_wifi_status__functions.h\n'}
[0.979022] (iris_interfaces) StdoutLine: {'line': b'-- Up-to-date: /home/maddy/iris_test_tool/install/iris_interfaces/include/iris_interfaces/iris_interfaces/srv/detail/reset_wheel_encoders__struct.h\n'}
[0.979402] (iris_interfaces) StdoutLine: {'line': b'-- Up-to-date: /home/maddy/iris_test_tool/install/iris_interfaces/include/iris_interfaces/iris_interfaces/srv/detail/update_motor_controller_parameters__functions.c\n'}
[0.979994] (iris_interfaces) StdoutLine: {'line': b'-- Up-to-date: /home/maddy/iris_test_tool/install/iris_interfaces/include/iris_interfaces/iris_interfaces/srv/detail/update_motor_controller_parameters__functions.h\n'}
[0.980316] (iris_interfaces) StdoutLine: {'line': b'-- Up-to-date: /home/maddy/iris_test_tool/install/iris_interfaces/include/iris_interfaces/iris_interfaces/srv/detail/reset_wheel_encoders__functions.h\n'}
[0.980665] (iris_interfaces) StdoutLine: {'line': b'-- Up-to-date: /home/maddy/iris_test_tool/install/iris_interfaces/include/iris_interfaces/iris_interfaces/srv/detail/process_manager__functions.c\n'}
[0.981009] (iris_interfaces) StdoutLine: {'line': b'-- Up-to-date: /home/maddy/iris_test_tool/install/iris_interfaces/include/iris_interfaces/iris_interfaces/srv/detail/a2_command__functions.c\n'}
[0.981506] (iris_interfaces) StdoutLine: {'line': b'-- Up-to-date: /home/maddy/iris_test_tool/install/iris_interfaces/include/iris_interfaces/iris_interfaces/srv/detail/state_manager__functions.c\n'}
[0.981825] (iris_interfaces) StdoutLine: {'line': b'-- Up-to-date: /home/maddy/iris_test_tool/install/iris_interfaces/include/iris_interfaces/iris_interfaces/srv/detail/a2_command__type_support.h\n'}
[0.982091] (iris_interfaces) StdoutLine: {'line': b'-- Up-to-date: /home/maddy/iris_test_tool/install/iris_interfaces/include/iris_interfaces/iris_interfaces/srv/detail/reset_wheel_encoders__functions.c\n'}
[0.982596] (iris_interfaces) StdoutLine: {'line': b'-- Up-to-date: /home/maddy/iris_test_tool/install/iris_interfaces/include/iris_interfaces/iris_interfaces/srv/detail/update_motor_controller_reference_source__struct.h\n'}
[0.982979] (iris_interfaces) StdoutLine: {'line': b'-- Up-to-date: /home/maddy/iris_test_tool/install/iris_interfaces/include/iris_interfaces/iris_interfaces/srv/detail/update_motor_controller_parameters__type_support.h\n'}
[0.983382] (iris_interfaces) StdoutLine: {'line': b'-- Up-to-date: /home/maddy/iris_test_tool/install/iris_interfaces/include/iris_interfaces/iris_interfaces/srv/detail/restart_motor_controller__struct.h\n'}
[0.983723] (iris_interfaces) StdoutLine: {'line': b'-- Up-to-date: /home/maddy/iris_test_tool/install/iris_interfaces/include/iris_interfaces/iris_interfaces/srv/detail/state_manager__functions.h\n'}
[0.984208] (iris_interfaces) StdoutLine: {'line': b'-- Up-to-date: /home/maddy/iris_test_tool/install/iris_interfaces/include/iris_interfaces/iris_interfaces/srv/detail/state_manager__struct.h\n'}
[0.984685] (iris_interfaces) StdoutLine: {'line': b'-- Up-to-date: /home/maddy/iris_test_tool/install/iris_interfaces/include/iris_interfaces/iris_interfaces/srv/detail/a2_command__struct.h\n'}
[0.985147] (iris_interfaces) StdoutLine: {'line': b'-- Up-to-date: /home/maddy/iris_test_tool/install/iris_interfaces/include/iris_interfaces/iris_interfaces/srv/detail/reset_a2_faults__functions.c\n'}
[0.985565] (iris_interfaces) StdoutLine: {'line': b'-- Up-to-date: /home/maddy/iris_test_tool/install/iris_interfaces/include/iris_interfaces/iris_interfaces/srv/detail/update_motor_controller_parameters__struct.h\n'}
[0.985911] (iris_interfaces) StdoutLine: {'line': b'-- Up-to-date: /home/maddy/iris_test_tool/install/iris_interfaces/include/iris_interfaces/iris_interfaces/srv/detail/restart_motor_controller__functions.h\n'}
[0.986260] (iris_interfaces) StdoutLine: {'line': b'-- Up-to-date: /home/maddy/iris_test_tool/install/iris_interfaces/include/iris_interfaces/iris_interfaces/srv/detail/state_manager__type_support.h\n'}
[0.986790] (iris_interfaces) StdoutLine: {'line': b'-- Up-to-date: /home/maddy/iris_test_tool/install/iris_interfaces/include/iris_interfaces/iris_interfaces/srv/detail/restart_motor_controller__functions.c\n'}
[0.987140] (iris_interfaces) StdoutLine: {'line': b'-- Up-to-date: /home/maddy/iris_test_tool/install/iris_interfaces/include/iris_interfaces/iris_interfaces/srv/detail/update_motor_controller_reference_source__type_support.h\n'}
[0.987487] (iris_interfaces) StdoutLine: {'line': b'-- Up-to-date: /home/maddy/iris_test_tool/install/iris_interfaces/include/iris_interfaces/iris_interfaces/srv/detail/wifi_discovery__functions.c\n'}
[0.987947] (iris_interfaces) StdoutLine: {'line': b'-- Up-to-date: /home/maddy/iris_test_tool/install/iris_interfaces/include/iris_interfaces/iris_interfaces/srv/detail/reset_wheel_encoders__type_support.h\n'}
[0.988293] (iris_interfaces) StdoutLine: {'line': b'-- Up-to-date: /home/maddy/iris_test_tool/install/iris_interfaces/include/iris_interfaces/iris_interfaces/srv/detail/wifi_discovery__type_support.h\n'}
[0.988632] (iris_interfaces) StdoutLine: {'line': b'-- Up-to-date: /home/maddy/iris_test_tool/install/iris_interfaces/include/iris_interfaces/iris_interfaces/srv/detail/get_wifi_status__struct.h\n'}
[0.990094] (iris_interfaces) StdoutLine: {'line': b'-- Up-to-date: /home/maddy/iris_test_tool/install/iris_interfaces/include/iris_interfaces/iris_interfaces/srv/detail/disconnect_wifi__functions.c\n'}
[0.990787] (iris_interfaces) StdoutLine: {'line': b'-- Up-to-date: /home/maddy/iris_test_tool/install/iris_interfaces/include/iris_interfaces/iris_interfaces/srv/detail/disconnect_wifi__struct.h\n'}
[0.991391] (iris_interfaces) StdoutLine: {'line': b'-- Up-to-date: /home/maddy/iris_test_tool/install/iris_interfaces/include/iris_interfaces/iris_interfaces/srv/detail/wifi_discovery__functions.h\n'}
[0.991750] (iris_interfaces) StdoutLine: {'line': b'-- Up-to-date: /home/maddy/iris_test_tool/install/iris_interfaces/include/iris_interfaces/iris_interfaces/srv/detail/a2_command__functions.h\n'}
[0.992112] (iris_interfaces) StdoutLine: {'line': b'-- Up-to-date: /home/maddy/iris_test_tool/install/iris_interfaces/include/iris_interfaces/iris_interfaces/srv/detail/get_wifi_status__functions.c\n'}
[0.992469] (iris_interfaces) StdoutLine: {'line': b'-- Up-to-date: /home/maddy/iris_test_tool/install/iris_interfaces/include/iris_interfaces/iris_interfaces/srv/detail/disconnect_wifi__functions.h\n'}
[0.992889] (iris_interfaces) StdoutLine: {'line': b'-- Up-to-date: /home/maddy/iris_test_tool/install/iris_interfaces/include/iris_interfaces/iris_interfaces/srv/detail/reset_a2_faults__functions.h\n'}
[0.993249] (iris_interfaces) StdoutLine: {'line': b'-- Up-to-date: /home/maddy/iris_test_tool/install/iris_interfaces/include/iris_interfaces/iris_interfaces/srv/detail/wifi_discovery__struct.h\n'}
[0.994170] (iris_interfaces) StdoutLine: {'line': b'-- Up-to-date: /home/maddy/iris_test_tool/install/iris_interfaces/include/iris_interfaces/iris_interfaces/srv/detail/get_wifi_status__type_support.h\n'}
[0.994535] (iris_interfaces) StdoutLine: {'line': b'-- Up-to-date: /home/maddy/iris_test_tool/install/iris_interfaces/include/iris_interfaces/iris_interfaces/srv/detail/disconnect_wifi__type_support.h\n'}
[0.994965] (iris_interfaces) StdoutLine: {'line': b'-- Up-to-date: /home/maddy/iris_test_tool/install/iris_interfaces/include/iris_interfaces/iris_interfaces/srv/detail/connect_wifi__functions.c\n'}
[0.995513] (iris_interfaces) StdoutLine: {'line': b'-- Up-to-date: /home/maddy/iris_test_tool/install/iris_interfaces/include/iris_interfaces/iris_interfaces/srv/detail/reset_a2_faults__type_support.h\n'}
[0.995809] (iris_interfaces) StdoutLine: {'line': b'-- Up-to-date: /home/maddy/iris_test_tool/install/iris_interfaces/include/iris_interfaces/iris_interfaces/srv/detail/restart_motor_controller__type_support.h\n'}
[0.996174] (iris_interfaces) StdoutLine: {'line': b'-- Up-to-date: /home/maddy/iris_test_tool/install/iris_interfaces/include/iris_interfaces/iris_interfaces/srv/detail/connect_wifi__struct.h\n'}
[0.996554] (iris_interfaces) StdoutLine: {'line': b'-- Up-to-date: /home/maddy/iris_test_tool/install/iris_interfaces/include/iris_interfaces/iris_interfaces/srv/detail/process_manager__functions.h\n'}
[0.996946] (iris_interfaces) StdoutLine: {'line': b'-- Up-to-date: /home/maddy/iris_test_tool/install/iris_interfaces/include/iris_interfaces/iris_interfaces/srv/detail/connect_wifi__functions.h\n'}
[0.997466] (iris_interfaces) StdoutLine: {'line': b'-- Up-to-date: /home/maddy/iris_test_tool/install/iris_interfaces/include/iris_interfaces/iris_interfaces/srv/detail/update_motor_controller_reference_source__functions.c\n'}
[0.997816] (iris_interfaces) StdoutLine: {'line': b'-- Up-to-date: /home/maddy/iris_test_tool/install/iris_interfaces/include/iris_interfaces/iris_interfaces/srv/detail/update_motor_controller_reference_source__functions.h\n'}
[0.998141] (iris_interfaces) StdoutLine: {'line': b'-- Up-to-date: /home/maddy/iris_test_tool/install/iris_interfaces/include/iris_interfaces/iris_interfaces/srv/detail/process_manager__type_support.h\n'}
[0.998545] (iris_interfaces) StdoutLine: {'line': b'-- Up-to-date: /home/maddy/iris_test_tool/install/iris_interfaces/include/iris_interfaces/iris_interfaces/srv/detail/connect_wifi__type_support.h\n'}
[0.998904] (iris_interfaces) StdoutLine: {'line': b'-- Up-to-date: /home/maddy/iris_test_tool/install/iris_interfaces/include/iris_interfaces/iris_interfaces/srv/wifi_discovery.h\n'}
[0.999261] (iris_interfaces) StdoutLine: {'line': b'-- Up-to-date: /home/maddy/iris_test_tool/install/iris_interfaces/include/iris_interfaces/iris_interfaces/srv/get_wifi_status.h\n'}
[0.999616] (iris_interfaces) StdoutLine: {'line': b'-- Up-to-date: /home/maddy/iris_test_tool/install/iris_interfaces/include/iris_interfaces/iris_interfaces/srv/disconnect_wifi.h\n'}
[0.999974] (iris_interfaces) StdoutLine: {'line': b'-- Up-to-date: /home/maddy/iris_test_tool/install/iris_interfaces/include/iris_interfaces/iris_interfaces/srv/process_manager.h\n'}
[1.000329] (iris_interfaces) StdoutLine: {'line': b'-- Up-to-date: /home/maddy/iris_test_tool/install/iris_interfaces/include/iris_interfaces/iris_interfaces/srv/state_manager.h\n'}
[1.000675] (-) TimerEvent: {}
[1.001071] (iris_interfaces) StdoutLine: {'line': b'-- Up-to-date: /home/maddy/iris_test_tool/install/iris_interfaces/include/iris_interfaces/iris_interfaces/srv/connect_wifi.h\n'}
[1.001907] (iris_interfaces) StdoutLine: {'line': b'-- Up-to-date: /home/maddy/iris_test_tool/install/iris_interfaces/include/iris_interfaces/iris_interfaces/srv/a2_command.h\n'}
[1.002232] (iris_interfaces) StdoutLine: {'line': b'-- Up-to-date: /home/maddy/iris_test_tool/install/iris_interfaces/include/iris_interfaces/iris_interfaces/action\n'}
[1.002548] (iris_interfaces) StdoutLine: {'line': b'-- Up-to-date: /home/maddy/iris_test_tool/install/iris_interfaces/include/iris_interfaces/iris_interfaces/action/navigate_path_coverage.h\n'}
[1.002860] (iris_interfaces) StdoutLine: {'line': b'-- Up-to-date: /home/maddy/iris_test_tool/install/iris_interfaces/include/iris_interfaces/iris_interfaces/action/path_coverage_controller.h\n'}
[1.003396] (iris_interfaces) StdoutLine: {'line': b'-- Up-to-date: /home/maddy/iris_test_tool/install/iris_interfaces/include/iris_interfaces/iris_interfaces/action/detail\n'}
[1.003676] (iris_interfaces) StdoutLine: {'line': b'-- Up-to-date: /home/maddy/iris_test_tool/install/iris_interfaces/include/iris_interfaces/iris_interfaces/action/detail/compute_path_coverage__functions.h\n'}
[1.004045] (iris_interfaces) StdoutLine: {'line': b'-- Up-to-date: /home/maddy/iris_test_tool/install/iris_interfaces/include/iris_interfaces/iris_interfaces/action/detail/compute_path_coverage__struct.h\n'}
[1.004397] (iris_interfaces) StdoutLine: {'line': b'-- Up-to-date: /home/maddy/iris_test_tool/install/iris_interfaces/include/iris_interfaces/iris_interfaces/action/detail/navigate_path_coverage__functions.h\n'}
[1.004739] (iris_interfaces) StdoutLine: {'line': b'-- Up-to-date: /home/maddy/iris_test_tool/install/iris_interfaces/include/iris_interfaces/iris_interfaces/action/detail/path_coverage_controller__type_support.h\n'}
[1.005765] (iris_interfaces) StdoutLine: {'line': b'-- Up-to-date: /home/maddy/iris_test_tool/install/iris_interfaces/include/iris_interfaces/iris_interfaces/action/detail/navigate_path_coverage__functions.c\n'}
[1.006250] (iris_interfaces) StdoutLine: {'line': b'-- Up-to-date: /home/maddy/iris_test_tool/install/iris_interfaces/include/iris_interfaces/iris_interfaces/action/detail/compute_path_coverage__type_support.h\n'}
[1.006592] (iris_interfaces) StdoutLine: {'line': b'-- Up-to-date: /home/maddy/iris_test_tool/install/iris_interfaces/include/iris_interfaces/iris_interfaces/action/detail/path_coverage_controller__functions.c\n'}
[1.007002] (iris_interfaces) StdoutLine: {'line': b'-- Up-to-date: /home/maddy/iris_test_tool/install/iris_interfaces/include/iris_interfaces/iris_interfaces/action/detail/navigate_path_coverage__type_support.h\n'}
[1.007434] (iris_interfaces) StdoutLine: {'line': b'-- Up-to-date: /home/maddy/iris_test_tool/install/iris_interfaces/include/iris_interfaces/iris_interfaces/action/detail/path_coverage_controller__struct.h\n'}
[1.007607] (iris_interfaces) StdoutLine: {'line': b'-- Up-to-date: /home/maddy/iris_test_tool/install/iris_interfaces/include/iris_interfaces/iris_interfaces/action/detail/compute_path_coverage__functions.c\n'}
[1.007777] (iris_interfaces) StdoutLine: {'line': b'-- Up-to-date: /home/maddy/iris_test_tool/install/iris_interfaces/include/iris_interfaces/iris_interfaces/action/detail/navigate_path_coverage__struct.h\n'}
[1.007943] (iris_interfaces) StdoutLine: {'line': b'-- Up-to-date: /home/maddy/iris_test_tool/install/iris_interfaces/include/iris_interfaces/iris_interfaces/action/detail/path_coverage_controller__functions.h\n'}
[1.008111] (iris_interfaces) StdoutLine: {'line': b'-- Up-to-date: /home/maddy/iris_test_tool/install/iris_interfaces/include/iris_interfaces/iris_interfaces/action/compute_path_coverage.h\n'}
[1.008280] (iris_interfaces) StdoutLine: {'line': b'-- Up-to-date: /home/maddy/iris_test_tool/install/iris_interfaces/include/iris_interfaces/iris_interfaces/msg\n'}
[1.008448] (iris_interfaces) StdoutLine: {'line': b'-- Up-to-date: /home/maddy/iris_test_tool/install/iris_interfaces/include/iris_interfaces/iris_interfaces/msg/headband_mode.h\n'}
[1.008630] (iris_interfaces) StdoutLine: {'line': b'-- Up-to-date: /home/maddy/iris_test_tool/install/iris_interfaces/include/iris_interfaces/iris_interfaces/msg/follow_path_result.h\n'}
[1.008800] (iris_interfaces) StdoutLine: {'line': b'-- Up-to-date: /home/maddy/iris_test_tool/install/iris_interfaces/include/iris_interfaces/iris_interfaces/msg/system_software_status.h\n'}
[1.008966] (iris_interfaces) StdoutLine: {'line': b'-- Up-to-date: /home/maddy/iris_test_tool/install/iris_interfaces/include/iris_interfaces/iris_interfaces/msg/mender_client_status.h\n'}
[1.009212] (iris_interfaces) StdoutLine: {'line': b'-- Up-to-date: /home/maddy/iris_test_tool/install/iris_interfaces/include/iris_interfaces/iris_interfaces/msg/rosidl_generator_c__visibility_control.h\n'}
[1.009404] (iris_interfaces) StdoutLine: {'line': b'-- Up-to-date: /home/maddy/iris_test_tool/install/iris_interfaces/include/iris_interfaces/iris_interfaces/msg/actuator_status.h\n'}
[1.009565] (iris_interfaces) StdoutLine: {'line': b'-- Up-to-date: /home/maddy/iris_test_tool/install/iris_interfaces/include/iris_interfaces/iris_interfaces/msg/ota_status.h\n'}
[1.009729] (iris_interfaces) StdoutLine: {'line': b'-- Up-to-date: /home/maddy/iris_test_tool/install/iris_interfaces/include/iris_interfaces/iris_interfaces/msg/navigation_mode.h\n'}
[1.009886] (iris_interfaces) StdoutLine: {'line': b'-- Up-to-date: /home/maddy/iris_test_tool/install/iris_interfaces/include/iris_interfaces/iris_interfaces/msg/brush_faults.h\n'}
[1.010035] (iris_interfaces) StdoutLine: {'line': b'-- Up-to-date: /home/maddy/iris_test_tool/install/iris_interfaces/include/iris_interfaces/iris_interfaces/msg/wheel_encoders.h\n'}
[1.010189] (iris_interfaces) StdoutLine: {'line': b'-- Up-to-date: /home/maddy/iris_test_tool/install/iris_interfaces/include/iris_interfaces/iris_interfaces/msg/a2_functional_status.h\n'}
[1.010354] (iris_interfaces) StdoutLine: {'line': b'-- Up-to-date: /home/maddy/iris_test_tool/install/iris_interfaces/include/iris_interfaces/iris_interfaces/msg/led_control.h\n'}
[1.010541] (iris_interfaces) StdoutLine: {'line': b'-- Up-to-date: /home/maddy/iris_test_tool/install/iris_interfaces/include/iris_interfaces/iris_interfaces/msg/a2_fault_status.h\n'}
[1.010743] (iris_interfaces) StdoutLine: {'line': b'-- Up-to-date: /home/maddy/iris_test_tool/install/iris_interfaces/include/iris_interfaces/iris_interfaces/msg/brush_status.h\n'}
[1.010915] (iris_interfaces) StdoutLine: {'line': b'-- Up-to-date: /home/maddy/iris_test_tool/install/iris_interfaces/include/iris_interfaces/iris_interfaces/msg/vacuum_status.h\n'}
[1.011082] (iris_interfaces) StdoutLine: {'line': b'-- Up-to-date: /home/maddy/iris_test_tool/install/iris_interfaces/include/iris_interfaces/iris_interfaces/msg/detail\n'}
[1.011250] (iris_interfaces) StdoutLine: {'line': b'-- Up-to-date: /home/maddy/iris_test_tool/install/iris_interfaces/include/iris_interfaces/iris_interfaces/msg/detail/navigation_mode__functions.h\n'}
[1.011418] (iris_interfaces) StdoutLine: {'line': b'-- Up-to-date: /home/maddy/iris_test_tool/install/iris_interfaces/include/iris_interfaces/iris_interfaces/msg/detail/a5_status__type_support.h\n'}
[1.011586] (iris_interfaces) StdoutLine: {'line': b'-- Up-to-date: /home/maddy/iris_test_tool/install/iris_interfaces/include/iris_interfaces/iris_interfaces/msg/detail/motor_status__functions.c\n'}
[1.011756] (iris_interfaces) StdoutLine: {'line': b'-- Up-to-date: /home/maddy/iris_test_tool/install/iris_interfaces/include/iris_interfaces/iris_interfaces/msg/detail/water_tank_levels__type_support.h\n'}
[1.011916] (iris_interfaces) StdoutLine: {'line': b'-- Up-to-date: /home/maddy/iris_test_tool/install/iris_interfaces/include/iris_interfaces/iris_interfaces/msg/detail/led_control__type_support.h\n'}
[1.012081] (iris_interfaces) StdoutLine: {'line': b'-- Up-to-date: /home/maddy/iris_test_tool/install/iris_interfaces/include/iris_interfaces/iris_interfaces/msg/detail/ota_status__type_support.h\n'}
[1.012264] (iris_interfaces) StdoutLine: {'line': b'-- Up-to-date: /home/maddy/iris_test_tool/install/iris_interfaces/include/iris_interfaces/iris_interfaces/msg/detail/headband_mode__type_support.h\n'}
[1.012465] (iris_interfaces) StdoutLine: {'line': b'-- Up-to-date: /home/maddy/iris_test_tool/install/iris_interfaces/include/iris_interfaces/iris_interfaces/msg/detail/ultrasonic_ranges__type_support.h\n'}
[1.012660] (iris_interfaces) StdoutLine: {'line': b'-- Up-to-date: /home/maddy/iris_test_tool/install/iris_interfaces/include/iris_interfaces/iris_interfaces/msg/detail/wheel_encoders__functions.h\n'}
[1.012946] (iris_interfaces) StdoutLine: {'line': b'-- Up-to-date: /home/maddy/iris_test_tool/install/iris_interfaces/include/iris_interfaces/iris_interfaces/msg/detail/a2_command__functions.c\n'}
[1.013509] (iris_interfaces) StdoutLine: {'line': b'-- Up-to-date: /home/maddy/iris_test_tool/install/iris_interfaces/include/iris_interfaces/iris_interfaces/msg/detail/wheel_command_speed__functions.h\n'}
[1.013815] (iris_interfaces) StdoutLine: {'line': b'-- Up-to-date: /home/maddy/iris_test_tool/install/iris_interfaces/include/iris_interfaces/iris_interfaces/msg/detail/a2_fault_status__type_support.h\n'}
[1.014098] (iris_interfaces) StdoutLine: {'line': b'-- Up-to-date: /home/maddy/iris_test_tool/install/iris_interfaces/include/iris_interfaces/iris_interfaces/msg/detail/ota_status__functions.h\n'}
[1.014388] (iris_interfaces) StdoutLine: {'line': b'-- Up-to-date: /home/maddy/iris_test_tool/install/iris_interfaces/include/iris_interfaces/iris_interfaces/msg/detail/a2_functional_status__functions.h\n'}
[1.014891] (iris_interfaces) StdoutLine: {'line': b'-- Up-to-date: /home/maddy/iris_test_tool/install/iris_interfaces/include/iris_interfaces/iris_interfaces/msg/detail/wheel_encoders__functions.c\n'}
[1.015052] (iris_interfaces) StdoutLine: {'line': b'-- Up-to-date: /home/maddy/iris_test_tool/install/iris_interfaces/include/iris_interfaces/iris_interfaces/msg/detail/wheel_command_speed__struct.h\n'}
[1.015206] (iris_interfaces) StdoutLine: {'line': b'-- Up-to-date: /home/maddy/iris_test_tool/install/iris_interfaces/include/iris_interfaces/iris_interfaces/msg/detail/navigation_mode__struct.h\n'}
[1.015373] (iris_interfaces) StdoutLine: {'line': b'-- Up-to-date: /home/maddy/iris_test_tool/install/iris_interfaces/include/iris_interfaces/iris_interfaces/msg/detail/mender_client_status__functions.h\n'}
[1.015528] (iris_interfaces) StdoutLine: {'line': b'-- Up-to-date: /home/maddy/iris_test_tool/install/iris_interfaces/include/iris_interfaces/iris_interfaces/msg/detail/brush_status__functions.h\n'}
[1.015728] (iris_interfaces) StdoutLine: {'line': b'-- Up-to-date: /home/maddy/iris_test_tool/install/iris_interfaces/include/iris_interfaces/iris_interfaces/msg/detail/a2_functional_status__struct.h\n'}
[1.015928] (iris_interfaces) StdoutLine: {'line': b'-- Up-to-date: /home/maddy/iris_test_tool/install/iris_interfaces/include/iris_interfaces/iris_interfaces/msg/detail/mender_client_status__functions.c\n'}
[1.016144] (iris_interfaces) StdoutLine: {'line': b'-- Up-to-date: /home/maddy/iris_test_tool/install/iris_interfaces/include/iris_interfaces/iris_interfaces/msg/detail/ota_status__functions.c\n'}
[1.016841] (iris_interfaces) StdoutLine: {'line': b'-- Up-to-date: /home/maddy/iris_test_tool/install/iris_interfaces/include/iris_interfaces/iris_interfaces/msg/detail/follow_path_result__struct.h\n'}
[1.017053] (iris_interfaces) StdoutLine: {'line': b'-- Up-to-date: /home/maddy/iris_test_tool/install/iris_interfaces/include/iris_interfaces/iris_interfaces/msg/detail/system_software_status__functions.c\n'}
[1.017387] (iris_interfaces) StdoutLine: {'line': b'-- Up-to-date: /home/maddy/iris_test_tool/install/iris_interfaces/include/iris_interfaces/iris_interfaces/msg/detail/a2_command__type_support.h\n'}
[1.018198] (iris_interfaces) StdoutLine: {'line': b'-- Up-to-date: /home/maddy/iris_test_tool/install/iris_interfaces/include/iris_interfaces/iris_interfaces/msg/detail/vacuum_status__type_support.h\n'}
[1.018393] (iris_interfaces) StdoutLine: {'line': b'-- Up-to-date: /home/maddy/iris_test_tool/install/iris_interfaces/include/iris_interfaces/iris_interfaces/msg/detail/mender_client_status__type_support.h\n'}
[1.018594] (iris_interfaces) StdoutLine: {'line': b'-- Up-to-date: /home/maddy/iris_test_tool/install/iris_interfaces/include/iris_interfaces/iris_interfaces/msg/detail/vacuum_faults__functions.c\n'}
[1.018797] (iris_interfaces) StdoutLine: {'line': b'-- Up-to-date: /home/maddy/iris_test_tool/install/iris_interfaces/include/iris_interfaces/iris_interfaces/msg/detail/a2_functional_status__type_support.h\n'}
[1.018990] (iris_interfaces) StdoutLine: {'line': b'-- Up-to-date: /home/maddy/iris_test_tool/install/iris_interfaces/include/iris_interfaces/iris_interfaces/msg/detail/follow_path_result__type_support.h\n'}
[1.019199] (iris_interfaces) StdoutLine: {'line': b'-- Up-to-date: /home/maddy/iris_test_tool/install/iris_interfaces/include/iris_interfaces/iris_interfaces/msg/detail/led_control__functions.h\n'}
[1.019414] (iris_interfaces) StdoutLine: {'line': b'-- Up-to-date: /home/maddy/iris_test_tool/install/iris_interfaces/include/iris_interfaces/iris_interfaces/msg/detail/actuator_status__type_support.h\n'}
[1.019628] (iris_interfaces) StdoutLine: {'line': b'-- Up-to-date: /home/maddy/iris_test_tool/install/iris_interfaces/include/iris_interfaces/iris_interfaces/msg/detail/wheel_encoders__struct.h\n'}
[1.019843] (iris_interfaces) StdoutLine: {'line': b'-- Up-to-date: /home/maddy/iris_test_tool/install/iris_interfaces/include/iris_interfaces/iris_interfaces/msg/detail/a5_status__functions.h\n'}
[1.020060] (iris_interfaces) StdoutLine: {'line': b'-- Up-to-date: /home/maddy/iris_test_tool/install/iris_interfaces/include/iris_interfaces/iris_interfaces/msg/detail/sensor_status__struct.h\n'}
[1.020269] (iris_interfaces) StdoutLine: {'line': b'-- Up-to-date: /home/maddy/iris_test_tool/install/iris_interfaces/include/iris_interfaces/iris_interfaces/msg/detail/vacuum_status__functions.h\n'}
[1.020509] (iris_interfaces) StdoutLine: {'line': b'-- Up-to-date: /home/maddy/iris_test_tool/install/iris_interfaces/include/iris_interfaces/iris_interfaces/msg/detail/a2_fault_status__functions.c\n'}
[1.020771] (iris_interfaces) StdoutLine: {'line': b'-- Up-to-date: /home/maddy/iris_test_tool/install/iris_interfaces/include/iris_interfaces/iris_interfaces/msg/detail/motor_status__functions.h\n'}
[1.021004] (iris_interfaces) StdoutLine: {'line': b'-- Up-to-date: /home/maddy/iris_test_tool/install/iris_interfaces/include/iris_interfaces/iris_interfaces/msg/detail/a2_command__struct.h\n'}
[1.021285] (iris_interfaces) StdoutLine: {'line': b'-- Up-to-date: /home/maddy/iris_test_tool/install/iris_interfaces/include/iris_interfaces/iris_interfaces/msg/detail/follow_path_result__functions.c\n'}
[1.021518] (iris_interfaces) StdoutLine: {'line': b'-- Up-to-date: /home/maddy/iris_test_tool/install/iris_interfaces/include/iris_interfaces/iris_interfaces/msg/detail/motor_controller_status__functions.c\n'}
[1.021809] (iris_interfaces) StdoutLine: {'line': b'-- Up-to-date: /home/maddy/iris_test_tool/install/iris_interfaces/include/iris_interfaces/iris_interfaces/msg/detail/sensor_status__functions.c\n'}
[1.022128] (iris_interfaces) StdoutLine: {'line': b'-- Up-to-date: /home/maddy/iris_test_tool/install/iris_interfaces/include/iris_interfaces/iris_interfaces/msg/detail/system_software_status__struct.h\n'}
[1.023017] (iris_interfaces) StdoutLine: {'line': b'-- Up-to-date: /home/maddy/iris_test_tool/install/iris_interfaces/include/iris_interfaces/iris_interfaces/msg/detail/sensor_status__functions.h\n'}
[1.023404] (iris_interfaces) StdoutLine: {'line': b'-- Up-to-date: /home/maddy/iris_test_tool/install/iris_interfaces/include/iris_interfaces/iris_interfaces/msg/detail/led_control__struct.h\n'}
[1.023778] (iris_interfaces) StdoutLine: {'line': b'-- Up-to-date: /home/maddy/iris_test_tool/install/iris_interfaces/include/iris_interfaces/iris_interfaces/msg/detail/water_tank_levels__struct.h\n'}
[1.024151] (iris_interfaces) StdoutLine: {'line': b'-- Up-to-date: /home/maddy/iris_test_tool/install/iris_interfaces/include/iris_interfaces/iris_interfaces/msg/detail/a2_fault_status__functions.h\n'}
[1.024552] (iris_interfaces) StdoutLine: {'line': b'-- Up-to-date: /home/maddy/iris_test_tool/install/iris_interfaces/include/iris_interfaces/iris_interfaces/msg/detail/actuator_status__functions.h\n'}
[1.024881] (iris_interfaces) StdoutLine: {'line': b'-- Up-to-date: /home/maddy/iris_test_tool/install/iris_interfaces/include/iris_interfaces/iris_interfaces/msg/detail/navigation_mode__functions.c\n'}
[1.025398] (iris_interfaces) StdoutLine: {'line': b'-- Up-to-date: /home/maddy/iris_test_tool/install/iris_interfaces/include/iris_interfaces/iris_interfaces/msg/detail/vacuum_status__functions.c\n'}
[1.026253] (iris_interfaces) StdoutLine: {'line': b'-- Up-to-date: /home/maddy/iris_test_tool/install/iris_interfaces/include/iris_interfaces/iris_interfaces/msg/detail/vacuum_faults__functions.h\n'}
[1.027342] (iris_interfaces) StdoutLine: {'line': b'-- Up-to-date: /home/maddy/iris_test_tool/install/iris_interfaces/include/iris_interfaces/iris_interfaces/msg/detail/brush_faults__functions.h\n'}
[1.027652] (iris_interfaces) StdoutLine: {'line': b'-- Up-to-date: /home/maddy/iris_test_tool/install/iris_interfaces/include/iris_interfaces/iris_interfaces/msg/detail/brush_status__struct.h\n'}
[1.027906] (iris_interfaces) StdoutLine: {'line': b'-- Up-to-date: /home/maddy/iris_test_tool/install/iris_interfaces/include/iris_interfaces/iris_interfaces/msg/detail/mender_client_status__struct.h\n'}
[1.028524] (iris_interfaces) StdoutLine: {'line': b'-- Up-to-date: /home/maddy/iris_test_tool/install/iris_interfaces/include/iris_interfaces/iris_interfaces/msg/detail/vacuum_faults__type_support.h\n'}
[1.028867] (iris_interfaces) StdoutLine: {'line': b'-- Up-to-date: /home/maddy/iris_test_tool/install/iris_interfaces/include/iris_interfaces/iris_interfaces/msg/detail/headband_mode__functions.c\n'}
[1.029081] (iris_interfaces) StdoutLine: {'line': b'-- Up-to-date: /home/maddy/iris_test_tool/install/iris_interfaces/include/iris_interfaces/iris_interfaces/msg/detail/navigation_mode__type_support.h\n'}
[1.029336] (iris_interfaces) StdoutLine: {'line': b'-- Up-to-date: /home/maddy/iris_test_tool/install/iris_interfaces/include/iris_interfaces/iris_interfaces/msg/detail/a2_command__functions.h\n'}
[1.029672] (iris_interfaces) StdoutLine: {'line': b'-- Up-to-date: /home/maddy/iris_test_tool/install/iris_interfaces/include/iris_interfaces/iris_interfaces/msg/detail/a2_fault_status__struct.h\n'}
[1.030412] (iris_interfaces) StdoutLine: {'line': b'-- Up-to-date: /home/maddy/iris_test_tool/install/iris_interfaces/include/iris_interfaces/iris_interfaces/msg/detail/motor_status__struct.h\n'}
[1.030850] (iris_interfaces) StdoutLine: {'line': b'-- Up-to-date: /home/maddy/iris_test_tool/install/iris_interfaces/include/iris_interfaces/iris_interfaces/msg/detail/a5_status__functions.c\n'}
[1.031419] (iris_interfaces) StdoutLine: {'line': b'-- Up-to-date: /home/maddy/iris_test_tool/install/iris_interfaces/include/iris_interfaces/iris_interfaces/msg/detail/motor_controller_status__struct.h\n'}
[1.031771] (iris_interfaces) StdoutLine: {'line': b'-- Up-to-date: /home/maddy/iris_test_tool/install/iris_interfaces/include/iris_interfaces/iris_interfaces/msg/detail/brush_faults__struct.h\n'}
[1.032662] (iris_interfaces) StdoutLine: {'line': b'-- Up-to-date: /home/maddy/iris_test_tool/install/iris_interfaces/include/iris_interfaces/iris_interfaces/msg/detail/brush_faults__type_support.h\n'}
[1.033541] (iris_interfaces) StdoutLine: {'line': b'-- Up-to-date: /home/maddy/iris_test_tool/install/iris_interfaces/include/iris_interfaces/iris_interfaces/msg/detail/wheel_encoders__type_support.h\n'}
[1.033996] (iris_interfaces) StdoutLine: {'line': b'-- Up-to-date: /home/maddy/iris_test_tool/install/iris_interfaces/include/iris_interfaces/iris_interfaces/msg/detail/motor_controller_status__type_support.h\n'}
[1.034275] (iris_interfaces) StdoutLine: {'line': b'-- Up-to-date: /home/maddy/iris_test_tool/install/iris_interfaces/include/iris_interfaces/iris_interfaces/msg/detail/water_tank_levels__functions.h\n'}
[1.034544] (iris_interfaces) StdoutLine: {'line': b'-- Up-to-date: /home/maddy/iris_test_tool/install/iris_interfaces/include/iris_interfaces/iris_interfaces/msg/detail/follow_path_result__functions.h\n'}
[1.034845] (iris_interfaces) StdoutLine: {'line': b'-- Up-to-date: /home/maddy/iris_test_tool/install/iris_interfaces/include/iris_interfaces/iris_interfaces/msg/detail/a2_functional_status__functions.c\n'}
[1.035046] (iris_interfaces) StdoutLine: {'line': b'-- Up-to-date: /home/maddy/iris_test_tool/install/iris_interfaces/include/iris_interfaces/iris_interfaces/msg/detail/a5_status__struct.h\n'}
[1.035680] (iris_interfaces) StdoutLine: {'line': b'-- Up-to-date: /home/maddy/iris_test_tool/install/iris_interfaces/include/iris_interfaces/iris_interfaces/msg/detail/ota_status__struct.h\n'}
[1.035896] (iris_interfaces) StdoutLine: {'line': b'-- Up-to-date: /home/maddy/iris_test_tool/install/iris_interfaces/include/iris_interfaces/iris_interfaces/msg/detail/sensor_status__type_support.h\n'}
[1.036097] (iris_interfaces) StdoutLine: {'line': b'-- Up-to-date: /home/maddy/iris_test_tool/install/iris_interfaces/include/iris_interfaces/iris_interfaces/msg/detail/headband_mode__functions.h\n'}
[1.036303] (iris_interfaces) StdoutLine: {'line': b'-- Up-to-date: /home/maddy/iris_test_tool/install/iris_interfaces/include/iris_interfaces/iris_interfaces/msg/detail/motor_controller_status__functions.h\n'}
[1.036508] (iris_interfaces) StdoutLine: {'line': b'-- Up-to-date: /home/maddy/iris_test_tool/install/iris_interfaces/include/iris_interfaces/iris_interfaces/msg/detail/wheel_command_speed__functions.c\n'}
[1.036708] (iris_interfaces) StdoutLine: {'line': b'-- Up-to-date: /home/maddy/iris_test_tool/install/iris_interfaces/include/iris_interfaces/iris_interfaces/msg/detail/actuator_status__functions.c\n'}
[1.036925] (iris_interfaces) StdoutLine: {'line': b'-- Up-to-date: /home/maddy/iris_test_tool/install/iris_interfaces/include/iris_interfaces/iris_interfaces/msg/detail/headband_mode__struct.h\n'}
[1.037159] (iris_interfaces) StdoutLine: {'line': b'-- Up-to-date: /home/maddy/iris_test_tool/install/iris_interfaces/include/iris_interfaces/iris_interfaces/msg/detail/actuator_status__struct.h\n'}
[1.037593] (iris_interfaces) StdoutLine: {'line': b'-- Up-to-date: /home/maddy/iris_test_tool/install/iris_interfaces/include/iris_interfaces/iris_interfaces/msg/detail/system_software_status__type_support.h\n'}
[1.037938] (iris_interfaces) StdoutLine: {'line': b'-- Up-to-date: /home/maddy/iris_test_tool/install/iris_interfaces/include/iris_interfaces/iris_interfaces/msg/detail/brush_status__functions.c\n'}
[1.038278] (iris_interfaces) StdoutLine: {'line': b'-- Up-to-date: /home/maddy/iris_test_tool/install/iris_interfaces/include/iris_interfaces/iris_interfaces/msg/detail/vacuum_status__struct.h\n'}
[1.038613] (iris_interfaces) StdoutLine: {'line': b'-- Up-to-date: /home/maddy/iris_test_tool/install/iris_interfaces/include/iris_interfaces/iris_interfaces/msg/detail/ultrasonic_ranges__struct.h\n'}
[1.038949] (iris_interfaces) StdoutLine: {'line': b'-- Up-to-date: /home/maddy/iris_test_tool/install/iris_interfaces/include/iris_interfaces/iris_interfaces/msg/detail/wheel_command_speed__type_support.h\n'}
[1.039263] (iris_interfaces) StdoutLine: {'line': b'-- Up-to-date: /home/maddy/iris_test_tool/install/iris_interfaces/include/iris_interfaces/iris_interfaces/msg/detail/brush_status__type_support.h\n'}
[1.039753] (iris_interfaces) StdoutLine: {'line': b'-- Up-to-date: /home/maddy/iris_test_tool/install/iris_interfaces/include/iris_interfaces/iris_interfaces/msg/detail/motor_status__type_support.h\n'}
[1.040078] (iris_interfaces) StdoutLine: {'line': b'-- Up-to-date: /home/maddy/iris_test_tool/install/iris_interfaces/include/iris_interfaces/iris_interfaces/msg/detail/ultrasonic_ranges__functions.h\n'}
[1.040431] (iris_interfaces) StdoutLine: {'line': b'-- Up-to-date: /home/maddy/iris_test_tool/install/iris_interfaces/include/iris_interfaces/iris_interfaces/msg/detail/system_software_status__functions.h\n'}
[1.040877] (iris_interfaces) StdoutLine: {'line': b'-- Up-to-date: /home/maddy/iris_test_tool/install/iris_interfaces/include/iris_interfaces/iris_interfaces/msg/detail/ultrasonic_ranges__functions.c\n'}
[1.041137] (iris_interfaces) StdoutLine: {'line': b'-- Up-to-date: /home/maddy/iris_test_tool/install/iris_interfaces/include/iris_interfaces/iris_interfaces/msg/detail/vacuum_faults__struct.h\n'}
[1.041578] (iris_interfaces) StdoutLine: {'line': b'-- Up-to-date: /home/maddy/iris_test_tool/install/iris_interfaces/include/iris_interfaces/iris_interfaces/msg/detail/brush_faults__functions.c\n'}
[1.042026] (iris_interfaces) StdoutLine: {'line': b'-- Up-to-date: /home/maddy/iris_test_tool/install/iris_interfaces/include/iris_interfaces/iris_interfaces/msg/detail/led_control__functions.c\n'}
[1.042975] (iris_interfaces) StdoutLine: {'line': b'-- Up-to-date: /home/maddy/iris_test_tool/install/iris_interfaces/include/iris_interfaces/iris_interfaces/msg/detail/water_tank_levels__functions.c\n'}
[1.043442] (iris_interfaces) StdoutLine: {'line': b'-- Up-to-date: /home/maddy/iris_test_tool/install/iris_interfaces/include/iris_interfaces/iris_interfaces/msg/wheel_command_speed.h\n'}
[1.043837] (iris_interfaces) StdoutLine: {'line': b'-- Up-to-date: /home/maddy/iris_test_tool/install/iris_interfaces/include/iris_interfaces/iris_interfaces/msg/motor_controller_status.h\n'}
[1.044162] (iris_interfaces) StdoutLine: {'line': b'-- Up-to-date: /home/maddy/iris_test_tool/install/iris_interfaces/include/iris_interfaces/iris_interfaces/msg/water_tank_levels.h\n'}
[1.044563] (iris_interfaces) StdoutLine: {'line': b'-- Up-to-date: /home/maddy/iris_test_tool/install/iris_interfaces/include/iris_interfaces/iris_interfaces/msg/a5_status.h\n'}
[1.045074] (iris_interfaces) StdoutLine: {'line': b'-- Up-to-date: /home/maddy/iris_test_tool/install/iris_interfaces/include/iris_interfaces/iris_interfaces/msg/ultrasonic_ranges.h\n'}
[1.045408] (iris_interfaces) StdoutLine: {'line': b'-- Up-to-date: /home/maddy/iris_test_tool/install/iris_interfaces/include/iris_interfaces/iris_interfaces/msg/vacuum_faults.h\n'}
[1.045733] (iris_interfaces) StdoutLine: {'line': b'-- Up-to-date: /home/maddy/iris_test_tool/install/iris_interfaces/include/iris_interfaces/iris_interfaces/msg/sensor_status.h\n'}
[1.046535] (iris_interfaces) StdoutLine: {'line': b'-- Up-to-date: /home/maddy/iris_test_tool/install/iris_interfaces/include/iris_interfaces/iris_interfaces/msg/a2_command.h\n'}
[1.046906] (iris_interfaces) StdoutLine: {'line': b'-- Up-to-date: /home/maddy/iris_test_tool/install/iris_interfaces/include/iris_interfaces/iris_interfaces/msg/motor_status.h\n'}
[1.047196] (iris_interfaces) StdoutLine: {'line': b'-- Up-to-date: /home/maddy/iris_test_tool/install/iris_interfaces/share/iris_interfaces/environment/library_path.sh\n'}
[1.047512] (iris_interfaces) StdoutLine: {'line': b'-- Up-to-date: /home/maddy/iris_test_tool/install/iris_interfaces/share/iris_interfaces/environment/library_path.dsv\n'}
[1.047833] (iris_interfaces) StdoutLine: {'line': b'-- Up-to-date: /home/maddy/iris_test_tool/install/iris_interfaces/lib/libiris_interfaces__rosidl_generator_c.so\n'}
[1.048420] (iris_interfaces) StdoutLine: {'line': b'-- Up-to-date: /home/maddy/iris_test_tool/install/iris_interfaces/include/iris_interfaces/iris_interfaces\n'}
[1.048631] (iris_interfaces) StdoutLine: {'line': b'-- Up-to-date: /home/maddy/iris_test_tool/install/iris_interfaces/include/iris_interfaces/iris_interfaces/srv\n'}
[1.048837] (iris_interfaces) StdoutLine: {'line': b'-- Up-to-date: /home/maddy/iris_test_tool/install/iris_interfaces/include/iris_interfaces/iris_interfaces/srv/detail\n'}
[1.049043] (iris_interfaces) StdoutLine: {'line': b'-- Up-to-date: /home/maddy/iris_test_tool/install/iris_interfaces/include/iris_interfaces/iris_interfaces/srv/detail/update_motor_controller_reference_source__rosidl_typesupport_fastrtps_c.h\n'}
[1.049297] (iris_interfaces) StdoutLine: {'line': b'-- Up-to-date: /home/maddy/iris_test_tool/install/iris_interfaces/include/iris_interfaces/iris_interfaces/srv/detail/wifi_discovery__rosidl_typesupport_fastrtps_c.h\n'}
[1.049509] (iris_interfaces) StdoutLine: {'line': b'-- Up-to-date: /home/maddy/iris_test_tool/install/iris_interfaces/include/iris_interfaces/iris_interfaces/srv/detail/get_wifi_status__rosidl_typesupport_fastrtps_c.h\n'}
[1.049712] (iris_interfaces) StdoutLine: {'line': b'-- Up-to-date: /home/maddy/iris_test_tool/install/iris_interfaces/include/iris_interfaces/iris_interfaces/srv/detail/reset_wheel_encoders__rosidl_typesupport_fastrtps_c.h\n'}
[1.049915] (iris_interfaces) StdoutLine: {'line': b'-- Up-to-date: /home/maddy/iris_test_tool/install/iris_interfaces/include/iris_interfaces/iris_interfaces/srv/detail/a2_command__rosidl_typesupport_fastrtps_c.h\n'}
[1.050116] (iris_interfaces) StdoutLine: {'line': b'-- Up-to-date: /home/maddy/iris_test_tool/install/iris_interfaces/include/iris_interfaces/iris_interfaces/srv/detail/disconnect_wifi__rosidl_typesupport_fastrtps_c.h\n'}
[1.050317] (iris_interfaces) StdoutLine: {'line': b'-- Up-to-date: /home/maddy/iris_test_tool/install/iris_interfaces/include/iris_interfaces/iris_interfaces/srv/detail/reset_a2_faults__rosidl_typesupport_fastrtps_c.h\n'}
[1.050519] (iris_interfaces) StdoutLine: {'line': b'-- Up-to-date: /home/maddy/iris_test_tool/install/iris_interfaces/include/iris_interfaces/iris_interfaces/srv/detail/process_manager__rosidl_typesupport_fastrtps_c.h\n'}
[1.050722] (iris_interfaces) StdoutLine: {'line': b'-- Up-to-date: /home/maddy/iris_test_tool/install/iris_interfaces/include/iris_interfaces/iris_interfaces/srv/detail/restart_motor_controller__rosidl_typesupport_fastrtps_c.h\n'}
[1.050922] (iris_interfaces) StdoutLine: {'line': b'-- Up-to-date: /home/maddy/iris_test_tool/install/iris_interfaces/include/iris_interfaces/iris_interfaces/srv/detail/state_manager__rosidl_typesupport_fastrtps_c.h\n'}
[1.051134] (iris_interfaces) StdoutLine: {'line': b'-- Up-to-date: /home/maddy/iris_test_tool/install/iris_interfaces/include/iris_interfaces/iris_interfaces/srv/detail/connect_wifi__rosidl_typesupport_fastrtps_c.h\n'}
[1.051380] (iris_interfaces) StdoutLine: {'line': b'-- Up-to-date: /home/maddy/iris_test_tool/install/iris_interfaces/include/iris_interfaces/iris_interfaces/srv/detail/update_motor_controller_parameters__rosidl_typesupport_fastrtps_c.h\n'}
[1.051599] (iris_interfaces) StdoutLine: {'line': b'-- Up-to-date: /home/maddy/iris_test_tool/install/iris_interfaces/include/iris_interfaces/iris_interfaces/action\n'}
[1.051787] (iris_interfaces) StdoutLine: {'line': b'-- Up-to-date: /home/maddy/iris_test_tool/install/iris_interfaces/include/iris_interfaces/iris_interfaces/action/detail\n'}
[1.051989] (iris_interfaces) StdoutLine: {'line': b'-- Up-to-date: /home/maddy/iris_test_tool/install/iris_interfaces/include/iris_interfaces/iris_interfaces/action/detail/compute_path_coverage__rosidl_typesupport_fastrtps_c.h\n'}
[1.052173] (iris_interfaces) StdoutLine: {'line': b'-- Up-to-date: /home/maddy/iris_test_tool/install/iris_interfaces/include/iris_interfaces/iris_interfaces/action/detail/navigate_path_coverage__rosidl_typesupport_fastrtps_c.h\n'}
[1.052373] (iris_interfaces) StdoutLine: {'line': b'-- Up-to-date: /home/maddy/iris_test_tool/install/iris_interfaces/include/iris_interfaces/iris_interfaces/action/detail/path_coverage_controller__rosidl_typesupport_fastrtps_c.h\n'}
[1.052567] (iris_interfaces) StdoutLine: {'line': b'-- Up-to-date: /home/maddy/iris_test_tool/install/iris_interfaces/include/iris_interfaces/iris_interfaces/msg\n'}
[1.052750] (iris_interfaces) StdoutLine: {'line': b'-- Up-to-date: /home/maddy/iris_test_tool/install/iris_interfaces/include/iris_interfaces/iris_interfaces/msg/rosidl_typesupport_fastrtps_c__visibility_control.h\n'}
[1.052968] (iris_interfaces) StdoutLine: {'line': b'-- Up-to-date: /home/maddy/iris_test_tool/install/iris_interfaces/include/iris_interfaces/iris_interfaces/msg/detail\n'}
[1.053209] (iris_interfaces) StdoutLine: {'line': b'-- Up-to-date: /home/maddy/iris_test_tool/install/iris_interfaces/include/iris_interfaces/iris_interfaces/msg/detail/a2_fault_status__rosidl_typesupport_fastrtps_c.h\n'}
[1.053400] (iris_interfaces) StdoutLine: {'line': b'-- Up-to-date: /home/maddy/iris_test_tool/install/iris_interfaces/include/iris_interfaces/iris_interfaces/msg/detail/motor_controller_status__rosidl_typesupport_fastrtps_c.h\n'}
[1.053590] (iris_interfaces) StdoutLine: {'line': b'-- Up-to-date: /home/maddy/iris_test_tool/install/iris_interfaces/include/iris_interfaces/iris_interfaces/msg/detail/headband_mode__rosidl_typesupport_fastrtps_c.h\n'}
[1.053760] (iris_interfaces) StdoutLine: {'line': b'-- Up-to-date: /home/maddy/iris_test_tool/install/iris_interfaces/include/iris_interfaces/iris_interfaces/msg/detail/sensor_status__rosidl_typesupport_fastrtps_c.h\n'}
[1.053930] (iris_interfaces) StdoutLine: {'line': b'-- Up-to-date: /home/maddy/iris_test_tool/install/iris_interfaces/include/iris_interfaces/iris_interfaces/msg/detail/follow_path_result__rosidl_typesupport_fastrtps_c.h\n'}
[1.054107] (iris_interfaces) StdoutLine: {'line': b'-- Up-to-date: /home/maddy/iris_test_tool/install/iris_interfaces/include/iris_interfaces/iris_interfaces/msg/detail/brush_faults__rosidl_typesupport_fastrtps_c.h\n'}
[1.054286] (iris_interfaces) StdoutLine: {'line': b'-- Up-to-date: /home/maddy/iris_test_tool/install/iris_interfaces/include/iris_interfaces/iris_interfaces/msg/detail/wheel_encoders__rosidl_typesupport_fastrtps_c.h\n'}
[1.054477] (iris_interfaces) StdoutLine: {'line': b'-- Up-to-date: /home/maddy/iris_test_tool/install/iris_interfaces/include/iris_interfaces/iris_interfaces/msg/detail/wheel_command_speed__rosidl_typesupport_fastrtps_c.h\n'}
[1.054658] (iris_interfaces) StdoutLine: {'line': b'-- Up-to-date: /home/maddy/iris_test_tool/install/iris_interfaces/include/iris_interfaces/iris_interfaces/msg/detail/actuator_status__rosidl_typesupport_fastrtps_c.h\n'}
[1.054838] (iris_interfaces) StdoutLine: {'line': b'-- Up-to-date: /home/maddy/iris_test_tool/install/iris_interfaces/include/iris_interfaces/iris_interfaces/msg/detail/a2_command__rosidl_typesupport_fastrtps_c.h\n'}
[1.055017] (iris_interfaces) StdoutLine: {'line': b'-- Up-to-date: /home/maddy/iris_test_tool/install/iris_interfaces/include/iris_interfaces/iris_interfaces/msg/detail/led_control__rosidl_typesupport_fastrtps_c.h\n'}
[1.055201] (iris_interfaces) StdoutLine: {'line': b'-- Up-to-date: /home/maddy/iris_test_tool/install/iris_interfaces/include/iris_interfaces/iris_interfaces/msg/detail/mender_client_status__rosidl_typesupport_fastrtps_c.h\n'}
[1.055381] (iris_interfaces) StdoutLine: {'line': b'-- Up-to-date: /home/maddy/iris_test_tool/install/iris_interfaces/include/iris_interfaces/iris_interfaces/msg/detail/brush_status__rosidl_typesupport_fastrtps_c.h\n'}
[1.055560] (iris_interfaces) StdoutLine: {'line': b'-- Up-to-date: /home/maddy/iris_test_tool/install/iris_interfaces/include/iris_interfaces/iris_interfaces/msg/detail/vacuum_status__rosidl_typesupport_fastrtps_c.h\n'}
[1.055734] (iris_interfaces) StdoutLine: {'line': b'-- Up-to-date: /home/maddy/iris_test_tool/install/iris_interfaces/include/iris_interfaces/iris_interfaces/msg/detail/ultrasonic_ranges__rosidl_typesupport_fastrtps_c.h\n'}
[1.055908] (iris_interfaces) StdoutLine: {'line': b'-- Up-to-date: /home/maddy/iris_test_tool/install/iris_interfaces/include/iris_interfaces/iris_interfaces/msg/detail/ota_status__rosidl_typesupport_fastrtps_c.h\n'}
[1.056082] (iris_interfaces) StdoutLine: {'line': b'-- Up-to-date: /home/maddy/iris_test_tool/install/iris_interfaces/include/iris_interfaces/iris_interfaces/msg/detail/motor_status__rosidl_typesupport_fastrtps_c.h\n'}
[1.056254] (iris_interfaces) StdoutLine: {'line': b'-- Up-to-date: /home/maddy/iris_test_tool/install/iris_interfaces/include/iris_interfaces/iris_interfaces/msg/detail/water_tank_levels__rosidl_typesupport_fastrtps_c.h\n'}
[1.056430] (iris_interfaces) StdoutLine: {'line': b'-- Up-to-date: /home/maddy/iris_test_tool/install/iris_interfaces/include/iris_interfaces/iris_interfaces/msg/detail/navigation_mode__rosidl_typesupport_fastrtps_c.h\n'}
[1.056608] (iris_interfaces) StdoutLine: {'line': b'-- Up-to-date: /home/maddy/iris_test_tool/install/iris_interfaces/include/iris_interfaces/iris_interfaces/msg/detail/a5_status__rosidl_typesupport_fastrtps_c.h\n'}
[1.056795] (iris_interfaces) StdoutLine: {'line': b'-- Up-to-date: /home/maddy/iris_test_tool/install/iris_interfaces/include/iris_interfaces/iris_interfaces/msg/detail/a2_functional_status__rosidl_typesupport_fastrtps_c.h\n'}
[1.056957] (iris_interfaces) StdoutLine: {'line': b'-- Up-to-date: /home/maddy/iris_test_tool/install/iris_interfaces/include/iris_interfaces/iris_interfaces/msg/detail/vacuum_faults__rosidl_typesupport_fastrtps_c.h\n'}
[1.057159] (iris_interfaces) StdoutLine: {'line': b'-- Up-to-date: /home/maddy/iris_test_tool/install/iris_interfaces/include/iris_interfaces/iris_interfaces/msg/detail/system_software_status__rosidl_typesupport_fastrtps_c.h\n'}
[1.057349] (iris_interfaces) StdoutLine: {'line': b'-- Up-to-date: /home/maddy/iris_test_tool/install/iris_interfaces/lib/libiris_interfaces__rosidl_typesupport_fastrtps_c.so\n'}
[1.057522] (iris_interfaces) StdoutLine: {'line': b'-- Up-to-date: /home/maddy/iris_test_tool/install/iris_interfaces/include/iris_interfaces/iris_interfaces\n'}
[1.057695] (iris_interfaces) StdoutLine: {'line': b'-- Up-to-date: /home/maddy/iris_test_tool/install/iris_interfaces/include/iris_interfaces/iris_interfaces/srv\n'}
[1.057877] (iris_interfaces) StdoutLine: {'line': b'-- Up-to-date: /home/maddy/iris_test_tool/install/iris_interfaces/include/iris_interfaces/iris_interfaces/srv/detail\n'}
[1.058081] (iris_interfaces) StdoutLine: {'line': b'-- Up-to-date: /home/maddy/iris_test_tool/install/iris_interfaces/include/iris_interfaces/iris_interfaces/srv/detail/reset_a2_faults__rosidl_typesupport_introspection_c.h\n'}
[1.058259] (iris_interfaces) StdoutLine: {'line': b'-- Up-to-date: /home/maddy/iris_test_tool/install/iris_interfaces/include/iris_interfaces/iris_interfaces/srv/detail/update_motor_controller_reference_source__rosidl_typesupport_introspection_c.h\n'}
[1.058437] (iris_interfaces) StdoutLine: {'line': b'-- Up-to-date: /home/maddy/iris_test_tool/install/iris_interfaces/include/iris_interfaces/iris_interfaces/srv/detail/disconnect_wifi__rosidl_typesupport_introspection_c.h\n'}
[1.058634] (iris_interfaces) StdoutLine: {'line': b'-- Up-to-date: /home/maddy/iris_test_tool/install/iris_interfaces/include/iris_interfaces/iris_interfaces/srv/detail/disconnect_wifi__type_support.c\n'}
[1.058811] (iris_interfaces) StdoutLine: {'line': b'-- Up-to-date: /home/maddy/iris_test_tool/install/iris_interfaces/include/iris_interfaces/iris_interfaces/srv/detail/get_wifi_status__rosidl_typesupport_introspection_c.h\n'}
[1.058983] (iris_interfaces) StdoutLine: {'line': b'-- Up-to-date: /home/maddy/iris_test_tool/install/iris_interfaces/include/iris_interfaces/iris_interfaces/srv/detail/update_motor_controller_reference_source__type_support.c\n'}
[1.059153] (iris_interfaces) StdoutLine: {'line': b'-- Up-to-date: /home/maddy/iris_test_tool/install/iris_interfaces/include/iris_interfaces/iris_interfaces/srv/detail/restart_motor_controller__type_support.c\n'}
[1.059329] (iris_interfaces) StdoutLine: {'line': b'-- Up-to-date: /home/maddy/iris_test_tool/install/iris_interfaces/include/iris_interfaces/iris_interfaces/srv/detail/wifi_discovery__type_support.c\n'}
[1.059510] (iris_interfaces) StdoutLine: {'line': b'-- Up-to-date: /home/maddy/iris_test_tool/install/iris_interfaces/include/iris_interfaces/iris_interfaces/srv/detail/process_manager__type_support.c\n'}
[1.059684] (iris_interfaces) StdoutLine: {'line': b'-- Up-to-date: /home/maddy/iris_test_tool/install/iris_interfaces/include/iris_interfaces/iris_interfaces/srv/detail/connect_wifi__rosidl_typesupport_introspection_c.h\n'}
[1.059852] (iris_interfaces) StdoutLine: {'line': b'-- Up-to-date: /home/maddy/iris_test_tool/install/iris_interfaces/include/iris_interfaces/iris_interfaces/srv/detail/get_wifi_status__type_support.c\n'}
[1.060039] (iris_interfaces) StdoutLine: {'line': b'-- Up-to-date: /home/maddy/iris_test_tool/install/iris_interfaces/include/iris_interfaces/iris_interfaces/srv/detail/update_motor_controller_parameters__rosidl_typesupport_introspection_c.h\n'}
[1.060211] (iris_interfaces) StdoutLine: {'line': b'-- Up-to-date: /home/maddy/iris_test_tool/install/iris_interfaces/include/iris_interfaces/iris_interfaces/srv/detail/connect_wifi__type_support.c\n'}
[1.060385] (iris_interfaces) StdoutLine: {'line': b'-- Up-to-date: /home/maddy/iris_test_tool/install/iris_interfaces/include/iris_interfaces/iris_interfaces/srv/detail/reset_wheel_encoders__type_support.c\n'}
[1.060555] (iris_interfaces) StdoutLine: {'line': b'-- Up-to-date: /home/maddy/iris_test_tool/install/iris_interfaces/include/iris_interfaces/iris_interfaces/srv/detail/state_manager__type_support.c\n'}
[1.060761] (iris_interfaces) StdoutLine: {'line': b'-- Up-to-date: /home/maddy/iris_test_tool/install/iris_interfaces/include/iris_interfaces/iris_interfaces/srv/detail/process_manager__rosidl_typesupport_introspection_c.h\n'}
[1.060948] (iris_interfaces) StdoutLine: {'line': b'-- Up-to-date: /home/maddy/iris_test_tool/install/iris_interfaces/include/iris_interfaces/iris_interfaces/srv/detail/reset_wheel_encoders__rosidl_typesupport_introspection_c.h\n'}
[1.061163] (iris_interfaces) StdoutLine: {'line': b'-- Up-to-date: /home/maddy/iris_test_tool/install/iris_interfaces/include/iris_interfaces/iris_interfaces/srv/detail/update_motor_controller_parameters__type_support.c\n'}
[1.061356] (iris_interfaces) StdoutLine: {'line': b'-- Up-to-date: /home/maddy/iris_test_tool/install/iris_interfaces/include/iris_interfaces/iris_interfaces/srv/detail/wifi_discovery__rosidl_typesupport_introspection_c.h\n'}
[1.061555] (iris_interfaces) StdoutLine: {'line': b'-- Up-to-date: /home/maddy/iris_test_tool/install/iris_interfaces/include/iris_interfaces/iris_interfaces/srv/detail/restart_motor_controller__rosidl_typesupport_introspection_c.h\n'}
[1.061733] (iris_interfaces) StdoutLine: {'line': b'-- Up-to-date: /home/maddy/iris_test_tool/install/iris_interfaces/include/iris_interfaces/iris_interfaces/srv/detail/state_manager__rosidl_typesupport_introspection_c.h\n'}
[1.061896] (iris_interfaces) StdoutLine: {'line': b'-- Up-to-date: /home/maddy/iris_test_tool/install/iris_interfaces/include/iris_interfaces/iris_interfaces/srv/detail/a2_command__type_support.c\n'}
[1.062074] (iris_interfaces) StdoutLine: {'line': b'-- Up-to-date: /home/maddy/iris_test_tool/install/iris_interfaces/include/iris_interfaces/iris_interfaces/srv/detail/a2_command__rosidl_typesupport_introspection_c.h\n'}
[1.062243] (iris_interfaces) StdoutLine: {'line': b'-- Up-to-date: /home/maddy/iris_test_tool/install/iris_interfaces/include/iris_interfaces/iris_interfaces/srv/detail/reset_a2_faults__type_support.c\n'}
[1.062400] (iris_interfaces) StdoutLine: {'line': b'-- Up-to-date: /home/maddy/iris_test_tool/install/iris_interfaces/include/iris_interfaces/iris_interfaces/action\n'}
[1.062582] (iris_interfaces) StdoutLine: {'line': b'-- Up-to-date: /home/maddy/iris_test_tool/install/iris_interfaces/include/iris_interfaces/iris_interfaces/action/detail\n'}
[1.062753] (iris_interfaces) StdoutLine: {'line': b'-- Up-to-date: /home/maddy/iris_test_tool/install/iris_interfaces/include/iris_interfaces/iris_interfaces/action/detail/navigate_path_coverage__rosidl_typesupport_introspection_c.h\n'}
[1.062930] (iris_interfaces) StdoutLine: {'line': b'-- Up-to-date: /home/maddy/iris_test_tool/install/iris_interfaces/include/iris_interfaces/iris_interfaces/action/detail/navigate_path_coverage__type_support.c\n'}
[1.063100] (iris_interfaces) StdoutLine: {'line': b'-- Up-to-date: /home/maddy/iris_test_tool/install/iris_interfaces/include/iris_interfaces/iris_interfaces/action/detail/compute_path_coverage__rosidl_typesupport_introspection_c.h\n'}
[1.063276] (iris_interfaces) StdoutLine: {'line': b'-- Up-to-date: /home/maddy/iris_test_tool/install/iris_interfaces/include/iris_interfaces/iris_interfaces/action/detail/compute_path_coverage__type_support.c\n'}
[1.063496] (iris_interfaces) StdoutLine: {'line': b'-- Up-to-date: /home/maddy/iris_test_tool/install/iris_interfaces/include/iris_interfaces/iris_interfaces/action/detail/path_coverage_controller__type_support.c\n'}
[1.063676] (iris_interfaces) StdoutLine: {'line': b'-- Up-to-date: /home/maddy/iris_test_tool/install/iris_interfaces/include/iris_interfaces/iris_interfaces/action/detail/path_coverage_controller__rosidl_typesupport_introspection_c.h\n'}
[1.063856] (iris_interfaces) StdoutLine: {'line': b'-- Up-to-date: /home/maddy/iris_test_tool/install/iris_interfaces/include/iris_interfaces/iris_interfaces/msg\n'}
[1.064034] (iris_interfaces) StdoutLine: {'line': b'-- Up-to-date: /home/maddy/iris_test_tool/install/iris_interfaces/include/iris_interfaces/iris_interfaces/msg/detail\n'}
[1.064205] (iris_interfaces) StdoutLine: {'line': b'-- Up-to-date: /home/maddy/iris_test_tool/install/iris_interfaces/include/iris_interfaces/iris_interfaces/msg/detail/navigation_mode__type_support.c\n'}
[1.064376] (iris_interfaces) StdoutLine: {'line': b'-- Up-to-date: /home/maddy/iris_test_tool/install/iris_interfaces/include/iris_interfaces/iris_interfaces/msg/detail/a2_fault_status__rosidl_typesupport_introspection_c.h\n'}
[1.064567] (iris_interfaces) StdoutLine: {'line': b'-- Up-to-date: /home/maddy/iris_test_tool/install/iris_interfaces/include/iris_interfaces/iris_interfaces/msg/detail/vacuum_faults__rosidl_typesupport_introspection_c.h\n'}
[1.064743] (iris_interfaces) StdoutLine: {'line': b'-- Up-to-date: /home/maddy/iris_test_tool/install/iris_interfaces/include/iris_interfaces/iris_interfaces/msg/detail/follow_path_result__type_support.c\n'}
[1.064914] (iris_interfaces) StdoutLine: {'line': b'-- Up-to-date: /home/maddy/iris_test_tool/install/iris_interfaces/include/iris_interfaces/iris_interfaces/msg/detail/vacuum_status__type_support.c\n'}
[1.065104] (iris_interfaces) StdoutLine: {'line': b'-- Up-to-date: /home/maddy/iris_test_tool/install/iris_interfaces/include/iris_interfaces/iris_interfaces/msg/detail/ota_status__type_support.c\n'}
[1.065310] (iris_interfaces) StdoutLine: {'line': b'-- Up-to-date: /home/maddy/iris_test_tool/install/iris_interfaces/include/iris_interfaces/iris_interfaces/msg/detail/brush_status__rosidl_typesupport_introspection_c.h\n'}
[1.065492] (iris_interfaces) StdoutLine: {'line': b'-- Up-to-date: /home/maddy/iris_test_tool/install/iris_interfaces/include/iris_interfaces/iris_interfaces/msg/detail/sensor_status__type_support.c\n'}
[1.065689] (iris_interfaces) StdoutLine: {'line': b'-- Up-to-date: /home/maddy/iris_test_tool/install/iris_interfaces/include/iris_interfaces/iris_interfaces/msg/detail/water_tank_levels__rosidl_typesupport_introspection_c.h\n'}
[1.065869] (iris_interfaces) StdoutLine: {'line': b'-- Up-to-date: /home/maddy/iris_test_tool/install/iris_interfaces/include/iris_interfaces/iris_interfaces/msg/detail/brush_status__type_support.c\n'}
[1.066049] (iris_interfaces) StdoutLine: {'line': b'-- Up-to-date: /home/maddy/iris_test_tool/install/iris_interfaces/include/iris_interfaces/iris_interfaces/msg/detail/system_software_status__type_support.c\n'}
[1.066251] (iris_interfaces) StdoutLine: {'line': b'-- Up-to-date: /home/maddy/iris_test_tool/install/iris_interfaces/include/iris_interfaces/iris_interfaces/msg/detail/vacuum_status__rosidl_typesupport_introspection_c.h\n'}
[1.066433] (iris_interfaces) StdoutLine: {'line': b'-- Up-to-date: /home/maddy/iris_test_tool/install/iris_interfaces/include/iris_interfaces/iris_interfaces/msg/detail/actuator_status__rosidl_typesupport_introspection_c.h\n'}
[1.066610] (iris_interfaces) StdoutLine: {'line': b'-- Up-to-date: /home/maddy/iris_test_tool/install/iris_interfaces/include/iris_interfaces/iris_interfaces/msg/detail/a5_status__type_support.c\n'}
[1.066806] (iris_interfaces) StdoutLine: {'line': b'-- Up-to-date: /home/maddy/iris_test_tool/install/iris_interfaces/include/iris_interfaces/iris_interfaces/msg/detail/wheel_command_speed__rosidl_typesupport_introspection_c.h\n'}
[1.067068] (iris_interfaces) StdoutLine: {'line': b'-- Up-to-date: /home/maddy/iris_test_tool/install/iris_interfaces/include/iris_interfaces/iris_interfaces/msg/detail/actuator_status__type_support.c\n'}
[1.067267] (iris_interfaces) StdoutLine: {'line': b'-- Up-to-date: /home/maddy/iris_test_tool/install/iris_interfaces/include/iris_interfaces/iris_interfaces/msg/detail/wheel_encoders__type_support.c\n'}
[1.067452] (iris_interfaces) StdoutLine: {'line': b'-- Up-to-date: /home/maddy/iris_test_tool/install/iris_interfaces/include/iris_interfaces/iris_interfaces/msg/detail/mender_client_status__rosidl_typesupport_introspection_c.h\n'}
[1.067651] (iris_interfaces) StdoutLine: {'line': b'-- Up-to-date: /home/maddy/iris_test_tool/install/iris_interfaces/include/iris_interfaces/iris_interfaces/msg/detail/follow_path_result__rosidl_typesupport_introspection_c.h\n'}
[1.067857] (iris_interfaces) StdoutLine: {'line': b'-- Up-to-date: /home/maddy/iris_test_tool/install/iris_interfaces/include/iris_interfaces/iris_interfaces/msg/detail/headband_mode__rosidl_typesupport_introspection_c.h\n'}
[1.068101] (iris_interfaces) StdoutLine: {'line': b'-- Up-to-date: /home/maddy/iris_test_tool/install/iris_interfaces/include/iris_interfaces/iris_interfaces/msg/detail/wheel_encoders__rosidl_typesupport_introspection_c.h\n'}
[1.068303] (iris_interfaces) StdoutLine: {'line': b'-- Up-to-date: /home/maddy/iris_test_tool/install/iris_interfaces/include/iris_interfaces/iris_interfaces/msg/detail/vacuum_faults__type_support.c\n'}
[1.068503] (iris_interfaces) StdoutLine: {'line': b'-- Up-to-date: /home/maddy/iris_test_tool/install/iris_interfaces/include/iris_interfaces/iris_interfaces/msg/detail/motor_controller_status__type_support.c\n'}
[1.068690] (iris_interfaces) StdoutLine: {'line': b'-- Up-to-date: /home/maddy/iris_test_tool/install/iris_interfaces/include/iris_interfaces/iris_interfaces/msg/detail/wheel_command_speed__type_support.c\n'}
[1.068882] (iris_interfaces) StdoutLine: {'line': b'-- Up-to-date: /home/maddy/iris_test_tool/install/iris_interfaces/include/iris_interfaces/iris_interfaces/msg/detail/motor_status__rosidl_typesupport_introspection_c.h\n'}
[1.069137] (iris_interfaces) StdoutLine: {'line': b'-- Up-to-date: /home/maddy/iris_test_tool/install/iris_interfaces/include/iris_interfaces/iris_interfaces/msg/detail/brush_faults__rosidl_typesupport_introspection_c.h\n'}
[1.069374] (iris_interfaces) StdoutLine: {'line': b'-- Up-to-date: /home/maddy/iris_test_tool/install/iris_interfaces/include/iris_interfaces/iris_interfaces/msg/detail/motor_status__type_support.c\n'}
[1.069588] (iris_interfaces) StdoutLine: {'line': b'-- Up-to-date: /home/maddy/iris_test_tool/install/iris_interfaces/include/iris_interfaces/iris_interfaces/msg/detail/sensor_status__rosidl_typesupport_introspection_c.h\n'}
[1.069789] (iris_interfaces) StdoutLine: {'line': b'-- Up-to-date: /home/maddy/iris_test_tool/install/iris_interfaces/include/iris_interfaces/iris_interfaces/msg/detail/led_control__rosidl_typesupport_introspection_c.h\n'}
[1.069988] (iris_interfaces) StdoutLine: {'line': b'-- Up-to-date: /home/maddy/iris_test_tool/install/iris_interfaces/include/iris_interfaces/iris_interfaces/msg/detail/a2_fault_status__type_support.c\n'}
[1.070192] (iris_interfaces) StdoutLine: {'line': b'-- Up-to-date: /home/maddy/iris_test_tool/install/iris_interfaces/include/iris_interfaces/iris_interfaces/msg/detail/led_control__type_support.c\n'}
[1.070388] (iris_interfaces) StdoutLine: {'line': b'-- Up-to-date: /home/maddy/iris_test_tool/install/iris_interfaces/include/iris_interfaces/iris_interfaces/msg/detail/mender_client_status__type_support.c\n'}
[1.070590] (iris_interfaces) StdoutLine: {'line': b'-- Up-to-date: /home/maddy/iris_test_tool/install/iris_interfaces/include/iris_interfaces/iris_interfaces/msg/detail/water_tank_levels__type_support.c\n'}
[1.070784] (iris_interfaces) StdoutLine: {'line': b'-- Up-to-date: /home/maddy/iris_test_tool/install/iris_interfaces/include/iris_interfaces/iris_interfaces/msg/detail/brush_faults__type_support.c\n'}
[1.070984] (iris_interfaces) StdoutLine: {'line': b'-- Up-to-date: /home/maddy/iris_test_tool/install/iris_interfaces/include/iris_interfaces/iris_interfaces/msg/detail/ultrasonic_ranges__rosidl_typesupport_introspection_c.h\n'}
[1.071174] (iris_interfaces) StdoutLine: {'line': b'-- Up-to-date: /home/maddy/iris_test_tool/install/iris_interfaces/include/iris_interfaces/iris_interfaces/msg/detail/headband_mode__type_support.c\n'}
[1.071373] (iris_interfaces) StdoutLine: {'line': b'-- Up-to-date: /home/maddy/iris_test_tool/install/iris_interfaces/include/iris_interfaces/iris_interfaces/msg/detail/a2_command__type_support.c\n'}
[1.071601] (iris_interfaces) StdoutLine: {'line': b'-- Up-to-date: /home/maddy/iris_test_tool/install/iris_interfaces/include/iris_interfaces/iris_interfaces/msg/detail/navigation_mode__rosidl_typesupport_introspection_c.h\n'}
[1.071791] (iris_interfaces) StdoutLine: {'line': b'-- Up-to-date: /home/maddy/iris_test_tool/install/iris_interfaces/include/iris_interfaces/iris_interfaces/msg/detail/a2_functional_status__type_support.c\n'}
[1.071991] (iris_interfaces) StdoutLine: {'line': b'-- Up-to-date: /home/maddy/iris_test_tool/install/iris_interfaces/include/iris_interfaces/iris_interfaces/msg/detail/system_software_status__rosidl_typesupport_introspection_c.h\n'}
[1.072183] (iris_interfaces) StdoutLine: {'line': b'-- Up-to-date: /home/maddy/iris_test_tool/install/iris_interfaces/include/iris_interfaces/iris_interfaces/msg/detail/a2_functional_status__rosidl_typesupport_introspection_c.h\n'}
[1.072377] (iris_interfaces) StdoutLine: {'line': b'-- Up-to-date: /home/maddy/iris_test_tool/install/iris_interfaces/include/iris_interfaces/iris_interfaces/msg/detail/a2_command__rosidl_typesupport_introspection_c.h\n'}
[1.072579] (iris_interfaces) StdoutLine: {'line': b'-- Up-to-date: /home/maddy/iris_test_tool/install/iris_interfaces/include/iris_interfaces/iris_interfaces/msg/detail/ota_status__rosidl_typesupport_introspection_c.h\n'}
[1.072778] (iris_interfaces) StdoutLine: {'line': b'-- Up-to-date: /home/maddy/iris_test_tool/install/iris_interfaces/include/iris_interfaces/iris_interfaces/msg/detail/motor_controller_status__rosidl_typesupport_introspection_c.h\n'}
[1.072977] (iris_interfaces) StdoutLine: {'line': b'-- Up-to-date: /home/maddy/iris_test_tool/install/iris_interfaces/include/iris_interfaces/iris_interfaces/msg/detail/ultrasonic_ranges__type_support.c\n'}
[1.073220] (iris_interfaces) StdoutLine: {'line': b'-- Up-to-date: /home/maddy/iris_test_tool/install/iris_interfaces/include/iris_interfaces/iris_interfaces/msg/detail/a5_status__rosidl_typesupport_introspection_c.h\n'}
[1.073447] (iris_interfaces) StdoutLine: {'line': b'-- Up-to-date: /home/maddy/iris_test_tool/install/iris_interfaces/include/iris_interfaces/iris_interfaces/msg/rosidl_typesupport_introspection_c__visibility_control.h\n'}
[1.073650] (iris_interfaces) StdoutLine: {'line': b'-- Up-to-date: /home/maddy/iris_test_tool/install/iris_interfaces/lib/libiris_interfaces__rosidl_typesupport_introspection_c.so\n'}
[1.073877] (iris_interfaces) StdoutLine: {'line': b'-- Up-to-date: /home/maddy/iris_test_tool/install/iris_interfaces/lib/libiris_interfaces__rosidl_typesupport_c.so\n'}
[1.074077] (iris_interfaces) StdoutLine: {'line': b'-- Up-to-date: /home/maddy/iris_test_tool/install/iris_interfaces/include/iris_interfaces/iris_interfaces\n'}
[1.074258] (iris_interfaces) StdoutLine: {'line': b'-- Up-to-date: /home/maddy/iris_test_tool/install/iris_interfaces/include/iris_interfaces/iris_interfaces/srv\n'}
[1.074432] (iris_interfaces) StdoutLine: {'line': b'-- Up-to-date: /home/maddy/iris_test_tool/install/iris_interfaces/include/iris_interfaces/iris_interfaces/srv/reset_wheel_encoders.hpp\n'}
[1.074612] (iris_interfaces) StdoutLine: {'line': b'-- Up-to-date: /home/maddy/iris_test_tool/install/iris_interfaces/include/iris_interfaces/iris_interfaces/srv/update_motor_controller_parameters.hpp\n'}
[1.074782] (iris_interfaces) StdoutLine: {'line': b'-- Up-to-date: /home/maddy/iris_test_tool/install/iris_interfaces/include/iris_interfaces/iris_interfaces/srv/disconnect_wifi.hpp\n'}
[1.074955] (iris_interfaces) StdoutLine: {'line': b'-- Up-to-date: /home/maddy/iris_test_tool/install/iris_interfaces/include/iris_interfaces/iris_interfaces/srv/restart_motor_controller.hpp\n'}
[1.075143] (iris_interfaces) StdoutLine: {'line': b'-- Up-to-date: /home/maddy/iris_test_tool/install/iris_interfaces/include/iris_interfaces/iris_interfaces/srv/reset_a2_faults.hpp\n'}
[1.075330] (iris_interfaces) StdoutLine: {'line': b'-- Up-to-date: /home/maddy/iris_test_tool/install/iris_interfaces/include/iris_interfaces/iris_interfaces/srv/wifi_discovery.hpp\n'}
[1.075516] (iris_interfaces) StdoutLine: {'line': b'-- Up-to-date: /home/maddy/iris_test_tool/install/iris_interfaces/include/iris_interfaces/iris_interfaces/srv/get_wifi_status.hpp\n'}
[1.075709] (iris_interfaces) StdoutLine: {'line': b'-- Up-to-date: /home/maddy/iris_test_tool/install/iris_interfaces/include/iris_interfaces/iris_interfaces/srv/detail\n'}
[1.075905] (iris_interfaces) StdoutLine: {'line': b'-- Up-to-date: /home/maddy/iris_test_tool/install/iris_interfaces/include/iris_interfaces/iris_interfaces/srv/detail/disconnect_wifi__type_support.hpp\n'}
[1.076102] (iris_interfaces) StdoutLine: {'line': b'-- Up-to-date: /home/maddy/iris_test_tool/install/iris_interfaces/include/iris_interfaces/iris_interfaces/srv/detail/process_manager__struct.hpp\n'}
[1.076290] (iris_interfaces) StdoutLine: {'line': b'-- Up-to-date: /home/maddy/iris_test_tool/install/iris_interfaces/include/iris_interfaces/iris_interfaces/srv/detail/restart_motor_controller__struct.hpp\n'}
[1.076491] (iris_interfaces) StdoutLine: {'line': b'-- Up-to-date: /home/maddy/iris_test_tool/install/iris_interfaces/include/iris_interfaces/iris_interfaces/srv/detail/update_motor_controller_parameters__type_support.hpp\n'}
[1.076689] (iris_interfaces) StdoutLine: {'line': b'-- Up-to-date: /home/maddy/iris_test_tool/install/iris_interfaces/include/iris_interfaces/iris_interfaces/srv/detail/reset_wheel_encoders__builder.hpp\n'}
[1.076889] (iris_interfaces) StdoutLine: {'line': b'-- Up-to-date: /home/maddy/iris_test_tool/install/iris_interfaces/include/iris_interfaces/iris_interfaces/srv/detail/connect_wifi__builder.hpp\n'}
[1.077164] (iris_interfaces) StdoutLine: {'line': b'-- Up-to-date: /home/maddy/iris_test_tool/install/iris_interfaces/include/iris_interfaces/iris_interfaces/srv/detail/update_motor_controller_parameters__struct.hpp\n'}
[1.077436] (iris_interfaces) StdoutLine: {'line': b'-- Up-to-date: /home/maddy/iris_test_tool/install/iris_interfaces/include/iris_interfaces/iris_interfaces/srv/detail/process_manager__traits.hpp\n'}
[1.077656] (iris_interfaces) StdoutLine: {'line': b'-- Up-to-date: /home/maddy/iris_test_tool/install/iris_interfaces/include/iris_interfaces/iris_interfaces/srv/detail/restart_motor_controller__traits.hpp\n'}
[1.077866] (iris_interfaces) StdoutLine: {'line': b'-- Up-to-date: /home/maddy/iris_test_tool/install/iris_interfaces/include/iris_interfaces/iris_interfaces/srv/detail/update_motor_controller_parameters__traits.hpp\n'}
[1.078076] (iris_interfaces) StdoutLine: {'line': b'-- Up-to-date: /home/maddy/iris_test_tool/install/iris_interfaces/include/iris_interfaces/iris_interfaces/srv/detail/update_motor_controller_parameters__builder.hpp\n'}
[1.078286] (iris_interfaces) StdoutLine: {'line': b'-- Up-to-date: /home/maddy/iris_test_tool/install/iris_interfaces/include/iris_interfaces/iris_interfaces/srv/detail/reset_a2_faults__type_support.hpp\n'}
[1.078483] (iris_interfaces) StdoutLine: {'line': b'-- Up-to-date: /home/maddy/iris_test_tool/install/iris_interfaces/include/iris_interfaces/iris_interfaces/srv/detail/update_motor_controller_reference_source__builder.hpp\n'}
[1.078777] (iris_interfaces) StdoutLine: {'line': b'-- Up-to-date: /home/maddy/iris_test_tool/install/iris_interfaces/include/iris_interfaces/iris_interfaces/srv/detail/state_manager__struct.hpp\n'}
[1.078927] (iris_interfaces) StdoutLine: {'line': b'-- Up-to-date: /home/maddy/iris_test_tool/install/iris_interfaces/include/iris_interfaces/iris_interfaces/srv/detail/restart_motor_controller__builder.hpp\n'}
[1.079039] (iris_interfaces) StdoutLine: {'line': b'-- Up-to-date: /home/maddy/iris_test_tool/install/iris_interfaces/include/iris_interfaces/iris_interfaces/srv/detail/disconnect_wifi__struct.hpp\n'}
[1.079148] (iris_interfaces) StdoutLine: {'line': b'-- Up-to-date: /home/maddy/iris_test_tool/install/iris_interfaces/include/iris_interfaces/iris_interfaces/srv/detail/connect_wifi__type_support.hpp\n'}
[1.079293] (iris_interfaces) StdoutLine: {'line': b'-- Up-to-date: /home/maddy/iris_test_tool/install/iris_interfaces/include/iris_interfaces/iris_interfaces/srv/detail/update_motor_controller_reference_source__type_support.hpp\n'}
[1.079404] (iris_interfaces) StdoutLine: {'line': b'-- Up-to-date: /home/maddy/iris_test_tool/install/iris_interfaces/include/iris_interfaces/iris_interfaces/srv/detail/get_wifi_status__builder.hpp\n'}
[1.079515] (iris_interfaces) StdoutLine: {'line': b'-- Up-to-date: /home/maddy/iris_test_tool/install/iris_interfaces/include/iris_interfaces/iris_interfaces/srv/detail/state_manager__type_support.hpp\n'}
[1.079622] (iris_interfaces) StdoutLine: {'line': b'-- Up-to-date: /home/maddy/iris_test_tool/install/iris_interfaces/include/iris_interfaces/iris_interfaces/srv/detail/wifi_discovery__traits.hpp\n'}
[1.079731] (iris_interfaces) StdoutLine: {'line': b'-- Up-to-date: /home/maddy/iris_test_tool/install/iris_interfaces/include/iris_interfaces/iris_interfaces/srv/detail/reset_wheel_encoders__struct.hpp\n'}
[1.079838] (iris_interfaces) StdoutLine: {'line': b'-- Up-to-date: /home/maddy/iris_test_tool/install/iris_interfaces/include/iris_interfaces/iris_interfaces/srv/detail/get_wifi_status__struct.hpp\n'}
[1.079945] (iris_interfaces) StdoutLine: {'line': b'-- Up-to-date: /home/maddy/iris_test_tool/install/iris_interfaces/include/iris_interfaces/iris_interfaces/srv/detail/process_manager__type_support.hpp\n'}
[1.080051] (iris_interfaces) StdoutLine: {'line': b'-- Up-to-date: /home/maddy/iris_test_tool/install/iris_interfaces/include/iris_interfaces/iris_interfaces/srv/detail/a2_command__builder.hpp\n'}
[1.080159] (iris_interfaces) StdoutLine: {'line': b'-- Up-to-date: /home/maddy/iris_test_tool/install/iris_interfaces/include/iris_interfaces/iris_interfaces/srv/detail/wifi_discovery__builder.hpp\n'}
[1.080266] (iris_interfaces) StdoutLine: {'line': b'-- Up-to-date: /home/maddy/iris_test_tool/install/iris_interfaces/include/iris_interfaces/iris_interfaces/srv/detail/restart_motor_controller__type_support.hpp\n'}
[1.080391] (iris_interfaces) StdoutLine: {'line': b'-- Up-to-date: /home/maddy/iris_test_tool/install/iris_interfaces/include/iris_interfaces/iris_interfaces/srv/detail/disconnect_wifi__traits.hpp\n'}
[1.080500] (iris_interfaces) StdoutLine: {'line': b'-- Up-to-date: /home/maddy/iris_test_tool/install/iris_interfaces/include/iris_interfaces/iris_interfaces/srv/detail/disconnect_wifi__builder.hpp\n'}
[1.080744] (iris_interfaces) StdoutLine: {'line': b'-- Up-to-date: /home/maddy/iris_test_tool/install/iris_interfaces/include/iris_interfaces/iris_interfaces/srv/detail/connect_wifi__struct.hpp\n'}
[1.080854] (iris_interfaces) StdoutLine: {'line': b'-- Up-to-date: /home/maddy/iris_test_tool/install/iris_interfaces/include/iris_interfaces/iris_interfaces/srv/detail/get_wifi_status__traits.hpp\n'}
[1.081018] (iris_interfaces) StdoutLine: {'line': b'-- Up-to-date: /home/maddy/iris_test_tool/install/iris_interfaces/include/iris_interfaces/iris_interfaces/srv/detail/process_manager__builder.hpp\n'}
[1.081367] (iris_interfaces) StdoutLine: {'line': b'-- Up-to-date: /home/maddy/iris_test_tool/install/iris_interfaces/include/iris_interfaces/iris_interfaces/srv/detail/reset_a2_faults__struct.hpp\n'}
[1.081629] (iris_interfaces) StdoutLine: {'line': b'-- Up-to-date: /home/maddy/iris_test_tool/install/iris_interfaces/include/iris_interfaces/iris_interfaces/srv/detail/reset_wheel_encoders__traits.hpp\n'}
[1.081863] (iris_interfaces) StdoutLine: {'line': b'-- Up-to-date: /home/maddy/iris_test_tool/install/iris_interfaces/include/iris_interfaces/iris_interfaces/srv/detail/update_motor_controller_reference_source__traits.hpp\n'}
[1.082109] (iris_interfaces) StdoutLine: {'line': b'-- Up-to-date: /home/maddy/iris_test_tool/install/iris_interfaces/include/iris_interfaces/iris_interfaces/srv/detail/get_wifi_status__type_support.hpp\n'}
[1.082327] (iris_interfaces) StdoutLine: {'line': b'-- Up-to-date: /home/maddy/iris_test_tool/install/iris_interfaces/include/iris_interfaces/iris_interfaces/srv/detail/reset_wheel_encoders__type_support.hpp\n'}
[1.082523] (iris_interfaces) StdoutLine: {'line': b'-- Up-to-date: /home/maddy/iris_test_tool/install/iris_interfaces/include/iris_interfaces/iris_interfaces/srv/detail/a2_command__type_support.hpp\n'}
[1.082925] (iris_interfaces) StdoutLine: {'line': b'-- Up-to-date: /home/maddy/iris_test_tool/install/iris_interfaces/include/iris_interfaces/iris_interfaces/srv/detail/connect_wifi__traits.hpp\n'}
[1.083120] (iris_interfaces) StdoutLine: {'line': b'-- Up-to-date: /home/maddy/iris_test_tool/install/iris_interfaces/include/iris_interfaces/iris_interfaces/srv/detail/state_manager__traits.hpp\n'}
[1.083308] (iris_interfaces) StdoutLine: {'line': b'-- Up-to-date: /home/maddy/iris_test_tool/install/iris_interfaces/include/iris_interfaces/iris_interfaces/srv/detail/state_manager__builder.hpp\n'}
[1.083486] (iris_interfaces) StdoutLine: {'line': b'-- Up-to-date: /home/maddy/iris_test_tool/install/iris_interfaces/include/iris_interfaces/iris_interfaces/srv/detail/reset_a2_faults__builder.hpp\n'}
[1.083596] (iris_interfaces) StdoutLine: {'line': b'-- Up-to-date: /home/maddy/iris_test_tool/install/iris_interfaces/include/iris_interfaces/iris_interfaces/srv/detail/a2_command__traits.hpp\n'}
[1.083704] (iris_interfaces) StdoutLine: {'line': b'-- Up-to-date: /home/maddy/iris_test_tool/install/iris_interfaces/include/iris_interfaces/iris_interfaces/srv/detail/a2_command__struct.hpp\n'}
[1.083810] (iris_interfaces) StdoutLine: {'line': b'-- Up-to-date: /home/maddy/iris_test_tool/install/iris_interfaces/include/iris_interfaces/iris_interfaces/srv/detail/reset_a2_faults__traits.hpp\n'}
[1.083916] (iris_interfaces) StdoutLine: {'line': b'-- Up-to-date: /home/maddy/iris_test_tool/install/iris_interfaces/include/iris_interfaces/iris_interfaces/srv/detail/wifi_discovery__type_support.hpp\n'}
[1.084022] (iris_interfaces) StdoutLine: {'line': b'-- Up-to-date: /home/maddy/iris_test_tool/install/iris_interfaces/include/iris_interfaces/iris_interfaces/srv/detail/update_motor_controller_reference_source__struct.hpp\n'}
[1.084144] (iris_interfaces) StdoutLine: {'line': b'-- Up-to-date: /home/maddy/iris_test_tool/install/iris_interfaces/include/iris_interfaces/iris_interfaces/srv/detail/wifi_discovery__struct.hpp\n'}
[1.084250] (iris_interfaces) StdoutLine: {'line': b'-- Up-to-date: /home/maddy/iris_test_tool/install/iris_interfaces/include/iris_interfaces/iris_interfaces/srv/process_manager.hpp\n'}
[1.084357] (iris_interfaces) StdoutLine: {'line': b'-- Up-to-date: /home/maddy/iris_test_tool/install/iris_interfaces/include/iris_interfaces/iris_interfaces/srv/state_manager.hpp\n'}
[1.084463] (iris_interfaces) StdoutLine: {'line': b'-- Up-to-date: /home/maddy/iris_test_tool/install/iris_interfaces/include/iris_interfaces/iris_interfaces/srv/connect_wifi.hpp\n'}
[1.084569] (iris_interfaces) StdoutLine: {'line': b'-- Up-to-date: /home/maddy/iris_test_tool/install/iris_interfaces/include/iris_interfaces/iris_interfaces/srv/a2_command.hpp\n'}
[1.084723] (iris_interfaces) StdoutLine: {'line': b'-- Up-to-date: /home/maddy/iris_test_tool/install/iris_interfaces/include/iris_interfaces/iris_interfaces/srv/update_motor_controller_reference_source.hpp\n'}
[1.084975] (iris_interfaces) StdoutLine: {'line': b'-- Up-to-date: /home/maddy/iris_test_tool/install/iris_interfaces/include/iris_interfaces/iris_interfaces/action\n'}
[1.085113] (iris_interfaces) StdoutLine: {'line': b'-- Up-to-date: /home/maddy/iris_test_tool/install/iris_interfaces/include/iris_interfaces/iris_interfaces/action/path_coverage_controller.hpp\n'}
[1.085277] (iris_interfaces) StdoutLine: {'line': b'-- Up-to-date: /home/maddy/iris_test_tool/install/iris_interfaces/include/iris_interfaces/iris_interfaces/action/compute_path_coverage.hpp\n'}
[1.085386] (iris_interfaces) StdoutLine: {'line': b'-- Up-to-date: /home/maddy/iris_test_tool/install/iris_interfaces/include/iris_interfaces/iris_interfaces/action/navigate_path_coverage.hpp\n'}
[1.085494] (iris_interfaces) StdoutLine: {'line': b'-- Up-to-date: /home/maddy/iris_test_tool/install/iris_interfaces/include/iris_interfaces/iris_interfaces/action/detail\n'}
[1.085601] (iris_interfaces) StdoutLine: {'line': b'-- Up-to-date: /home/maddy/iris_test_tool/install/iris_interfaces/include/iris_interfaces/iris_interfaces/action/detail/path_coverage_controller__struct.hpp\n'}
[1.085719] (iris_interfaces) StdoutLine: {'line': b'-- Up-to-date: /home/maddy/iris_test_tool/install/iris_interfaces/include/iris_interfaces/iris_interfaces/action/detail/compute_path_coverage__type_support.hpp\n'}
[1.085833] (iris_interfaces) StdoutLine: {'line': b'-- Up-to-date: /home/maddy/iris_test_tool/install/iris_interfaces/include/iris_interfaces/iris_interfaces/action/detail/navigate_path_coverage__builder.hpp\n'}
[1.085955] (iris_interfaces) StdoutLine: {'line': b'-- Up-to-date: /home/maddy/iris_test_tool/install/iris_interfaces/include/iris_interfaces/iris_interfaces/action/detail/compute_path_coverage__traits.hpp\n'}
[1.086061] (iris_interfaces) StdoutLine: {'line': b'-- Up-to-date: /home/maddy/iris_test_tool/install/iris_interfaces/include/iris_interfaces/iris_interfaces/action/detail/path_coverage_controller__traits.hpp\n'}
[1.086167] (iris_interfaces) StdoutLine: {'line': b'-- Up-to-date: /home/maddy/iris_test_tool/install/iris_interfaces/include/iris_interfaces/iris_interfaces/action/detail/navigate_path_coverage__struct.hpp\n'}
[1.086273] (iris_interfaces) StdoutLine: {'line': b'-- Up-to-date: /home/maddy/iris_test_tool/install/iris_interfaces/include/iris_interfaces/iris_interfaces/action/detail/path_coverage_controller__type_support.hpp\n'}
[1.086379] (iris_interfaces) StdoutLine: {'line': b'-- Up-to-date: /home/maddy/iris_test_tool/install/iris_interfaces/include/iris_interfaces/iris_interfaces/action/detail/navigate_path_coverage__type_support.hpp\n'}
[1.086485] (iris_interfaces) StdoutLine: {'line': b'-- Up-to-date: /home/maddy/iris_test_tool/install/iris_interfaces/include/iris_interfaces/iris_interfaces/action/detail/navigate_path_coverage__traits.hpp\n'}
[1.086591] (iris_interfaces) StdoutLine: {'line': b'-- Up-to-date: /home/maddy/iris_test_tool/install/iris_interfaces/include/iris_interfaces/iris_interfaces/action/detail/compute_path_coverage__builder.hpp\n'}
[1.086705] (iris_interfaces) StdoutLine: {'line': b'-- Up-to-date: /home/maddy/iris_test_tool/install/iris_interfaces/include/iris_interfaces/iris_interfaces/action/detail/path_coverage_controller__builder.hpp\n'}
[1.086811] (iris_interfaces) StdoutLine: {'line': b'-- Up-to-date: /home/maddy/iris_test_tool/install/iris_interfaces/include/iris_interfaces/iris_interfaces/action/detail/compute_path_coverage__struct.hpp\n'}
[1.086918] (iris_interfaces) StdoutLine: {'line': b'-- Up-to-date: /home/maddy/iris_test_tool/install/iris_interfaces/include/iris_interfaces/iris_interfaces/msg\n'}
[1.087024] (iris_interfaces) StdoutLine: {'line': b'-- Up-to-date: /home/maddy/iris_test_tool/install/iris_interfaces/include/iris_interfaces/iris_interfaces/msg/motor_controller_status.hpp\n'}
[1.087130] (iris_interfaces) StdoutLine: {'line': b'-- Up-to-date: /home/maddy/iris_test_tool/install/iris_interfaces/include/iris_interfaces/iris_interfaces/msg/wheel_command_speed.hpp\n'}
[1.087237] (iris_interfaces) StdoutLine: {'line': b'-- Up-to-date: /home/maddy/iris_test_tool/install/iris_interfaces/include/iris_interfaces/iris_interfaces/msg/follow_path_result.hpp\n'}
[1.087343] (iris_interfaces) StdoutLine: {'line': b'-- Up-to-date: /home/maddy/iris_test_tool/install/iris_interfaces/include/iris_interfaces/iris_interfaces/msg/vacuum_status.hpp\n'}
[1.087449] (iris_interfaces) StdoutLine: {'line': b'-- Up-to-date: /home/maddy/iris_test_tool/install/iris_interfaces/include/iris_interfaces/iris_interfaces/msg/actuator_status.hpp\n'}
[1.087559] (iris_interfaces) StdoutLine: {'line': b'-- Up-to-date: /home/maddy/iris_test_tool/install/iris_interfaces/include/iris_interfaces/iris_interfaces/msg/ota_status.hpp\n'}
[1.087665] (iris_interfaces) StdoutLine: {'line': b'-- Up-to-date: /home/maddy/iris_test_tool/install/iris_interfaces/include/iris_interfaces/iris_interfaces/msg/brush_status.hpp\n'}
[1.087770] (iris_interfaces) StdoutLine: {'line': b'-- Up-to-date: /home/maddy/iris_test_tool/install/iris_interfaces/include/iris_interfaces/iris_interfaces/msg/vacuum_faults.hpp\n'}
[1.087875] (iris_interfaces) StdoutLine: {'line': b'-- Up-to-date: /home/maddy/iris_test_tool/install/iris_interfaces/include/iris_interfaces/iris_interfaces/msg/ultrasonic_ranges.hpp\n'}
[1.087981] (iris_interfaces) StdoutLine: {'line': b'-- Up-to-date: /home/maddy/iris_test_tool/install/iris_interfaces/include/iris_interfaces/iris_interfaces/msg/detail\n'}
[1.088087] (iris_interfaces) StdoutLine: {'line': b'-- Up-to-date: /home/maddy/iris_test_tool/install/iris_interfaces/include/iris_interfaces/iris_interfaces/msg/detail/mender_client_status__type_support.hpp\n'}
[1.088193] (iris_interfaces) StdoutLine: {'line': b'-- Up-to-date: /home/maddy/iris_test_tool/install/iris_interfaces/include/iris_interfaces/iris_interfaces/msg/detail/sensor_status__builder.hpp\n'}
[1.088298] (iris_interfaces) StdoutLine: {'line': b'-- Up-to-date: /home/maddy/iris_test_tool/install/iris_interfaces/include/iris_interfaces/iris_interfaces/msg/detail/a2_fault_status__struct.hpp\n'}
[1.088404] (iris_interfaces) StdoutLine: {'line': b'-- Up-to-date: /home/maddy/iris_test_tool/install/iris_interfaces/include/iris_interfaces/iris_interfaces/msg/detail/a5_status__builder.hpp\n'}
[1.088510] (iris_interfaces) StdoutLine: {'line': b'-- Up-to-date: /home/maddy/iris_test_tool/install/iris_interfaces/include/iris_interfaces/iris_interfaces/msg/detail/brush_faults__struct.hpp\n'}
[1.088625] (iris_interfaces) StdoutLine: {'line': b'-- Up-to-date: /home/maddy/iris_test_tool/install/iris_interfaces/include/iris_interfaces/iris_interfaces/msg/detail/navigation_mode__builder.hpp\n'}
[1.088732] (iris_interfaces) StdoutLine: {'line': b'-- Up-to-date: /home/maddy/iris_test_tool/install/iris_interfaces/include/iris_interfaces/iris_interfaces/msg/detail/a2_functional_status__traits.hpp\n'}
[1.088838] (iris_interfaces) StdoutLine: {'line': b'-- Up-to-date: /home/maddy/iris_test_tool/install/iris_interfaces/include/iris_interfaces/iris_interfaces/msg/detail/vacuum_status__struct.hpp\n'}
[1.088953] (iris_interfaces) StdoutLine: {'line': b'-- Up-to-date: /home/maddy/iris_test_tool/install/iris_interfaces/include/iris_interfaces/iris_interfaces/msg/detail/ultrasonic_ranges__struct.hpp\n'}
[1.089075] (iris_interfaces) StdoutLine: {'line': b'-- Up-to-date: /home/maddy/iris_test_tool/install/iris_interfaces/include/iris_interfaces/iris_interfaces/msg/detail/follow_path_result__builder.hpp\n'}
[1.089280] (iris_interfaces) StdoutLine: {'line': b'-- Up-to-date: /home/maddy/iris_test_tool/install/iris_interfaces/include/iris_interfaces/iris_interfaces/msg/detail/vacuum_status__traits.hpp\n'}
[1.089395] (iris_interfaces) StdoutLine: {'line': b'-- Up-to-date: /home/maddy/iris_test_tool/install/iris_interfaces/include/iris_interfaces/iris_interfaces/msg/detail/a2_functional_status__type_support.hpp\n'}
[1.089503] (iris_interfaces) StdoutLine: {'line': b'-- Up-to-date: /home/maddy/iris_test_tool/install/iris_interfaces/include/iris_interfaces/iris_interfaces/msg/detail/navigation_mode__struct.hpp\n'}
[1.089609] (iris_interfaces) StdoutLine: {'line': b'-- Up-to-date: /home/maddy/iris_test_tool/install/iris_interfaces/include/iris_interfaces/iris_interfaces/msg/detail/motor_controller_status__struct.hpp\n'}
[1.089716] (iris_interfaces) StdoutLine: {'line': b'-- Up-to-date: /home/maddy/iris_test_tool/install/iris_interfaces/include/iris_interfaces/iris_interfaces/msg/detail/ota_status__type_support.hpp\n'}
[1.089822] (iris_interfaces) StdoutLine: {'line': b'-- Up-to-date: /home/maddy/iris_test_tool/install/iris_interfaces/include/iris_interfaces/iris_interfaces/msg/detail/system_software_status__traits.hpp\n'}
[1.089928] (iris_interfaces) StdoutLine: {'line': b'-- Up-to-date: /home/maddy/iris_test_tool/install/iris_interfaces/include/iris_interfaces/iris_interfaces/msg/detail/ota_status__struct.hpp\n'}
[1.090065] (iris_interfaces) StdoutLine: {'line': b'-- Up-to-date: /home/maddy/iris_test_tool/install/iris_interfaces/include/iris_interfaces/iris_interfaces/msg/detail/ultrasonic_ranges__builder.hpp\n'}
[1.090174] (iris_interfaces) StdoutLine: {'line': b'-- Up-to-date: /home/maddy/iris_test_tool/install/iris_interfaces/include/iris_interfaces/iris_interfaces/msg/detail/headband_mode__builder.hpp\n'}
[1.090280] (iris_interfaces) StdoutLine: {'line': b'-- Up-to-date: /home/maddy/iris_test_tool/install/iris_interfaces/include/iris_interfaces/iris_interfaces/msg/detail/brush_status__struct.hpp\n'}
[1.090386] (iris_interfaces) StdoutLine: {'line': b'-- Up-to-date: /home/maddy/iris_test_tool/install/iris_interfaces/include/iris_interfaces/iris_interfaces/msg/detail/ultrasonic_ranges__type_support.hpp\n'}
[1.090493] (iris_interfaces) StdoutLine: {'line': b'-- Up-to-date: /home/maddy/iris_test_tool/install/iris_interfaces/include/iris_interfaces/iris_interfaces/msg/detail/system_software_status__type_support.hpp\n'}
[1.090599] (iris_interfaces) StdoutLine: {'line': b'-- Up-to-date: /home/maddy/iris_test_tool/install/iris_interfaces/include/iris_interfaces/iris_interfaces/msg/detail/follow_path_result__struct.hpp\n'}
[1.090705] (iris_interfaces) StdoutLine: {'line': b'-- Up-to-date: /home/maddy/iris_test_tool/install/iris_interfaces/include/iris_interfaces/iris_interfaces/msg/detail/wheel_command_speed__type_support.hpp\n'}
[1.090812] (iris_interfaces) StdoutLine: {'line': b'-- Up-to-date: /home/maddy/iris_test_tool/install/iris_interfaces/include/iris_interfaces/iris_interfaces/msg/detail/wheel_command_speed__struct.hpp\n'}
[1.090918] (iris_interfaces) StdoutLine: {'line': b'-- Up-to-date: /home/maddy/iris_test_tool/install/iris_interfaces/include/iris_interfaces/iris_interfaces/msg/detail/navigation_mode__traits.hpp\n'}
[1.091025] (iris_interfaces) StdoutLine: {'line': b'-- Up-to-date: /home/maddy/iris_test_tool/install/iris_interfaces/include/iris_interfaces/iris_interfaces/msg/detail/mender_client_status__builder.hpp\n'}
[1.091135] (iris_interfaces) StdoutLine: {'line': b'-- Up-to-date: /home/maddy/iris_test_tool/install/iris_interfaces/include/iris_interfaces/iris_interfaces/msg/detail/water_tank_levels__traits.hpp\n'}
[1.091250] (iris_interfaces) StdoutLine: {'line': b'-- Up-to-date: /home/maddy/iris_test_tool/install/iris_interfaces/include/iris_interfaces/iris_interfaces/msg/detail/actuator_status__builder.hpp\n'}
[1.091356] (iris_interfaces) StdoutLine: {'line': b'-- Up-to-date: /home/maddy/iris_test_tool/install/iris_interfaces/include/iris_interfaces/iris_interfaces/msg/detail/system_software_status__struct.hpp\n'}
[1.091462] (iris_interfaces) StdoutLine: {'line': b'-- Up-to-date: /home/maddy/iris_test_tool/install/iris_interfaces/include/iris_interfaces/iris_interfaces/msg/detail/wheel_command_speed__builder.hpp\n'}
[1.091576] (iris_interfaces) StdoutLine: {'line': b'-- Up-to-date: /home/maddy/iris_test_tool/install/iris_interfaces/include/iris_interfaces/iris_interfaces/msg/detail/led_control__traits.hpp\n'}
[1.091682] (iris_interfaces) StdoutLine: {'line': b'-- Up-to-date: /home/maddy/iris_test_tool/install/iris_interfaces/include/iris_interfaces/iris_interfaces/msg/detail/wheel_encoders__builder.hpp\n'}
[1.091788] (iris_interfaces) StdoutLine: {'line': b'-- Up-to-date: /home/maddy/iris_test_tool/install/iris_interfaces/include/iris_interfaces/iris_interfaces/msg/detail/mender_client_status__struct.hpp\n'}
[1.091894] (iris_interfaces) StdoutLine: {'line': b'-- Up-to-date: /home/maddy/iris_test_tool/install/iris_interfaces/include/iris_interfaces/iris_interfaces/msg/detail/sensor_status__struct.hpp\n'}
[1.091999] (iris_interfaces) StdoutLine: {'line': b'-- Up-to-date: /home/maddy/iris_test_tool/install/iris_interfaces/include/iris_interfaces/iris_interfaces/msg/detail/a2_fault_status__builder.hpp\n'}
[1.092105] (iris_interfaces) StdoutLine: {'line': b'-- Up-to-date: /home/maddy/iris_test_tool/install/iris_interfaces/include/iris_interfaces/iris_interfaces/msg/detail/vacuum_faults__struct.hpp\n'}
[1.092322] (iris_interfaces) StdoutLine: {'line': b'-- Up-to-date: /home/maddy/iris_test_tool/install/iris_interfaces/include/iris_interfaces/iris_interfaces/msg/detail/ultrasonic_ranges__traits.hpp\n'}
[1.092541] (iris_interfaces) StdoutLine: {'line': b'-- Up-to-date: /home/maddy/iris_test_tool/install/iris_interfaces/include/iris_interfaces/iris_interfaces/msg/detail/headband_mode__traits.hpp\n'}
[1.092656] (iris_interfaces) StdoutLine: {'line': b'-- Up-to-date: /home/maddy/iris_test_tool/install/iris_interfaces/include/iris_interfaces/iris_interfaces/msg/detail/brush_faults__builder.hpp\n'}
[1.092762] (iris_interfaces) StdoutLine: {'line': b'-- Up-to-date: /home/maddy/iris_test_tool/install/iris_interfaces/include/iris_interfaces/iris_interfaces/msg/detail/a5_status__type_support.hpp\n'}
[1.092868] (iris_interfaces) StdoutLine: {'line': b'-- Up-to-date: /home/maddy/iris_test_tool/install/iris_interfaces/include/iris_interfaces/iris_interfaces/msg/detail/vacuum_faults__traits.hpp\n'}
[1.092974] (iris_interfaces) StdoutLine: {'line': b'-- Up-to-date: /home/maddy/iris_test_tool/install/iris_interfaces/include/iris_interfaces/iris_interfaces/msg/detail/a2_command__builder.hpp\n'}
[1.093110] (iris_interfaces) StdoutLine: {'line': b'-- Up-to-date: /home/maddy/iris_test_tool/install/iris_interfaces/include/iris_interfaces/iris_interfaces/msg/detail/headband_mode__struct.hpp\n'}
[1.093274] (iris_interfaces) StdoutLine: {'line': b'-- Up-to-date: /home/maddy/iris_test_tool/install/iris_interfaces/include/iris_interfaces/iris_interfaces/msg/detail/water_tank_levels__struct.hpp\n'}
[1.093383] (iris_interfaces) StdoutLine: {'line': b'-- Up-to-date: /home/maddy/iris_test_tool/install/iris_interfaces/include/iris_interfaces/iris_interfaces/msg/detail/led_control__builder.hpp\n'}
[1.093489] (iris_interfaces) StdoutLine: {'line': b'-- Up-to-date: /home/maddy/iris_test_tool/install/iris_interfaces/include/iris_interfaces/iris_interfaces/msg/detail/follow_path_result__traits.hpp\n'}
[1.093595] (iris_interfaces) StdoutLine: {'line': b'-- Up-to-date: /home/maddy/iris_test_tool/install/iris_interfaces/include/iris_interfaces/iris_interfaces/msg/detail/motor_controller_status__traits.hpp\n'}
[1.093710] (iris_interfaces) StdoutLine: {'line': b'-- Up-to-date: /home/maddy/iris_test_tool/install/iris_interfaces/include/iris_interfaces/iris_interfaces/msg/detail/brush_status__type_support.hpp\n'}
[1.093816] (iris_interfaces) StdoutLine: {'line': b'-- Up-to-date: /home/maddy/iris_test_tool/install/iris_interfaces/include/iris_interfaces/iris_interfaces/msg/detail/actuator_status__struct.hpp\n'}
[1.093922] (iris_interfaces) StdoutLine: {'line': b'-- Up-to-date: /home/maddy/iris_test_tool/install/iris_interfaces/include/iris_interfaces/iris_interfaces/msg/detail/actuator_status__traits.hpp\n'}
[1.094027] (iris_interfaces) StdoutLine: {'line': b'-- Up-to-date: /home/maddy/iris_test_tool/install/iris_interfaces/include/iris_interfaces/iris_interfaces/msg/detail/brush_faults__type_support.hpp\n'}
[1.094156] (iris_interfaces) StdoutLine: {'line': b'-- Up-to-date: /home/maddy/iris_test_tool/install/iris_interfaces/include/iris_interfaces/iris_interfaces/msg/detail/a2_functional_status__builder.hpp\n'}
[1.094287] (iris_interfaces) StdoutLine: {'line': b'-- Up-to-date: /home/maddy/iris_test_tool/install/iris_interfaces/include/iris_interfaces/iris_interfaces/msg/detail/a5_status__traits.hpp\n'}
[1.094394] (iris_interfaces) StdoutLine: {'line': b'-- Up-to-date: /home/maddy/iris_test_tool/install/iris_interfaces/include/iris_interfaces/iris_interfaces/msg/detail/vacuum_faults__type_support.hpp\n'}
[1.094501] (iris_interfaces) StdoutLine: {'line': b'-- Up-to-date: /home/maddy/iris_test_tool/install/iris_interfaces/include/iris_interfaces/iris_interfaces/msg/detail/motor_controller_status__type_support.hpp\n'}
[1.094607] (iris_interfaces) StdoutLine: {'line': b'-- Up-to-date: /home/maddy/iris_test_tool/install/iris_interfaces/include/iris_interfaces/iris_interfaces/msg/detail/vacuum_status__builder.hpp\n'}
[1.094770] (iris_interfaces) StdoutLine: {'line': b'-- Up-to-date: /home/maddy/iris_test_tool/install/iris_interfaces/include/iris_interfaces/iris_interfaces/msg/detail/mender_client_status__traits.hpp\n'}
[1.094879] (iris_interfaces) StdoutLine: {'line': b'-- Up-to-date: /home/maddy/iris_test_tool/install/iris_interfaces/include/iris_interfaces/iris_interfaces/msg/detail/a2_fault_status__type_support.hpp\n'}
[1.094994] (iris_interfaces) StdoutLine: {'line': b'-- Up-to-date: /home/maddy/iris_test_tool/install/iris_interfaces/include/iris_interfaces/iris_interfaces/msg/detail/system_software_status__builder.hpp\n'}
[1.095101] (iris_interfaces) StdoutLine: {'line': b'-- Up-to-date: /home/maddy/iris_test_tool/install/iris_interfaces/include/iris_interfaces/iris_interfaces/msg/detail/wheel_encoders__struct.hpp\n'}
[1.095207] (iris_interfaces) StdoutLine: {'line': b'-- Up-to-date: /home/maddy/iris_test_tool/install/iris_interfaces/include/iris_interfaces/iris_interfaces/msg/detail/water_tank_levels__builder.hpp\n'}
[1.095313] (iris_interfaces) StdoutLine: {'line': b'-- Up-to-date: /home/maddy/iris_test_tool/install/iris_interfaces/include/iris_interfaces/iris_interfaces/msg/detail/motor_status__builder.hpp\n'}
[1.095419] (iris_interfaces) StdoutLine: {'line': b'-- Up-to-date: /home/maddy/iris_test_tool/install/iris_interfaces/include/iris_interfaces/iris_interfaces/msg/detail/sensor_status__traits.hpp\n'}
[1.095524] (iris_interfaces) StdoutLine: {'line': b'-- Up-to-date: /home/maddy/iris_test_tool/install/iris_interfaces/include/iris_interfaces/iris_interfaces/msg/detail/sensor_status__type_support.hpp\n'}
[1.095645] (iris_interfaces) StdoutLine: {'line': b'-- Up-to-date: /home/maddy/iris_test_tool/install/iris_interfaces/include/iris_interfaces/iris_interfaces/msg/detail/brush_status__traits.hpp\n'}
[1.095751] (iris_interfaces) StdoutLine: {'line': b'-- Up-to-date: /home/maddy/iris_test_tool/install/iris_interfaces/include/iris_interfaces/iris_interfaces/msg/detail/a2_fault_status__traits.hpp\n'}
[1.095857] (iris_interfaces) StdoutLine: {'line': b'-- Up-to-date: /home/maddy/iris_test_tool/install/iris_interfaces/include/iris_interfaces/iris_interfaces/msg/detail/wheel_encoders__type_support.hpp\n'}
[1.095969] (iris_interfaces) StdoutLine: {'line': b'-- Up-to-date: /home/maddy/iris_test_tool/install/iris_interfaces/include/iris_interfaces/iris_interfaces/msg/detail/brush_status__builder.hpp\n'}
[1.096075] (iris_interfaces) StdoutLine: {'line': b'-- Up-to-date: /home/maddy/iris_test_tool/install/iris_interfaces/include/iris_interfaces/iris_interfaces/msg/detail/vacuum_faults__builder.hpp\n'}
[1.096181] (iris_interfaces) StdoutLine: {'line': b'-- Up-to-date: /home/maddy/iris_test_tool/install/iris_interfaces/include/iris_interfaces/iris_interfaces/msg/detail/ota_status__traits.hpp\n'}
[1.096287] (iris_interfaces) StdoutLine: {'line': b'-- Up-to-date: /home/maddy/iris_test_tool/install/iris_interfaces/include/iris_interfaces/iris_interfaces/msg/detail/motor_status__traits.hpp\n'}
[1.096393] (iris_interfaces) StdoutLine: {'line': b'-- Up-to-date: /home/maddy/iris_test_tool/install/iris_interfaces/include/iris_interfaces/iris_interfaces/msg/detail/led_control__type_support.hpp\n'}
[1.096499] (iris_interfaces) StdoutLine: {'line': b'-- Up-to-date: /home/maddy/iris_test_tool/install/iris_interfaces/include/iris_interfaces/iris_interfaces/msg/detail/a2_command__type_support.hpp\n'}
[1.096608] (iris_interfaces) StdoutLine: {'line': b'-- Up-to-date: /home/maddy/iris_test_tool/install/iris_interfaces/include/iris_interfaces/iris_interfaces/msg/detail/a5_status__struct.hpp\n'}
[1.096818] (iris_interfaces) StdoutLine: {'line': b'-- Up-to-date: /home/maddy/iris_test_tool/install/iris_interfaces/include/iris_interfaces/iris_interfaces/msg/detail/led_control__struct.hpp\n'}
[1.097016] (iris_interfaces) StdoutLine: {'line': b'-- Up-to-date: /home/maddy/iris_test_tool/install/iris_interfaces/include/iris_interfaces/iris_interfaces/msg/detail/ota_status__builder.hpp\n'}
[1.097265] (iris_interfaces) StdoutLine: {'line': b'-- Up-to-date: /home/maddy/iris_test_tool/install/iris_interfaces/include/iris_interfaces/iris_interfaces/msg/detail/motor_status__struct.hpp\n'}
[1.097456] (iris_interfaces) StdoutLine: {'line': b'-- Up-to-date: /home/maddy/iris_test_tool/install/iris_interfaces/include/iris_interfaces/iris_interfaces/msg/detail/actuator_status__type_support.hpp\n'}
[1.097638] (iris_interfaces) StdoutLine: {'line': b'-- Up-to-date: /home/maddy/iris_test_tool/install/iris_interfaces/include/iris_interfaces/iris_interfaces/msg/detail/wheel_encoders__traits.hpp\n'}
[1.097828] (iris_interfaces) StdoutLine: {'line': b'-- Up-to-date: /home/maddy/iris_test_tool/install/iris_interfaces/include/iris_interfaces/iris_interfaces/msg/detail/a2_functional_status__struct.hpp\n'}
[1.098022] (iris_interfaces) StdoutLine: {'line': b'-- Up-to-date: /home/maddy/iris_test_tool/install/iris_interfaces/include/iris_interfaces/iris_interfaces/msg/detail/vacuum_status__type_support.hpp\n'}
[1.098220] (iris_interfaces) StdoutLine: {'line': b'-- Up-to-date: /home/maddy/iris_test_tool/install/iris_interfaces/include/iris_interfaces/iris_interfaces/msg/detail/a2_command__traits.hpp\n'}
[1.098523] (iris_interfaces) StdoutLine: {'line': b'-- Up-to-date: /home/maddy/iris_test_tool/install/iris_interfaces/include/iris_interfaces/iris_interfaces/msg/detail/motor_status__type_support.hpp\n'}
[1.098722] (iris_interfaces) StdoutLine: {'line': b'-- Up-to-date: /home/maddy/iris_test_tool/install/iris_interfaces/include/iris_interfaces/iris_interfaces/msg/detail/follow_path_result__type_support.hpp\n'}
[1.098905] (iris_interfaces) StdoutLine: {'line': b'-- Up-to-date: /home/maddy/iris_test_tool/install/iris_interfaces/include/iris_interfaces/iris_interfaces/msg/detail/wheel_command_speed__traits.hpp\n'}
[1.099086] (iris_interfaces) StdoutLine: {'line': b'-- Up-to-date: /home/maddy/iris_test_tool/install/iris_interfaces/include/iris_interfaces/iris_interfaces/msg/detail/water_tank_levels__type_support.hpp\n'}
[1.099269] (iris_interfaces) StdoutLine: {'line': b'-- Up-to-date: /home/maddy/iris_test_tool/install/iris_interfaces/include/iris_interfaces/iris_interfaces/msg/detail/motor_controller_status__builder.hpp\n'}
[1.099483] (iris_interfaces) StdoutLine: {'line': b'-- Up-to-date: /home/maddy/iris_test_tool/install/iris_interfaces/include/iris_interfaces/iris_interfaces/msg/detail/headband_mode__type_support.hpp\n'}
[1.099675] (iris_interfaces) StdoutLine: {'line': b'-- Up-to-date: /home/maddy/iris_test_tool/install/iris_interfaces/include/iris_interfaces/iris_interfaces/msg/detail/a2_command__struct.hpp\n'}
[1.099855] (iris_interfaces) StdoutLine: {'line': b'-- Up-to-date: /home/maddy/iris_test_tool/install/iris_interfaces/include/iris_interfaces/iris_interfaces/msg/detail/navigation_mode__type_support.hpp\n'}
[1.100043] (iris_interfaces) StdoutLine: {'line': b'-- Up-to-date: /home/maddy/iris_test_tool/install/iris_interfaces/include/iris_interfaces/iris_interfaces/msg/detail/brush_faults__traits.hpp\n'}
[1.100226] (iris_interfaces) StdoutLine: {'line': b'-- Up-to-date: /home/maddy/iris_test_tool/install/iris_interfaces/include/iris_interfaces/iris_interfaces/msg/system_software_status.hpp\n'}
[1.100424] (iris_interfaces) StdoutLine: {'line': b'-- Up-to-date: /home/maddy/iris_test_tool/install/iris_interfaces/include/iris_interfaces/iris_interfaces/msg/a5_status.hpp\n'}
[1.100606] (iris_interfaces) StdoutLine: {'line': b'-- Up-to-date: /home/maddy/iris_test_tool/install/iris_interfaces/include/iris_interfaces/iris_interfaces/msg/rosidl_generator_cpp__visibility_control.hpp\n'}
[1.100775] (-) TimerEvent: {}
[1.101002] (iris_interfaces) StdoutLine: {'line': b'-- Up-to-date: /home/maddy/iris_test_tool/install/iris_interfaces/include/iris_interfaces/iris_interfaces/msg/brush_faults.hpp\n'}
[1.101223] (iris_interfaces) StdoutLine: {'line': b'-- Up-to-date: /home/maddy/iris_test_tool/install/iris_interfaces/include/iris_interfaces/iris_interfaces/msg/navigation_mode.hpp\n'}
[1.101611] (iris_interfaces) StdoutLine: {'line': b'-- Up-to-date: /home/maddy/iris_test_tool/install/iris_interfaces/include/iris_interfaces/iris_interfaces/msg/a2_command.hpp\n'}
[1.101965] (iris_interfaces) StdoutLine: {'line': b'-- Up-to-date: /home/maddy/iris_test_tool/install/iris_interfaces/include/iris_interfaces/iris_interfaces/msg/mender_client_status.hpp\n'}
[1.102231] (iris_interfaces) StdoutLine: {'line': b'-- Up-to-date: /home/maddy/iris_test_tool/install/iris_interfaces/include/iris_interfaces/iris_interfaces/msg/motor_status.hpp\n'}
[1.102410] (iris_interfaces) StdoutLine: {'line': b'-- Up-to-date: /home/maddy/iris_test_tool/install/iris_interfaces/include/iris_interfaces/iris_interfaces/msg/led_control.hpp\n'}
[1.102581] (iris_interfaces) StdoutLine: {'line': b'-- Up-to-date: /home/maddy/iris_test_tool/install/iris_interfaces/include/iris_interfaces/iris_interfaces/msg/water_tank_levels.hpp\n'}
[1.102754] (iris_interfaces) StdoutLine: {'line': b'-- Up-to-date: /home/maddy/iris_test_tool/install/iris_interfaces/include/iris_interfaces/iris_interfaces/msg/a2_fault_status.hpp\n'}
[1.102925] (iris_interfaces) StdoutLine: {'line': b'-- Up-to-date: /home/maddy/iris_test_tool/install/iris_interfaces/include/iris_interfaces/iris_interfaces/msg/wheel_encoders.hpp\n'}
[1.103099] (iris_interfaces) StdoutLine: {'line': b'-- Up-to-date: /home/maddy/iris_test_tool/install/iris_interfaces/include/iris_interfaces/iris_interfaces/msg/headband_mode.hpp\n'}
[1.103261] (iris_interfaces) StdoutLine: {'line': b'-- Up-to-date: /home/maddy/iris_test_tool/install/iris_interfaces/include/iris_interfaces/iris_interfaces/msg/a2_functional_status.hpp\n'}
[1.103418] (iris_interfaces) StdoutLine: {'line': b'-- Up-to-date: /home/maddy/iris_test_tool/install/iris_interfaces/include/iris_interfaces/iris_interfaces/msg/sensor_status.hpp\n'}
[1.103608] (iris_interfaces) StdoutLine: {'line': b'-- Up-to-date: /home/maddy/iris_test_tool/install/iris_interfaces/include/iris_interfaces/iris_interfaces\n'}
[1.103782] (iris_interfaces) StdoutLine: {'line': b'-- Up-to-date: /home/maddy/iris_test_tool/install/iris_interfaces/include/iris_interfaces/iris_interfaces/srv\n'}
[1.103954] (iris_interfaces) StdoutLine: {'line': b'-- Up-to-date: /home/maddy/iris_test_tool/install/iris_interfaces/include/iris_interfaces/iris_interfaces/srv/detail\n'}
[1.104144] (iris_interfaces) StdoutLine: {'line': b'-- Up-to-date: /home/maddy/iris_test_tool/install/iris_interfaces/include/iris_interfaces/iris_interfaces/srv/detail/dds_fastrtps\n'}
[1.104340] (iris_interfaces) StdoutLine: {'line': b'-- Up-to-date: /home/maddy/iris_test_tool/install/iris_interfaces/include/iris_interfaces/iris_interfaces/srv/detail/update_motor_controller_parameters__rosidl_typesupport_fastrtps_cpp.hpp\n'}
[1.104623] (iris_interfaces) StdoutLine: {'line': b'-- Up-to-date: /home/maddy/iris_test_tool/install/iris_interfaces/include/iris_interfaces/iris_interfaces/srv/detail/reset_a2_faults__rosidl_typesupport_fastrtps_cpp.hpp\n'}
[1.104813] (iris_interfaces) StdoutLine: {'line': b'-- Up-to-date: /home/maddy/iris_test_tool/install/iris_interfaces/include/iris_interfaces/iris_interfaces/srv/detail/state_manager__rosidl_typesupport_fastrtps_cpp.hpp\n'}
[1.104988] (iris_interfaces) StdoutLine: {'line': b'-- Up-to-date: /home/maddy/iris_test_tool/install/iris_interfaces/include/iris_interfaces/iris_interfaces/srv/detail/reset_wheel_encoders__rosidl_typesupport_fastrtps_cpp.hpp\n'}
[1.105206] (iris_interfaces) StdoutLine: {'line': b'-- Up-to-date: /home/maddy/iris_test_tool/install/iris_interfaces/include/iris_interfaces/iris_interfaces/srv/detail/connect_wifi__rosidl_typesupport_fastrtps_cpp.hpp\n'}
[1.105397] (iris_interfaces) StdoutLine: {'line': b'-- Up-to-date: /home/maddy/iris_test_tool/install/iris_interfaces/include/iris_interfaces/iris_interfaces/srv/detail/update_motor_controller_reference_source__rosidl_typesupport_fastrtps_cpp.hpp\n'}
[1.105567] (iris_interfaces) StdoutLine: {'line': b'-- Up-to-date: /home/maddy/iris_test_tool/install/iris_interfaces/include/iris_interfaces/iris_interfaces/srv/detail/get_wifi_status__rosidl_typesupport_fastrtps_cpp.hpp\n'}
[1.105736] (iris_interfaces) StdoutLine: {'line': b'-- Up-to-date: /home/maddy/iris_test_tool/install/iris_interfaces/include/iris_interfaces/iris_interfaces/srv/detail/process_manager__rosidl_typesupport_fastrtps_cpp.hpp\n'}
[1.105962] (iris_interfaces) StdoutLine: {'line': b'-- Up-to-date: /home/maddy/iris_test_tool/install/iris_interfaces/include/iris_interfaces/iris_interfaces/srv/detail/disconnect_wifi__rosidl_typesupport_fastrtps_cpp.hpp\n'}
[1.106127] (iris_interfaces) StdoutLine: {'line': b'-- Up-to-date: /home/maddy/iris_test_tool/install/iris_interfaces/include/iris_interfaces/iris_interfaces/srv/detail/a2_command__rosidl_typesupport_fastrtps_cpp.hpp\n'}
[1.106331] (iris_interfaces) StdoutLine: {'line': b'-- Up-to-date: /home/maddy/iris_test_tool/install/iris_interfaces/include/iris_interfaces/iris_interfaces/srv/detail/restart_motor_controller__rosidl_typesupport_fastrtps_cpp.hpp\n'}
[1.106559] (iris_interfaces) StdoutLine: {'line': b'-- Up-to-date: /home/maddy/iris_test_tool/install/iris_interfaces/include/iris_interfaces/iris_interfaces/srv/detail/wifi_discovery__rosidl_typesupport_fastrtps_cpp.hpp\n'}
[1.106747] (iris_interfaces) StdoutLine: {'line': b'-- Up-to-date: /home/maddy/iris_test_tool/install/iris_interfaces/include/iris_interfaces/iris_interfaces/action\n'}
[1.106982] (iris_interfaces) StdoutLine: {'line': b'-- Up-to-date: /home/maddy/iris_test_tool/install/iris_interfaces/include/iris_interfaces/iris_interfaces/action/detail\n'}
[1.107153] (iris_interfaces) StdoutLine: {'line': b'-- Up-to-date: /home/maddy/iris_test_tool/install/iris_interfaces/include/iris_interfaces/iris_interfaces/action/detail/compute_path_coverage__rosidl_typesupport_fastrtps_cpp.hpp\n'}
[1.107319] (iris_interfaces) StdoutLine: {'line': b'-- Up-to-date: /home/maddy/iris_test_tool/install/iris_interfaces/include/iris_interfaces/iris_interfaces/action/detail/dds_fastrtps\n'}
[1.107493] (iris_interfaces) StdoutLine: {'line': b'-- Up-to-date: /home/maddy/iris_test_tool/install/iris_interfaces/include/iris_interfaces/iris_interfaces/action/detail/navigate_path_coverage__rosidl_typesupport_fastrtps_cpp.hpp\n'}
[1.107684] (iris_interfaces) StdoutLine: {'line': b'-- Up-to-date: /home/maddy/iris_test_tool/install/iris_interfaces/include/iris_interfaces/iris_interfaces/action/detail/path_coverage_controller__rosidl_typesupport_fastrtps_cpp.hpp\n'}
[1.107875] (iris_interfaces) StdoutLine: {'line': b'-- Up-to-date: /home/maddy/iris_test_tool/install/iris_interfaces/include/iris_interfaces/iris_interfaces/msg\n'}
[1.108054] (iris_interfaces) StdoutLine: {'line': b'-- Up-to-date: /home/maddy/iris_test_tool/install/iris_interfaces/include/iris_interfaces/iris_interfaces/msg/rosidl_typesupport_fastrtps_cpp__visibility_control.h\n'}
[1.108230] (iris_interfaces) StdoutLine: {'line': b'-- Up-to-date: /home/maddy/iris_test_tool/install/iris_interfaces/include/iris_interfaces/iris_interfaces/msg/detail\n'}
[1.108407] (iris_interfaces) StdoutLine: {'line': b'-- Up-to-date: /home/maddy/iris_test_tool/install/iris_interfaces/include/iris_interfaces/iris_interfaces/msg/detail/follow_path_result__rosidl_typesupport_fastrtps_cpp.hpp\n'}
[1.108583] (iris_interfaces) StdoutLine: {'line': b'-- Up-to-date: /home/maddy/iris_test_tool/install/iris_interfaces/include/iris_interfaces/iris_interfaces/msg/detail/dds_fastrtps\n'}
[1.108758] (iris_interfaces) StdoutLine: {'line': b'-- Up-to-date: /home/maddy/iris_test_tool/install/iris_interfaces/include/iris_interfaces/iris_interfaces/msg/detail/system_software_status__rosidl_typesupport_fastrtps_cpp.hpp\n'}
[1.109174] (iris_interfaces) StdoutLine: {'line': b'-- Up-to-date: /home/maddy/iris_test_tool/install/iris_interfaces/include/iris_interfaces/iris_interfaces/msg/detail/navigation_mode__rosidl_typesupport_fastrtps_cpp.hpp\n'}
[1.109396] (iris_interfaces) StdoutLine: {'line': b'-- Up-to-date: /home/maddy/iris_test_tool/install/iris_interfaces/include/iris_interfaces/iris_interfaces/msg/detail/vacuum_faults__rosidl_typesupport_fastrtps_cpp.hpp\n'}
[1.109552] (iris_interfaces) StdoutLine: {'line': b'-- Up-to-date: /home/maddy/iris_test_tool/install/iris_interfaces/include/iris_interfaces/iris_interfaces/msg/detail/sensor_status__rosidl_typesupport_fastrtps_cpp.hpp\n'}
[1.109661] (iris_interfaces) StdoutLine: {'line': b'-- Up-to-date: /home/maddy/iris_test_tool/install/iris_interfaces/include/iris_interfaces/iris_interfaces/msg/detail/vacuum_status__rosidl_typesupport_fastrtps_cpp.hpp\n'}
[1.109834] (iris_interfaces) StdoutLine: {'line': b'-- Up-to-date: /home/maddy/iris_test_tool/install/iris_interfaces/include/iris_interfaces/iris_interfaces/msg/detail/a2_fault_status__rosidl_typesupport_fastrtps_cpp.hpp\n'}
[1.110063] (iris_interfaces) StdoutLine: {'line': b'-- Up-to-date: /home/maddy/iris_test_tool/install/iris_interfaces/include/iris_interfaces/iris_interfaces/msg/detail/motor_status__rosidl_typesupport_fastrtps_cpp.hpp\n'}
[1.110250] (iris_interfaces) StdoutLine: {'line': b'-- Up-to-date: /home/maddy/iris_test_tool/install/iris_interfaces/include/iris_interfaces/iris_interfaces/msg/detail/ultrasonic_ranges__rosidl_typesupport_fastrtps_cpp.hpp\n'}
[1.110413] (iris_interfaces) StdoutLine: {'line': b'-- Up-to-date: /home/maddy/iris_test_tool/install/iris_interfaces/include/iris_interfaces/iris_interfaces/msg/detail/mender_client_status__rosidl_typesupport_fastrtps_cpp.hpp\n'}
[1.110581] (iris_interfaces) StdoutLine: {'line': b'-- Up-to-date: /home/maddy/iris_test_tool/install/iris_interfaces/include/iris_interfaces/iris_interfaces/msg/detail/ota_status__rosidl_typesupport_fastrtps_cpp.hpp\n'}
[1.110906] (iris_interfaces) StdoutLine: {'line': b'-- Up-to-date: /home/maddy/iris_test_tool/install/iris_interfaces/include/iris_interfaces/iris_interfaces/msg/detail/brush_faults__rosidl_typesupport_fastrtps_cpp.hpp\n'}
[1.111051] (iris_interfaces) StdoutLine: {'line': b'-- Up-to-date: /home/maddy/iris_test_tool/install/iris_interfaces/include/iris_interfaces/iris_interfaces/msg/detail/headband_mode__rosidl_typesupport_fastrtps_cpp.hpp\n'}
[1.111202] (iris_interfaces) StdoutLine: {'line': b'-- Up-to-date: /home/maddy/iris_test_tool/install/iris_interfaces/include/iris_interfaces/iris_interfaces/msg/detail/wheel_encoders__rosidl_typesupport_fastrtps_cpp.hpp\n'}
[1.111399] (iris_interfaces) StdoutLine: {'line': b'-- Up-to-date: /home/maddy/iris_test_tool/install/iris_interfaces/include/iris_interfaces/iris_interfaces/msg/detail/motor_controller_status__rosidl_typesupport_fastrtps_cpp.hpp\n'}
[1.111599] (iris_interfaces) StdoutLine: {'line': b'-- Up-to-date: /home/maddy/iris_test_tool/install/iris_interfaces/include/iris_interfaces/iris_interfaces/msg/detail/actuator_status__rosidl_typesupport_fastrtps_cpp.hpp\n'}
[1.111790] (iris_interfaces) StdoutLine: {'line': b'-- Up-to-date: /home/maddy/iris_test_tool/install/iris_interfaces/include/iris_interfaces/iris_interfaces/msg/detail/brush_status__rosidl_typesupport_fastrtps_cpp.hpp\n'}
[1.111946] (iris_interfaces) StdoutLine: {'line': b'-- Up-to-date: /home/maddy/iris_test_tool/install/iris_interfaces/include/iris_interfaces/iris_interfaces/msg/detail/wheel_command_speed__rosidl_typesupport_fastrtps_cpp.hpp\n'}
[1.112122] (iris_interfaces) StdoutLine: {'line': b'-- Up-to-date: /home/maddy/iris_test_tool/install/iris_interfaces/include/iris_interfaces/iris_interfaces/msg/detail/a2_command__rosidl_typesupport_fastrtps_cpp.hpp\n'}
[1.112275] (iris_interfaces) StdoutLine: {'line': b'-- Up-to-date: /home/maddy/iris_test_tool/install/iris_interfaces/include/iris_interfaces/iris_interfaces/msg/detail/led_control__rosidl_typesupport_fastrtps_cpp.hpp\n'}
[1.112451] (iris_interfaces) StdoutLine: {'line': b'-- Up-to-date: /home/maddy/iris_test_tool/install/iris_interfaces/include/iris_interfaces/iris_interfaces/msg/detail/a5_status__rosidl_typesupport_fastrtps_cpp.hpp\n'}
[1.112616] (iris_interfaces) StdoutLine: {'line': b'-- Up-to-date: /home/maddy/iris_test_tool/install/iris_interfaces/include/iris_interfaces/iris_interfaces/msg/detail/water_tank_levels__rosidl_typesupport_fastrtps_cpp.hpp\n'}
[1.112779] (iris_interfaces) StdoutLine: {'line': b'-- Up-to-date: /home/maddy/iris_test_tool/install/iris_interfaces/include/iris_interfaces/iris_interfaces/msg/detail/a2_functional_status__rosidl_typesupport_fastrtps_cpp.hpp\n'}
[1.112945] (iris_interfaces) StdoutLine: {'line': b'-- Up-to-date: /home/maddy/iris_test_tool/install/iris_interfaces/lib/libiris_interfaces__rosidl_typesupport_fastrtps_cpp.so\n'}
[1.113137] (iris_interfaces) StdoutLine: {'line': b'-- Up-to-date: /home/maddy/iris_test_tool/install/iris_interfaces/include/iris_interfaces/iris_interfaces\n'}
[1.113314] (iris_interfaces) StdoutLine: {'line': b'-- Up-to-date: /home/maddy/iris_test_tool/install/iris_interfaces/include/iris_interfaces/iris_interfaces/srv\n'}
[1.113475] (iris_interfaces) StdoutLine: {'line': b'-- Up-to-date: /home/maddy/iris_test_tool/install/iris_interfaces/include/iris_interfaces/iris_interfaces/srv/detail\n'}
[1.113662] (iris_interfaces) StdoutLine: {'line': b'-- Up-to-date: /home/maddy/iris_test_tool/install/iris_interfaces/include/iris_interfaces/iris_interfaces/srv/detail/restart_motor_controller__type_support.cpp\n'}
[1.113813] (iris_interfaces) StdoutLine: {'line': b'-- Up-to-date: /home/maddy/iris_test_tool/install/iris_interfaces/include/iris_interfaces/iris_interfaces/srv/detail/update_motor_controller_reference_source__rosidl_typesupport_introspection_cpp.hpp\n'}
[1.114071] (iris_interfaces) StdoutLine: {'line': b'-- Up-to-date: /home/maddy/iris_test_tool/install/iris_interfaces/include/iris_interfaces/iris_interfaces/srv/detail/reset_wheel_encoders__type_support.cpp\n'}
[1.114326] (iris_interfaces) StdoutLine: {'line': b'-- Up-to-date: /home/maddy/iris_test_tool/install/iris_interfaces/include/iris_interfaces/iris_interfaces/srv/detail/update_motor_controller_reference_source__type_support.cpp\n'}
[1.114521] (iris_interfaces) StdoutLine: {'line': b'-- Up-to-date: /home/maddy/iris_test_tool/install/iris_interfaces/include/iris_interfaces/iris_interfaces/srv/detail/process_manager__rosidl_typesupport_introspection_cpp.hpp\n'}
[1.114715] (iris_interfaces) StdoutLine: {'line': b'-- Up-to-date: /home/maddy/iris_test_tool/install/iris_interfaces/include/iris_interfaces/iris_interfaces/srv/detail/update_motor_controller_parameters__type_support.cpp\n'}
[1.114921] (iris_interfaces) StdoutLine: {'line': b'-- Up-to-date: /home/maddy/iris_test_tool/install/iris_interfaces/include/iris_interfaces/iris_interfaces/srv/detail/reset_a2_faults__type_support.cpp\n'}
[1.115185] (iris_interfaces) StdoutLine: {'line': b'-- Up-to-date: /home/maddy/iris_test_tool/install/iris_interfaces/include/iris_interfaces/iris_interfaces/srv/detail/update_motor_controller_parameters__rosidl_typesupport_introspection_cpp.hpp\n'}
[1.115384] (iris_interfaces) StdoutLine: {'line': b'-- Up-to-date: /home/maddy/iris_test_tool/install/iris_interfaces/include/iris_interfaces/iris_interfaces/srv/detail/state_manager__rosidl_typesupport_introspection_cpp.hpp\n'}
[1.115579] (iris_interfaces) StdoutLine: {'line': b'-- Up-to-date: /home/maddy/iris_test_tool/install/iris_interfaces/include/iris_interfaces/iris_interfaces/srv/detail/wifi_discovery__type_support.cpp\n'}
[1.115776] (iris_interfaces) StdoutLine: {'line': b'-- Up-to-date: /home/maddy/iris_test_tool/install/iris_interfaces/include/iris_interfaces/iris_interfaces/srv/detail/process_manager__type_support.cpp\n'}
[1.115972] (iris_interfaces) StdoutLine: {'line': b'-- Up-to-date: /home/maddy/iris_test_tool/install/iris_interfaces/include/iris_interfaces/iris_interfaces/srv/detail/connect_wifi__type_support.cpp\n'}
[1.116175] (iris_interfaces) StdoutLine: {'line': b'-- Up-to-date: /home/maddy/iris_test_tool/install/iris_interfaces/include/iris_interfaces/iris_interfaces/srv/detail/state_manager__type_support.cpp\n'}
[1.116402] (iris_interfaces) StdoutLine: {'line': b'-- Up-to-date: /home/maddy/iris_test_tool/install/iris_interfaces/include/iris_interfaces/iris_interfaces/srv/detail/disconnect_wifi__rosidl_typesupport_introspection_cpp.hpp\n'}
[1.116607] (iris_interfaces) StdoutLine: {'line': b'-- Up-to-date: /home/maddy/iris_test_tool/install/iris_interfaces/include/iris_interfaces/iris_interfaces/srv/detail/wifi_discovery__rosidl_typesupport_introspection_cpp.hpp\n'}
[1.116804] (iris_interfaces) StdoutLine: {'line': b'-- Up-to-date: /home/maddy/iris_test_tool/install/iris_interfaces/include/iris_interfaces/iris_interfaces/srv/detail/connect_wifi__rosidl_typesupport_introspection_cpp.hpp\n'}
[1.117002] (iris_interfaces) StdoutLine: {'line': b'-- Up-to-date: /home/maddy/iris_test_tool/install/iris_interfaces/include/iris_interfaces/iris_interfaces/srv/detail/get_wifi_status__type_support.cpp\n'}
[1.117267] (iris_interfaces) StdoutLine: {'line': b'-- Up-to-date: /home/maddy/iris_test_tool/install/iris_interfaces/include/iris_interfaces/iris_interfaces/srv/detail/reset_wheel_encoders__rosidl_typesupport_introspection_cpp.hpp\n'}
[1.117481] (iris_interfaces) StdoutLine: {'line': b'-- Up-to-date: /home/maddy/iris_test_tool/install/iris_interfaces/include/iris_interfaces/iris_interfaces/srv/detail/get_wifi_status__rosidl_typesupport_introspection_cpp.hpp\n'}
[1.117677] (iris_interfaces) StdoutLine: {'line': b'-- Up-to-date: /home/maddy/iris_test_tool/install/iris_interfaces/include/iris_interfaces/iris_interfaces/srv/detail/a2_command__rosidl_typesupport_introspection_cpp.hpp\n'}
[1.117875] (iris_interfaces) StdoutLine: {'line': b'-- Up-to-date: /home/maddy/iris_test_tool/install/iris_interfaces/include/iris_interfaces/iris_interfaces/srv/detail/disconnect_wifi__type_support.cpp\n'}
[1.118072] (iris_interfaces) StdoutLine: {'line': b'-- Up-to-date: /home/maddy/iris_test_tool/install/iris_interfaces/include/iris_interfaces/iris_interfaces/srv/detail/reset_a2_faults__rosidl_typesupport_introspection_cpp.hpp\n'}
[1.118268] (iris_interfaces) StdoutLine: {'line': b'-- Up-to-date: /home/maddy/iris_test_tool/install/iris_interfaces/include/iris_interfaces/iris_interfaces/srv/detail/restart_motor_controller__rosidl_typesupport_introspection_cpp.hpp\n'}
[1.118464] (iris_interfaces) StdoutLine: {'line': b'-- Up-to-date: /home/maddy/iris_test_tool/install/iris_interfaces/include/iris_interfaces/iris_interfaces/srv/detail/a2_command__type_support.cpp\n'}
[1.118701] (iris_interfaces) StdoutLine: {'line': b'-- Up-to-date: /home/maddy/iris_test_tool/install/iris_interfaces/include/iris_interfaces/iris_interfaces/action\n'}
[1.118905] (iris_interfaces) StdoutLine: {'line': b'-- Up-to-date: /home/maddy/iris_test_tool/install/iris_interfaces/include/iris_interfaces/iris_interfaces/action/detail\n'}
[1.119120] (iris_interfaces) StdoutLine: {'line': b'-- Up-to-date: /home/maddy/iris_test_tool/install/iris_interfaces/include/iris_interfaces/iris_interfaces/action/detail/path_coverage_controller__type_support.cpp\n'}
[1.119324] (iris_interfaces) StdoutLine: {'line': b'-- Up-to-date: /home/maddy/iris_test_tool/install/iris_interfaces/include/iris_interfaces/iris_interfaces/action/detail/compute_path_coverage__type_support.cpp\n'}
[1.119518] (iris_interfaces) StdoutLine: {'line': b'-- Up-to-date: /home/maddy/iris_test_tool/install/iris_interfaces/include/iris_interfaces/iris_interfaces/action/detail/compute_path_coverage__rosidl_typesupport_introspection_cpp.hpp\n'}
[1.119718] (iris_interfaces) StdoutLine: {'line': b'-- Up-to-date: /home/maddy/iris_test_tool/install/iris_interfaces/include/iris_interfaces/iris_interfaces/action/detail/path_coverage_controller__rosidl_typesupport_introspection_cpp.hpp\n'}
[1.119922] (iris_interfaces) StdoutLine: {'line': b'-- Up-to-date: /home/maddy/iris_test_tool/install/iris_interfaces/include/iris_interfaces/iris_interfaces/action/detail/navigate_path_coverage__type_support.cpp\n'}
[1.120118] (iris_interfaces) StdoutLine: {'line': b'-- Up-to-date: /home/maddy/iris_test_tool/install/iris_interfaces/include/iris_interfaces/iris_interfaces/action/detail/navigate_path_coverage__rosidl_typesupport_introspection_cpp.hpp\n'}
[1.120314] (iris_interfaces) StdoutLine: {'line': b'-- Up-to-date: /home/maddy/iris_test_tool/install/iris_interfaces/include/iris_interfaces/iris_interfaces/msg\n'}
[1.120515] (iris_interfaces) StdoutLine: {'line': b'-- Up-to-date: /home/maddy/iris_test_tool/install/iris_interfaces/include/iris_interfaces/iris_interfaces/msg/detail\n'}
[1.120716] (iris_interfaces) StdoutLine: {'line': b'-- Up-to-date: /home/maddy/iris_test_tool/install/iris_interfaces/include/iris_interfaces/iris_interfaces/msg/detail/ultrasonic_ranges__rosidl_typesupport_introspection_cpp.hpp\n'}
[1.120919] (iris_interfaces) StdoutLine: {'line': b'-- Up-to-date: /home/maddy/iris_test_tool/install/iris_interfaces/include/iris_interfaces/iris_interfaces/msg/detail/motor_controller_status__rosidl_typesupport_introspection_cpp.hpp\n'}
[1.121137] (iris_interfaces) StdoutLine: {'line': b'-- Up-to-date: /home/maddy/iris_test_tool/install/iris_interfaces/include/iris_interfaces/iris_interfaces/msg/detail/actuator_status__type_support.cpp\n'}
[1.121365] (iris_interfaces) StdoutLine: {'line': b'-- Up-to-date: /home/maddy/iris_test_tool/install/iris_interfaces/include/iris_interfaces/iris_interfaces/msg/detail/navigation_mode__type_support.cpp\n'}
[1.121583] (iris_interfaces) StdoutLine: {'line': b'-- Up-to-date: /home/maddy/iris_test_tool/install/iris_interfaces/include/iris_interfaces/iris_interfaces/msg/detail/a2_fault_status__rosidl_typesupport_introspection_cpp.hpp\n'}
[1.121779] (iris_interfaces) StdoutLine: {'line': b'-- Up-to-date: /home/maddy/iris_test_tool/install/iris_interfaces/include/iris_interfaces/iris_interfaces/msg/detail/vacuum_faults__type_support.cpp\n'}
[1.121974] (iris_interfaces) StdoutLine: {'line': b'-- Up-to-date: /home/maddy/iris_test_tool/install/iris_interfaces/include/iris_interfaces/iris_interfaces/msg/detail/navigation_mode__rosidl_typesupport_introspection_cpp.hpp\n'}
[1.122235] (iris_interfaces) StdoutLine: {'line': b'-- Up-to-date: /home/maddy/iris_test_tool/install/iris_interfaces/include/iris_interfaces/iris_interfaces/msg/detail/headband_mode__type_support.cpp\n'}
[1.122511] (iris_interfaces) StdoutLine: {'line': b'-- Up-to-date: /home/maddy/iris_test_tool/install/iris_interfaces/include/iris_interfaces/iris_interfaces/msg/detail/wheel_command_speed__type_support.cpp\n'}
[1.122842] (iris_interfaces) StdoutLine: {'line': b'-- Up-to-date: /home/maddy/iris_test_tool/install/iris_interfaces/include/iris_interfaces/iris_interfaces/msg/detail/motor_status__rosidl_typesupport_introspection_cpp.hpp\n'}
[1.123169] (iris_interfaces) StdoutLine: {'line': b'-- Up-to-date: /home/maddy/iris_test_tool/install/iris_interfaces/include/iris_interfaces/iris_interfaces/msg/detail/sensor_status__type_support.cpp\n'}
[1.123512] (iris_interfaces) StdoutLine: {'line': b'-- Up-to-date: /home/maddy/iris_test_tool/install/iris_interfaces/include/iris_interfaces/iris_interfaces/msg/detail/motor_controller_status__type_support.cpp\n'}
[1.123874] (iris_interfaces) StdoutLine: {'line': b'-- Up-to-date: /home/maddy/iris_test_tool/install/iris_interfaces/include/iris_interfaces/iris_interfaces/msg/detail/vacuum_status__type_support.cpp\n'}
[1.124044] (iris_interfaces) StdoutLine: {'line': b'-- Up-to-date: /home/maddy/iris_test_tool/install/iris_interfaces/include/iris_interfaces/iris_interfaces/msg/detail/follow_path_result__type_support.cpp\n'}
[1.124230] (iris_interfaces) StdoutLine: {'line': b'-- Up-to-date: /home/maddy/iris_test_tool/install/iris_interfaces/include/iris_interfaces/iris_interfaces/msg/detail/headband_mode__rosidl_typesupport_introspection_cpp.hpp\n'}
[1.124400] (iris_interfaces) StdoutLine: {'line': b'-- Up-to-date: /home/maddy/iris_test_tool/install/iris_interfaces/include/iris_interfaces/iris_interfaces/msg/detail/wheel_encoders__rosidl_typesupport_introspection_cpp.hpp\n'}
[1.124621] (iris_interfaces) StdoutLine: {'line': b'-- Up-to-date: /home/maddy/iris_test_tool/install/iris_interfaces/include/iris_interfaces/iris_interfaces/msg/detail/water_tank_levels__rosidl_typesupport_introspection_cpp.hpp\n'}
[1.124810] (iris_interfaces) StdoutLine: {'line': b'-- Up-to-date: /home/maddy/iris_test_tool/install/iris_interfaces/include/iris_interfaces/iris_interfaces/msg/detail/motor_status__type_support.cpp\n'}
[1.124997] (iris_interfaces) StdoutLine: {'line': b'-- Up-to-date: /home/maddy/iris_test_tool/install/iris_interfaces/include/iris_interfaces/iris_interfaces/msg/detail/a5_status__rosidl_typesupport_introspection_cpp.hpp\n'}
[1.125229] (iris_interfaces) StdoutLine: {'line': b'-- Up-to-date: /home/maddy/iris_test_tool/install/iris_interfaces/include/iris_interfaces/iris_interfaces/msg/detail/wheel_command_speed__rosidl_typesupport_introspection_cpp.hpp\n'}
[1.125421] (iris_interfaces) StdoutLine: {'line': b'-- Up-to-date: /home/maddy/iris_test_tool/install/iris_interfaces/include/iris_interfaces/iris_interfaces/msg/detail/a2_fault_status__type_support.cpp\n'}
[1.125639] (iris_interfaces) StdoutLine: {'line': b'-- Up-to-date: /home/maddy/iris_test_tool/install/iris_interfaces/include/iris_interfaces/iris_interfaces/msg/detail/vacuum_status__rosidl_typesupport_introspection_cpp.hpp\n'}
[1.125833] (iris_interfaces) StdoutLine: {'line': b'-- Up-to-date: /home/maddy/iris_test_tool/install/iris_interfaces/include/iris_interfaces/iris_interfaces/msg/detail/ota_status__rosidl_typesupport_introspection_cpp.hpp\n'}
[1.126010] (iris_interfaces) StdoutLine: {'line': b'-- Up-to-date: /home/maddy/iris_test_tool/install/iris_interfaces/include/iris_interfaces/iris_interfaces/msg/detail/brush_faults__type_support.cpp\n'}
[1.126189] (iris_interfaces) StdoutLine: {'line': b'-- Up-to-date: /home/maddy/iris_test_tool/install/iris_interfaces/include/iris_interfaces/iris_interfaces/msg/detail/mender_client_status__type_support.cpp\n'}
[1.126566] (iris_interfaces) StdoutLine: {'line': b'-- Up-to-date: /home/maddy/iris_test_tool/install/iris_interfaces/include/iris_interfaces/iris_interfaces/msg/detail/ota_status__type_support.cpp\n'}
[1.126761] (iris_interfaces) StdoutLine: {'line': b'-- Up-to-date: /home/maddy/iris_test_tool/install/iris_interfaces/include/iris_interfaces/iris_interfaces/msg/detail/a5_status__type_support.cpp\n'}
[1.126943] (iris_interfaces) StdoutLine: {'line': b'-- Up-to-date: /home/maddy/iris_test_tool/install/iris_interfaces/include/iris_interfaces/iris_interfaces/msg/detail/a2_command__rosidl_typesupport_introspection_cpp.hpp\n'}
[1.127151] (iris_interfaces) StdoutLine: {'line': b'-- Up-to-date: /home/maddy/iris_test_tool/install/iris_interfaces/include/iris_interfaces/iris_interfaces/msg/detail/a2_functional_status__rosidl_typesupport_introspection_cpp.hpp\n'}
[1.127339] (iris_interfaces) StdoutLine: {'line': b'-- Up-to-date: /home/maddy/iris_test_tool/install/iris_interfaces/include/iris_interfaces/iris_interfaces/msg/detail/ultrasonic_ranges__type_support.cpp\n'}
[1.127811] (iris_interfaces) StdoutLine: {'line': b'-- Up-to-date: /home/maddy/iris_test_tool/install/iris_interfaces/include/iris_interfaces/iris_interfaces/msg/detail/wheel_encoders__type_support.cpp\n'}
[1.128037] (iris_interfaces) StdoutLine: {'line': b'-- Up-to-date: /home/maddy/iris_test_tool/install/iris_interfaces/include/iris_interfaces/iris_interfaces/msg/detail/sensor_status__rosidl_typesupport_introspection_cpp.hpp\n'}
[1.128238] (iris_interfaces) StdoutLine: {'line': b'-- Up-to-date: /home/maddy/iris_test_tool/install/iris_interfaces/include/iris_interfaces/iris_interfaces/msg/detail/vacuum_faults__rosidl_typesupport_introspection_cpp.hpp\n'}
[1.128433] (iris_interfaces) StdoutLine: {'line': b'-- Up-to-date: /home/maddy/iris_test_tool/install/iris_interfaces/include/iris_interfaces/iris_interfaces/msg/detail/led_control__type_support.cpp\n'}
[1.128668] (iris_interfaces) StdoutLine: {'line': b'-- Up-to-date: /home/maddy/iris_test_tool/install/iris_interfaces/include/iris_interfaces/iris_interfaces/msg/detail/a2_functional_status__type_support.cpp\n'}
[1.128923] (iris_interfaces) StdoutLine: {'line': b'-- Up-to-date: /home/maddy/iris_test_tool/install/iris_interfaces/include/iris_interfaces/iris_interfaces/msg/detail/brush_status__rosidl_typesupport_introspection_cpp.hpp\n'}
[1.129131] (iris_interfaces) StdoutLine: {'line': b'-- Up-to-date: /home/maddy/iris_test_tool/install/iris_interfaces/include/iris_interfaces/iris_interfaces/msg/detail/actuator_status__rosidl_typesupport_introspection_cpp.hpp\n'}
[1.129346] (iris_interfaces) StdoutLine: {'line': b'-- Up-to-date: /home/maddy/iris_test_tool/install/iris_interfaces/include/iris_interfaces/iris_interfaces/msg/detail/a2_command__type_support.cpp\n'}
[1.129535] (iris_interfaces) StdoutLine: {'line': b'-- Up-to-date: /home/maddy/iris_test_tool/install/iris_interfaces/include/iris_interfaces/iris_interfaces/msg/detail/brush_faults__rosidl_typesupport_introspection_cpp.hpp\n'}
[1.129774] (iris_interfaces) StdoutLine: {'line': b'-- Up-to-date: /home/maddy/iris_test_tool/install/iris_interfaces/include/iris_interfaces/iris_interfaces/msg/detail/follow_path_result__rosidl_typesupport_introspection_cpp.hpp\n'}
[1.129953] (iris_interfaces) StdoutLine: {'line': b'-- Up-to-date: /home/maddy/iris_test_tool/install/iris_interfaces/include/iris_interfaces/iris_interfaces/msg/detail/brush_status__type_support.cpp\n'}
[1.130128] (iris_interfaces) StdoutLine: {'line': b'-- Up-to-date: /home/maddy/iris_test_tool/install/iris_interfaces/include/iris_interfaces/iris_interfaces/msg/detail/system_software_status__type_support.cpp\n'}
[1.130299] (iris_interfaces) StdoutLine: {'line': b'-- Up-to-date: /home/maddy/iris_test_tool/install/iris_interfaces/include/iris_interfaces/iris_interfaces/msg/detail/system_software_status__rosidl_typesupport_introspection_cpp.hpp\n'}
[1.130466] (iris_interfaces) StdoutLine: {'line': b'-- Up-to-date: /home/maddy/iris_test_tool/install/iris_interfaces/include/iris_interfaces/iris_interfaces/msg/detail/mender_client_status__rosidl_typesupport_introspection_cpp.hpp\n'}
[1.130653] (iris_interfaces) StdoutLine: {'line': b'-- Up-to-date: /home/maddy/iris_test_tool/install/iris_interfaces/include/iris_interfaces/iris_interfaces/msg/detail/led_control__rosidl_typesupport_introspection_cpp.hpp\n'}
[1.130828] (iris_interfaces) StdoutLine: {'line': b'-- Up-to-date: /home/maddy/iris_test_tool/install/iris_interfaces/include/iris_interfaces/iris_interfaces/msg/detail/water_tank_levels__type_support.cpp\n'}
[1.131120] (iris_interfaces) StdoutLine: {'line': b'-- Up-to-date: /home/maddy/iris_test_tool/install/iris_interfaces/lib/libiris_interfaces__rosidl_typesupport_introspection_cpp.so\n'}
[1.131611] (iris_interfaces) StdoutLine: {'line': b'-- Up-to-date: /home/maddy/iris_test_tool/install/iris_interfaces/lib/libiris_interfaces__rosidl_typesupport_cpp.so\n'}
[1.132000] (iris_interfaces) StdoutLine: {'line': b'-- Up-to-date: /home/maddy/iris_test_tool/install/iris_interfaces/share/iris_interfaces/environment/pythonpath.sh\n'}
[1.132198] (iris_interfaces) StdoutLine: {'line': b'-- Up-to-date: /home/maddy/iris_test_tool/install/iris_interfaces/share/iris_interfaces/environment/pythonpath.dsv\n'}
[1.132377] (iris_interfaces) StdoutLine: {'line': b'-- Up-to-date: /home/maddy/iris_test_tool/install/iris_interfaces/local/lib/python3.10/dist-packages/iris_interfaces-0.5.13-py3.10.egg-info\n'}
[1.132552] (iris_interfaces) StdoutLine: {'line': b'-- Installing: /home/maddy/iris_test_tool/install/iris_interfaces/local/lib/python3.10/dist-packages/iris_interfaces-0.5.13-py3.10.egg-info/top_level.txt\n'}
[1.132720] (iris_interfaces) StdoutLine: {'line': b'-- Installing: /home/maddy/iris_test_tool/install/iris_interfaces/local/lib/python3.10/dist-packages/iris_interfaces-0.5.13-py3.10.egg-info/dependency_links.txt\n'}
[1.133031] (iris_interfaces) StdoutLine: {'line': b'-- Installing: /home/maddy/iris_test_tool/install/iris_interfaces/local/lib/python3.10/dist-packages/iris_interfaces-0.5.13-py3.10.egg-info/PKG-INFO\n'}
[1.133259] (iris_interfaces) StdoutLine: {'line': b'-- Installing: /home/maddy/iris_test_tool/install/iris_interfaces/local/lib/python3.10/dist-packages/iris_interfaces-0.5.13-py3.10.egg-info/SOURCES.txt\n'}
[1.133433] (iris_interfaces) StdoutLine: {'line': b'-- Up-to-date: /home/maddy/iris_test_tool/install/iris_interfaces/local/lib/python3.10/dist-packages/iris_interfaces\n'}
[1.133628] (iris_interfaces) StdoutLine: {'line': b'-- Up-to-date: /home/maddy/iris_test_tool/install/iris_interfaces/local/lib/python3.10/dist-packages/iris_interfaces/_iris_interfaces_s.ep.rosidl_typesupport_fastrtps_c.c\n'}
[1.133789] (iris_interfaces) StdoutLine: {'line': b'-- Up-to-date: /home/maddy/iris_test_tool/install/iris_interfaces/local/lib/python3.10/dist-packages/iris_interfaces/srv\n'}
[1.133946] (iris_interfaces) StdoutLine: {'line': b'-- Up-to-date: /home/maddy/iris_test_tool/install/iris_interfaces/local/lib/python3.10/dist-packages/iris_interfaces/srv/_get_wifi_status_s.c\n'}
[1.134101] (iris_interfaces) StdoutLine: {'line': b'-- Up-to-date: /home/maddy/iris_test_tool/install/iris_interfaces/local/lib/python3.10/dist-packages/iris_interfaces/srv/_update_motor_controller_parameters.py\n'}
[1.134285] (iris_interfaces) StdoutLine: {'line': b'-- Up-to-date: /home/maddy/iris_test_tool/install/iris_interfaces/local/lib/python3.10/dist-packages/iris_interfaces/srv/_connect_wifi_s.c\n'}
[1.134406] (iris_interfaces) StdoutLine: {'line': b'-- Up-to-date: /home/maddy/iris_test_tool/install/iris_interfaces/local/lib/python3.10/dist-packages/iris_interfaces/srv/_connect_wifi.py\n'}
[1.134548] (iris_interfaces) StdoutLine: {'line': b'-- Up-to-date: /home/maddy/iris_test_tool/install/iris_interfaces/local/lib/python3.10/dist-packages/iris_interfaces/srv/_update_motor_controller_reference_source_s.c\n'}
[1.134687] (iris_interfaces) StdoutLine: {'line': b'-- Up-to-date: /home/maddy/iris_test_tool/install/iris_interfaces/local/lib/python3.10/dist-packages/iris_interfaces/srv/_process_manager.py\n'}
[1.134803] (iris_interfaces) StdoutLine: {'line': b'-- Up-to-date: /home/maddy/iris_test_tool/install/iris_interfaces/local/lib/python3.10/dist-packages/iris_interfaces/srv/_restart_motor_controller.py\n'}
[1.134911] (iris_interfaces) StdoutLine: {'line': b'-- Up-to-date: /home/maddy/iris_test_tool/install/iris_interfaces/local/lib/python3.10/dist-packages/iris_interfaces/srv/_wifi_discovery.py\n'}
[1.135065] (iris_interfaces) StdoutLine: {'line': b'-- Up-to-date: /home/maddy/iris_test_tool/install/iris_interfaces/local/lib/python3.10/dist-packages/iris_interfaces/srv/_get_wifi_status.py\n'}
[1.135368] (iris_interfaces) StdoutLine: {'line': b'-- Up-to-date: /home/maddy/iris_test_tool/install/iris_interfaces/local/lib/python3.10/dist-packages/iris_interfaces/srv/_reset_a2_faults_s.c\n'}
[1.135689] (iris_interfaces) StdoutLine: {'line': b'-- Up-to-date: /home/maddy/iris_test_tool/install/iris_interfaces/local/lib/python3.10/dist-packages/iris_interfaces/srv/_wifi_discovery_s.c\n'}
[1.136057] (iris_interfaces) StdoutLine: {'line': b'-- Up-to-date: /home/maddy/iris_test_tool/install/iris_interfaces/local/lib/python3.10/dist-packages/iris_interfaces/srv/_disconnect_wifi.py\n'}
[1.136274] (iris_interfaces) StdoutLine: {'line': b'-- Up-to-date: /home/maddy/iris_test_tool/install/iris_interfaces/local/lib/python3.10/dist-packages/iris_interfaces/srv/_state_manager_s.c\n'}
[1.136516] (iris_interfaces) StdoutLine: {'line': b'-- Up-to-date: /home/maddy/iris_test_tool/install/iris_interfaces/local/lib/python3.10/dist-packages/iris_interfaces/srv/_update_motor_controller_parameters_s.c\n'}
[1.136726] (iris_interfaces) StdoutLine: {'line': b'-- Up-to-date: /home/maddy/iris_test_tool/install/iris_interfaces/local/lib/python3.10/dist-packages/iris_interfaces/srv/_process_manager_s.c\n'}
[1.137041] (iris_interfaces) StdoutLine: {'line': b'-- Up-to-date: /home/maddy/iris_test_tool/install/iris_interfaces/local/lib/python3.10/dist-packages/iris_interfaces/srv/_reset_a2_faults.py\n'}
[1.137290] (iris_interfaces) StdoutLine: {'line': b'-- Up-to-date: /home/maddy/iris_test_tool/install/iris_interfaces/local/lib/python3.10/dist-packages/iris_interfaces/srv/_a2_command_s.c\n'}
[1.137501] (iris_interfaces) StdoutLine: {'line': b'-- Up-to-date: /home/maddy/iris_test_tool/install/iris_interfaces/local/lib/python3.10/dist-packages/iris_interfaces/srv/_disconnect_wifi_s.c\n'}
[1.137738] (iris_interfaces) StdoutLine: {'line': b'-- Up-to-date: /home/maddy/iris_test_tool/install/iris_interfaces/local/lib/python3.10/dist-packages/iris_interfaces/srv/__init__.py\n'}
[1.137982] (iris_interfaces) StdoutLine: {'line': b'-- Up-to-date: /home/maddy/iris_test_tool/install/iris_interfaces/local/lib/python3.10/dist-packages/iris_interfaces/srv/_reset_wheel_encoders.py\n'}
[1.138235] (iris_interfaces) StdoutLine: {'line': b'-- Up-to-date: /home/maddy/iris_test_tool/install/iris_interfaces/local/lib/python3.10/dist-packages/iris_interfaces/srv/_a2_command.py\n'}
[1.138486] (iris_interfaces) StdoutLine: {'line': b'-- Up-to-date: /home/maddy/iris_test_tool/install/iris_interfaces/local/lib/python3.10/dist-packages/iris_interfaces/srv/_update_motor_controller_reference_source.py\n'}
[1.138729] (iris_interfaces) StdoutLine: {'line': b'-- Up-to-date: /home/maddy/iris_test_tool/install/iris_interfaces/local/lib/python3.10/dist-packages/iris_interfaces/srv/_state_manager.py\n'}
[1.138974] (iris_interfaces) StdoutLine: {'line': b'-- Up-to-date: /home/maddy/iris_test_tool/install/iris_interfaces/local/lib/python3.10/dist-packages/iris_interfaces/srv/_restart_motor_controller_s.c\n'}
[1.139221] (iris_interfaces) StdoutLine: {'line': b'-- Up-to-date: /home/maddy/iris_test_tool/install/iris_interfaces/local/lib/python3.10/dist-packages/iris_interfaces/srv/_reset_wheel_encoders_s.c\n'}
[1.139460] (iris_interfaces) StdoutLine: {'line': b'-- Up-to-date: /home/maddy/iris_test_tool/install/iris_interfaces/local/lib/python3.10/dist-packages/iris_interfaces/action\n'}
[1.139707] (iris_interfaces) StdoutLine: {'line': b'-- Up-to-date: /home/maddy/iris_test_tool/install/iris_interfaces/local/lib/python3.10/dist-packages/iris_interfaces/action/_compute_path_coverage_s.c\n'}
[1.139977] (iris_interfaces) StdoutLine: {'line': b'-- Up-to-date: /home/maddy/iris_test_tool/install/iris_interfaces/local/lib/python3.10/dist-packages/iris_interfaces/action/_navigate_path_coverage_s.c\n'}
[1.140253] (iris_interfaces) StdoutLine: {'line': b'-- Up-to-date: /home/maddy/iris_test_tool/install/iris_interfaces/local/lib/python3.10/dist-packages/iris_interfaces/action/_navigate_path_coverage.py\n'}
[1.140512] (iris_interfaces) StdoutLine: {'line': b'-- Up-to-date: /home/maddy/iris_test_tool/install/iris_interfaces/local/lib/python3.10/dist-packages/iris_interfaces/action/__init__.py\n'}
[1.140766] (iris_interfaces) StdoutLine: {'line': b'-- Up-to-date: /home/maddy/iris_test_tool/install/iris_interfaces/local/lib/python3.10/dist-packages/iris_interfaces/action/_compute_path_coverage.py\n'}
[1.141019] (iris_interfaces) StdoutLine: {'line': b'-- Up-to-date: /home/maddy/iris_test_tool/install/iris_interfaces/local/lib/python3.10/dist-packages/iris_interfaces/action/_path_coverage_controller_s.c\n'}
[1.141509] (iris_interfaces) StdoutLine: {'line': b'-- Up-to-date: /home/maddy/iris_test_tool/install/iris_interfaces/local/lib/python3.10/dist-packages/iris_interfaces/action/_path_coverage_controller.py\n'}
[1.141804] (iris_interfaces) StdoutLine: {'line': b'-- Up-to-date: /home/maddy/iris_test_tool/install/iris_interfaces/local/lib/python3.10/dist-packages/iris_interfaces/__init__.py\n'}
[1.142053] (iris_interfaces) StdoutLine: {'line': b'-- Up-to-date: /home/maddy/iris_test_tool/install/iris_interfaces/local/lib/python3.10/dist-packages/iris_interfaces/iris_interfaces_s__rosidl_typesupport_c.cpython-310-x86_64-linux-gnu.so\n'}
[1.142357] (iris_interfaces) StdoutLine: {'line': b'-- Up-to-date: /home/maddy/iris_test_tool/install/iris_interfaces/local/lib/python3.10/dist-packages/iris_interfaces/iris_interfaces_s__rosidl_typesupport_introspection_c.cpython-310-x86_64-linux-gnu.so\n'}
[1.142631] (iris_interfaces) StdoutLine: {'line': b'-- Up-to-date: /home/maddy/iris_test_tool/install/iris_interfaces/local/lib/python3.10/dist-packages/iris_interfaces/libiris_interfaces__rosidl_generator_py.so\n'}
[1.142855] (iris_interfaces) StdoutLine: {'line': b'-- Up-to-date: /home/maddy/iris_test_tool/install/iris_interfaces/local/lib/python3.10/dist-packages/iris_interfaces/msg\n'}
[1.143188] (iris_interfaces) StdoutLine: {'line': b'-- Up-to-date: /home/maddy/iris_test_tool/install/iris_interfaces/local/lib/python3.10/dist-packages/iris_interfaces/msg/_water_tank_levels_s.c\n'}
[1.143461] (iris_interfaces) StdoutLine: {'line': b'-- Up-to-date: /home/maddy/iris_test_tool/install/iris_interfaces/local/lib/python3.10/dist-packages/iris_interfaces/msg/_vacuum_status.py\n'}
[1.143714] (iris_interfaces) StdoutLine: {'line': b'-- Up-to-date: /home/maddy/iris_test_tool/install/iris_interfaces/local/lib/python3.10/dist-packages/iris_interfaces/msg/_a2_fault_status_s.c\n'}
[1.143996] (iris_interfaces) StdoutLine: {'line': b'-- Up-to-date: /home/maddy/iris_test_tool/install/iris_interfaces/local/lib/python3.10/dist-packages/iris_interfaces/msg/_wheel_command_speed.py\n'}
[1.144409] (iris_interfaces) StdoutLine: {'line': b'-- Up-to-date: /home/maddy/iris_test_tool/install/iris_interfaces/local/lib/python3.10/dist-packages/iris_interfaces/msg/_headband_mode.py\n'}
[1.144643] (iris_interfaces) StdoutLine: {'line': b'-- Up-to-date: /home/maddy/iris_test_tool/install/iris_interfaces/local/lib/python3.10/dist-packages/iris_interfaces/msg/_motor_status.py\n'}
[1.144881] (iris_interfaces) StdoutLine: {'line': b'-- Up-to-date: /home/maddy/iris_test_tool/install/iris_interfaces/local/lib/python3.10/dist-packages/iris_interfaces/msg/_a2_functional_status_s.c\n'}
[1.145188] (iris_interfaces) StdoutLine: {'line': b'-- Up-to-date: /home/maddy/iris_test_tool/install/iris_interfaces/local/lib/python3.10/dist-packages/iris_interfaces/msg/_system_software_status_s.c\n'}
[1.145471] (iris_interfaces) StdoutLine: {'line': b'-- Up-to-date: /home/maddy/iris_test_tool/install/iris_interfaces/local/lib/python3.10/dist-packages/iris_interfaces/msg/_mender_client_status_s.c\n'}
[1.145737] (iris_interfaces) StdoutLine: {'line': b'-- Up-to-date: /home/maddy/iris_test_tool/install/iris_interfaces/local/lib/python3.10/dist-packages/iris_interfaces/msg/_sensor_status.py\n'}
[1.146530] (iris_interfaces) StdoutLine: {'line': b'-- Up-to-date: /home/maddy/iris_test_tool/install/iris_interfaces/local/lib/python3.10/dist-packages/iris_interfaces/msg/_motor_controller_status.py\n'}
[1.146843] (iris_interfaces) StdoutLine: {'line': b'-- Up-to-date: /home/maddy/iris_test_tool/install/iris_interfaces/local/lib/python3.10/dist-packages/iris_interfaces/msg/_headband_mode_s.c\n'}
[1.147152] (iris_interfaces) StdoutLine: {'line': b'-- Up-to-date: /home/maddy/iris_test_tool/install/iris_interfaces/local/lib/python3.10/dist-packages/iris_interfaces/msg/_wheel_encoders.py\n'}
[1.147464] (iris_interfaces) StdoutLine: {'line': b'-- Up-to-date: /home/maddy/iris_test_tool/install/iris_interfaces/local/lib/python3.10/dist-packages/iris_interfaces/msg/_a5_status.py\n'}
[1.147784] (iris_interfaces) StdoutLine: {'line': b'-- Up-to-date: /home/maddy/iris_test_tool/install/iris_interfaces/local/lib/python3.10/dist-packages/iris_interfaces/msg/_ultrasonic_ranges_s.c\n'}
[1.148107] (iris_interfaces) StdoutLine: {'line': b'-- Up-to-date: /home/maddy/iris_test_tool/install/iris_interfaces/local/lib/python3.10/dist-packages/iris_interfaces/msg/_led_control_s.c\n'}
[1.148510] (iris_interfaces) StdoutLine: {'line': b'-- Up-to-date: /home/maddy/iris_test_tool/install/iris_interfaces/local/lib/python3.10/dist-packages/iris_interfaces/msg/_motor_controller_status_s.c\n'}
[1.148962] (iris_interfaces) StdoutLine: {'line': b'-- Up-to-date: /home/maddy/iris_test_tool/install/iris_interfaces/local/lib/python3.10/dist-packages/iris_interfaces/msg/_brush_status_s.c\n'}
[1.149287] (iris_interfaces) StdoutLine: {'line': b'-- Up-to-date: /home/maddy/iris_test_tool/install/iris_interfaces/local/lib/python3.10/dist-packages/iris_interfaces/msg/_ultrasonic_ranges.py\n'}
[1.149606] (iris_interfaces) StdoutLine: {'line': b'-- Up-to-date: /home/maddy/iris_test_tool/install/iris_interfaces/local/lib/python3.10/dist-packages/iris_interfaces/msg/_a2_command_s.c\n'}
[1.149881] (iris_interfaces) StdoutLine: {'line': b'-- Up-to-date: /home/maddy/iris_test_tool/install/iris_interfaces/local/lib/python3.10/dist-packages/iris_interfaces/msg/_ota_status.py\n'}
[1.150201] (iris_interfaces) StdoutLine: {'line': b'-- Up-to-date: /home/maddy/iris_test_tool/install/iris_interfaces/local/lib/python3.10/dist-packages/iris_interfaces/msg/_vacuum_faults.py\n'}
[1.150438] (iris_interfaces) StdoutLine: {'line': b'-- Up-to-date: /home/maddy/iris_test_tool/install/iris_interfaces/local/lib/python3.10/dist-packages/iris_interfaces/msg/_a2_functional_status.py\n'}
[1.150722] (iris_interfaces) StdoutLine: {'line': b'-- Up-to-date: /home/maddy/iris_test_tool/install/iris_interfaces/local/lib/python3.10/dist-packages/iris_interfaces/msg/_actuator_status.py\n'}
[1.151237] (iris_interfaces) StdoutLine: {'line': b'-- Up-to-date: /home/maddy/iris_test_tool/install/iris_interfaces/local/lib/python3.10/dist-packages/iris_interfaces/msg/_follow_path_result.py\n'}
[1.151520] (iris_interfaces) StdoutLine: {'line': b'-- Up-to-date: /home/maddy/iris_test_tool/install/iris_interfaces/local/lib/python3.10/dist-packages/iris_interfaces/msg/_motor_status_s.c\n'}
[1.151920] (iris_interfaces) StdoutLine: {'line': b'-- Up-to-date: /home/maddy/iris_test_tool/install/iris_interfaces/local/lib/python3.10/dist-packages/iris_interfaces/msg/_vacuum_faults_s.c\n'}
[1.152196] (iris_interfaces) StdoutLine: {'line': b'-- Up-to-date: /home/maddy/iris_test_tool/install/iris_interfaces/local/lib/python3.10/dist-packages/iris_interfaces/msg/_wheel_command_speed_s.c\n'}
[1.152510] (iris_interfaces) StdoutLine: {'line': b'-- Up-to-date: /home/maddy/iris_test_tool/install/iris_interfaces/local/lib/python3.10/dist-packages/iris_interfaces/msg/_brush_faults_s.c\n'}
[1.152817] (iris_interfaces) StdoutLine: {'line': b'-- Up-to-date: /home/maddy/iris_test_tool/install/iris_interfaces/local/lib/python3.10/dist-packages/iris_interfaces/msg/__init__.py\n'}
[1.153117] (iris_interfaces) StdoutLine: {'line': b'-- Up-to-date: /home/maddy/iris_test_tool/install/iris_interfaces/local/lib/python3.10/dist-packages/iris_interfaces/msg/_wheel_encoders_s.c\n'}
[1.153564] (iris_interfaces) StdoutLine: {'line': b'-- Up-to-date: /home/maddy/iris_test_tool/install/iris_interfaces/local/lib/python3.10/dist-packages/iris_interfaces/msg/_follow_path_result_s.c\n'}
[1.153840] (iris_interfaces) StdoutLine: {'line': b'-- Up-to-date: /home/maddy/iris_test_tool/install/iris_interfaces/local/lib/python3.10/dist-packages/iris_interfaces/msg/_sensor_status_s.c\n'}
[1.154145] (iris_interfaces) StdoutLine: {'line': b'-- Up-to-date: /home/maddy/iris_test_tool/install/iris_interfaces/local/lib/python3.10/dist-packages/iris_interfaces/msg/_a2_command.py\n'}
[1.154423] (iris_interfaces) StdoutLine: {'line': b'-- Up-to-date: /home/maddy/iris_test_tool/install/iris_interfaces/local/lib/python3.10/dist-packages/iris_interfaces/msg/_navigation_mode_s.c\n'}
[1.154738] (iris_interfaces) StdoutLine: {'line': b'-- Up-to-date: /home/maddy/iris_test_tool/install/iris_interfaces/local/lib/python3.10/dist-packages/iris_interfaces/msg/_water_tank_levels.py\n'}
[1.155017] (iris_interfaces) StdoutLine: {'line': b'-- Up-to-date: /home/maddy/iris_test_tool/install/iris_interfaces/local/lib/python3.10/dist-packages/iris_interfaces/msg/_ota_status_s.c\n'}
[1.155321] (iris_interfaces) StdoutLine: {'line': b'-- Up-to-date: /home/maddy/iris_test_tool/install/iris_interfaces/local/lib/python3.10/dist-packages/iris_interfaces/msg/_vacuum_status_s.c\n'}
[1.155597] (iris_interfaces) StdoutLine: {'line': b'-- Up-to-date: /home/maddy/iris_test_tool/install/iris_interfaces/local/lib/python3.10/dist-packages/iris_interfaces/msg/_led_control.py\n'}
[1.155908] (iris_interfaces) StdoutLine: {'line': b'-- Up-to-date: /home/maddy/iris_test_tool/install/iris_interfaces/local/lib/python3.10/dist-packages/iris_interfaces/msg/_navigation_mode.py\n'}
[1.156452] (iris_interfaces) StdoutLine: {'line': b'-- Up-to-date: /home/maddy/iris_test_tool/install/iris_interfaces/local/lib/python3.10/dist-packages/iris_interfaces/msg/_mender_client_status.py\n'}
[1.156795] (iris_interfaces) StdoutLine: {'line': b'-- Up-to-date: /home/maddy/iris_test_tool/install/iris_interfaces/local/lib/python3.10/dist-packages/iris_interfaces/msg/_a2_fault_status.py\n'}
[1.157305] (iris_interfaces) StdoutLine: {'line': b'-- Up-to-date: /home/maddy/iris_test_tool/install/iris_interfaces/local/lib/python3.10/dist-packages/iris_interfaces/msg/_actuator_status_s.c\n'}
[1.157518] (iris_interfaces) StdoutLine: {'line': b'-- Up-to-date: /home/maddy/iris_test_tool/install/iris_interfaces/local/lib/python3.10/dist-packages/iris_interfaces/msg/_a5_status_s.c\n'}
[1.157717] (iris_interfaces) StdoutLine: {'line': b'-- Up-to-date: /home/maddy/iris_test_tool/install/iris_interfaces/local/lib/python3.10/dist-packages/iris_interfaces/msg/_brush_faults.py\n'}
[1.158000] (iris_interfaces) StdoutLine: {'line': b'-- Up-to-date: /home/maddy/iris_test_tool/install/iris_interfaces/local/lib/python3.10/dist-packages/iris_interfaces/msg/_brush_status.py\n'}
[1.158234] (iris_interfaces) StdoutLine: {'line': b'-- Up-to-date: /home/maddy/iris_test_tool/install/iris_interfaces/local/lib/python3.10/dist-packages/iris_interfaces/msg/_system_software_status.py\n'}
[1.158554] (iris_interfaces) StdoutLine: {'line': b'-- Up-to-date: /home/maddy/iris_test_tool/install/iris_interfaces/local/lib/python3.10/dist-packages/iris_interfaces/_iris_interfaces_s.ep.rosidl_typesupport_c.c\n'}
[1.158917] (iris_interfaces) StdoutLine: {'line': b'-- Up-to-date: /home/maddy/iris_test_tool/install/iris_interfaces/local/lib/python3.10/dist-packages/iris_interfaces/_iris_interfaces_s.ep.rosidl_typesupport_introspection_c.c\n'}
[1.159281] (iris_interfaces) StdoutLine: {'line': b'-- Up-to-date: /home/maddy/iris_test_tool/install/iris_interfaces/local/lib/python3.10/dist-packages/iris_interfaces/iris_interfaces_s__rosidl_typesupport_fastrtps_c.cpython-310-x86_64-linux-gnu.so\n'}
[1.159612] (iris_interfaces) StdoutLine: {'line': b"Listing '/home/maddy/iris_test_tool/install/iris_interfaces/local/lib/python3.10/dist-packages/iris_interfaces'...\n"}
[1.160281] (iris_interfaces) StdoutLine: {'line': b"Listing '/home/maddy/iris_test_tool/install/iris_interfaces/local/lib/python3.10/dist-packages/iris_interfaces/action'...\n"}
[1.160637] (iris_interfaces) StdoutLine: {'line': b"Listing '/home/maddy/iris_test_tool/install/iris_interfaces/local/lib/python3.10/dist-packages/iris_interfaces/msg'...\n"}
[1.160900] (iris_interfaces) StdoutLine: {'line': b"Listing '/home/maddy/iris_test_tool/install/iris_interfaces/local/lib/python3.10/dist-packages/iris_interfaces/srv'...\n"}
[1.161397] (iris_interfaces) StdoutLine: {'line': b'-- Up-to-date: /home/maddy/iris_test_tool/install/iris_interfaces/local/lib/python3.10/dist-packages/iris_interfaces/iris_interfaces_s__rosidl_typesupport_fastrtps_c.cpython-310-x86_64-linux-gnu.so\n'}
[1.161547] (iris_interfaces) StdoutLine: {'line': b'-- Up-to-date: /home/maddy/iris_test_tool/install/iris_interfaces/local/lib/python3.10/dist-packages/iris_interfaces/iris_interfaces_s__rosidl_typesupport_introspection_c.cpython-310-x86_64-linux-gnu.so\n'}
[1.161660] (iris_interfaces) StdoutLine: {'line': b'-- Up-to-date: /home/maddy/iris_test_tool/install/iris_interfaces/local/lib/python3.10/dist-packages/iris_interfaces/iris_interfaces_s__rosidl_typesupport_c.cpython-310-x86_64-linux-gnu.so\n'}
[1.161914] (iris_interfaces) StdoutLine: {'line': b'-- Up-to-date: /home/maddy/iris_test_tool/install/iris_interfaces/lib/libiris_interfaces__rosidl_generator_py.so\n'}
[1.162194] (iris_interfaces) StdoutLine: {'line': b'-- Up-to-date: /home/maddy/iris_test_tool/install/iris_interfaces/share/iris_interfaces/msg/WheelCommandSpeed.idl\n'}
[1.162405] (iris_interfaces) StdoutLine: {'line': b'-- Up-to-date: /home/maddy/iris_test_tool/install/iris_interfaces/share/iris_interfaces/msg/WheelEncoders.idl\n'}
[1.162681] (iris_interfaces) StdoutLine: {'line': b'-- Up-to-date: /home/maddy/iris_test_tool/install/iris_interfaces/share/iris_interfaces/msg/SensorStatus.idl\n'}
[1.162956] (iris_interfaces) StdoutLine: {'line': b'-- Up-to-date: /home/maddy/iris_test_tool/install/iris_interfaces/share/iris_interfaces/msg/MotorStatus.idl\n'}
[1.163194] (iris_interfaces) StdoutLine: {'line': b'-- Up-to-date: /home/maddy/iris_test_tool/install/iris_interfaces/share/iris_interfaces/msg/MotorControllerStatus.idl\n'}
[1.163469] (iris_interfaces) StdoutLine: {'line': b'-- Up-to-date: /home/maddy/iris_test_tool/install/iris_interfaces/share/iris_interfaces/msg/UltrasonicRanges.idl\n'}
[1.163740] (iris_interfaces) StdoutLine: {'line': b'-- Up-to-date: /home/maddy/iris_test_tool/install/iris_interfaces/share/iris_interfaces/msg/WaterTankLevels.idl\n'}
[1.163974] (iris_interfaces) StdoutLine: {'line': b'-- Up-to-date: /home/maddy/iris_test_tool/install/iris_interfaces/share/iris_interfaces/msg/HeadbandMode.idl\n'}
[1.164251] (iris_interfaces) StdoutLine: {'line': b'-- Up-to-date: /home/maddy/iris_test_tool/install/iris_interfaces/share/iris_interfaces/msg/NavigationMode.idl\n'}
[1.164555] (iris_interfaces) StdoutLine: {'line': b'-- Up-to-date: /home/maddy/iris_test_tool/install/iris_interfaces/share/iris_interfaces/msg/FollowPathResult.idl\n'}
[1.165055] (iris_interfaces) StdoutLine: {'line': b'-- Up-to-date: /home/maddy/iris_test_tool/install/iris_interfaces/share/iris_interfaces/msg/OTAStatus.idl\n'}
[1.165378] (iris_interfaces) StdoutLine: {'line': b'-- Up-to-date: /home/maddy/iris_test_tool/install/iris_interfaces/share/iris_interfaces/msg/SystemSoftwareStatus.idl\n'}
[1.165806] (iris_interfaces) StdoutLine: {'line': b'-- Up-to-date: /home/maddy/iris_test_tool/install/iris_interfaces/share/iris_interfaces/msg/MenderClientStatus.idl\n'}
[1.166108] (iris_interfaces) StdoutLine: {'line': b'-- Up-to-date: /home/maddy/iris_test_tool/install/iris_interfaces/share/iris_interfaces/msg/A5Status.idl\n'}
[1.166436] (iris_interfaces) StdoutLine: {'line': b'-- Up-to-date: /home/maddy/iris_test_tool/install/iris_interfaces/share/iris_interfaces/msg/LedControl.idl\n'}
[1.166764] (iris_interfaces) StdoutLine: {'line': b'-- Up-to-date: /home/maddy/iris_test_tool/install/iris_interfaces/share/iris_interfaces/msg/A2FunctionalStatus.idl\n'}
[1.167219] (iris_interfaces) StdoutLine: {'line': b'-- Up-to-date: /home/maddy/iris_test_tool/install/iris_interfaces/share/iris_interfaces/msg/A2Command.idl\n'}
[1.167400] (iris_interfaces) StdoutLine: {'line': b'-- Up-to-date: /home/maddy/iris_test_tool/install/iris_interfaces/share/iris_interfaces/msg/VacuumStatus.idl\n'}
[1.167578] (iris_interfaces) StdoutLine: {'line': b'-- Up-to-date: /home/maddy/iris_test_tool/install/iris_interfaces/share/iris_interfaces/msg/VacuumFaults.idl\n'}
[1.167752] (iris_interfaces) StdoutLine: {'line': b'-- Up-to-date: /home/maddy/iris_test_tool/install/iris_interfaces/share/iris_interfaces/msg/BrushStatus.idl\n'}
[1.167970] (iris_interfaces) StdoutLine: {'line': b'-- Up-to-date: /home/maddy/iris_test_tool/install/iris_interfaces/share/iris_interfaces/msg/BrushFaults.idl\n'}
[1.168179] (iris_interfaces) StdoutLine: {'line': b'-- Up-to-date: /home/maddy/iris_test_tool/install/iris_interfaces/share/iris_interfaces/msg/A2FaultStatus.idl\n'}
[1.168369] (iris_interfaces) StdoutLine: {'line': b'-- Up-to-date: /home/maddy/iris_test_tool/install/iris_interfaces/share/iris_interfaces/msg/ActuatorStatus.idl\n'}
[1.168549] (iris_interfaces) StdoutLine: {'line': b'-- Up-to-date: /home/maddy/iris_test_tool/install/iris_interfaces/share/iris_interfaces/srv/UpdateMotorControllerParameters.idl\n'}
[1.168725] (iris_interfaces) StdoutLine: {'line': b'-- Up-to-date: /home/maddy/iris_test_tool/install/iris_interfaces/share/iris_interfaces/srv/RestartMotorController.idl\n'}
[1.168916] (iris_interfaces) StdoutLine: {'line': b'-- Up-to-date: /home/maddy/iris_test_tool/install/iris_interfaces/share/iris_interfaces/srv/GetWifiStatus.idl\n'}
[1.169117] (iris_interfaces) StdoutLine: {'line': b'-- Up-to-date: /home/maddy/iris_test_tool/install/iris_interfaces/share/iris_interfaces/srv/WifiDiscovery.idl\n'}
[1.169313] (iris_interfaces) StdoutLine: {'line': b'-- Up-to-date: /home/maddy/iris_test_tool/install/iris_interfaces/share/iris_interfaces/srv/ConnectWifi.idl\n'}
[1.169516] (iris_interfaces) StdoutLine: {'line': b'-- Up-to-date: /home/maddy/iris_test_tool/install/iris_interfaces/share/iris_interfaces/srv/DisconnectWifi.idl\n'}
[1.169692] (iris_interfaces) StdoutLine: {'line': b'-- Up-to-date: /home/maddy/iris_test_tool/install/iris_interfaces/share/iris_interfaces/srv/ProcessManager.idl\n'}
[1.169861] (iris_interfaces) StdoutLine: {'line': b'-- Up-to-date: /home/maddy/iris_test_tool/install/iris_interfaces/share/iris_interfaces/srv/StateManager.idl\n'}
[1.170035] (iris_interfaces) StdoutLine: {'line': b'-- Up-to-date: /home/maddy/iris_test_tool/install/iris_interfaces/share/iris_interfaces/srv/ResetWheelEncoders.idl\n'}
[1.170209] (iris_interfaces) StdoutLine: {'line': b'-- Up-to-date: /home/maddy/iris_test_tool/install/iris_interfaces/share/iris_interfaces/srv/UpdateMotorControllerReferenceSource.idl\n'}
[1.170381] (iris_interfaces) StdoutLine: {'line': b'-- Up-to-date: /home/maddy/iris_test_tool/install/iris_interfaces/share/iris_interfaces/srv/A2Command.idl\n'}
[1.170556] (iris_interfaces) StdoutLine: {'line': b'-- Up-to-date: /home/maddy/iris_test_tool/install/iris_interfaces/share/iris_interfaces/srv/ResetA2Faults.idl\n'}
[1.170728] (iris_interfaces) StdoutLine: {'line': b'-- Up-to-date: /home/maddy/iris_test_tool/install/iris_interfaces/share/iris_interfaces/action/ComputePathCoverage.idl\n'}
[1.170900] (iris_interfaces) StdoutLine: {'line': b'-- Up-to-date: /home/maddy/iris_test_tool/install/iris_interfaces/share/iris_interfaces/action/NavigatePathCoverage.idl\n'}
[1.171074] (iris_interfaces) StdoutLine: {'line': b'-- Up-to-date: /home/maddy/iris_test_tool/install/iris_interfaces/share/iris_interfaces/action/PathCoverageController.idl\n'}
[1.171436] (iris_interfaces) StdoutLine: {'line': b'-- Up-to-date: /home/maddy/iris_test_tool/install/iris_interfaces/share/iris_interfaces/msg/WheelCommandSpeed.msg\n'}
[1.172055] (iris_interfaces) StdoutLine: {'line': b'-- Up-to-date: /home/maddy/iris_test_tool/install/iris_interfaces/share/iris_interfaces/msg/WheelEncoders.msg\n'}
[1.172596] (iris_interfaces) StdoutLine: {'line': b'-- Up-to-date: /home/maddy/iris_test_tool/install/iris_interfaces/share/iris_interfaces/msg/SensorStatus.msg\n'}
[1.172877] (iris_interfaces) StdoutLine: {'line': b'-- Up-to-date: /home/maddy/iris_test_tool/install/iris_interfaces/share/iris_interfaces/msg/MotorStatus.msg\n'}
[1.173178] (iris_interfaces) StdoutLine: {'line': b'-- Up-to-date: /home/maddy/iris_test_tool/install/iris_interfaces/share/iris_interfaces/msg/MotorControllerStatus.msg\n'}
[1.173424] (iris_interfaces) StdoutLine: {'line': b'-- Up-to-date: /home/maddy/iris_test_tool/install/iris_interfaces/share/iris_interfaces/msg/UltrasonicRanges.msg\n'}
[1.173712] (iris_interfaces) StdoutLine: {'line': b'-- Up-to-date: /home/maddy/iris_test_tool/install/iris_interfaces/share/iris_interfaces/msg/WaterTankLevels.msg\n'}
[1.173941] (iris_interfaces) StdoutLine: {'line': b'-- Up-to-date: /home/maddy/iris_test_tool/install/iris_interfaces/share/iris_interfaces/msg/HeadbandMode.msg\n'}
[1.174169] (iris_interfaces) StdoutLine: {'line': b'-- Up-to-date: /home/maddy/iris_test_tool/install/iris_interfaces/share/iris_interfaces/msg/NavigationMode.msg\n'}
[1.174404] (iris_interfaces) StdoutLine: {'line': b'-- Up-to-date: /home/maddy/iris_test_tool/install/iris_interfaces/share/iris_interfaces/msg/FollowPathResult.msg\n'}
[1.174679] (iris_interfaces) StdoutLine: {'line': b'-- Up-to-date: /home/maddy/iris_test_tool/install/iris_interfaces/share/iris_interfaces/msg/OTAStatus.msg\n'}
[1.175325] (iris_interfaces) StdoutLine: {'line': b'-- Up-to-date: /home/maddy/iris_test_tool/install/iris_interfaces/share/iris_interfaces/msg/SystemSoftwareStatus.msg\n'}
[1.175655] (iris_interfaces) StdoutLine: {'line': b'-- Up-to-date: /home/maddy/iris_test_tool/install/iris_interfaces/share/iris_interfaces/msg/MenderClientStatus.msg\n'}
[1.176082] (iris_interfaces) StdoutLine: {'line': b'-- Up-to-date: /home/maddy/iris_test_tool/install/iris_interfaces/share/iris_interfaces/msg/A5Status.msg\n'}
[1.176444] (iris_interfaces) StdoutLine: {'line': b'-- Up-to-date: /home/maddy/iris_test_tool/install/iris_interfaces/share/iris_interfaces/msg/LedControl.msg\n'}
[1.176828] (iris_interfaces) StdoutLine: {'line': b'-- Up-to-date: /home/maddy/iris_test_tool/install/iris_interfaces/share/iris_interfaces/msg/A2FunctionalStatus.msg\n'}
[1.178265] (iris_interfaces) StdoutLine: {'line': b'-- Up-to-date: /home/maddy/iris_test_tool/install/iris_interfaces/share/iris_interfaces/msg/A2Command.msg\n'}
[1.179151] (iris_interfaces) StdoutLine: {'line': b'-- Up-to-date: /home/maddy/iris_test_tool/install/iris_interfaces/share/iris_interfaces/msg/VacuumStatus.msg\n'}
[1.180471] (iris_interfaces) StdoutLine: {'line': b'-- Up-to-date: /home/maddy/iris_test_tool/install/iris_interfaces/share/iris_interfaces/msg/VacuumFaults.msg\n'}
[1.180781] (iris_interfaces) StdoutLine: {'line': b'-- Up-to-date: /home/maddy/iris_test_tool/install/iris_interfaces/share/iris_interfaces/msg/BrushStatus.msg\n'}
[1.181061] (iris_interfaces) StdoutLine: {'line': b'-- Up-to-date: /home/maddy/iris_test_tool/install/iris_interfaces/share/iris_interfaces/msg/BrushFaults.msg\n'}
[1.184482] (iris_interfaces) StdoutLine: {'line': b'-- Up-to-date: /home/maddy/iris_test_tool/install/iris_interfaces/share/iris_interfaces/msg/A2FaultStatus.msg\n'}
[1.184735] (iris_interfaces) StdoutLine: {'line': b'-- Up-to-date: /home/maddy/iris_test_tool/install/iris_interfaces/share/iris_interfaces/msg/ActuatorStatus.msg\n'}
[1.184976] (iris_interfaces) StdoutLine: {'line': b'-- Up-to-date: /home/maddy/iris_test_tool/install/iris_interfaces/share/iris_interfaces/srv/UpdateMotorControllerParameters.srv\n'}
[1.185301] (iris_interfaces) StdoutLine: {'line': b'-- Up-to-date: /home/maddy/iris_test_tool/install/iris_interfaces/share/iris_interfaces/srv/UpdateMotorControllerParameters_Request.msg\n'}
[1.185550] (iris_interfaces) StdoutLine: {'line': b'-- Up-to-date: /home/maddy/iris_test_tool/install/iris_interfaces/share/iris_interfaces/srv/UpdateMotorControllerParameters_Response.msg\n'}
[1.185784] (iris_interfaces) StdoutLine: {'line': b'-- Up-to-date: /home/maddy/iris_test_tool/install/iris_interfaces/share/iris_interfaces/srv/RestartMotorController.srv\n'}
[1.186017] (iris_interfaces) StdoutLine: {'line': b'-- Up-to-date: /home/maddy/iris_test_tool/install/iris_interfaces/share/iris_interfaces/srv/RestartMotorController_Request.msg\n'}
[1.186248] (iris_interfaces) StdoutLine: {'line': b'-- Up-to-date: /home/maddy/iris_test_tool/install/iris_interfaces/share/iris_interfaces/srv/RestartMotorController_Response.msg\n'}
[1.186476] (iris_interfaces) StdoutLine: {'line': b'-- Up-to-date: /home/maddy/iris_test_tool/install/iris_interfaces/share/iris_interfaces/srv/GetWifiStatus.srv\n'}
[1.186714] (iris_interfaces) StdoutLine: {'line': b'-- Up-to-date: /home/maddy/iris_test_tool/install/iris_interfaces/share/iris_interfaces/srv/GetWifiStatus_Request.msg\n'}
[1.186940] (iris_interfaces) StdoutLine: {'line': b'-- Up-to-date: /home/maddy/iris_test_tool/install/iris_interfaces/share/iris_interfaces/srv/GetWifiStatus_Response.msg\n'}
[1.187163] (iris_interfaces) StdoutLine: {'line': b'-- Up-to-date: /home/maddy/iris_test_tool/install/iris_interfaces/share/iris_interfaces/srv/WifiDiscovery.srv\n'}
[1.187387] (iris_interfaces) StdoutLine: {'line': b'-- Up-to-date: /home/maddy/iris_test_tool/install/iris_interfaces/share/iris_interfaces/srv/WifiDiscovery_Request.msg\n'}
[1.187610] (iris_interfaces) StdoutLine: {'line': b'-- Up-to-date: /home/maddy/iris_test_tool/install/iris_interfaces/share/iris_interfaces/srv/WifiDiscovery_Response.msg\n'}
[1.187833] (iris_interfaces) StdoutLine: {'line': b'-- Up-to-date: /home/maddy/iris_test_tool/install/iris_interfaces/share/iris_interfaces/srv/ConnectWifi.srv\n'}
[1.188261] (iris_interfaces) StdoutLine: {'line': b'-- Up-to-date: /home/maddy/iris_test_tool/install/iris_interfaces/share/iris_interfaces/srv/ConnectWifi_Request.msg\n'}
[1.188485] (iris_interfaces) StdoutLine: {'line': b'-- Up-to-date: /home/maddy/iris_test_tool/install/iris_interfaces/share/iris_interfaces/srv/ConnectWifi_Response.msg\n'}
[1.188708] (iris_interfaces) StdoutLine: {'line': b'-- Up-to-date: /home/maddy/iris_test_tool/install/iris_interfaces/share/iris_interfaces/srv/DisconnectWifi.srv\n'}
[1.188931] (iris_interfaces) StdoutLine: {'line': b'-- Up-to-date: /home/maddy/iris_test_tool/install/iris_interfaces/share/iris_interfaces/srv/DisconnectWifi_Request.msg\n'}
[1.189213] (iris_interfaces) StdoutLine: {'line': b'-- Up-to-date: /home/maddy/iris_test_tool/install/iris_interfaces/share/iris_interfaces/srv/DisconnectWifi_Response.msg\n'}
[1.189432] (iris_interfaces) StdoutLine: {'line': b'-- Up-to-date: /home/maddy/iris_test_tool/install/iris_interfaces/share/iris_interfaces/srv/ProcessManager.srv\n'}
[1.189600] (iris_interfaces) StdoutLine: {'line': b'-- Up-to-date: /home/maddy/iris_test_tool/install/iris_interfaces/share/iris_interfaces/srv/ProcessManager_Request.msg\n'}
[1.189736] (iris_interfaces) StdoutLine: {'line': b'-- Up-to-date: /home/maddy/iris_test_tool/install/iris_interfaces/share/iris_interfaces/srv/ProcessManager_Response.msg\n'}
[1.189960] (iris_interfaces) StdoutLine: {'line': b'-- Up-to-date: /home/maddy/iris_test_tool/install/iris_interfaces/share/iris_interfaces/srv/StateManager.srv\n'}
[1.190184] (iris_interfaces) StdoutLine: {'line': b'-- Up-to-date: /home/maddy/iris_test_tool/install/iris_interfaces/share/iris_interfaces/srv/StateManager_Request.msg\n'}
[1.190408] (iris_interfaces) StdoutLine: {'line': b'-- Up-to-date: /home/maddy/iris_test_tool/install/iris_interfaces/share/iris_interfaces/srv/StateManager_Response.msg\n'}
[1.190632] (iris_interfaces) StdoutLine: {'line': b'-- Up-to-date: /home/maddy/iris_test_tool/install/iris_interfaces/share/iris_interfaces/srv/ResetWheelEncoders.srv\n'}
[1.190856] (iris_interfaces) StdoutLine: {'line': b'-- Up-to-date: /home/maddy/iris_test_tool/install/iris_interfaces/share/iris_interfaces/srv/ResetWheelEncoders_Request.msg\n'}
[1.191089] (iris_interfaces) StdoutLine: {'line': b'-- Up-to-date: /home/maddy/iris_test_tool/install/iris_interfaces/share/iris_interfaces/srv/ResetWheelEncoders_Response.msg\n'}
[1.191313] (iris_interfaces) StdoutLine: {'line': b'-- Up-to-date: /home/maddy/iris_test_tool/install/iris_interfaces/share/iris_interfaces/srv/UpdateMotorControllerReferenceSource.srv\n'}
[1.191538] (iris_interfaces) StdoutLine: {'line': b'-- Up-to-date: /home/maddy/iris_test_tool/install/iris_interfaces/share/iris_interfaces/srv/UpdateMotorControllerReferenceSource_Request.msg\n'}
[1.191973] (iris_interfaces) StdoutLine: {'line': b'-- Up-to-date: /home/maddy/iris_test_tool/install/iris_interfaces/share/iris_interfaces/srv/UpdateMotorControllerReferenceSource_Response.msg\n'}
[1.192600] (iris_interfaces) StdoutLine: {'line': b'-- Up-to-date: /home/maddy/iris_test_tool/install/iris_interfaces/share/iris_interfaces/srv/A2Command.srv\n'}
[1.192834] (iris_interfaces) StdoutLine: {'line': b'-- Up-to-date: /home/maddy/iris_test_tool/install/iris_interfaces/share/iris_interfaces/srv/A2Command_Request.msg\n'}
[1.193223] (iris_interfaces) StdoutLine: {'line': b'-- Up-to-date: /home/maddy/iris_test_tool/install/iris_interfaces/share/iris_interfaces/srv/A2Command_Response.msg\n'}
[1.194379] (iris_interfaces) StdoutLine: {'line': b'-- Up-to-date: /home/maddy/iris_test_tool/install/iris_interfaces/share/iris_interfaces/srv/ResetA2Faults.srv\n'}
[1.194697] (iris_interfaces) StdoutLine: {'line': b'-- Up-to-date: /home/maddy/iris_test_tool/install/iris_interfaces/share/iris_interfaces/srv/ResetA2Faults_Request.msg\n'}
[1.195174] (iris_interfaces) StdoutLine: {'line': b'-- Up-to-date: /home/maddy/iris_test_tool/install/iris_interfaces/share/iris_interfaces/srv/ResetA2Faults_Response.msg\n'}
[1.195557] (iris_interfaces) StdoutLine: {'line': b'-- Up-to-date: /home/maddy/iris_test_tool/install/iris_interfaces/share/iris_interfaces/action/ComputePathCoverage.action\n'}
[1.195934] (iris_interfaces) StdoutLine: {'line': b'-- Up-to-date: /home/maddy/iris_test_tool/install/iris_interfaces/share/iris_interfaces/action/NavigatePathCoverage.action\n'}
[1.196462] (iris_interfaces) StdoutLine: {'line': b'-- Up-to-date: /home/maddy/iris_test_tool/install/iris_interfaces/share/iris_interfaces/action/PathCoverageController.action\n'}
[1.197121] (iris_interfaces) StdoutLine: {'line': b'-- Up-to-date: /home/maddy/iris_test_tool/install/iris_interfaces/share/ament_index/resource_index/package_run_dependencies/iris_interfaces\n'}
[1.197496] (iris_interfaces) StdoutLine: {'line': b'-- Up-to-date: /home/maddy/iris_test_tool/install/iris_interfaces/share/ament_index/resource_index/parent_prefix_path/iris_interfaces\n'}
[1.197852] (iris_interfaces) StdoutLine: {'line': b'-- Up-to-date: /home/maddy/iris_test_tool/install/iris_interfaces/share/iris_interfaces/environment/ament_prefix_path.sh\n'}
[1.198699] (iris_interfaces) StdoutLine: {'line': b'-- Up-to-date: /home/maddy/iris_test_tool/install/iris_interfaces/share/iris_interfaces/environment/ament_prefix_path.dsv\n'}
[1.198910] (iris_interfaces) StdoutLine: {'line': b'-- Up-to-date: /home/maddy/iris_test_tool/install/iris_interfaces/share/iris_interfaces/environment/path.sh\n'}
[1.199201] (iris_interfaces) StdoutLine: {'line': b'-- Up-to-date: /home/maddy/iris_test_tool/install/iris_interfaces/share/iris_interfaces/environment/path.dsv\n'}
[1.199795] (iris_interfaces) StdoutLine: {'line': b'-- Up-to-date: /home/maddy/iris_test_tool/install/iris_interfaces/share/iris_interfaces/local_setup.bash\n'}
[1.200027] (iris_interfaces) StdoutLine: {'line': b'-- Up-to-date: /home/maddy/iris_test_tool/install/iris_interfaces/share/iris_interfaces/local_setup.sh\n'}
[1.200256] (iris_interfaces) StdoutLine: {'line': b'-- Up-to-date: /home/maddy/iris_test_tool/install/iris_interfaces/share/iris_interfaces/local_setup.zsh\n'}
[1.200485] (iris_interfaces) StdoutLine: {'line': b'-- Up-to-date: /home/maddy/iris_test_tool/install/iris_interfaces/share/iris_interfaces/local_setup.dsv\n'}
[1.200714] (iris_interfaces) StdoutLine: {'line': b'-- Installing: /home/maddy/iris_test_tool/install/iris_interfaces/share/iris_interfaces/package.dsv\n'}
[1.200938] (-) TimerEvent: {}
[1.201178] (iris_interfaces) StdoutLine: {'line': b'-- Up-to-date: /home/maddy/iris_test_tool/install/iris_interfaces/share/ament_index/resource_index/packages/iris_interfaces\n'}
[1.201587] (iris_interfaces) StdoutLine: {'line': b'-- Up-to-date: /home/maddy/iris_test_tool/install/iris_interfaces/share/iris_interfaces/cmake/export_iris_interfaces__rosidl_generator_cExport.cmake\n'}
[1.201823] (iris_interfaces) StdoutLine: {'line': b'-- Up-to-date: /home/maddy/iris_test_tool/install/iris_interfaces/share/iris_interfaces/cmake/export_iris_interfaces__rosidl_generator_cExport-noconfig.cmake\n'}
[1.202056] (iris_interfaces) StdoutLine: {'line': b'-- Up-to-date: /home/maddy/iris_test_tool/install/iris_interfaces/share/iris_interfaces/cmake/export_iris_interfaces__rosidl_typesupport_fastrtps_cExport.cmake\n'}
[1.202494] (iris_interfaces) StdoutLine: {'line': b'-- Up-to-date: /home/maddy/iris_test_tool/install/iris_interfaces/share/iris_interfaces/cmake/export_iris_interfaces__rosidl_typesupport_fastrtps_cExport-noconfig.cmake\n'}
[1.202726] (iris_interfaces) StdoutLine: {'line': b'-- Up-to-date: /home/maddy/iris_test_tool/install/iris_interfaces/share/iris_interfaces/cmake/iris_interfaces__rosidl_typesupport_introspection_cExport.cmake\n'}
[1.202956] (iris_interfaces) StdoutLine: {'line': b'-- Up-to-date: /home/maddy/iris_test_tool/install/iris_interfaces/share/iris_interfaces/cmake/iris_interfaces__rosidl_typesupport_introspection_cExport-noconfig.cmake\n'}
[1.203199] (iris_interfaces) StdoutLine: {'line': b'-- Up-to-date: /home/maddy/iris_test_tool/install/iris_interfaces/share/iris_interfaces/cmake/iris_interfaces__rosidl_typesupport_cExport.cmake\n'}
[1.203429] (iris_interfaces) StdoutLine: {'line': b'-- Up-to-date: /home/maddy/iris_test_tool/install/iris_interfaces/share/iris_interfaces/cmake/iris_interfaces__rosidl_typesupport_cExport-noconfig.cmake\n'}
[1.203658] (iris_interfaces) StdoutLine: {'line': b'-- Up-to-date: /home/maddy/iris_test_tool/install/iris_interfaces/share/iris_interfaces/cmake/export_iris_interfaces__rosidl_generator_cppExport.cmake\n'}
[1.203886] (iris_interfaces) StdoutLine: {'line': b'-- Up-to-date: /home/maddy/iris_test_tool/install/iris_interfaces/share/iris_interfaces/cmake/export_iris_interfaces__rosidl_typesupport_fastrtps_cppExport.cmake\n'}
[1.204407] (iris_interfaces) StdoutLine: {'line': b'-- Up-to-date: /home/maddy/iris_test_tool/install/iris_interfaces/share/iris_interfaces/cmake/export_iris_interfaces__rosidl_typesupport_fastrtps_cppExport-noconfig.cmake\n'}
[1.204652] (iris_interfaces) StdoutLine: {'line': b'-- Up-to-date: /home/maddy/iris_test_tool/install/iris_interfaces/share/iris_interfaces/cmake/iris_interfaces__rosidl_typesupport_introspection_cppExport.cmake\n'}
[1.204880] (iris_interfaces) StdoutLine: {'line': b'-- Up-to-date: /home/maddy/iris_test_tool/install/iris_interfaces/share/iris_interfaces/cmake/iris_interfaces__rosidl_typesupport_introspection_cppExport-noconfig.cmake\n'}
[1.205138] (iris_interfaces) StdoutLine: {'line': b'-- Up-to-date: /home/maddy/iris_test_tool/install/iris_interfaces/share/iris_interfaces/cmake/iris_interfaces__rosidl_typesupport_cppExport.cmake\n'}
[1.205599] (iris_interfaces) StdoutLine: {'line': b'-- Up-to-date: /home/maddy/iris_test_tool/install/iris_interfaces/share/iris_interfaces/cmake/iris_interfaces__rosidl_typesupport_cppExport-noconfig.cmake\n'}
[1.205827] (iris_interfaces) StdoutLine: {'line': b'-- Up-to-date: /home/maddy/iris_test_tool/install/iris_interfaces/share/iris_interfaces/cmake/export_iris_interfaces__rosidl_generator_pyExport.cmake\n'}
[1.206053] (iris_interfaces) StdoutLine: {'line': b'-- Up-to-date: /home/maddy/iris_test_tool/install/iris_interfaces/share/iris_interfaces/cmake/export_iris_interfaces__rosidl_generator_pyExport-noconfig.cmake\n'}
[1.206280] (iris_interfaces) StdoutLine: {'line': b'-- Up-to-date: /home/maddy/iris_test_tool/install/iris_interfaces/share/iris_interfaces/cmake/rosidl_cmake-extras.cmake\n'}
[1.206506] (iris_interfaces) StdoutLine: {'line': b'-- Up-to-date: /home/maddy/iris_test_tool/install/iris_interfaces/share/iris_interfaces/cmake/ament_cmake_export_dependencies-extras.cmake\n'}
[1.206732] (iris_interfaces) StdoutLine: {'line': b'-- Up-to-date: /home/maddy/iris_test_tool/install/iris_interfaces/share/iris_interfaces/cmake/ament_cmake_export_include_directories-extras.cmake\n'}
[1.206958] (iris_interfaces) StdoutLine: {'line': b'-- Up-to-date: /home/maddy/iris_test_tool/install/iris_interfaces/share/iris_interfaces/cmake/ament_cmake_export_libraries-extras.cmake\n'}
[1.207184] (iris_interfaces) StdoutLine: {'line': b'-- Up-to-date: /home/maddy/iris_test_tool/install/iris_interfaces/share/iris_interfaces/cmake/ament_cmake_export_targets-extras.cmake\n'}
[1.207410] (iris_interfaces) StdoutLine: {'line': b'-- Up-to-date: /home/maddy/iris_test_tool/install/iris_interfaces/share/iris_interfaces/cmake/rosidl_cmake_export_typesupport_targets-extras.cmake\n'}
[1.207808] (iris_interfaces) StdoutLine: {'line': b'-- Up-to-date: /home/maddy/iris_test_tool/install/iris_interfaces/share/iris_interfaces/cmake/rosidl_cmake_export_typesupport_libraries-extras.cmake\n'}
[1.208035] (iris_interfaces) StdoutLine: {'line': b'-- Up-to-date: /home/maddy/iris_test_tool/install/iris_interfaces/share/iris_interfaces/cmake/iris_interfacesConfig.cmake\n'}
[1.208260] (iris_interfaces) StdoutLine: {'line': b'-- Up-to-date: /home/maddy/iris_test_tool/install/iris_interfaces/share/iris_interfaces/cmake/iris_interfacesConfig-version.cmake\n'}
[1.208509] (iris_interfaces) StdoutLine: {'line': b'-- Up-to-date: /home/maddy/iris_test_tool/install/iris_interfaces/share/iris_interfaces/package.xml\n'}
[1.208736] (iris_interfaces) CommandEnded: {'returncode': 0}
[1.242458] (iris_interfaces) JobEnded: {'identifier': 'iris_interfaces', 'rc': 0}
[1.244816] (test_tool) JobStarted: {'identifier': 'test_tool'}
[1.301190] (-) TimerEvent: {}
[1.401720] (-) TimerEvent: {}
[1.435823] (test_tool) JobProgress: {'identifier': 'test_tool', 'progress': 'cmake'}
[1.437012] (test_tool) JobProgress: {'identifier': 'test_tool', 'progress': 'build'}
[1.437675] (test_tool) Command: {'cmd': ['/usr/bin/cmake', '--build', '/home/maddy/iris_test_tool/build/test_tool', '--', '-j8', '-l8'], 'cwd': '/home/maddy/iris_test_tool/build/test_tool', 'env': OrderedDict([('TMUX', '/tmp/tmux-1000/default,3618,0'), ('USER', 'maddy'), ('LD_LIBRARY_PATH', '/home/maddy/iris_test_tool/install/iris_interfaces/lib:/usr/lib/x86_64-linux-gnu/gazebo-11/plugins:/opt/ros/humble/opt/rviz_ogre_vendor/lib:/opt/ros/humble/lib/x86_64-linux-gnu:/opt/ros/humble/lib'), ('SHLVL', '2'), ('HOME', '/home/maddy'), ('LESS', '-R'), ('OLDPWD', '/home/maddy/iris_test_tool'), ('TERM_PROGRAM_VERSION', '3.2a'), ('LSCOLORS', 'Gxfxcxdxbxegedabagacad'), ('PAGER', 'less'), ('ROS_PYTHON_VERSION', '3'), ('DBUS_SESSION_BUS_ADDRESS', 'unix:path=/run/user/1000/bus'), ('P9K_TTY', 'old'), ('WSL_DISTRO_NAME', 'Ubuntu-22.04'), ('COLCON_PREFIX_PATH', '/home/maddy/iris_test_tool/install'), ('ROS_DISTRO', 'humble'), ('WAYLAND_DISPLAY', 'wayland-0'), ('LOGNAME', 'maddy'), ('NAME', 'RMCCORPDE-DT024'), ('PULSE_SERVER', 'unix:/mnt/wslg/PulseServer'), ('WSL_INTEROP', '/run/WSL/351_interop'), ('_', '/usr/bin/colcon'), ('_P9K_SSH_TTY', '/dev/pts/2'), ('ROS_VERSION', '2'), ('TERM', 'screen-256color'), ('ROS_LOCALHOST_ONLY', '0'), ('PATH', '/opt/ros/humble/bin:/usr/local/sbin:/usr/local/bin:/usr/sbin:/usr/bin:/sbin:/bin:/usr/games:/usr/local/games:/usr/lib/wsl/lib:/mnt/c/Program Files/Common Files/Oracle/Java/javapath:/mnt/c/Program Files/Eclipse Adoptium/jdk-17.0.15.6-hotspot/bin:/mnt/c/Program Files (x86)/Common Files/Oracle/Java/java8path:/mnt/c/Program Files (x86)/Common Files/Oracle/Java/javapath:/mnt/c/Windows/system32:/mnt/c/Windows:/mnt/c/Windows/System32/Wbem:/mnt/c/Windows/System32/WindowsPowerShell/v1.0/:/mnt/c/Windows/System32/OpenSSH/:/mnt/c/Program Files/dotnet/:/mnt/c/Program Files/Git/cmd:/mnt/c/Program Files (x86)/Microsoft SQL Server/160/Tools/Binn/:/mnt/c/Program Files/Microsoft SQL Server/160/Tools/Binn/:/mnt/c/Program Files/Microsoft SQL Server/Client SDK/ODBC/170/Tools/Binn/:/mnt/c/Program Files/Microsoft SQL Server/160/DTS/Binn/:/mnt/c/Program Files (x86)/Windows Kits/10/Windows Performance Toolkit/:/mnt/c/Program Files/PostgreSQL/17/bin:/mnt/c/sonar-scanner-7.1.0.4889-windows-x64/bin:/mnt/c/msys64/mingw64/bin:/mnt/c/Program Files/CMake/bin:/mnt/c/Users/RMCPDEDT024/AppData/Local/Programs/Python/Python313/Scripts/:/mnt/c/Users/RMCPDEDT024/AppData/Local/Programs/Python/Python313/:/mnt/c/Users/RMCPDEDT024/AppData/Local/Programs/Python/Launcher/:/mnt/c/Users/RMCPDEDT024/AppData/Local/Microsoft/WindowsApps:/mnt/c/Users/RMCPDEDT024/AppData/Local/Programs/Microsoft VS Code/bin:/mnt/c/Users/RMCPDEDT024/AppData/Local/Python/bin'), ('XDG_RUNTIME_DIR', '/run/user/1000'), ('DISPLAY', ':0'), ('LANG', 'en_US.UTF-8'), ('LS_COLORS', 'rs=0:di=01;34:ln=01;36:mh=00:pi=40;33:so=01;35:do=01;35:bd=40;33;01:cd=40;33;01:or=40;31;01:mi=00:su=37;41:sg=30;43:ca=30;41:tw=30;42:ow=34;42:st=37;44:ex=01;32:*.tar=01;31:*.tgz=01;31:*.arc=01;31:*.arj=01;31:*.taz=01;31:*.lha=01;31:*.lz4=01;31:*.lzh=01;31:*.lzma=01;31:*.tlz=01;31:*.txz=01;31:*.tzo=01;31:*.t7z=01;31:*.zip=01;31:*.z=01;31:*.dz=01;31:*.gz=01;31:*.lrz=01;31:*.lz=01;31:*.lzo=01;31:*.xz=01;31:*.zst=01;31:*.tzst=01;31:*.bz2=01;31:*.bz=01;31:*.tbz=01;31:*.tbz2=01;31:*.tz=01;31:*.deb=01;31:*.rpm=01;31:*.jar=01;31:*.war=01;31:*.ear=01;31:*.sar=01;31:*.rar=01;31:*.alz=01;31:*.ace=01;31:*.zoo=01;31:*.cpio=01;31:*.7z=01;31:*.rz=01;31:*.cab=01;31:*.wim=01;31:*.swm=01;31:*.dwm=01;31:*.esd=01;31:*.jpg=01;35:*.jpeg=01;35:*.mjpg=01;35:*.mjpeg=01;35:*.gif=01;35:*.bmp=01;35:*.pbm=01;35:*.pgm=01;35:*.ppm=01;35:*.tga=01;35:*.xbm=01;35:*.xpm=01;35:*.tif=01;35:*.tiff=01;35:*.png=01;35:*.svg=01;35:*.svgz=01;35:*.mng=01;35:*.pcx=01;35:*.mov=01;35:*.mpg=01;35:*.mpeg=01;35:*.m2v=01;35:*.mkv=01;35:*.webm=01;35:*.webp=01;35:*.ogm=01;35:*.mp4=01;35:*.m4v=01;35:*.mp4v=01;35:*.vob=01;35:*.qt=01;35:*.nuv=01;35:*.wmv=01;35:*.asf=01;35:*.rm=01;35:*.rmvb=01;35:*.flc=01;35:*.avi=01;35:*.fli=01;35:*.flv=01;35:*.gl=01;35:*.dl=01;35:*.xcf=01;35:*.xwd=01;35:*.yuv=01;35:*.cgm=01;35:*.emf=01;35:*.ogv=01;35:*.ogx=01;35:*.aac=00;36:*.au=00;36:*.flac=00;36:*.m4a=00;36:*.mid=00;36:*.midi=00;36:*.mka=00;36:*.mp3=00;36:*.mpc=00;36:*.ogg=00;36:*.ra=00;36:*.wav=00;36:*.oga=00;36:*.opus=00;36:*.spx=00;36:*.xspf=00;36:'), ('TERM_PROGRAM', 'tmux'), ('AMENT_PREFIX_PATH', '/home/maddy/iris_test_tool/install/test_tool:/home/maddy/iris_test_tool/install/iris_interfaces:/opt/ros/humble'), ('SHELL', '/usr/bin/zsh'), ('P9K_SSH', '0'), ('PWD', '/home/maddy/iris_test_tool/build/test_tool'), ('_P9K_TTY', '/dev/pts/2'), ('PYTHONPATH', '/home/maddy/iris_test_tool/install/test_tool_dummy/lib/python3.10/site-packages:/home/maddy/iris_test_tool/install/iris_interfaces/local/lib/python3.10/dist-packages:/opt/ros/humble/lib/python3.10/site-packages:/opt/ros/humble/local/lib/python3.10/dist-packages'), ('COLCON', '1'), ('HOSTTYPE', 'x86_64'), ('TMUX_PANE', '%0'), ('WSL2_GUI_APPS_ENABLED', '1'), ('CMAKE_PREFIX_PATH', '/home/maddy/iris_test_tool/install/iris_interfaces:/home/maddy/iris_test_tool/install/test_tool:/opt/ros/humble'), ('WSLENV', '')]), 'shell': False}
[1.449880] (test_tool_dummy) Command: {'cmd': ['/usr/bin/python3', '-W', 'ignore:setup.py install is deprecated', '-W', 'ignore:easy_install command is deprecated', 'setup.py', 'egg_info', '--egg-base', '../../build/test_tool_dummy', 'build', '--build-base', '/home/maddy/iris_test_tool/build/test_tool_dummy/build', 'install', '--record', '/home/maddy/iris_test_tool/build/test_tool_dummy/install.log', '--install-scripts', '$base/lib/test_tool_dummy', '--single-version-externally-managed'], 'cwd': '/home/maddy/iris_test_tool/src/test_tool_dummy', 'env': {'TMUX': '/tmp/tmux-1000/default,3618,0', 'USER': 'maddy', 'LD_LIBRARY_PATH': '/home/maddy/iris_test_tool/install/iris_interfaces/lib:/usr/lib/x86_64-linux-gnu/gazebo-11/plugins:/opt/ros/humble/opt/rviz_ogre_vendor/lib:/opt/ros/humble/lib/x86_64-linux-gnu:/opt/ros/humble/lib', 'SHLVL': '2', 'HOME': '/home/maddy', 'LESS': '-R', 'OLDPWD': '/home/maddy/iris_test_tool', 'TERM_PROGRAM_VERSION': '3.2a', 'LSCOLORS': 'Gxfxcxdxbxegedabagacad', 'PAGER': 'less', 'ROS_PYTHON_VERSION': '3', 'DBUS_SESSION_BUS_ADDRESS': 'unix:path=/run/user/1000/bus', 'P9K_TTY': 'old', 'WSL_DISTRO_NAME': 'Ubuntu-22.04', 'COLCON_PREFIX_PATH': '/home/maddy/iris_test_tool/install', 'ROS_DISTRO': 'humble', 'WAYLAND_DISPLAY': 'wayland-0', 'LOGNAME': 'maddy', 'NAME': 'RMCCORPDE-DT024', 'PULSE_SERVER': 'unix:/mnt/wslg/PulseServer', 'WSL_INTEROP': '/run/WSL/351_interop', '_': '/usr/bin/colcon', '_P9K_SSH_TTY': '/dev/pts/2', 'ROS_VERSION': '2', 'TERM': 'screen-256color', 'ROS_LOCALHOST_ONLY': '0', 'PATH': '/opt/ros/humble/bin:/usr/local/sbin:/usr/local/bin:/usr/sbin:/usr/bin:/sbin:/bin:/usr/games:/usr/local/games:/usr/lib/wsl/lib:/mnt/c/Program Files/Common Files/Oracle/Java/javapath:/mnt/c/Program Files/Eclipse Adoptium/jdk-17.0.15.6-hotspot/bin:/mnt/c/Program Files (x86)/Common Files/Oracle/Java/java8path:/mnt/c/Program Files (x86)/Common Files/Oracle/Java/javapath:/mnt/c/Windows/system32:/mnt/c/Windows:/mnt/c/Windows/System32/Wbem:/mnt/c/Windows/System32/WindowsPowerShell/v1.0/:/mnt/c/Windows/System32/OpenSSH/:/mnt/c/Program Files/dotnet/:/mnt/c/Program Files/Git/cmd:/mnt/c/Program Files (x86)/Microsoft SQL Server/160/Tools/Binn/:/mnt/c/Program Files/Microsoft SQL Server/160/Tools/Binn/:/mnt/c/Program Files/Microsoft SQL Server/Client SDK/ODBC/170/Tools/Binn/:/mnt/c/Program Files/Microsoft SQL Server/160/DTS/Binn/:/mnt/c/Program Files (x86)/Windows Kits/10/Windows Performance Toolkit/:/mnt/c/Program Files/PostgreSQL/17/bin:/mnt/c/sonar-scanner-7.1.0.4889-windows-x64/bin:/mnt/c/msys64/mingw64/bin:/mnt/c/Program Files/CMake/bin:/mnt/c/Users/RMCPDEDT024/AppData/Local/Programs/Python/Python313/Scripts/:/mnt/c/Users/RMCPDEDT024/AppData/Local/Programs/Python/Python313/:/mnt/c/Users/RMCPDEDT024/AppData/Local/Programs/Python/Launcher/:/mnt/c/Users/RMCPDEDT024/AppData/Local/Microsoft/WindowsApps:/mnt/c/Users/RMCPDEDT024/AppData/Local/Programs/Microsoft VS Code/bin:/mnt/c/Users/RMCPDEDT024/AppData/Local/Python/bin', 'XDG_RUNTIME_DIR': '/run/user/1000', 'DISPLAY': ':0', 'LANG': 'en_US.UTF-8', 'LS_COLORS': 'rs=0:di=01;34:ln=01;36:mh=00:pi=40;33:so=01;35:do=01;35:bd=40;33;01:cd=40;33;01:or=40;31;01:mi=00:su=37;41:sg=30;43:ca=30;41:tw=30;42:ow=34;42:st=37;44:ex=01;32:*.tar=01;31:*.tgz=01;31:*.arc=01;31:*.arj=01;31:*.taz=01;31:*.lha=01;31:*.lz4=01;31:*.lzh=01;31:*.lzma=01;31:*.tlz=01;31:*.txz=01;31:*.tzo=01;31:*.t7z=01;31:*.zip=01;31:*.z=01;31:*.dz=01;31:*.gz=01;31:*.lrz=01;31:*.lz=01;31:*.lzo=01;31:*.xz=01;31:*.zst=01;31:*.tzst=01;31:*.bz2=01;31:*.bz=01;31:*.tbz=01;31:*.tbz2=01;31:*.tz=01;31:*.deb=01;31:*.rpm=01;31:*.jar=01;31:*.war=01;31:*.ear=01;31:*.sar=01;31:*.rar=01;31:*.alz=01;31:*.ace=01;31:*.zoo=01;31:*.cpio=01;31:*.7z=01;31:*.rz=01;31:*.cab=01;31:*.wim=01;31:*.swm=01;31:*.dwm=01;31:*.esd=01;31:*.jpg=01;35:*.jpeg=01;35:*.mjpg=01;35:*.mjpeg=01;35:*.gif=01;35:*.bmp=01;35:*.pbm=01;35:*.pgm=01;35:*.ppm=01;35:*.tga=01;35:*.xbm=01;35:*.xpm=01;35:*.tif=01;35:*.tiff=01;35:*.png=01;35:*.svg=01;35:*.svgz=01;35:*.mng=01;35:*.pcx=01;35:*.mov=01;35:*.mpg=01;35:*.mpeg=01;35:*.m2v=01;35:*.mkv=01;35:*.webm=01;35:*.webp=01;35:*.ogm=01;35:*.mp4=01;35:*.m4v=01;35:*.mp4v=01;35:*.vob=01;35:*.qt=01;35:*.nuv=01;35:*.wmv=01;35:*.asf=01;35:*.rm=01;35:*.rmvb=01;35:*.flc=01;35:*.avi=01;35:*.fli=01;35:*.flv=01;35:*.gl=01;35:*.dl=01;35:*.xcf=01;35:*.xwd=01;35:*.yuv=01;35:*.cgm=01;35:*.emf=01;35:*.ogv=01;35:*.ogx=01;35:*.aac=00;36:*.au=00;36:*.flac=00;36:*.m4a=00;36:*.mid=00;36:*.midi=00;36:*.mka=00;36:*.mp3=00;36:*.mpc=00;36:*.ogg=00;36:*.ra=00;36:*.wav=00;36:*.oga=00;36:*.opus=00;36:*.spx=00;36:*.xspf=00;36:', 'TERM_PROGRAM': 'tmux', 'AMENT_PREFIX_PATH': '/home/maddy/iris_test_tool/install/test_tool:/home/maddy/iris_test_tool/install/iris_interfaces:/opt/ros/humble', 'SHELL': '/usr/bin/zsh', 'P9K_SSH': '0', 'PWD': '/home/maddy/iris_test_tool/build/test_tool_dummy', '_P9K_TTY': '/dev/pts/2', 'PYTHONPATH': '/home/maddy/iris_test_tool/build/test_tool_dummy/prefix_override:/usr/lib/python3/dist-packages/colcon_core/task/python/colcon_distutils_commands:/home/maddy/iris_test_tool/install/test_tool_dummy/lib/python3.10/site-packages:/home/maddy/iris_test_tool/install/test_tool_dummy/lib/python3.10/site-packages:/home/maddy/iris_test_tool/install/iris_interfaces/local/lib/python3.10/dist-packages:/opt/ros/humble/lib/python3.10/site-packages:/opt/ros/humble/local/lib/python3.10/dist-packages', 'COLCON': '1', 'HOSTTYPE': 'x86_64', 'TMUX_PANE': '%0', 'WSL2_GUI_APPS_ENABLED': '1', 'CMAKE_PREFIX_PATH': '/home/maddy/iris_test_tool/install/test_tool:/home/maddy/iris_test_tool/install/iris_interfaces', 'WSLENV': ''}, 'shell': False}
[1.501960] (-) TimerEvent: {}
[1.548234] (test_tool) StdoutLine: {'line': b'[  6%] \x1b[34m\x1b[1mAutomatic MOC and UIC for target dummy_test\x1b[0m\n'}
[1.550815] (test_tool) StdoutLine: {'line': b'[ 13%] \x1b[34m\x1b[1mAutomatic MOC and UIC for target dummy_test_1\x1b[0m\n'}
[1.560070] (test_tool) StdoutLine: {'line': b'[ 20%] \x1b[34m\x1b[1mAutomatic MOC and UIC for target test_tool_node\x1b[0m\n'}
[1.598460] (test_tool) StdoutLine: {'line': b'[ 20%] Built target dummy_test_autogen\n'}
[1.602085] (-) TimerEvent: {}
[1.607864] (test_tool) StdoutLine: {'line': b'[ 20%] Built target dummy_test_1_autogen\n'}
[1.620916] (test_tool) StdoutLine: {'line': b"AutoUic: /home/maddy/iris_test_tool/src/test_tool/src/iris_tool/mainwindow.ui: Warning: The name 'layoutWidget' (QWidget) is already in use, defaulting to 'layoutWidget1'.\n"}
[1.639800] (test_tool) StdoutLine: {'line': b'[ 20%] Built target test_tool_node_autogen\n'}
[1.654998] (test_tool) StdoutLine: {'line': b'[ 40%] Built target dummy_test_1\n'}
[1.655401] (test_tool) StdoutLine: {'line': b'[ 60%] Built target dummy_test\n'}
[1.676078] (test_tool) StdoutLine: {'line': b'\x1b[35m\x1b[1mConsolidate compiler generated dependencies of target test_tool_node\x1b[0m\n'}
[1.702246] (-) TimerEvent: {}
[1.754050] (test_tool) StdoutLine: {'line': b'[ 66%] \x1b[32mBuilding CXX object CMakeFiles/test_tool_node.dir/test_tool_node_autogen/mocs_compilation.cpp.o\x1b[0m\n'}
[1.754477] (test_tool) StdoutLine: {'line': b'[ 73%] \x1b[32mBuilding CXX object CMakeFiles/test_tool_node.dir/src/iris_tool/main.cpp.o\x1b[0m\n'}
[1.756723] (test_tool) StdoutLine: {'line': b'[ 80%] \x1b[32mBuilding CXX object CMakeFiles/test_tool_node.dir/src/iris_tool/A2/a2_service.cpp.o\x1b[0m\n'}
[1.757079] (test_tool) StdoutLine: {'line': b'[ 86%] \x1b[32mBuilding CXX object CMakeFiles/test_tool_node.dir/src/iris_tool/mainwindow.cpp.o\x1b[0m\n'}
[1.805181] (-) TimerEvent: {}
[1.905649] (-) TimerEvent: {}
[2.006183] (-) TimerEvent: {}
[2.041373] (test_tool_dummy) StderrLine: {'line': b"/usr/lib/python3/dist-packages/setuptools/dist.py:723: UserWarning: Usage of dash-separated 'script-dir' will not be supported in future versions. Please use the underscore name 'script_dir' instead\n"}
[2.041787] (test_tool_dummy) StderrLine: {'line': b'  warnings.warn(\n'}
[2.060672] (test_tool_dummy) StdoutLine: {'line': b'running egg_info\n'}
[2.061043] (test_tool_dummy) StdoutLine: {'line': b'writing ../../build/test_tool_dummy/test_tool_dummy.egg-info/PKG-INFO\n'}
[2.065353] (test_tool_dummy) StdoutLine: {'line': b'writing dependency_links to ../../build/test_tool_dummy/test_tool_dummy.egg-info/dependency_links.txt\n'}
[2.065710] (test_tool_dummy) StdoutLine: {'line': b'writing entry points to ../../build/test_tool_dummy/test_tool_dummy.egg-info/entry_points.txt\n'}
[2.065969] (test_tool_dummy) StdoutLine: {'line': b'writing requirements to ../../build/test_tool_dummy/test_tool_dummy.egg-info/requires.txt\n'}
[2.066206] (test_tool_dummy) StdoutLine: {'line': b'writing top-level names to ../../build/test_tool_dummy/test_tool_dummy.egg-info/top_level.txt\n'}
[2.068005] (test_tool_dummy) StdoutLine: {'line': b"reading manifest file '../../build/test_tool_dummy/test_tool_dummy.egg-info/SOURCES.txt'\n"}
[2.070245] (test_tool_dummy) StdoutLine: {'line': b"writing manifest file '../../build/test_tool_dummy/test_tool_dummy.egg-info/SOURCES.txt'\n"}
[2.071448] (test_tool_dummy) StdoutLine: {'line': b'running build\n'}
[2.071695] (test_tool_dummy) StdoutLine: {'line': b'running build_py\n'}
[2.071928] (test_tool_dummy) StdoutLine: {'line': b'running install\n'}
[2.074080] (test_tool_dummy) StdoutLine: {'line': b'running install_lib\n'}
[2.074519] (test_tool_dummy) StdoutLine: {'line': b'running install_egg_info\n'}
[2.079650] (test_tool_dummy) StdoutLine: {'line': b"removing '/home/maddy/iris_test_tool/install/test_tool_dummy/lib/python3.10/site-packages/test_tool_dummy-0.0.0-py3.10.egg-info' (and everything under it)\n"}
[2.085247] (test_tool_dummy) StdoutLine: {'line': b'Copying ../../build/test_tool_dummy/test_tool_dummy.egg-info to /home/maddy/iris_test_tool/install/test_tool_dummy/lib/python3.10/site-packages/test_tool_dummy-0.0.0-py3.10.egg-info\n'}
[2.085968] (test_tool_dummy) StdoutLine: {'line': b'running install_scripts\n'}
[2.106973] (-) TimerEvent: {}
[2.143043] (test_tool_dummy) StdoutLine: {'line': b'Installing a2_dummy script to /home/maddy/iris_test_tool/install/test_tool_dummy/lib/test_tool_dummy\n'}
[2.143558] (test_tool_dummy) StdoutLine: {'line': b"writing list of installed files to '/home/maddy/iris_test_tool/build/test_tool_dummy/install.log'\n"}
[2.191622] (test_tool_dummy) CommandEnded: {'returncode': 0}
[2.205787] (test_tool_dummy) JobEnded: {'identifier': 'test_tool_dummy', 'rc': 0}
[2.207091] (-) TimerEvent: {}
[2.307807] (-) TimerEvent: {}
[2.408362] (-) TimerEvent: {}
[2.509227] (-) TimerEvent: {}
[2.609764] (-) TimerEvent: {}
[2.710349] (-) TimerEvent: {}
[2.810881] (-) TimerEvent: {}
[2.911422] (-) TimerEvent: {}
[3.012133] (-) TimerEvent: {}
[3.112701] (-) TimerEvent: {}
[3.213263] (-) TimerEvent: {}
[3.313759] (-) TimerEvent: {}
[3.414364] (-) TimerEvent: {}
[3.514917] (-) TimerEvent: {}
[3.615461] (-) TimerEvent: {}
[3.716071] (-) TimerEvent: {}
[3.816627] (-) TimerEvent: {}
[3.917209] (-) TimerEvent: {}
[4.017745] (-) TimerEvent: {}
[4.118291] (-) TimerEvent: {}
[4.218842] (-) TimerEvent: {}
[4.319377] (-) TimerEvent: {}
[4.419920] (-) TimerEvent: {}
[4.520484] (-) TimerEvent: {}
[4.621071] (-) TimerEvent: {}
[4.721801] (-) TimerEvent: {}
[4.823057] (-) TimerEvent: {}
[4.923678] (-) TimerEvent: {}
[5.024193] (-) TimerEvent: {}
[5.124741] (-) TimerEvent: {}
[5.225272] (-) TimerEvent: {}
[5.325816] (-) TimerEvent: {}
[5.426371] (-) TimerEvent: {}
[5.526923] (-) TimerEvent: {}
[5.627455] (-) TimerEvent: {}
[5.727949] (-) TimerEvent: {}
[5.828457] (-) TimerEvent: {}
[5.929002] (-) TimerEvent: {}
[6.029573] (-) TimerEvent: {}
[6.130258] (-) TimerEvent: {}
[6.231112] (-) TimerEvent: {}
[6.331798] (-) TimerEvent: {}
[6.434310] (-) TimerEvent: {}
[6.535155] (-) TimerEvent: {}
[6.637397] (-) TimerEvent: {}
[6.738261] (-) TimerEvent: {}
[6.839857] (-) TimerEvent: {}
[6.940484] (-) TimerEvent: {}
[7.041195] (-) TimerEvent: {}
[7.142325] (-) TimerEvent: {}
[7.242972] (-) TimerEvent: {}
[7.343998] (-) TimerEvent: {}
[7.444613] (-) TimerEvent: {}
[7.545253] (-) TimerEvent: {}
[7.646101] (-) TimerEvent: {}
[7.746679] (-) TimerEvent: {}
[7.847295] (-) TimerEvent: {}
[7.947888] (-) TimerEvent: {}
[8.048452] (-) TimerEvent: {}
[8.149136] (-) TimerEvent: {}
[8.249724] (-) TimerEvent: {}
[8.350364] (-) TimerEvent: {}
[8.451056] (-) TimerEvent: {}
[8.551614] (-) TimerEvent: {}
[8.652260] (-) TimerEvent: {}
[8.752800] (-) TimerEvent: {}
[8.853364] (-) TimerEvent: {}
[8.953952] (-) TimerEvent: {}
[9.054543] (-) TimerEvent: {}
[9.155114] (-) TimerEvent: {}
[9.255689] (-) TimerEvent: {}
[9.356284] (-) TimerEvent: {}
[9.456858] (-) TimerEvent: {}
[9.557379] (-) TimerEvent: {}
[9.657966] (-) TimerEvent: {}
[9.758568] (-) TimerEvent: {}
[9.859145] (-) TimerEvent: {}
[9.959675] (-) TimerEvent: {}
[10.060283] (-) TimerEvent: {}
[10.160870] (-) TimerEvent: {}
[10.261457] (-) TimerEvent: {}
[10.361999] (-) TimerEvent: {}
[10.462548] (-) TimerEvent: {}
[10.563120] (-) TimerEvent: {}
[10.663693] (-) TimerEvent: {}
[10.764220] (-) TimerEvent: {}
[10.864812] (-) TimerEvent: {}
[10.965380] (-) TimerEvent: {}
[11.065976] (-) TimerEvent: {}
[11.166624] (-) TimerEvent: {}
[11.267198] (-) TimerEvent: {}
[11.367759] (-) TimerEvent: {}
[11.468403] (-) TimerEvent: {}
[11.568937] (-) TimerEvent: {}
[11.669458] (-) TimerEvent: {}
[11.769972] (-) TimerEvent: {}
[11.870671] (-) TimerEvent: {}
[11.971215] (-) TimerEvent: {}
[12.071734] (-) TimerEvent: {}
[12.172328] (-) TimerEvent: {}
[12.273576] (-) TimerEvent: {}
[12.374113] (-) TimerEvent: {}
[12.474676] (-) TimerEvent: {}
[12.575191] (-) TimerEvent: {}
[12.675729] (-) TimerEvent: {}
[12.776292] (-) TimerEvent: {}
[12.876857] (-) TimerEvent: {}
[12.977497] (-) TimerEvent: {}
[13.078071] (-) TimerEvent: {}
[13.178686] (-) TimerEvent: {}
[13.279374] (-) TimerEvent: {}
[13.379956] (-) TimerEvent: {}
[13.480515] (-) TimerEvent: {}
[13.581154] (-) TimerEvent: {}
[13.681708] (-) TimerEvent: {}
[13.782221] (-) TimerEvent: {}
[13.882669] (-) TimerEvent: {}
[13.983129] (-) TimerEvent: {}
[14.083825] (-) TimerEvent: {}
[14.184688] (-) TimerEvent: {}
[14.285430] (-) TimerEvent: {}
[14.386301] (-) TimerEvent: {}
[14.487031] (-) TimerEvent: {}
[14.587743] (-) TimerEvent: {}
[14.688397] (-) TimerEvent: {}
[14.789051] (-) TimerEvent: {}
[14.889661] (-) TimerEvent: {}
[14.990359] (-) TimerEvent: {}
[15.090918] (-) TimerEvent: {}
[15.191436] (-) TimerEvent: {}
[15.292024] (-) TimerEvent: {}
[15.392627] (-) TimerEvent: {}
[15.493233] (-) TimerEvent: {}
[15.593749] (-) TimerEvent: {}
[15.694209] (-) TimerEvent: {}
[15.794677] (-) TimerEvent: {}
[15.895149] (-) TimerEvent: {}
[15.995728] (-) TimerEvent: {}
[16.096215] (-) TimerEvent: {}
[16.196767] (-) TimerEvent: {}
[16.297358] (-) TimerEvent: {}
[16.397953] (-) TimerEvent: {}
[16.498580] (-) TimerEvent: {}
[16.599053] (-) TimerEvent: {}
[16.699533] (-) TimerEvent: {}
[16.800005] (-) TimerEvent: {}
[16.900578] (-) TimerEvent: {}
[17.001191] (-) TimerEvent: {}
[17.101656] (-) TimerEvent: {}
[17.202176] (-) TimerEvent: {}
[17.302709] (-) TimerEvent: {}
[17.403207] (-) TimerEvent: {}
[17.503732] (-) TimerEvent: {}
[17.604260] (-) TimerEvent: {}
[17.704890] (-) TimerEvent: {}
[17.805404] (-) TimerEvent: {}
[17.905949] (-) TimerEvent: {}
[18.006430] (-) TimerEvent: {}
[18.106973] (-) TimerEvent: {}
[18.207575] (-) TimerEvent: {}
[18.308120] (-) TimerEvent: {}
[18.408701] (-) TimerEvent: {}
[18.509199] (-) TimerEvent: {}
[18.609688] (-) TimerEvent: {}
[18.710205] (-) TimerEvent: {}
[18.810753] (-) TimerEvent: {}
[18.911286] (-) TimerEvent: {}
[19.011783] (-) TimerEvent: {}
[19.112317] (-) TimerEvent: {}
[19.212845] (-) TimerEvent: {}
[19.313385] (-) TimerEvent: {}
[19.413926] (-) TimerEvent: {}
[19.514541] (-) TimerEvent: {}
[19.615083] (-) TimerEvent: {}
[19.715564] (-) TimerEvent: {}
[19.816117] (-) TimerEvent: {}
[19.916665] (-) TimerEvent: {}
[20.017254] (-) TimerEvent: {}
[20.117863] (-) TimerEvent: {}
[20.218450] (-) TimerEvent: {}
[20.318980] (-) TimerEvent: {}
[20.419580] (-) TimerEvent: {}
[20.520102] (-) TimerEvent: {}
[20.620602] (-) TimerEvent: {}
[20.721143] (-) TimerEvent: {}
[20.821601] (-) TimerEvent: {}
[20.922074] (-) TimerEvent: {}
[21.022540] (-) TimerEvent: {}
[21.123003] (-) TimerEvent: {}
[21.223463] (-) TimerEvent: {}
[21.323931] (-) TimerEvent: {}
[21.424400] (-) TimerEvent: {}
[21.524886] (-) TimerEvent: {}
[21.625393] (-) TimerEvent: {}
[21.726052] (-) TimerEvent: {}
[21.826625] (-) TimerEvent: {}
[21.927326] (-) TimerEvent: {}
[22.027837] (-) TimerEvent: {}
[22.128337] (-) TimerEvent: {}
[22.228923] (-) TimerEvent: {}
[22.329572] (-) TimerEvent: {}
[22.430138] (-) TimerEvent: {}
[22.530642] (-) TimerEvent: {}
[22.631171] (-) TimerEvent: {}
[22.731766] (-) TimerEvent: {}
[22.832259] (-) TimerEvent: {}
[22.932784] (-) TimerEvent: {}
[23.033519] (-) TimerEvent: {}
[23.134354] (-) TimerEvent: {}
[23.235301] (-) TimerEvent: {}
[23.336104] (-) TimerEvent: {}
[23.436921] (-) TimerEvent: {}
[23.537527] (-) TimerEvent: {}
[23.638158] (-) TimerEvent: {}
[23.738814] (-) TimerEvent: {}
[23.839687] (-) TimerEvent: {}
[23.940443] (-) TimerEvent: {}
[24.041032] (-) TimerEvent: {}
[24.141751] (-) TimerEvent: {}
[24.242264] (-) TimerEvent: {}
[24.342864] (-) TimerEvent: {}
[24.443431] (-) TimerEvent: {}
[24.544001] (-) TimerEvent: {}
[24.644607] (-) TimerEvent: {}
[24.745146] (-) TimerEvent: {}
[24.845679] (-) TimerEvent: {}
[24.946279] (-) TimerEvent: {}
[25.046775] (-) TimerEvent: {}
[25.147275] (-) TimerEvent: {}
[25.247788] (-) TimerEvent: {}
[25.348300] (-) TimerEvent: {}
[25.448837] (-) TimerEvent: {}
[25.549573] (-) TimerEvent: {}
[25.650151] (-) TimerEvent: {}
[25.750799] (-) TimerEvent: {}
[25.851429] (-) TimerEvent: {}
[25.952041] (-) TimerEvent: {}
[26.052519] (-) TimerEvent: {}
[26.153059] (-) TimerEvent: {}
[26.253618] (-) TimerEvent: {}
[26.354133] (-) TimerEvent: {}
[26.454627] (-) TimerEvent: {}
[26.555201] (-) TimerEvent: {}
[26.655740] (-) TimerEvent: {}
[26.756300] (-) TimerEvent: {}
[26.856845] (-) TimerEvent: {}
[26.957487] (-) TimerEvent: {}
[27.058000] (-) TimerEvent: {}
[27.158573] (-) TimerEvent: {}
[27.259155] (-) TimerEvent: {}
[27.359673] (-) TimerEvent: {}
[27.460165] (-) TimerEvent: {}
[27.560706] (-) TimerEvent: {}
[27.661333] (-) TimerEvent: {}
[27.761912] (-) TimerEvent: {}
[27.862454] (-) TimerEvent: {}
[27.962962] (-) TimerEvent: {}
[28.063486] (-) TimerEvent: {}
[28.164083] (-) TimerEvent: {}
[28.264643] (-) TimerEvent: {}
[28.365161] (-) TimerEvent: {}
[28.465708] (-) TimerEvent: {}
[28.566200] (-) TimerEvent: {}
[28.666695] (-) TimerEvent: {}
[28.767245] (-) TimerEvent: {}
[28.867856] (-) TimerEvent: {}
[28.968413] (-) TimerEvent: {}
[29.069035] (-) TimerEvent: {}
[29.169578] (-) TimerEvent: {}
[29.270122] (-) TimerEvent: {}
[29.370624] (-) TimerEvent: {}
[29.471133] (-) TimerEvent: {}
[29.484813] (test_tool) StdoutLine: {'line': b'[ 93%] \x1b[32m\x1b[1mLinking CXX executable test_tool_node\x1b[0m\n'}
[29.571331] (-) TimerEvent: {}
[29.672020] (-) TimerEvent: {}
[29.772547] (-) TimerEvent: {}
[29.878650] (-) TimerEvent: {}
[29.979137] (-) TimerEvent: {}
[30.080221] (-) TimerEvent: {}
[30.181027] (-) TimerEvent: {}
[30.281865] (-) TimerEvent: {}
[30.382676] (-) TimerEvent: {}
[30.483473] (-) TimerEvent: {}
[30.584439] (-) TimerEvent: {}
[30.685065] (-) TimerEvent: {}
[30.785723] (-) TimerEvent: {}
[30.886519] (-) TimerEvent: {}
[30.987280] (-) TimerEvent: {}
[31.087892] (-) TimerEvent: {}
[31.188713] (-) TimerEvent: {}
[31.289645] (-) TimerEvent: {}
[31.390264] (-) TimerEvent: {}
[31.490793] (-) TimerEvent: {}
[31.591312] (-) TimerEvent: {}
[31.691925] (-) TimerEvent: {}
[31.792634] (-) TimerEvent: {}
[31.893232] (-) TimerEvent: {}
[31.993757] (-) TimerEvent: {}
[32.094293] (-) TimerEvent: {}
[32.194834] (-) TimerEvent: {}
[32.295383] (-) TimerEvent: {}
[32.395893] (-) TimerEvent: {}
[32.496728] (-) TimerEvent: {}
[32.597462] (-) TimerEvent: {}
[32.698028] (-) TimerEvent: {}
[32.798581] (-) TimerEvent: {}
[32.899204] (-) TimerEvent: {}
[32.999820] (-) TimerEvent: {}
[33.100391] (-) TimerEvent: {}
[33.200984] (-) TimerEvent: {}
[33.301585] (-) TimerEvent: {}
[33.402074] (-) TimerEvent: {}
[33.502785] (-) TimerEvent: {}
[33.603425] (-) TimerEvent: {}
[33.704039] (-) TimerEvent: {}
[33.804656] (-) TimerEvent: {}
[33.905244] (-) TimerEvent: {}
[34.005752] (-) TimerEvent: {}
[34.106301] (-) TimerEvent: {}
[34.206787] (-) TimerEvent: {}
[34.307280] (-) TimerEvent: {}
[34.407823] (-) TimerEvent: {}
[34.508370] (-) TimerEvent: {}
[34.608962] (-) TimerEvent: {}
[34.709510] (-) TimerEvent: {}
[34.810112] (-) TimerEvent: {}
[34.858249] (test_tool) StdoutLine: {'line': b'[100%] Built target test_tool_node\n'}
[34.874549] (test_tool) CommandEnded: {'returncode': 0}
[34.875930] (test_tool) JobProgress: {'identifier': 'test_tool', 'progress': 'install'}
[34.877574] (test_tool) Command: {'cmd': ['/usr/bin/cmake', '--install', '/home/maddy/iris_test_tool/build/test_tool'], 'cwd': '/home/maddy/iris_test_tool/build/test_tool', 'env': OrderedDict([('TMUX', '/tmp/tmux-1000/default,3618,0'), ('USER', 'maddy'), ('LD_LIBRARY_PATH', '/home/maddy/iris_test_tool/install/iris_interfaces/lib:/usr/lib/x86_64-linux-gnu/gazebo-11/plugins:/opt/ros/humble/opt/rviz_ogre_vendor/lib:/opt/ros/humble/lib/x86_64-linux-gnu:/opt/ros/humble/lib'), ('SHLVL', '2'), ('HOME', '/home/maddy'), ('LESS', '-R'), ('OLDPWD', '/home/maddy/iris_test_tool'), ('TERM_PROGRAM_VERSION', '3.2a'), ('LSCOLORS', 'Gxfxcxdxbxegedabagacad'), ('PAGER', 'less'), ('ROS_PYTHON_VERSION', '3'), ('DBUS_SESSION_BUS_ADDRESS', 'unix:path=/run/user/1000/bus'), ('P9K_TTY', 'old'), ('WSL_DISTRO_NAME', 'Ubuntu-22.04'), ('COLCON_PREFIX_PATH', '/home/maddy/iris_test_tool/install'), ('ROS_DISTRO', 'humble'), ('WAYLAND_DISPLAY', 'wayland-0'), ('LOGNAME', 'maddy'), ('NAME', 'RMCCORPDE-DT024'), ('PULSE_SERVER', 'unix:/mnt/wslg/PulseServer'), ('WSL_INTEROP', '/run/WSL/351_interop'), ('_', '/usr/bin/colcon'), ('_P9K_SSH_TTY', '/dev/pts/2'), ('ROS_VERSION', '2'), ('TERM', 'screen-256color'), ('ROS_LOCALHOST_ONLY', '0'), ('PATH', '/opt/ros/humble/bin:/usr/local/sbin:/usr/local/bin:/usr/sbin:/usr/bin:/sbin:/bin:/usr/games:/usr/local/games:/usr/lib/wsl/lib:/mnt/c/Program Files/Common Files/Oracle/Java/javapath:/mnt/c/Program Files/Eclipse Adoptium/jdk-17.0.15.6-hotspot/bin:/mnt/c/Program Files (x86)/Common Files/Oracle/Java/java8path:/mnt/c/Program Files (x86)/Common Files/Oracle/Java/javapath:/mnt/c/Windows/system32:/mnt/c/Windows:/mnt/c/Windows/System32/Wbem:/mnt/c/Windows/System32/WindowsPowerShell/v1.0/:/mnt/c/Windows/System32/OpenSSH/:/mnt/c/Program Files/dotnet/:/mnt/c/Program Files/Git/cmd:/mnt/c/Program Files (x86)/Microsoft SQL Server/160/Tools/Binn/:/mnt/c/Program Files/Microsoft SQL Server/160/Tools/Binn/:/mnt/c/Program Files/Microsoft SQL Server/Client SDK/ODBC/170/Tools/Binn/:/mnt/c/Program Files/Microsoft SQL Server/160/DTS/Binn/:/mnt/c/Program Files (x86)/Windows Kits/10/Windows Performance Toolkit/:/mnt/c/Program Files/PostgreSQL/17/bin:/mnt/c/sonar-scanner-7.1.0.4889-windows-x64/bin:/mnt/c/msys64/mingw64/bin:/mnt/c/Program Files/CMake/bin:/mnt/c/Users/RMCPDEDT024/AppData/Local/Programs/Python/Python313/Scripts/:/mnt/c/Users/RMCPDEDT024/AppData/Local/Programs/Python/Python313/:/mnt/c/Users/RMCPDEDT024/AppData/Local/Programs/Python/Launcher/:/mnt/c/Users/RMCPDEDT024/AppData/Local/Microsoft/WindowsApps:/mnt/c/Users/RMCPDEDT024/AppData/Local/Programs/Microsoft VS Code/bin:/mnt/c/Users/RMCPDEDT024/AppData/Local/Python/bin'), ('XDG_RUNTIME_DIR', '/run/user/1000'), ('DISPLAY', ':0'), ('LANG', 'en_US.UTF-8'), ('LS_COLORS', 'rs=0:di=01;34:ln=01;36:mh=00:pi=40;33:so=01;35:do=01;35:bd=40;33;01:cd=40;33;01:or=40;31;01:mi=00:su=37;41:sg=30;43:ca=30;41:tw=30;42:ow=34;42:st=37;44:ex=01;32:*.tar=01;31:*.tgz=01;31:*.arc=01;31:*.arj=01;31:*.taz=01;31:*.lha=01;31:*.lz4=01;31:*.lzh=01;31:*.lzma=01;31:*.tlz=01;31:*.txz=01;31:*.tzo=01;31:*.t7z=01;31:*.zip=01;31:*.z=01;31:*.dz=01;31:*.gz=01;31:*.lrz=01;31:*.lz=01;31:*.lzo=01;31:*.xz=01;31:*.zst=01;31:*.tzst=01;31:*.bz2=01;31:*.bz=01;31:*.tbz=01;31:*.tbz2=01;31:*.tz=01;31:*.deb=01;31:*.rpm=01;31:*.jar=01;31:*.war=01;31:*.ear=01;31:*.sar=01;31:*.rar=01;31:*.alz=01;31:*.ace=01;31:*.zoo=01;31:*.cpio=01;31:*.7z=01;31:*.rz=01;31:*.cab=01;31:*.wim=01;31:*.swm=01;31:*.dwm=01;31:*.esd=01;31:*.jpg=01;35:*.jpeg=01;35:*.mjpg=01;35:*.mjpeg=01;35:*.gif=01;35:*.bmp=01;35:*.pbm=01;35:*.pgm=01;35:*.ppm=01;35:*.tga=01;35:*.xbm=01;35:*.xpm=01;35:*.tif=01;35:*.tiff=01;35:*.png=01;35:*.svg=01;35:*.svgz=01;35:*.mng=01;35:*.pcx=01;35:*.mov=01;35:*.mpg=01;35:*.mpeg=01;35:*.m2v=01;35:*.mkv=01;35:*.webm=01;35:*.webp=01;35:*.ogm=01;35:*.mp4=01;35:*.m4v=01;35:*.mp4v=01;35:*.vob=01;35:*.qt=01;35:*.nuv=01;35:*.wmv=01;35:*.asf=01;35:*.rm=01;35:*.rmvb=01;35:*.flc=01;35:*.avi=01;35:*.fli=01;35:*.flv=01;35:*.gl=01;35:*.dl=01;35:*.xcf=01;35:*.xwd=01;35:*.yuv=01;35:*.cgm=01;35:*.emf=01;35:*.ogv=01;35:*.ogx=01;35:*.aac=00;36:*.au=00;36:*.flac=00;36:*.m4a=00;36:*.mid=00;36:*.midi=00;36:*.mka=00;36:*.mp3=00;36:*.mpc=00;36:*.ogg=00;36:*.ra=00;36:*.wav=00;36:*.oga=00;36:*.opus=00;36:*.spx=00;36:*.xspf=00;36:'), ('TERM_PROGRAM', 'tmux'), ('AMENT_PREFIX_PATH', '/home/maddy/iris_test_tool/install/test_tool:/home/maddy/iris_test_tool/install/iris_interfaces:/opt/ros/humble'), ('SHELL', '/usr/bin/zsh'), ('P9K_SSH', '0'), ('PWD', '/home/maddy/iris_test_tool/build/test_tool'), ('_P9K_TTY', '/dev/pts/2'), ('PYTHONPATH', '/home/maddy/iris_test_tool/install/test_tool_dummy/lib/python3.10/site-packages:/home/maddy/iris_test_tool/install/iris_interfaces/local/lib/python3.10/dist-packages:/opt/ros/humble/lib/python3.10/site-packages:/opt/ros/humble/local/lib/python3.10/dist-packages'), ('COLCON', '1'), ('HOSTTYPE', 'x86_64'), ('TMUX_PANE', '%0'), ('WSL2_GUI_APPS_ENABLED', '1'), ('CMAKE_PREFIX_PATH', '/home/maddy/iris_test_tool/install/iris_interfaces:/home/maddy/iris_test_tool/install/test_tool:/opt/ros/humble'), ('WSLENV', '')]), 'shell': False}
[34.892033] (test_tool) StdoutLine: {'line': b'-- Install configuration: ""\n'}
[34.892954] (test_tool) StdoutLine: {'line': b'-- Installing: /home/maddy/iris_test_tool/install/test_tool/lib/test_tool/test_tool_node\n'}
[34.910347] (-) TimerEvent: {}
[34.918259] (test_tool) StdoutLine: {'line': b'-- Set runtime path of "/home/maddy/iris_test_tool/install/test_tool/lib/test_tool/test_tool_node" to ""\n'}
[34.918787] (test_tool) StdoutLine: {'line': b'-- Up-to-date: /home/maddy/iris_test_tool/install/test_tool/lib/test_tool/dummy_test\n'}
[34.919420] (test_tool) StdoutLine: {'line': b'-- Up-to-date: /home/maddy/iris_test_tool/install/test_tool/lib/test_tool/dummy_test_1\n'}
[34.919937] (test_tool) StdoutLine: {'line': b'-- Up-to-date: /home/maddy/iris_test_tool/install/test_tool/share/test_tool/launch\n'}
[34.920197] (test_tool) StdoutLine: {'line': b'-- Up-to-date: /home/maddy/iris_test_tool/install/test_tool/share/test_tool/launch/turtle_bot.py\n'}
[34.920682] (test_tool) StdoutLine: {'line': b'-- Up-to-date: /home/maddy/iris_test_tool/install/test_tool/share/test_tool/launch/test_nodes.py\n'}
[34.920932] (test_tool) StdoutLine: {'line': b'-- Up-to-date: /home/maddy/iris_test_tool/install/test_tool/share/ament_index/resource_index/package_run_dependencies/test_tool\n'}
[34.921331] (test_tool) StdoutLine: {'line': b'-- Up-to-date: /home/maddy/iris_test_tool/install/test_tool/share/ament_index/resource_index/parent_prefix_path/test_tool\n'}
[34.921517] (test_tool) StdoutLine: {'line': b'-- Up-to-date: /home/maddy/iris_test_tool/install/test_tool/share/test_tool/environment/ament_prefix_path.sh\n'}
[34.921752] (test_tool) StdoutLine: {'line': b'-- Up-to-date: /home/maddy/iris_test_tool/install/test_tool/share/test_tool/environment/ament_prefix_path.dsv\n'}
[34.921947] (test_tool) StdoutLine: {'line': b'-- Up-to-date: /home/maddy/iris_test_tool/install/test_tool/share/test_tool/environment/path.sh\n'}
[34.922258] (test_tool) StdoutLine: {'line': b'-- Up-to-date: /home/maddy/iris_test_tool/install/test_tool/share/test_tool/environment/path.dsv\n'}
[34.922879] (test_tool) StdoutLine: {'line': b'-- Up-to-date: /home/maddy/iris_test_tool/install/test_tool/share/test_tool/local_setup.bash\n'}
[34.923436] (test_tool) StdoutLine: {'line': b'-- Up-to-date: /home/maddy/iris_test_tool/install/test_tool/share/test_tool/local_setup.sh\n'}
[34.923750] (test_tool) StdoutLine: {'line': b'-- Up-to-date: /home/maddy/iris_test_tool/install/test_tool/share/test_tool/local_setup.zsh\n'}
[34.924006] (test_tool) StdoutLine: {'line': b'-- Up-to-date: /home/maddy/iris_test_tool/install/test_tool/share/test_tool/local_setup.dsv\n'}
[34.924231] (test_tool) StdoutLine: {'line': b'-- Installing: /home/maddy/iris_test_tool/install/test_tool/share/test_tool/package.dsv\n'}
[34.924461] (test_tool) StdoutLine: {'line': b'-- Up-to-date: /home/maddy/iris_test_tool/install/test_tool/share/ament_index/resource_index/packages/test_tool\n'}
[34.924701] (test_tool) StdoutLine: {'line': b'-- Up-to-date: /home/maddy/iris_test_tool/install/test_tool/share/test_tool/cmake/ament_cmake_export_dependencies-extras.cmake\n'}
[34.924897] (test_tool) StdoutLine: {'line': b'-- Up-to-date: /home/maddy/iris_test_tool/install/test_tool/share/test_tool/cmake/test_toolConfig.cmake\n'}
[34.925057] (test_tool) StdoutLine: {'line': b'-- Up-to-date: /home/maddy/iris_test_tool/install/test_tool/share/test_tool/cmake/test_toolConfig-version.cmake\n'}
[34.925261] (test_tool) StdoutLine: {'line': b'-- Up-to-date: /home/maddy/iris_test_tool/install/test_tool/share/test_tool/package.xml\n'}
[34.927081] (test_tool) CommandEnded: {'returncode': 0}
[34.951415] (test_tool) JobEnded: {'identifier': 'test_tool', 'rc': 0}
[34.953459] (-) EventReactorShutdown: {}
