[0.000000] (-) TimerEvent: {}
[0.000798] (iris_interfaces) JobQueued: {'identifier': 'iris_interfaces', 'dependencies': OrderedDict()}
[0.000892] (test_tool_dummy) JobQueued: {'identifier': 'test_tool_dummy', 'dependencies': OrderedDict()}
[0.000956] (test_tool) JobQueued: {'identifier': 'test_tool', 'dependencies': OrderedDict([('iris_interfaces', '/home/maddy/iris_test_tool/install/iris_interfaces')])}
[0.001023] (iris_interfaces) JobStarted: {'identifier': 'iris_interfaces'}
[0.009074] (test_tool_dummy) JobStarted: {'identifier': 'test_tool_dummy'}
[0.016248] (iris_interfaces) JobProgress: {'identifier': 'iris_interfaces', 'progress': 'cmake'}
[0.017294] (iris_interfaces) JobProgress: {'identifier': 'iris_interfaces', 'progress': 'build'}
[0.018327] (iris_interfaces) Command: {'cmd': ['/usr/bin/cmake', '--build', '/home/maddy/iris_test_tool/build/iris_interfaces', '--', '-j8', '-l8'], 'cwd': '/home/maddy/iris_test_tool/build/iris_interfaces', 'env': OrderedDict([('TMUX', '/tmp/tmux-1000/default,3618,0'), ('USER', 'maddy'), ('LD_LIBRARY_PATH', '/home/maddy/iris_test_tool/install/iris_interfaces/lib:/usr/lib/x86_64-linux-gnu/gazebo-11/plugins:/opt/ros/humble/opt/rviz_ogre_vendor/lib:/opt/ros/humble/lib/x86_64-linux-gnu:/opt/ros/humble/lib'), ('SHLVL', '2'), ('HOME', '/home/maddy'), ('LESS', '-R'), ('OLDPWD', '/home/maddy/iris_test_tool'), ('TERM_PROGRAM_VERSION', '3.2a'), ('LSCOLORS', 'Gxfxcxdxbxegedabagacad'), ('PAGER', 'less'), ('ROS_PYTHON_VERSION', '3'), ('DBUS_SESSION_BUS_ADDRESS', 'unix:path=/run/user/1000/bus'), ('P9K_TTY', 'old'), ('WSL_DISTRO_NAME', 'Ubuntu-22.04'), ('COLCON_PREFIX_PATH', '/home/maddy/iris_test_tool/install'), ('ROS_DISTRO', 'humble'), ('WAYLAND_DISPLAY', 'wayland-0'), ('LOGNAME', 'maddy'), ('NAME', 'RMCCORPDE-DT024'), ('PULSE_SERVER', 'unix:/mnt/wslg/PulseServer'), ('WSL_INTEROP', '/run/WSL/351_interop'), ('_', '/usr/bin/colcon'), ('_P9K_SSH_TTY', '/dev/pts/2'), ('ROS_VERSION', '2'), ('TERM', 'screen-256color'), ('ROS_LOCALHOST_ONLY', '0'), ('PATH', '/opt/ros/humble/bin:/usr/local/sbin:/usr/local/bin:/usr/sbin:/usr/bin:/sbin:/bin:/usr/games:/usr/local/games:/usr/lib/wsl/lib:/mnt/c/Program Files/Common Files/Oracle/Java/javapath:/mnt/c/Program Files/Eclipse Adoptium/jdk-17.0.15.6-hotspot/bin:/mnt/c/Program Files (x86)/Common Files/Oracle/Java/java8path:/mnt/c/Program Files (x86)/Common Files/Oracle/Java/javapath:/mnt/c/Windows/system32:/mnt/c/Windows:/mnt/c/Windows/System32/Wbem:/mnt/c/Windows/System32/WindowsPowerShell/v1.0/:/mnt/c/Windows/System32/OpenSSH/:/mnt/c/Program Files/dotnet/:/mnt/c/Program Files/Git/cmd:/mnt/c/Program Files (x86)/Microsoft SQL Server/160/Tools/Binn/:/mnt/c/Program Files/Microsoft SQL Server/160/Tools/Binn/:/mnt/c/Program Files/Microsoft SQL Server/Client SDK/ODBC/170/Tools/Binn/:/mnt/c/Program Files/Microsoft SQL Server/160/DTS/Binn/:/mnt/c/Program Files (x86)/Windows Kits/10/Windows Performance Toolkit/:/mnt/c/Program Files/PostgreSQL/17/bin:/mnt/c/sonar-scanner-7.1.0.4889-windows-x64/bin:/mnt/c/msys64/mingw64/bin:/mnt/c/Program Files/CMake/bin:/mnt/c/Users/RMCPDEDT024/AppData/Local/Programs/Python/Python313/Scripts/:/mnt/c/Users/RMCPDEDT024/AppData/Local/Programs/Python/Python313/:/mnt/c/Users/RMCPDEDT024/AppData/Local/Programs/Python/Launcher/:/mnt/c/Users/RMCPDEDT024/AppData/Local/Microsoft/WindowsApps:/mnt/c/Users/RMCPDEDT024/AppData/Local/Programs/Microsoft VS Code/bin:/mnt/c/Users/RMCPDEDT024/AppData/Local/Python/bin'), ('XDG_RUNTIME_DIR', '/run/user/1000'), ('DISPLAY', ':0'), ('LANG', 'en_US.UTF-8'), ('LS_COLORS', 'rs=0:di=01;34:ln=01;36:mh=00:pi=40;33:so=01;35:do=01;35:bd=40;33;01:cd=40;33;01:or=40;31;01:mi=00:su=37;41:sg=30;43:ca=30;41:tw=30;42:ow=34;42:st=37;44:ex=01;32:*.tar=01;31:*.tgz=01;31:*.arc=01;31:*.arj=01;31:*.taz=01;31:*.lha=01;31:*.lz4=01;31:*.lzh=01;31:*.lzma=01;31:*.tlz=01;31:*.txz=01;31:*.tzo=01;31:*.t7z=01;31:*.zip=01;31:*.z=01;31:*.dz=01;31:*.gz=01;31:*.lrz=01;31:*.lz=01;31:*.lzo=01;31:*.xz=01;31:*.zst=01;31:*.tzst=01;31:*.bz2=01;31:*.bz=01;31:*.tbz=01;31:*.tbz2=01;31:*.tz=01;31:*.deb=01;31:*.rpm=01;31:*.jar=01;31:*.war=01;31:*.ear=01;31:*.sar=01;31:*.rar=01;31:*.alz=01;31:*.ace=01;31:*.zoo=01;31:*.cpio=01;31:*.7z=01;31:*.rz=01;31:*.cab=01;31:*.wim=01;31:*.swm=01;31:*.dwm=01;31:*.esd=01;31:*.jpg=01;35:*.jpeg=01;35:*.mjpg=01;35:*.mjpeg=01;35:*.gif=01;35:*.bmp=01;35:*.pbm=01;35:*.pgm=01;35:*.ppm=01;35:*.tga=01;35:*.xbm=01;35:*.xpm=01;35:*.tif=01;35:*.tiff=01;35:*.png=01;35:*.svg=01;35:*.svgz=01;35:*.mng=01;35:*.pcx=01;35:*.mov=01;35:*.mpg=01;35:*.mpeg=01;35:*.m2v=01;35:*.mkv=01;35:*.webm=01;35:*.webp=01;35:*.ogm=01;35:*.mp4=01;35:*.m4v=01;35:*.mp4v=01;35:*.vob=01;35:*.qt=01;35:*.nuv=01;35:*.wmv=01;35:*.asf=01;35:*.rm=01;35:*.rmvb=01;35:*.flc=01;35:*.avi=01;35:*.fli=01;35:*.flv=01;35:*.gl=01;35:*.dl=01;35:*.xcf=01;35:*.xwd=01;35:*.yuv=01;35:*.cgm=01;35:*.emf=01;35:*.ogv=01;35:*.ogx=01;35:*.aac=00;36:*.au=00;36:*.flac=00;36:*.m4a=00;36:*.mid=00;36:*.midi=00;36:*.mka=00;36:*.mp3=00;36:*.mpc=00;36:*.ogg=00;36:*.ra=00;36:*.wav=00;36:*.oga=00;36:*.opus=00;36:*.spx=00;36:*.xspf=00;36:'), ('TERM_PROGRAM', 'tmux'), ('AMENT_PREFIX_PATH', '/home/maddy/iris_test_tool/install/test_tool:/home/maddy/iris_test_tool/install/iris_interfaces:/opt/ros/humble'), ('SHELL', '/usr/bin/zsh'), ('P9K_SSH', '0'), ('PWD', '/home/maddy/iris_test_tool/build/iris_interfaces'), ('_P9K_TTY', '/dev/pts/2'), ('PYTHONPATH', '/home/maddy/iris_test_tool/install/test_tool_dummy/lib/python3.10/site-packages:/home/maddy/iris_test_tool/install/iris_interfaces/local/lib/python3.10/dist-packages:/opt/ros/humble/lib/python3.10/site-packages:/opt/ros/humble/local/lib/python3.10/dist-packages'), ('COLCON', '1'), ('HOSTTYPE', 'x86_64'), ('TMUX_PANE', '%0'), ('WSL2_GUI_APPS_ENABLED', '1'), ('CMAKE_PREFIX_PATH', '/home/maddy/iris_test_tool/install/test_tool:/home/maddy/iris_test_tool/install/iris_interfaces:/opt/ros/humble'), ('WSLENV', '')]), 'shell': False}
[0.098487] (-) TimerEvent: {}
[0.120217] (iris_interfaces) StdoutLine: {'line': b'[  0%] Built target iris_interfaces__cpp\n'}
[0.137608] (iris_interfaces) StdoutLine: {'line': b'[ 12%] Built target iris_interfaces__rosidl_generator_c\n'}
[0.162536] (iris_interfaces) StdoutLine: {'line': b'[ 12%] Built target ament_cmake_python_copy_iris_interfaces\n'}
[0.198618] (-) TimerEvent: {}
[0.200351] (iris_interfaces) StdoutLine: {'line': b'[ 24%] Built target iris_interfaces__rosidl_typesupport_cpp\n'}
[0.213593] (iris_interfaces) StdoutLine: {'line': b'[ 37%] Built target iris_interfaces__rosidl_typesupport_introspection_cpp\n'}
[0.223659] (iris_interfaces) StdoutLine: {'line': b'[ 57%] Built target iris_interfaces__rosidl_typesupport_c\n'}
[0.225988] (iris_interfaces) StdoutLine: {'line': b'[ 62%] Built target iris_interfaces__rosidl_typesupport_fastrtps_cpp\n'}
[0.228865] (iris_interfaces) StdoutLine: {'line': b'[ 75%] Built target iris_interfaces__rosidl_typesupport_fastrtps_c\n'}
[0.231627] (iris_interfaces) StdoutLine: {'line': b'[ 88%] Built target iris_interfaces__rosidl_typesupport_introspection_c\n'}
[0.265234] (iris_interfaces) StdoutLine: {'line': b'[ 88%] Built target iris_interfaces\n'}
[0.298760] (-) TimerEvent: {}
[0.300146] (iris_interfaces) StdoutLine: {'line': b'[ 88%] Built target iris_interfaces__py\n'}
[0.363135] (iris_interfaces) StdoutLine: {'line': b'[100%] Built target iris_interfaces__rosidl_generator_py\n'}
[0.401889] (-) TimerEvent: {}
[0.404627] (iris_interfaces) StdoutLine: {'line': b'[100%] Built target iris_interfaces__rosidl_typesupport_introspection_c__pyext\n'}
[0.409386] (iris_interfaces) StdoutLine: {'line': b'[100%] Built target iris_interfaces__rosidl_typesupport_fastrtps_c__pyext\n'}
[0.410322] (iris_interfaces) StdoutLine: {'line': b'[100%] Built target iris_interfaces__rosidl_typesupport_c__pyext\n'}
[0.502198] (-) TimerEvent: {}
[0.604069] (-) TimerEvent: {}
[0.627544] (iris_interfaces) StdoutLine: {'line': b'running egg_info\n'}
[0.629236] (iris_interfaces) StdoutLine: {'line': b'writing iris_interfaces.egg-info/PKG-INFO\n'}
[0.629746] (iris_interfaces) StdoutLine: {'line': b'writing dependency_links to iris_interfaces.egg-info/dependency_links.txt\n'}
[0.630291] (iris_interfaces) StdoutLine: {'line': b'writing top-level names to iris_interfaces.egg-info/top_level.txt\n'}
[0.636685] (iris_interfaces) StdoutLine: {'line': b"reading manifest file 'iris_interfaces.egg-info/SOURCES.txt'\n"}
[0.638699] (iris_interfaces) StdoutLine: {'line': b"writing manifest file 'iris_interfaces.egg-info/SOURCES.txt'\n"}
[0.679834] (iris_interfaces) StdoutLine: {'line': b'[100%] Built target ament_cmake_python_build_iris_interfaces_egg\n'}
[0.699120] (iris_interfaces) CommandEnded: {'returncode': 0}
[0.700575] (iris_interfaces) JobProgress: {'identifier': 'iris_interfaces', 'progress': 'install'}
[0.704212] (-) TimerEvent: {}
[0.719185] (iris_interfaces) Command: {'cmd': ['/usr/bin/cmake', '--install', '/home/maddy/iris_test_tool/build/iris_interfaces'], 'cwd': '/home/maddy/iris_test_tool/build/iris_interfaces', 'env': OrderedDict([('TMUX', '/tmp/tmux-1000/default,3618,0'), ('USER', 'maddy'), ('LD_LIBRARY_PATH', '/home/maddy/iris_test_tool/install/iris_interfaces/lib:/usr/lib/x86_64-linux-gnu/gazebo-11/plugins:/opt/ros/humble/opt/rviz_ogre_vendor/lib:/opt/ros/humble/lib/x86_64-linux-gnu:/opt/ros/humble/lib'), ('SHLVL', '2'), ('HOME', '/home/maddy'), ('LESS', '-R'), ('OLDPWD', '/home/maddy/iris_test_tool'), ('TERM_PROGRAM_VERSION', '3.2a'), ('LSCOLORS', 'Gxfxcxdxbxegedabagacad'), ('PAGER', 'less'), ('ROS_PYTHON_VERSION', '3'), ('DBUS_SESSION_BUS_ADDRESS', 'unix:path=/run/user/1000/bus'), ('P9K_TTY', 'old'), ('WSL_DISTRO_NAME', 'Ubuntu-22.04'), ('COLCON_PREFIX_PATH', '/home/maddy/iris_test_tool/install'), ('ROS_DISTRO', 'humble'), ('WAYLAND_DISPLAY', 'wayland-0'), ('LOGNAME', 'maddy'), ('NAME', 'RMCCORPDE-DT024'), ('PULSE_SERVER', 'unix:/mnt/wslg/PulseServer'), ('WSL_INTEROP', '/run/WSL/351_interop'), ('_', '/usr/bin/colcon'), ('_P9K_SSH_TTY', '/dev/pts/2'), ('ROS_VERSION', '2'), ('TERM', 'screen-256color'), ('ROS_LOCALHOST_ONLY', '0'), ('PATH', '/opt/ros/humble/bin:/usr/local/sbin:/usr/local/bin:/usr/sbin:/usr/bin:/sbin:/bin:/usr/games:/usr/local/games:/usr/lib/wsl/lib:/mnt/c/Program Files/Common Files/Oracle/Java/javapath:/mnt/c/Program Files/Eclipse Adoptium/jdk-17.0.15.6-hotspot/bin:/mnt/c/Program Files (x86)/Common Files/Oracle/Java/java8path:/mnt/c/Program Files (x86)/Common Files/Oracle/Java/javapath:/mnt/c/Windows/system32:/mnt/c/Windows:/mnt/c/Windows/System32/Wbem:/mnt/c/Windows/System32/WindowsPowerShell/v1.0/:/mnt/c/Windows/System32/OpenSSH/:/mnt/c/Program Files/dotnet/:/mnt/c/Program Files/Git/cmd:/mnt/c/Program Files (x86)/Microsoft SQL Server/160/Tools/Binn/:/mnt/c/Program Files/Microsoft SQL Server/160/Tools/Binn/:/mnt/c/Program Files/Microsoft SQL Server/Client SDK/ODBC/170/Tools/Binn/:/mnt/c/Program Files/Microsoft SQL Server/160/DTS/Binn/:/mnt/c/Program Files (x86)/Windows Kits/10/Windows Performance Toolkit/:/mnt/c/Program Files/PostgreSQL/17/bin:/mnt/c/sonar-scanner-7.1.0.4889-windows-x64/bin:/mnt/c/msys64/mingw64/bin:/mnt/c/Program Files/CMake/bin:/mnt/c/Users/RMCPDEDT024/AppData/Local/Programs/Python/Python313/Scripts/:/mnt/c/Users/RMCPDEDT024/AppData/Local/Programs/Python/Python313/:/mnt/c/Users/RMCPDEDT024/AppData/Local/Programs/Python/Launcher/:/mnt/c/Users/RMCPDEDT024/AppData/Local/Microsoft/WindowsApps:/mnt/c/Users/RMCPDEDT024/AppData/Local/Programs/Microsoft VS Code/bin:/mnt/c/Users/RMCPDEDT024/AppData/Local/Python/bin'), ('XDG_RUNTIME_DIR', '/run/user/1000'), ('DISPLAY', ':0'), ('LANG', 'en_US.UTF-8'), ('LS_COLORS', 'rs=0:di=01;34:ln=01;36:mh=00:pi=40;33:so=01;35:do=01;35:bd=40;33;01:cd=40;33;01:or=40;31;01:mi=00:su=37;41:sg=30;43:ca=30;41:tw=30;42:ow=34;42:st=37;44:ex=01;32:*.tar=01;31:*.tgz=01;31:*.arc=01;31:*.arj=01;31:*.taz=01;31:*.lha=01;31:*.lz4=01;31:*.lzh=01;31:*.lzma=01;31:*.tlz=01;31:*.txz=01;31:*.tzo=01;31:*.t7z=01;31:*.zip=01;31:*.z=01;31:*.dz=01;31:*.gz=01;31:*.lrz=01;31:*.lz=01;31:*.lzo=01;31:*.xz=01;31:*.zst=01;31:*.tzst=01;31:*.bz2=01;31:*.bz=01;31:*.tbz=01;31:*.tbz2=01;31:*.tz=01;31:*.deb=01;31:*.rpm=01;31:*.jar=01;31:*.war=01;31:*.ear=01;31:*.sar=01;31:*.rar=01;31:*.alz=01;31:*.ace=01;31:*.zoo=01;31:*.cpio=01;31:*.7z=01;31:*.rz=01;31:*.cab=01;31:*.wim=01;31:*.swm=01;31:*.dwm=01;31:*.esd=01;31:*.jpg=01;35:*.jpeg=01;35:*.mjpg=01;35:*.mjpeg=01;35:*.gif=01;35:*.bmp=01;35:*.pbm=01;35:*.pgm=01;35:*.ppm=01;35:*.tga=01;35:*.xbm=01;35:*.xpm=01;35:*.tif=01;35:*.tiff=01;35:*.png=01;35:*.svg=01;35:*.svgz=01;35:*.mng=01;35:*.pcx=01;35:*.mov=01;35:*.mpg=01;35:*.mpeg=01;35:*.m2v=01;35:*.mkv=01;35:*.webm=01;35:*.webp=01;35:*.ogm=01;35:*.mp4=01;35:*.m4v=01;35:*.mp4v=01;35:*.vob=01;35:*.qt=01;35:*.nuv=01;35:*.wmv=01;35:*.asf=01;35:*.rm=01;35:*.rmvb=01;35:*.flc=01;35:*.avi=01;35:*.fli=01;35:*.flv=01;35:*.gl=01;35:*.dl=01;35:*.xcf=01;35:*.xwd=01;35:*.yuv=01;35:*.cgm=01;35:*.emf=01;35:*.ogv=01;35:*.ogx=01;35:*.aac=00;36:*.au=00;36:*.flac=00;36:*.m4a=00;36:*.mid=00;36:*.midi=00;36:*.mka=00;36:*.mp3=00;36:*.mpc=00;36:*.ogg=00;36:*.ra=00;36:*.wav=00;36:*.oga=00;36:*.opus=00;36:*.spx=00;36:*.xspf=00;36:'), ('TERM_PROGRAM', 'tmux'), ('AMENT_PREFIX_PATH', '/home/maddy/iris_test_tool/install/test_tool:/home/maddy/iris_test_tool/install/iris_interfaces:/opt/ros/humble'), ('SHELL', '/usr/bin/zsh'), ('P9K_SSH', '0'), ('PWD', '/home/maddy/iris_test_tool/build/iris_interfaces'), ('_P9K_TTY', '/dev/pts/2'), ('PYTHONPATH', '/home/maddy/iris_test_tool/install/test_tool_dummy/lib/python3.10/site-packages:/home/maddy/iris_test_tool/install/iris_interfaces/local/lib/python3.10/dist-packages:/opt/ros/humble/lib/python3.10/site-packages:/opt/ros/humble/local/lib/python3.10/dist-packages'), ('COLCON', '1'), ('HOSTTYPE', 'x86_64'), ('TMUX_PANE', '%0'), ('WSL2_GUI_APPS_ENABLED', '1'), ('CMAKE_PREFIX_PATH', '/home/maddy/iris_test_tool/install/test_tool:/home/maddy/iris_test_tool/install/iris_interfaces:/opt/ros/humble'), ('WSLENV', '')]), 'shell': False}
[0.730746] (iris_interfaces) StdoutLine: {'line': b'-- Install configuration: ""\n'}
[0.731262] (iris_interfaces) StdoutLine: {'line': b'-- Up-to-date: /home/maddy/iris_test_tool/install/iris_interfaces/share/ament_index/resource_index/rosidl_interfaces/iris_interfaces\n'}
[0.731591] (iris_interfaces) StdoutLine: {'line': b'-- Up-to-date: /home/maddy/iris_test_tool/install/iris_interfaces/include/iris_interfaces/iris_interfaces\n'}
[0.731917] (iris_interfaces) StdoutLine: {'line': b'-- Up-to-date: /home/maddy/iris_test_tool/install/iris_interfaces/include/iris_interfaces/iris_interfaces/srv\n'}
[0.732359] (iris_interfaces) StdoutLine: {'line': b'-- Up-to-date: /home/maddy/iris_test_tool/install/iris_interfaces/include/iris_interfaces/iris_interfaces/srv/reset_a2_faults.h\n'}
[0.733636] (iris_interfaces) StdoutLine: {'line': b'-- Up-to-date: /home/maddy/iris_test_tool/install/iris_interfaces/include/iris_interfaces/iris_interfaces/srv/update_motor_controller_parameters.h\n'}
[0.734058] (iris_interfaces) StdoutLine: {'line': b'-- Up-to-date: /home/maddy/iris_test_tool/install/iris_interfaces/include/iris_interfaces/iris_interfaces/srv/reset_wheel_encoders.h\n'}
[0.734398] (iris_interfaces) StdoutLine: {'line': b'-- Up-to-date: /home/maddy/iris_test_tool/install/iris_interfaces/include/iris_interfaces/iris_interfaces/srv/restart_motor_controller.h\n'}
[0.734922] (iris_interfaces) StdoutLine: {'line': b'-- Up-to-date: /home/maddy/iris_test_tool/install/iris_interfaces/include/iris_interfaces/iris_interfaces/srv/update_motor_controller_reference_source.h\n'}
[0.735300] (iris_interfaces) StdoutLine: {'line': b'-- Up-to-date: /home/maddy/iris_test_tool/install/iris_interfaces/include/iris_interfaces/iris_interfaces/srv/detail\n'}
[0.735617] (iris_interfaces) StdoutLine: {'line': b'-- Up-to-date: /home/maddy/iris_test_tool/install/iris_interfaces/include/iris_interfaces/iris_interfaces/srv/detail/reset_a2_faults__struct.h\n'}
[0.735983] (iris_interfaces) StdoutLine: {'line': b'-- Up-to-date: /home/maddy/iris_test_tool/install/iris_interfaces/include/iris_interfaces/iris_interfaces/srv/detail/process_manager__struct.h\n'}
[0.736401] (iris_interfaces) StdoutLine: {'line': b'-- Up-to-date: /home/maddy/iris_test_tool/install/iris_interfaces/include/iris_interfaces/iris_interfaces/srv/detail/get_wifi_status__functions.h\n'}
[0.736720] (iris_interfaces) StdoutLine: {'line': b'-- Up-to-date: /home/maddy/iris_test_tool/install/iris_interfaces/include/iris_interfaces/iris_interfaces/srv/detail/reset_wheel_encoders__struct.h\n'}
[0.737100] (iris_interfaces) StdoutLine: {'line': b'-- Up-to-date: /home/maddy/iris_test_tool/install/iris_interfaces/include/iris_interfaces/iris_interfaces/srv/detail/update_motor_controller_parameters__functions.c\n'}
[0.737531] (iris_interfaces) StdoutLine: {'line': b'-- Up-to-date: /home/maddy/iris_test_tool/install/iris_interfaces/include/iris_interfaces/iris_interfaces/srv/detail/update_motor_controller_parameters__functions.h\n'}
[0.738092] (iris_interfaces) StdoutLine: {'line': b'-- Up-to-date: /home/maddy/iris_test_tool/install/iris_interfaces/include/iris_interfaces/iris_interfaces/srv/detail/reset_wheel_encoders__functions.h\n'}
[0.738575] (iris_interfaces) StdoutLine: {'line': b'-- Up-to-date: /home/maddy/iris_test_tool/install/iris_interfaces/include/iris_interfaces/iris_interfaces/srv/detail/process_manager__functions.c\n'}
[0.738873] (iris_interfaces) StdoutLine: {'line': b'-- Up-to-date: /home/maddy/iris_test_tool/install/iris_interfaces/include/iris_interfaces/iris_interfaces/srv/detail/a2_command__functions.c\n'}
[0.739302] (iris_interfaces) StdoutLine: {'line': b'-- Up-to-date: /home/maddy/iris_test_tool/install/iris_interfaces/include/iris_interfaces/iris_interfaces/srv/detail/state_manager__functions.c\n'}
[0.739595] (iris_interfaces) StdoutLine: {'line': b'-- Up-to-date: /home/maddy/iris_test_tool/install/iris_interfaces/include/iris_interfaces/iris_interfaces/srv/detail/a2_command__type_support.h\n'}
[0.740085] (iris_interfaces) StdoutLine: {'line': b'-- Up-to-date: /home/maddy/iris_test_tool/install/iris_interfaces/include/iris_interfaces/iris_interfaces/srv/detail/reset_wheel_encoders__functions.c\n'}
[0.740411] (iris_interfaces) StdoutLine: {'line': b'-- Up-to-date: /home/maddy/iris_test_tool/install/iris_interfaces/include/iris_interfaces/iris_interfaces/srv/detail/update_motor_controller_reference_source__struct.h\n'}
[0.740834] (iris_interfaces) StdoutLine: {'line': b'-- Up-to-date: /home/maddy/iris_test_tool/install/iris_interfaces/include/iris_interfaces/iris_interfaces/srv/detail/update_motor_controller_parameters__type_support.h\n'}
[0.741101] (iris_interfaces) StdoutLine: {'line': b'-- Up-to-date: /home/maddy/iris_test_tool/install/iris_interfaces/include/iris_interfaces/iris_interfaces/srv/detail/restart_motor_controller__struct.h\n'}
[0.741395] (iris_interfaces) StdoutLine: {'line': b'-- Up-to-date: /home/maddy/iris_test_tool/install/iris_interfaces/include/iris_interfaces/iris_interfaces/srv/detail/state_manager__functions.h\n'}
[0.741688] (iris_interfaces) StdoutLine: {'line': b'-- Up-to-date: /home/maddy/iris_test_tool/install/iris_interfaces/include/iris_interfaces/iris_interfaces/srv/detail/state_manager__struct.h\n'}
[0.742091] (iris_interfaces) StdoutLine: {'line': b'-- Up-to-date: /home/maddy/iris_test_tool/install/iris_interfaces/include/iris_interfaces/iris_interfaces/srv/detail/a2_command__struct.h\n'}
[0.742387] (iris_interfaces) StdoutLine: {'line': b'-- Up-to-date: /home/maddy/iris_test_tool/install/iris_interfaces/include/iris_interfaces/iris_interfaces/srv/detail/reset_a2_faults__functions.c\n'}
[0.742731] (iris_interfaces) StdoutLine: {'line': b'-- Up-to-date: /home/maddy/iris_test_tool/install/iris_interfaces/include/iris_interfaces/iris_interfaces/srv/detail/update_motor_controller_parameters__struct.h\n'}
[0.743024] (iris_interfaces) StdoutLine: {'line': b'-- Up-to-date: /home/maddy/iris_test_tool/install/iris_interfaces/include/iris_interfaces/iris_interfaces/srv/detail/restart_motor_controller__functions.h\n'}
[0.743309] (iris_interfaces) StdoutLine: {'line': b'-- Up-to-date: /home/maddy/iris_test_tool/install/iris_interfaces/include/iris_interfaces/iris_interfaces/srv/detail/state_manager__type_support.h\n'}
[0.743603] (iris_interfaces) StdoutLine: {'line': b'-- Up-to-date: /home/maddy/iris_test_tool/install/iris_interfaces/include/iris_interfaces/iris_interfaces/srv/detail/restart_motor_controller__functions.c\n'}
[0.743886] (iris_interfaces) StdoutLine: {'line': b'-- Up-to-date: /home/maddy/iris_test_tool/install/iris_interfaces/include/iris_interfaces/iris_interfaces/srv/detail/update_motor_controller_reference_source__type_support.h\n'}
[0.744628] (iris_interfaces) StdoutLine: {'line': b'-- Up-to-date: /home/maddy/iris_test_tool/install/iris_interfaces/include/iris_interfaces/iris_interfaces/srv/detail/wifi_discovery__functions.c\n'}
[0.745284] (iris_interfaces) StdoutLine: {'line': b'-- Up-to-date: /home/maddy/iris_test_tool/install/iris_interfaces/include/iris_interfaces/iris_interfaces/srv/detail/reset_wheel_encoders__type_support.h\n'}
[0.745658] (iris_interfaces) StdoutLine: {'line': b'-- Up-to-date: /home/maddy/iris_test_tool/install/iris_interfaces/include/iris_interfaces/iris_interfaces/srv/detail/wifi_discovery__type_support.h\n'}
[0.746302] (iris_interfaces) StdoutLine: {'line': b'-- Up-to-date: /home/maddy/iris_test_tool/install/iris_interfaces/include/iris_interfaces/iris_interfaces/srv/detail/get_wifi_status__struct.h\n'}
[0.746700] (iris_interfaces) StdoutLine: {'line': b'-- Up-to-date: /home/maddy/iris_test_tool/install/iris_interfaces/include/iris_interfaces/iris_interfaces/srv/detail/disconnect_wifi__functions.c\n'}
[0.747054] (iris_interfaces) StdoutLine: {'line': b'-- Up-to-date: /home/maddy/iris_test_tool/install/iris_interfaces/include/iris_interfaces/iris_interfaces/srv/detail/disconnect_wifi__struct.h\n'}
[0.747755] (iris_interfaces) StdoutLine: {'line': b'-- Up-to-date: /home/maddy/iris_test_tool/install/iris_interfaces/include/iris_interfaces/iris_interfaces/srv/detail/wifi_discovery__functions.h\n'}
[0.748175] (iris_interfaces) StdoutLine: {'line': b'-- Up-to-date: /home/maddy/iris_test_tool/install/iris_interfaces/include/iris_interfaces/iris_interfaces/srv/detail/a2_command__functions.h\n'}
[0.748458] (iris_interfaces) StdoutLine: {'line': b'-- Up-to-date: /home/maddy/iris_test_tool/install/iris_interfaces/include/iris_interfaces/iris_interfaces/srv/detail/get_wifi_status__functions.c\n'}
[0.749049] (iris_interfaces) StdoutLine: {'line': b'-- Up-to-date: /home/maddy/iris_test_tool/install/iris_interfaces/include/iris_interfaces/iris_interfaces/srv/detail/disconnect_wifi__functions.h\n'}
[0.749474] (iris_interfaces) StdoutLine: {'line': b'-- Up-to-date: /home/maddy/iris_test_tool/install/iris_interfaces/include/iris_interfaces/iris_interfaces/srv/detail/reset_a2_faults__functions.h\n'}
[0.749958] (iris_interfaces) StdoutLine: {'line': b'-- Up-to-date: /home/maddy/iris_test_tool/install/iris_interfaces/include/iris_interfaces/iris_interfaces/srv/detail/wifi_discovery__struct.h\n'}
[0.750597] (iris_interfaces) StdoutLine: {'line': b'-- Up-to-date: /home/maddy/iris_test_tool/install/iris_interfaces/include/iris_interfaces/iris_interfaces/srv/detail/get_wifi_status__type_support.h\n'}
[0.750949] (iris_interfaces) StdoutLine: {'line': b'-- Up-to-date: /home/maddy/iris_test_tool/install/iris_interfaces/include/iris_interfaces/iris_interfaces/srv/detail/disconnect_wifi__type_support.h\n'}
[0.751348] (iris_interfaces) StdoutLine: {'line': b'-- Up-to-date: /home/maddy/iris_test_tool/install/iris_interfaces/include/iris_interfaces/iris_interfaces/srv/detail/connect_wifi__functions.c\n'}
[0.752132] (iris_interfaces) StdoutLine: {'line': b'-- Up-to-date: /home/maddy/iris_test_tool/install/iris_interfaces/include/iris_interfaces/iris_interfaces/srv/detail/reset_a2_faults__type_support.h\n'}
[0.752477] (iris_interfaces) StdoutLine: {'line': b'-- Up-to-date: /home/maddy/iris_test_tool/install/iris_interfaces/include/iris_interfaces/iris_interfaces/srv/detail/restart_motor_controller__type_support.h\n'}
[0.752843] (iris_interfaces) StdoutLine: {'line': b'-- Up-to-date: /home/maddy/iris_test_tool/install/iris_interfaces/include/iris_interfaces/iris_interfaces/srv/detail/connect_wifi__struct.h\n'}
[0.753148] (iris_interfaces) StdoutLine: {'line': b'-- Up-to-date: /home/maddy/iris_test_tool/install/iris_interfaces/include/iris_interfaces/iris_interfaces/srv/detail/process_manager__functions.h\n'}
[0.753445] (iris_interfaces) StdoutLine: {'line': b'-- Up-to-date: /home/maddy/iris_test_tool/install/iris_interfaces/include/iris_interfaces/iris_interfaces/srv/detail/connect_wifi__functions.h\n'}
[0.754061] (iris_interfaces) StdoutLine: {'line': b'-- Up-to-date: /home/maddy/iris_test_tool/install/iris_interfaces/include/iris_interfaces/iris_interfaces/srv/detail/update_motor_controller_reference_source__functions.c\n'}
[0.754342] (iris_interfaces) StdoutLine: {'line': b'-- Up-to-date: /home/maddy/iris_test_tool/install/iris_interfaces/include/iris_interfaces/iris_interfaces/srv/detail/update_motor_controller_reference_source__functions.h\n'}
[0.754640] (iris_interfaces) StdoutLine: {'line': b'-- Up-to-date: /home/maddy/iris_test_tool/install/iris_interfaces/include/iris_interfaces/iris_interfaces/srv/detail/process_manager__type_support.h\n'}
[0.754938] (iris_interfaces) StdoutLine: {'line': b'-- Up-to-date: /home/maddy/iris_test_tool/install/iris_interfaces/include/iris_interfaces/iris_interfaces/srv/detail/connect_wifi__type_support.h\n'}
[0.755231] (iris_interfaces) StdoutLine: {'line': b'-- Up-to-date: /home/maddy/iris_test_tool/install/iris_interfaces/include/iris_interfaces/iris_interfaces/srv/wifi_discovery.h\n'}
[0.755525] (iris_interfaces) StdoutLine: {'line': b'-- Up-to-date: /home/maddy/iris_test_tool/install/iris_interfaces/include/iris_interfaces/iris_interfaces/srv/get_wifi_status.h\n'}
[0.755819] (iris_interfaces) StdoutLine: {'line': b'-- Up-to-date: /home/maddy/iris_test_tool/install/iris_interfaces/include/iris_interfaces/iris_interfaces/srv/disconnect_wifi.h\n'}
[0.756111] (iris_interfaces) StdoutLine: {'line': b'-- Up-to-date: /home/maddy/iris_test_tool/install/iris_interfaces/include/iris_interfaces/iris_interfaces/srv/process_manager.h\n'}
[0.756410] (iris_interfaces) StdoutLine: {'line': b'-- Up-to-date: /home/maddy/iris_test_tool/install/iris_interfaces/include/iris_interfaces/iris_interfaces/srv/state_manager.h\n'}
[0.756704] (iris_interfaces) StdoutLine: {'line': b'-- Up-to-date: /home/maddy/iris_test_tool/install/iris_interfaces/include/iris_interfaces/iris_interfaces/srv/connect_wifi.h\n'}
[0.756999] (iris_interfaces) StdoutLine: {'line': b'-- Up-to-date: /home/maddy/iris_test_tool/install/iris_interfaces/include/iris_interfaces/iris_interfaces/srv/a2_command.h\n'}
[0.757358] (iris_interfaces) StdoutLine: {'line': b'-- Up-to-date: /home/maddy/iris_test_tool/install/iris_interfaces/include/iris_interfaces/iris_interfaces/action\n'}
[0.757653] (iris_interfaces) StdoutLine: {'line': b'-- Up-to-date: /home/maddy/iris_test_tool/install/iris_interfaces/include/iris_interfaces/iris_interfaces/action/navigate_path_coverage.h\n'}
[0.758673] (iris_interfaces) StdoutLine: {'line': b'-- Up-to-date: /home/maddy/iris_test_tool/install/iris_interfaces/include/iris_interfaces/iris_interfaces/action/path_coverage_controller.h\n'}
[0.759378] (iris_interfaces) StdoutLine: {'line': b'-- Up-to-date: /home/maddy/iris_test_tool/install/iris_interfaces/include/iris_interfaces/iris_interfaces/action/detail\n'}
[0.759646] (iris_interfaces) StdoutLine: {'line': b'-- Up-to-date: /home/maddy/iris_test_tool/install/iris_interfaces/include/iris_interfaces/iris_interfaces/action/detail/compute_path_coverage__functions.h\n'}
[0.759943] (iris_interfaces) StdoutLine: {'line': b'-- Up-to-date: /home/maddy/iris_test_tool/install/iris_interfaces/include/iris_interfaces/iris_interfaces/action/detail/compute_path_coverage__struct.h\n'}
[0.760239] (iris_interfaces) StdoutLine: {'line': b'-- Up-to-date: /home/maddy/iris_test_tool/install/iris_interfaces/include/iris_interfaces/iris_interfaces/action/detail/navigate_path_coverage__functions.h\n'}
[0.760532] (iris_interfaces) StdoutLine: {'line': b'-- Up-to-date: /home/maddy/iris_test_tool/install/iris_interfaces/include/iris_interfaces/iris_interfaces/action/detail/path_coverage_controller__type_support.h\n'}
[0.760823] (iris_interfaces) StdoutLine: {'line': b'-- Up-to-date: /home/maddy/iris_test_tool/install/iris_interfaces/include/iris_interfaces/iris_interfaces/action/detail/navigate_path_coverage__functions.c\n'}
[0.761116] (iris_interfaces) StdoutLine: {'line': b'-- Up-to-date: /home/maddy/iris_test_tool/install/iris_interfaces/include/iris_interfaces/iris_interfaces/action/detail/compute_path_coverage__type_support.h\n'}
[0.761477] (iris_interfaces) StdoutLine: {'line': b'-- Up-to-date: /home/maddy/iris_test_tool/install/iris_interfaces/include/iris_interfaces/iris_interfaces/action/detail/path_coverage_controller__functions.c\n'}
[0.761772] (iris_interfaces) StdoutLine: {'line': b'-- Up-to-date: /home/maddy/iris_test_tool/install/iris_interfaces/include/iris_interfaces/iris_interfaces/action/detail/navigate_path_coverage__type_support.h\n'}
[0.763042] (iris_interfaces) StdoutLine: {'line': b'-- Up-to-date: /home/maddy/iris_test_tool/install/iris_interfaces/include/iris_interfaces/iris_interfaces/action/detail/path_coverage_controller__struct.h\n'}
[0.763205] (iris_interfaces) StdoutLine: {'line': b'-- Up-to-date: /home/maddy/iris_test_tool/install/iris_interfaces/include/iris_interfaces/iris_interfaces/action/detail/compute_path_coverage__functions.c\n'}
[0.763498] (iris_interfaces) StdoutLine: {'line': b'-- Up-to-date: /home/maddy/iris_test_tool/install/iris_interfaces/include/iris_interfaces/iris_interfaces/action/detail/navigate_path_coverage__struct.h\n'}
[0.763658] (iris_interfaces) StdoutLine: {'line': b'-- Up-to-date: /home/maddy/iris_test_tool/install/iris_interfaces/include/iris_interfaces/iris_interfaces/action/detail/path_coverage_controller__functions.h\n'}
[0.764051] (iris_interfaces) StdoutLine: {'line': b'-- Up-to-date: /home/maddy/iris_test_tool/install/iris_interfaces/include/iris_interfaces/iris_interfaces/action/compute_path_coverage.h\n'}
[0.764240] (iris_interfaces) StdoutLine: {'line': b'-- Up-to-date: /home/maddy/iris_test_tool/install/iris_interfaces/include/iris_interfaces/iris_interfaces/msg\n'}
[0.764611] (iris_interfaces) StdoutLine: {'line': b'-- Up-to-date: /home/maddy/iris_test_tool/install/iris_interfaces/include/iris_interfaces/iris_interfaces/msg/headband_mode.h\n'}
[0.764879] (iris_interfaces) StdoutLine: {'line': b'-- Up-to-date: /home/maddy/iris_test_tool/install/iris_interfaces/include/iris_interfaces/iris_interfaces/msg/follow_path_result.h\n'}
[0.765146] (iris_interfaces) StdoutLine: {'line': b'-- Up-to-date: /home/maddy/iris_test_tool/install/iris_interfaces/include/iris_interfaces/iris_interfaces/msg/system_software_status.h\n'}
[0.765507] (iris_interfaces) StdoutLine: {'line': b'-- Up-to-date: /home/maddy/iris_test_tool/install/iris_interfaces/include/iris_interfaces/iris_interfaces/msg/mender_client_status.h\n'}
[0.765955] (iris_interfaces) StdoutLine: {'line': b'-- Up-to-date: /home/maddy/iris_test_tool/install/iris_interfaces/include/iris_interfaces/iris_interfaces/msg/rosidl_generator_c__visibility_control.h\n'}
[0.766377] (iris_interfaces) StdoutLine: {'line': b'-- Up-to-date: /home/maddy/iris_test_tool/install/iris_interfaces/include/iris_interfaces/iris_interfaces/msg/actuator_status.h\n'}
[0.766660] (iris_interfaces) StdoutLine: {'line': b'-- Up-to-date: /home/maddy/iris_test_tool/install/iris_interfaces/include/iris_interfaces/iris_interfaces/msg/ota_status.h\n'}
[0.766960] (iris_interfaces) StdoutLine: {'line': b'-- Up-to-date: /home/maddy/iris_test_tool/install/iris_interfaces/include/iris_interfaces/iris_interfaces/msg/navigation_mode.h\n'}
[0.767256] (iris_interfaces) StdoutLine: {'line': b'-- Up-to-date: /home/maddy/iris_test_tool/install/iris_interfaces/include/iris_interfaces/iris_interfaces/msg/brush_faults.h\n'}
[0.767551] (iris_interfaces) StdoutLine: {'line': b'-- Up-to-date: /home/maddy/iris_test_tool/install/iris_interfaces/include/iris_interfaces/iris_interfaces/msg/wheel_encoders.h\n'}
[0.767846] (iris_interfaces) StdoutLine: {'line': b'-- Up-to-date: /home/maddy/iris_test_tool/install/iris_interfaces/include/iris_interfaces/iris_interfaces/msg/a2_functional_status.h\n'}
[0.768141] (iris_interfaces) StdoutLine: {'line': b'-- Up-to-date: /home/maddy/iris_test_tool/install/iris_interfaces/include/iris_interfaces/iris_interfaces/msg/led_control.h\n'}
[0.768447] (iris_interfaces) StdoutLine: {'line': b'-- Up-to-date: /home/maddy/iris_test_tool/install/iris_interfaces/include/iris_interfaces/iris_interfaces/msg/a2_fault_status.h\n'}
[0.768779] (iris_interfaces) StdoutLine: {'line': b'-- Up-to-date: /home/maddy/iris_test_tool/install/iris_interfaces/include/iris_interfaces/iris_interfaces/msg/brush_status.h\n'}
[0.769073] (iris_interfaces) StdoutLine: {'line': b'-- Up-to-date: /home/maddy/iris_test_tool/install/iris_interfaces/include/iris_interfaces/iris_interfaces/msg/vacuum_status.h\n'}
[0.769367] (iris_interfaces) StdoutLine: {'line': b'-- Up-to-date: /home/maddy/iris_test_tool/install/iris_interfaces/include/iris_interfaces/iris_interfaces/msg/detail\n'}
[0.769661] (iris_interfaces) StdoutLine: {'line': b'-- Up-to-date: /home/maddy/iris_test_tool/install/iris_interfaces/include/iris_interfaces/iris_interfaces/msg/detail/navigation_mode__functions.h\n'}
[0.769986] (iris_interfaces) StdoutLine: {'line': b'-- Up-to-date: /home/maddy/iris_test_tool/install/iris_interfaces/include/iris_interfaces/iris_interfaces/msg/detail/a5_status__type_support.h\n'}
[0.770285] (iris_interfaces) StdoutLine: {'line': b'-- Up-to-date: /home/maddy/iris_test_tool/install/iris_interfaces/include/iris_interfaces/iris_interfaces/msg/detail/motor_status__functions.c\n'}
[0.770578] (iris_interfaces) StdoutLine: {'line': b'-- Up-to-date: /home/maddy/iris_test_tool/install/iris_interfaces/include/iris_interfaces/iris_interfaces/msg/detail/water_tank_levels__type_support.h\n'}
[0.770868] (iris_interfaces) StdoutLine: {'line': b'-- Up-to-date: /home/maddy/iris_test_tool/install/iris_interfaces/include/iris_interfaces/iris_interfaces/msg/detail/led_control__type_support.h\n'}
[0.771160] (iris_interfaces) StdoutLine: {'line': b'-- Up-to-date: /home/maddy/iris_test_tool/install/iris_interfaces/include/iris_interfaces/iris_interfaces/msg/detail/ota_status__type_support.h\n'}
[0.771451] (iris_interfaces) StdoutLine: {'line': b'-- Up-to-date: /home/maddy/iris_test_tool/install/iris_interfaces/include/iris_interfaces/iris_interfaces/msg/detail/headband_mode__type_support.h\n'}
[0.771612] (iris_interfaces) StdoutLine: {'line': b'-- Up-to-date: /home/maddy/iris_test_tool/install/iris_interfaces/include/iris_interfaces/iris_interfaces/msg/detail/ultrasonic_ranges__type_support.h\n'}
[0.771784] (iris_interfaces) StdoutLine: {'line': b'-- Up-to-date: /home/maddy/iris_test_tool/install/iris_interfaces/include/iris_interfaces/iris_interfaces/msg/detail/wheel_encoders__functions.h\n'}
[0.771947] (iris_interfaces) StdoutLine: {'line': b'-- Up-to-date: /home/maddy/iris_test_tool/install/iris_interfaces/include/iris_interfaces/iris_interfaces/msg/detail/a2_command__functions.c\n'}
[0.772101] (iris_interfaces) StdoutLine: {'line': b'-- Up-to-date: /home/maddy/iris_test_tool/install/iris_interfaces/include/iris_interfaces/iris_interfaces/msg/detail/wheel_command_speed__functions.h\n'}
[0.772250] (iris_interfaces) StdoutLine: {'line': b'-- Up-to-date: /home/maddy/iris_test_tool/install/iris_interfaces/include/iris_interfaces/iris_interfaces/msg/detail/a2_fault_status__type_support.h\n'}
[0.772402] (iris_interfaces) StdoutLine: {'line': b'-- Up-to-date: /home/maddy/iris_test_tool/install/iris_interfaces/include/iris_interfaces/iris_interfaces/msg/detail/ota_status__functions.h\n'}
[0.772557] (iris_interfaces) StdoutLine: {'line': b'-- Up-to-date: /home/maddy/iris_test_tool/install/iris_interfaces/include/iris_interfaces/iris_interfaces/msg/detail/a2_functional_status__functions.h\n'}
[0.772707] (iris_interfaces) StdoutLine: {'line': b'-- Up-to-date: /home/maddy/iris_test_tool/install/iris_interfaces/include/iris_interfaces/iris_interfaces/msg/detail/wheel_encoders__functions.c\n'}
[0.772860] (iris_interfaces) StdoutLine: {'line': b'-- Up-to-date: /home/maddy/iris_test_tool/install/iris_interfaces/include/iris_interfaces/iris_interfaces/msg/detail/wheel_command_speed__struct.h\n'}
[0.773013] (iris_interfaces) StdoutLine: {'line': b'-- Up-to-date: /home/maddy/iris_test_tool/install/iris_interfaces/include/iris_interfaces/iris_interfaces/msg/detail/navigation_mode__struct.h\n'}
[0.773170] (iris_interfaces) StdoutLine: {'line': b'-- Up-to-date: /home/maddy/iris_test_tool/install/iris_interfaces/include/iris_interfaces/iris_interfaces/msg/detail/mender_client_status__functions.h\n'}
[0.773330] (iris_interfaces) StdoutLine: {'line': b'-- Up-to-date: /home/maddy/iris_test_tool/install/iris_interfaces/include/iris_interfaces/iris_interfaces/msg/detail/brush_status__functions.h\n'}
[0.773543] (iris_interfaces) StdoutLine: {'line': b'-- Up-to-date: /home/maddy/iris_test_tool/install/iris_interfaces/include/iris_interfaces/iris_interfaces/msg/detail/a2_functional_status__struct.h\n'}
[0.774391] (iris_interfaces) StdoutLine: {'line': b'-- Up-to-date: /home/maddy/iris_test_tool/install/iris_interfaces/include/iris_interfaces/iris_interfaces/msg/detail/mender_client_status__functions.c\n'}
[0.774764] (iris_interfaces) StdoutLine: {'line': b'-- Up-to-date: /home/maddy/iris_test_tool/install/iris_interfaces/include/iris_interfaces/iris_interfaces/msg/detail/ota_status__functions.c\n'}
[0.775106] (iris_interfaces) StdoutLine: {'line': b'-- Up-to-date: /home/maddy/iris_test_tool/install/iris_interfaces/include/iris_interfaces/iris_interfaces/msg/detail/follow_path_result__struct.h\n'}
[0.775676] (iris_interfaces) StdoutLine: {'line': b'-- Up-to-date: /home/maddy/iris_test_tool/install/iris_interfaces/include/iris_interfaces/iris_interfaces/msg/detail/system_software_status__functions.c\n'}
[0.776014] (iris_interfaces) StdoutLine: {'line': b'-- Up-to-date: /home/maddy/iris_test_tool/install/iris_interfaces/include/iris_interfaces/iris_interfaces/msg/detail/a2_command__type_support.h\n'}
[0.776350] (iris_interfaces) StdoutLine: {'line': b'-- Up-to-date: /home/maddy/iris_test_tool/install/iris_interfaces/include/iris_interfaces/iris_interfaces/msg/detail/vacuum_status__type_support.h\n'}
[0.776683] (iris_interfaces) StdoutLine: {'line': b'-- Up-to-date: /home/maddy/iris_test_tool/install/iris_interfaces/include/iris_interfaces/iris_interfaces/msg/detail/mender_client_status__type_support.h\n'}
[0.777047] (iris_interfaces) StdoutLine: {'line': b'-- Up-to-date: /home/maddy/iris_test_tool/install/iris_interfaces/include/iris_interfaces/iris_interfaces/msg/detail/vacuum_faults__functions.c\n'}
[0.777383] (iris_interfaces) StdoutLine: {'line': b'-- Up-to-date: /home/maddy/iris_test_tool/install/iris_interfaces/include/iris_interfaces/iris_interfaces/msg/detail/a2_functional_status__type_support.h\n'}
[0.777714] (iris_interfaces) StdoutLine: {'line': b'-- Up-to-date: /home/maddy/iris_test_tool/install/iris_interfaces/include/iris_interfaces/iris_interfaces/msg/detail/follow_path_result__type_support.h\n'}
[0.778076] (iris_interfaces) StdoutLine: {'line': b'-- Up-to-date: /home/maddy/iris_test_tool/install/iris_interfaces/include/iris_interfaces/iris_interfaces/msg/detail/led_control__functions.h\n'}
[0.778414] (iris_interfaces) StdoutLine: {'line': b'-- Up-to-date: /home/maddy/iris_test_tool/install/iris_interfaces/include/iris_interfaces/iris_interfaces/msg/detail/actuator_status__type_support.h\n'}
[0.778749] (iris_interfaces) StdoutLine: {'line': b'-- Up-to-date: /home/maddy/iris_test_tool/install/iris_interfaces/include/iris_interfaces/iris_interfaces/msg/detail/wheel_encoders__struct.h\n'}
[0.779085] (iris_interfaces) StdoutLine: {'line': b'-- Up-to-date: /home/maddy/iris_test_tool/install/iris_interfaces/include/iris_interfaces/iris_interfaces/msg/detail/a5_status__functions.h\n'}
[0.779418] (iris_interfaces) StdoutLine: {'line': b'-- Up-to-date: /home/maddy/iris_test_tool/install/iris_interfaces/include/iris_interfaces/iris_interfaces/msg/detail/sensor_status__struct.h\n'}
[0.779752] (iris_interfaces) StdoutLine: {'line': b'-- Up-to-date: /home/maddy/iris_test_tool/install/iris_interfaces/include/iris_interfaces/iris_interfaces/msg/detail/vacuum_status__functions.h\n'}
[0.780107] (iris_interfaces) StdoutLine: {'line': b'-- Up-to-date: /home/maddy/iris_test_tool/install/iris_interfaces/include/iris_interfaces/iris_interfaces/msg/detail/a2_fault_status__functions.c\n'}
[0.780443] (iris_interfaces) StdoutLine: {'line': b'-- Up-to-date: /home/maddy/iris_test_tool/install/iris_interfaces/include/iris_interfaces/iris_interfaces/msg/detail/motor_status__functions.h\n'}
[0.781481] (iris_interfaces) StdoutLine: {'line': b'-- Up-to-date: /home/maddy/iris_test_tool/install/iris_interfaces/include/iris_interfaces/iris_interfaces/msg/detail/a2_command__struct.h\n'}
[0.781712] (iris_interfaces) StdoutLine: {'line': b'-- Up-to-date: /home/maddy/iris_test_tool/install/iris_interfaces/include/iris_interfaces/iris_interfaces/msg/detail/follow_path_result__functions.c\n'}
[0.782046] (iris_interfaces) StdoutLine: {'line': b'-- Up-to-date: /home/maddy/iris_test_tool/install/iris_interfaces/include/iris_interfaces/iris_interfaces/msg/detail/motor_controller_status__functions.c\n'}
[0.782310] (iris_interfaces) StdoutLine: {'line': b'-- Up-to-date: /home/maddy/iris_test_tool/install/iris_interfaces/include/iris_interfaces/iris_interfaces/msg/detail/sensor_status__functions.c\n'}
[0.782671] (iris_interfaces) StdoutLine: {'line': b'-- Up-to-date: /home/maddy/iris_test_tool/install/iris_interfaces/include/iris_interfaces/iris_interfaces/msg/detail/system_software_status__struct.h\n'}
[0.783051] (iris_interfaces) StdoutLine: {'line': b'-- Up-to-date: /home/maddy/iris_test_tool/install/iris_interfaces/include/iris_interfaces/iris_interfaces/msg/detail/sensor_status__functions.h\n'}
[0.783436] (iris_interfaces) StdoutLine: {'line': b'-- Up-to-date: /home/maddy/iris_test_tool/install/iris_interfaces/include/iris_interfaces/iris_interfaces/msg/detail/led_control__struct.h\n'}
[0.783734] (iris_interfaces) StdoutLine: {'line': b'-- Up-to-date: /home/maddy/iris_test_tool/install/iris_interfaces/include/iris_interfaces/iris_interfaces/msg/detail/water_tank_levels__struct.h\n'}
[0.784031] (iris_interfaces) StdoutLine: {'line': b'-- Up-to-date: /home/maddy/iris_test_tool/install/iris_interfaces/include/iris_interfaces/iris_interfaces/msg/detail/a2_fault_status__functions.h\n'}
[0.784328] (iris_interfaces) StdoutLine: {'line': b'-- Up-to-date: /home/maddy/iris_test_tool/install/iris_interfaces/include/iris_interfaces/iris_interfaces/msg/detail/actuator_status__functions.h\n'}
[0.784487] (iris_interfaces) StdoutLine: {'line': b'-- Up-to-date: /home/maddy/iris_test_tool/install/iris_interfaces/include/iris_interfaces/iris_interfaces/msg/detail/navigation_mode__functions.c\n'}
[0.785091] (iris_interfaces) StdoutLine: {'line': b'-- Up-to-date: /home/maddy/iris_test_tool/install/iris_interfaces/include/iris_interfaces/iris_interfaces/msg/detail/vacuum_status__functions.c\n'}
[0.785333] (iris_interfaces) StdoutLine: {'line': b'-- Up-to-date: /home/maddy/iris_test_tool/install/iris_interfaces/include/iris_interfaces/iris_interfaces/msg/detail/vacuum_faults__functions.h\n'}
[0.785626] (iris_interfaces) StdoutLine: {'line': b'-- Up-to-date: /home/maddy/iris_test_tool/install/iris_interfaces/include/iris_interfaces/iris_interfaces/msg/detail/brush_faults__functions.h\n'}
[0.786070] (iris_interfaces) StdoutLine: {'line': b'-- Up-to-date: /home/maddy/iris_test_tool/install/iris_interfaces/include/iris_interfaces/iris_interfaces/msg/detail/brush_status__struct.h\n'}
[0.786433] (iris_interfaces) StdoutLine: {'line': b'-- Up-to-date: /home/maddy/iris_test_tool/install/iris_interfaces/include/iris_interfaces/iris_interfaces/msg/detail/mender_client_status__struct.h\n'}
[0.787127] (iris_interfaces) StdoutLine: {'line': b'-- Up-to-date: /home/maddy/iris_test_tool/install/iris_interfaces/include/iris_interfaces/iris_interfaces/msg/detail/vacuum_faults__type_support.h\n'}
[0.787472] (iris_interfaces) StdoutLine: {'line': b'-- Up-to-date: /home/maddy/iris_test_tool/install/iris_interfaces/include/iris_interfaces/iris_interfaces/msg/detail/headband_mode__functions.c\n'}
[0.787878] (iris_interfaces) StdoutLine: {'line': b'-- Up-to-date: /home/maddy/iris_test_tool/install/iris_interfaces/include/iris_interfaces/iris_interfaces/msg/detail/navigation_mode__type_support.h\n'}
[0.788143] (iris_interfaces) StdoutLine: {'line': b'-- Up-to-date: /home/maddy/iris_test_tool/install/iris_interfaces/include/iris_interfaces/iris_interfaces/msg/detail/a2_command__functions.h\n'}
[0.788263] (iris_interfaces) StdoutLine: {'line': b'-- Up-to-date: /home/maddy/iris_test_tool/install/iris_interfaces/include/iris_interfaces/iris_interfaces/msg/detail/a2_fault_status__struct.h\n'}
[0.788414] (iris_interfaces) StdoutLine: {'line': b'-- Up-to-date: /home/maddy/iris_test_tool/install/iris_interfaces/include/iris_interfaces/iris_interfaces/msg/detail/motor_status__struct.h\n'}
[0.788872] (iris_interfaces) StdoutLine: {'line': b'-- Up-to-date: /home/maddy/iris_test_tool/install/iris_interfaces/include/iris_interfaces/iris_interfaces/msg/detail/a5_status__functions.c\n'}
[0.789209] (iris_interfaces) StdoutLine: {'line': b'-- Up-to-date: /home/maddy/iris_test_tool/install/iris_interfaces/include/iris_interfaces/iris_interfaces/msg/detail/motor_controller_status__struct.h\n'}
[0.789546] (iris_interfaces) StdoutLine: {'line': b'-- Up-to-date: /home/maddy/iris_test_tool/install/iris_interfaces/include/iris_interfaces/iris_interfaces/msg/detail/brush_faults__struct.h\n'}
[0.789894] (iris_interfaces) StdoutLine: {'line': b'-- Up-to-date: /home/maddy/iris_test_tool/install/iris_interfaces/include/iris_interfaces/iris_interfaces/msg/detail/brush_faults__type_support.h\n'}
[0.791175] (iris_interfaces) StdoutLine: {'line': b'-- Up-to-date: /home/maddy/iris_test_tool/install/iris_interfaces/include/iris_interfaces/iris_interfaces/msg/detail/wheel_encoders__type_support.h\n'}
[0.791490] (iris_interfaces) StdoutLine: {'line': b'-- Up-to-date: /home/maddy/iris_test_tool/install/iris_interfaces/include/iris_interfaces/iris_interfaces/msg/detail/motor_controller_status__type_support.h\n'}
[0.791813] (iris_interfaces) StdoutLine: {'line': b'-- Up-to-date: /home/maddy/iris_test_tool/install/iris_interfaces/include/iris_interfaces/iris_interfaces/msg/detail/water_tank_levels__functions.h\n'}
[0.792130] (iris_interfaces) StdoutLine: {'line': b'-- Up-to-date: /home/maddy/iris_test_tool/install/iris_interfaces/include/iris_interfaces/iris_interfaces/msg/detail/follow_path_result__functions.h\n'}
[0.792456] (iris_interfaces) StdoutLine: {'line': b'-- Up-to-date: /home/maddy/iris_test_tool/install/iris_interfaces/include/iris_interfaces/iris_interfaces/msg/detail/a2_functional_status__functions.c\n'}
[0.792781] (iris_interfaces) StdoutLine: {'line': b'-- Up-to-date: /home/maddy/iris_test_tool/install/iris_interfaces/include/iris_interfaces/iris_interfaces/msg/detail/a5_status__struct.h\n'}
[0.793101] (iris_interfaces) StdoutLine: {'line': b'-- Up-to-date: /home/maddy/iris_test_tool/install/iris_interfaces/include/iris_interfaces/iris_interfaces/msg/detail/ota_status__struct.h\n'}
[0.793418] (iris_interfaces) StdoutLine: {'line': b'-- Up-to-date: /home/maddy/iris_test_tool/install/iris_interfaces/include/iris_interfaces/iris_interfaces/msg/detail/sensor_status__type_support.h\n'}
[0.793729] (iris_interfaces) StdoutLine: {'line': b'-- Up-to-date: /home/maddy/iris_test_tool/install/iris_interfaces/include/iris_interfaces/iris_interfaces/msg/detail/headband_mode__functions.h\n'}
[0.794088] (iris_interfaces) StdoutLine: {'line': b'-- Up-to-date: /home/maddy/iris_test_tool/install/iris_interfaces/include/iris_interfaces/iris_interfaces/msg/detail/motor_controller_status__functions.h\n'}
[0.795053] (iris_interfaces) StdoutLine: {'line': b'-- Up-to-date: /home/maddy/iris_test_tool/install/iris_interfaces/include/iris_interfaces/iris_interfaces/msg/detail/wheel_command_speed__functions.c\n'}
[0.795509] (iris_interfaces) StdoutLine: {'line': b'-- Up-to-date: /home/maddy/iris_test_tool/install/iris_interfaces/include/iris_interfaces/iris_interfaces/msg/detail/actuator_status__functions.c\n'}
[0.795921] (iris_interfaces) StdoutLine: {'line': b'-- Up-to-date: /home/maddy/iris_test_tool/install/iris_interfaces/include/iris_interfaces/iris_interfaces/msg/detail/headband_mode__struct.h\n'}
[0.796199] (iris_interfaces) StdoutLine: {'line': b'-- Up-to-date: /home/maddy/iris_test_tool/install/iris_interfaces/include/iris_interfaces/iris_interfaces/msg/detail/actuator_status__struct.h\n'}
[0.796409] (iris_interfaces) StdoutLine: {'line': b'-- Up-to-date: /home/maddy/iris_test_tool/install/iris_interfaces/include/iris_interfaces/iris_interfaces/msg/detail/system_software_status__type_support.h\n'}
[0.796765] (iris_interfaces) StdoutLine: {'line': b'-- Up-to-date: /home/maddy/iris_test_tool/install/iris_interfaces/include/iris_interfaces/iris_interfaces/msg/detail/brush_status__functions.c\n'}
[0.797073] (iris_interfaces) StdoutLine: {'line': b'-- Up-to-date: /home/maddy/iris_test_tool/install/iris_interfaces/include/iris_interfaces/iris_interfaces/msg/detail/vacuum_status__struct.h\n'}
[0.797449] (iris_interfaces) StdoutLine: {'line': b'-- Up-to-date: /home/maddy/iris_test_tool/install/iris_interfaces/include/iris_interfaces/iris_interfaces/msg/detail/ultrasonic_ranges__struct.h\n'}
[0.797688] (iris_interfaces) StdoutLine: {'line': b'-- Up-to-date: /home/maddy/iris_test_tool/install/iris_interfaces/include/iris_interfaces/iris_interfaces/msg/detail/wheel_command_speed__type_support.h\n'}
[0.797855] (iris_interfaces) StdoutLine: {'line': b'-- Up-to-date: /home/maddy/iris_test_tool/install/iris_interfaces/include/iris_interfaces/iris_interfaces/msg/detail/brush_status__type_support.h\n'}
[0.798124] (iris_interfaces) StdoutLine: {'line': b'-- Up-to-date: /home/maddy/iris_test_tool/install/iris_interfaces/include/iris_interfaces/iris_interfaces/msg/detail/motor_status__type_support.h\n'}
[0.798346] (iris_interfaces) StdoutLine: {'line': b'-- Up-to-date: /home/maddy/iris_test_tool/install/iris_interfaces/include/iris_interfaces/iris_interfaces/msg/detail/ultrasonic_ranges__functions.h\n'}
[0.798526] (iris_interfaces) StdoutLine: {'line': b'-- Up-to-date: /home/maddy/iris_test_tool/install/iris_interfaces/include/iris_interfaces/iris_interfaces/msg/detail/system_software_status__functions.h\n'}
[0.798849] (iris_interfaces) StdoutLine: {'line': b'-- Up-to-date: /home/maddy/iris_test_tool/install/iris_interfaces/include/iris_interfaces/iris_interfaces/msg/detail/ultrasonic_ranges__functions.c\n'}
[0.799223] (iris_interfaces) StdoutLine: {'line': b'-- Up-to-date: /home/maddy/iris_test_tool/install/iris_interfaces/include/iris_interfaces/iris_interfaces/msg/detail/vacuum_faults__struct.h\n'}
[0.799549] (iris_interfaces) StdoutLine: {'line': b'-- Up-to-date: /home/maddy/iris_test_tool/install/iris_interfaces/include/iris_interfaces/iris_interfaces/msg/detail/brush_faults__functions.c\n'}
[0.799839] (iris_interfaces) StdoutLine: {'line': b'-- Up-to-date: /home/maddy/iris_test_tool/install/iris_interfaces/include/iris_interfaces/iris_interfaces/msg/detail/led_control__functions.c\n'}
[0.800126] (iris_interfaces) StdoutLine: {'line': b'-- Up-to-date: /home/maddy/iris_test_tool/install/iris_interfaces/include/iris_interfaces/iris_interfaces/msg/detail/water_tank_levels__functions.c\n'}
[0.800631] (iris_interfaces) StdoutLine: {'line': b'-- Up-to-date: /home/maddy/iris_test_tool/install/iris_interfaces/include/iris_interfaces/iris_interfaces/msg/wheel_command_speed.h\n'}
[0.801002] (iris_interfaces) StdoutLine: {'line': b'-- Up-to-date: /home/maddy/iris_test_tool/install/iris_interfaces/include/iris_interfaces/iris_interfaces/msg/motor_controller_status.h\n'}
[0.801289] (iris_interfaces) StdoutLine: {'line': b'-- Up-to-date: /home/maddy/iris_test_tool/install/iris_interfaces/include/iris_interfaces/iris_interfaces/msg/water_tank_levels.h\n'}
[0.801673] (iris_interfaces) StdoutLine: {'line': b'-- Up-to-date: /home/maddy/iris_test_tool/install/iris_interfaces/include/iris_interfaces/iris_interfaces/msg/a5_status.h\n'}
[0.802152] (iris_interfaces) StdoutLine: {'line': b'-- Up-to-date: /home/maddy/iris_test_tool/install/iris_interfaces/include/iris_interfaces/iris_interfaces/msg/ultrasonic_ranges.h\n'}
[0.802445] (iris_interfaces) StdoutLine: {'line': b'-- Up-to-date: /home/maddy/iris_test_tool/install/iris_interfaces/include/iris_interfaces/iris_interfaces/msg/vacuum_faults.h\n'}
[0.802742] (iris_interfaces) StdoutLine: {'line': b'-- Up-to-date: /home/maddy/iris_test_tool/install/iris_interfaces/include/iris_interfaces/iris_interfaces/msg/sensor_status.h\n'}
[0.803221] (iris_interfaces) StdoutLine: {'line': b'-- Up-to-date: /home/maddy/iris_test_tool/install/iris_interfaces/include/iris_interfaces/iris_interfaces/msg/a2_command.h\n'}
[0.803735] (iris_interfaces) StdoutLine: {'line': b'-- Up-to-date: /home/maddy/iris_test_tool/install/iris_interfaces/include/iris_interfaces/iris_interfaces/msg/motor_status.h\n'}
[0.804065] (iris_interfaces) StdoutLine: {'line': b'-- Up-to-date: /home/maddy/iris_test_tool/install/iris_interfaces/share/iris_interfaces/environment/library_path.sh\n'}
[0.804386] (-) TimerEvent: {}
[0.804749] (iris_interfaces) StdoutLine: {'line': b'-- Up-to-date: /home/maddy/iris_test_tool/install/iris_interfaces/share/iris_interfaces/environment/library_path.dsv\n'}
[0.805053] (iris_interfaces) StdoutLine: {'line': b'-- Up-to-date: /home/maddy/iris_test_tool/install/iris_interfaces/lib/libiris_interfaces__rosidl_generator_c.so\n'}
[0.805691] (iris_interfaces) StdoutLine: {'line': b'-- Up-to-date: /home/maddy/iris_test_tool/install/iris_interfaces/include/iris_interfaces/iris_interfaces\n'}
[0.806084] (iris_interfaces) StdoutLine: {'line': b'-- Up-to-date: /home/maddy/iris_test_tool/install/iris_interfaces/include/iris_interfaces/iris_interfaces/srv\n'}
[0.806579] (iris_interfaces) StdoutLine: {'line': b'-- Up-to-date: /home/maddy/iris_test_tool/install/iris_interfaces/include/iris_interfaces/iris_interfaces/srv/detail\n'}
[0.806814] (iris_interfaces) StdoutLine: {'line': b'-- Up-to-date: /home/maddy/iris_test_tool/install/iris_interfaces/include/iris_interfaces/iris_interfaces/srv/detail/update_motor_controller_reference_source__rosidl_typesupport_fastrtps_c.h\n'}
[0.807046] (iris_interfaces) StdoutLine: {'line': b'-- Up-to-date: /home/maddy/iris_test_tool/install/iris_interfaces/include/iris_interfaces/iris_interfaces/srv/detail/wifi_discovery__rosidl_typesupport_fastrtps_c.h\n'}
[0.807276] (iris_interfaces) StdoutLine: {'line': b'-- Up-to-date: /home/maddy/iris_test_tool/install/iris_interfaces/include/iris_interfaces/iris_interfaces/srv/detail/get_wifi_status__rosidl_typesupport_fastrtps_c.h\n'}
[0.807503] (iris_interfaces) StdoutLine: {'line': b'-- Up-to-date: /home/maddy/iris_test_tool/install/iris_interfaces/include/iris_interfaces/iris_interfaces/srv/detail/reset_wheel_encoders__rosidl_typesupport_fastrtps_c.h\n'}
[0.807820] (iris_interfaces) StdoutLine: {'line': b'-- Up-to-date: /home/maddy/iris_test_tool/install/iris_interfaces/include/iris_interfaces/iris_interfaces/srv/detail/a2_command__rosidl_typesupport_fastrtps_c.h\n'}
[0.808135] (iris_interfaces) StdoutLine: {'line': b'-- Up-to-date: /home/maddy/iris_test_tool/install/iris_interfaces/include/iris_interfaces/iris_interfaces/srv/detail/disconnect_wifi__rosidl_typesupport_fastrtps_c.h\n'}
[0.808372] (iris_interfaces) StdoutLine: {'line': b'-- Up-to-date: /home/maddy/iris_test_tool/install/iris_interfaces/include/iris_interfaces/iris_interfaces/srv/detail/reset_a2_faults__rosidl_typesupport_fastrtps_c.h\n'}
[0.808715] (iris_interfaces) StdoutLine: {'line': b'-- Up-to-date: /home/maddy/iris_test_tool/install/iris_interfaces/include/iris_interfaces/iris_interfaces/srv/detail/process_manager__rosidl_typesupport_fastrtps_c.h\n'}
[0.809053] (iris_interfaces) StdoutLine: {'line': b'-- Up-to-date: /home/maddy/iris_test_tool/install/iris_interfaces/include/iris_interfaces/iris_interfaces/srv/detail/restart_motor_controller__rosidl_typesupport_fastrtps_c.h\n'}
[0.809340] (iris_interfaces) StdoutLine: {'line': b'-- Up-to-date: /home/maddy/iris_test_tool/install/iris_interfaces/include/iris_interfaces/iris_interfaces/srv/detail/state_manager__rosidl_typesupport_fastrtps_c.h\n'}
[0.809641] (iris_interfaces) StdoutLine: {'line': b'-- Up-to-date: /home/maddy/iris_test_tool/install/iris_interfaces/include/iris_interfaces/iris_interfaces/srv/detail/connect_wifi__rosidl_typesupport_fastrtps_c.h\n'}
[0.809977] (iris_interfaces) StdoutLine: {'line': b'-- Up-to-date: /home/maddy/iris_test_tool/install/iris_interfaces/include/iris_interfaces/iris_interfaces/srv/detail/update_motor_controller_parameters__rosidl_typesupport_fastrtps_c.h\n'}
[0.810444] (iris_interfaces) StdoutLine: {'line': b'-- Up-to-date: /home/maddy/iris_test_tool/install/iris_interfaces/include/iris_interfaces/iris_interfaces/action\n'}
[0.810617] (iris_interfaces) StdoutLine: {'line': b'-- Up-to-date: /home/maddy/iris_test_tool/install/iris_interfaces/include/iris_interfaces/iris_interfaces/action/detail\n'}
[0.810811] (iris_interfaces) StdoutLine: {'line': b'-- Up-to-date: /home/maddy/iris_test_tool/install/iris_interfaces/include/iris_interfaces/iris_interfaces/action/detail/compute_path_coverage__rosidl_typesupport_fastrtps_c.h\n'}
[0.810987] (iris_interfaces) StdoutLine: {'line': b'-- Up-to-date: /home/maddy/iris_test_tool/install/iris_interfaces/include/iris_interfaces/iris_interfaces/action/detail/navigate_path_coverage__rosidl_typesupport_fastrtps_c.h\n'}
[0.811273] (iris_interfaces) StdoutLine: {'line': b'-- Up-to-date: /home/maddy/iris_test_tool/install/iris_interfaces/include/iris_interfaces/iris_interfaces/action/detail/path_coverage_controller__rosidl_typesupport_fastrtps_c.h\n'}
[0.811576] (iris_interfaces) StdoutLine: {'line': b'-- Up-to-date: /home/maddy/iris_test_tool/install/iris_interfaces/include/iris_interfaces/iris_interfaces/msg\n'}
[0.811762] (iris_interfaces) StdoutLine: {'line': b'-- Up-to-date: /home/maddy/iris_test_tool/install/iris_interfaces/include/iris_interfaces/iris_interfaces/msg/rosidl_typesupport_fastrtps_c__visibility_control.h\n'}
[0.811895] (iris_interfaces) StdoutLine: {'line': b'-- Up-to-date: /home/maddy/iris_test_tool/install/iris_interfaces/include/iris_interfaces/iris_interfaces/msg/detail\n'}
[0.812101] (iris_interfaces) StdoutLine: {'line': b'-- Up-to-date: /home/maddy/iris_test_tool/install/iris_interfaces/include/iris_interfaces/iris_interfaces/msg/detail/a2_fault_status__rosidl_typesupport_fastrtps_c.h\n'}
[0.812317] (iris_interfaces) StdoutLine: {'line': b'-- Up-to-date: /home/maddy/iris_test_tool/install/iris_interfaces/include/iris_interfaces/iris_interfaces/msg/detail/motor_controller_status__rosidl_typesupport_fastrtps_c.h\n'}
[0.812543] (iris_interfaces) StdoutLine: {'line': b'-- Up-to-date: /home/maddy/iris_test_tool/install/iris_interfaces/include/iris_interfaces/iris_interfaces/msg/detail/headband_mode__rosidl_typesupport_fastrtps_c.h\n'}
[0.812759] (iris_interfaces) StdoutLine: {'line': b'-- Up-to-date: /home/maddy/iris_test_tool/install/iris_interfaces/include/iris_interfaces/iris_interfaces/msg/detail/sensor_status__rosidl_typesupport_fastrtps_c.h\n'}
[0.812966] (iris_interfaces) StdoutLine: {'line': b'-- Up-to-date: /home/maddy/iris_test_tool/install/iris_interfaces/include/iris_interfaces/iris_interfaces/msg/detail/follow_path_result__rosidl_typesupport_fastrtps_c.h\n'}
[0.813118] (iris_interfaces) StdoutLine: {'line': b'-- Up-to-date: /home/maddy/iris_test_tool/install/iris_interfaces/include/iris_interfaces/iris_interfaces/msg/detail/brush_faults__rosidl_typesupport_fastrtps_c.h\n'}
[0.813289] (iris_interfaces) StdoutLine: {'line': b'-- Up-to-date: /home/maddy/iris_test_tool/install/iris_interfaces/include/iris_interfaces/iris_interfaces/msg/detail/wheel_encoders__rosidl_typesupport_fastrtps_c.h\n'}
[0.813625] (iris_interfaces) StdoutLine: {'line': b'-- Up-to-date: /home/maddy/iris_test_tool/install/iris_interfaces/include/iris_interfaces/iris_interfaces/msg/detail/wheel_command_speed__rosidl_typesupport_fastrtps_c.h\n'}
[0.813858] (iris_interfaces) StdoutLine: {'line': b'-- Up-to-date: /home/maddy/iris_test_tool/install/iris_interfaces/include/iris_interfaces/iris_interfaces/msg/detail/actuator_status__rosidl_typesupport_fastrtps_c.h\n'}
[0.814088] (iris_interfaces) StdoutLine: {'line': b'-- Up-to-date: /home/maddy/iris_test_tool/install/iris_interfaces/include/iris_interfaces/iris_interfaces/msg/detail/a2_command__rosidl_typesupport_fastrtps_c.h\n'}
[0.814299] (iris_interfaces) StdoutLine: {'line': b'-- Up-to-date: /home/maddy/iris_test_tool/install/iris_interfaces/include/iris_interfaces/iris_interfaces/msg/detail/led_control__rosidl_typesupport_fastrtps_c.h\n'}
[0.814470] (iris_interfaces) StdoutLine: {'line': b'-- Up-to-date: /home/maddy/iris_test_tool/install/iris_interfaces/include/iris_interfaces/iris_interfaces/msg/detail/mender_client_status__rosidl_typesupport_fastrtps_c.h\n'}
[0.814640] (iris_interfaces) StdoutLine: {'line': b'-- Up-to-date: /home/maddy/iris_test_tool/install/iris_interfaces/include/iris_interfaces/iris_interfaces/msg/detail/brush_status__rosidl_typesupport_fastrtps_c.h\n'}
[0.814853] (iris_interfaces) StdoutLine: {'line': b'-- Up-to-date: /home/maddy/iris_test_tool/install/iris_interfaces/include/iris_interfaces/iris_interfaces/msg/detail/vacuum_status__rosidl_typesupport_fastrtps_c.h\n'}
[0.815060] (iris_interfaces) StdoutLine: {'line': b'-- Up-to-date: /home/maddy/iris_test_tool/install/iris_interfaces/include/iris_interfaces/iris_interfaces/msg/detail/ultrasonic_ranges__rosidl_typesupport_fastrtps_c.h\n'}
[0.815253] (iris_interfaces) StdoutLine: {'line': b'-- Up-to-date: /home/maddy/iris_test_tool/install/iris_interfaces/include/iris_interfaces/iris_interfaces/msg/detail/ota_status__rosidl_typesupport_fastrtps_c.h\n'}
[0.815465] (iris_interfaces) StdoutLine: {'line': b'-- Up-to-date: /home/maddy/iris_test_tool/install/iris_interfaces/include/iris_interfaces/iris_interfaces/msg/detail/motor_status__rosidl_typesupport_fastrtps_c.h\n'}
[0.815674] (iris_interfaces) StdoutLine: {'line': b'-- Up-to-date: /home/maddy/iris_test_tool/install/iris_interfaces/include/iris_interfaces/iris_interfaces/msg/detail/water_tank_levels__rosidl_typesupport_fastrtps_c.h\n'}
[0.815884] (iris_interfaces) StdoutLine: {'line': b'-- Up-to-date: /home/maddy/iris_test_tool/install/iris_interfaces/include/iris_interfaces/iris_interfaces/msg/detail/navigation_mode__rosidl_typesupport_fastrtps_c.h\n'}
[0.816212] (iris_interfaces) StdoutLine: {'line': b'-- Up-to-date: /home/maddy/iris_test_tool/install/iris_interfaces/include/iris_interfaces/iris_interfaces/msg/detail/a5_status__rosidl_typesupport_fastrtps_c.h\n'}
[0.816481] (iris_interfaces) StdoutLine: {'line': b'-- Up-to-date: /home/maddy/iris_test_tool/install/iris_interfaces/include/iris_interfaces/iris_interfaces/msg/detail/a2_functional_status__rosidl_typesupport_fastrtps_c.h\n'}
[0.816695] (iris_interfaces) StdoutLine: {'line': b'-- Up-to-date: /home/maddy/iris_test_tool/install/iris_interfaces/include/iris_interfaces/iris_interfaces/msg/detail/vacuum_faults__rosidl_typesupport_fastrtps_c.h\n'}
[0.816884] (iris_interfaces) StdoutLine: {'line': b'-- Up-to-date: /home/maddy/iris_test_tool/install/iris_interfaces/include/iris_interfaces/iris_interfaces/msg/detail/system_software_status__rosidl_typesupport_fastrtps_c.h\n'}
[0.817102] (iris_interfaces) StdoutLine: {'line': b'-- Up-to-date: /home/maddy/iris_test_tool/install/iris_interfaces/lib/libiris_interfaces__rosidl_typesupport_fastrtps_c.so\n'}
[0.817303] (iris_interfaces) StdoutLine: {'line': b'-- Up-to-date: /home/maddy/iris_test_tool/install/iris_interfaces/include/iris_interfaces/iris_interfaces\n'}
[0.817589] (iris_interfaces) StdoutLine: {'line': b'-- Up-to-date: /home/maddy/iris_test_tool/install/iris_interfaces/include/iris_interfaces/iris_interfaces/srv\n'}
[0.817830] (iris_interfaces) StdoutLine: {'line': b'-- Up-to-date: /home/maddy/iris_test_tool/install/iris_interfaces/include/iris_interfaces/iris_interfaces/srv/detail\n'}
[0.818007] (iris_interfaces) StdoutLine: {'line': b'-- Up-to-date: /home/maddy/iris_test_tool/install/iris_interfaces/include/iris_interfaces/iris_interfaces/srv/detail/reset_a2_faults__rosidl_typesupport_introspection_c.h\n'}
[0.818194] (iris_interfaces) StdoutLine: {'line': b'-- Up-to-date: /home/maddy/iris_test_tool/install/iris_interfaces/include/iris_interfaces/iris_interfaces/srv/detail/update_motor_controller_reference_source__rosidl_typesupport_introspection_c.h\n'}
[0.818373] (iris_interfaces) StdoutLine: {'line': b'-- Up-to-date: /home/maddy/iris_test_tool/install/iris_interfaces/include/iris_interfaces/iris_interfaces/srv/detail/disconnect_wifi__rosidl_typesupport_introspection_c.h\n'}
[0.818532] (iris_interfaces) StdoutLine: {'line': b'-- Up-to-date: /home/maddy/iris_test_tool/install/iris_interfaces/include/iris_interfaces/iris_interfaces/srv/detail/disconnect_wifi__type_support.c\n'}
[0.818737] (iris_interfaces) StdoutLine: {'line': b'-- Up-to-date: /home/maddy/iris_test_tool/install/iris_interfaces/include/iris_interfaces/iris_interfaces/srv/detail/get_wifi_status__rosidl_typesupport_introspection_c.h\n'}
[0.818884] (iris_interfaces) StdoutLine: {'line': b'-- Up-to-date: /home/maddy/iris_test_tool/install/iris_interfaces/include/iris_interfaces/iris_interfaces/srv/detail/update_motor_controller_reference_source__type_support.c\n'}
[0.819068] (iris_interfaces) StdoutLine: {'line': b'-- Up-to-date: /home/maddy/iris_test_tool/install/iris_interfaces/include/iris_interfaces/iris_interfaces/srv/detail/restart_motor_controller__type_support.c\n'}
[0.819220] (iris_interfaces) StdoutLine: {'line': b'-- Up-to-date: /home/maddy/iris_test_tool/install/iris_interfaces/include/iris_interfaces/iris_interfaces/srv/detail/wifi_discovery__type_support.c\n'}
[0.819403] (iris_interfaces) StdoutLine: {'line': b'-- Up-to-date: /home/maddy/iris_test_tool/install/iris_interfaces/include/iris_interfaces/iris_interfaces/srv/detail/process_manager__type_support.c\n'}
[0.819662] (iris_interfaces) StdoutLine: {'line': b'-- Up-to-date: /home/maddy/iris_test_tool/install/iris_interfaces/include/iris_interfaces/iris_interfaces/srv/detail/connect_wifi__rosidl_typesupport_introspection_c.h\n'}
[0.819795] (iris_interfaces) StdoutLine: {'line': b'-- Up-to-date: /home/maddy/iris_test_tool/install/iris_interfaces/include/iris_interfaces/iris_interfaces/srv/detail/get_wifi_status__type_support.c\n'}
[0.819984] (iris_interfaces) StdoutLine: {'line': b'-- Up-to-date: /home/maddy/iris_test_tool/install/iris_interfaces/include/iris_interfaces/iris_interfaces/srv/detail/update_motor_controller_parameters__rosidl_typesupport_introspection_c.h\n'}
[0.820118] (iris_interfaces) StdoutLine: {'line': b'-- Up-to-date: /home/maddy/iris_test_tool/install/iris_interfaces/include/iris_interfaces/iris_interfaces/srv/detail/connect_wifi__type_support.c\n'}
[0.820306] (iris_interfaces) StdoutLine: {'line': b'-- Up-to-date: /home/maddy/iris_test_tool/install/iris_interfaces/include/iris_interfaces/iris_interfaces/srv/detail/reset_wheel_encoders__type_support.c\n'}
[0.820444] (iris_interfaces) StdoutLine: {'line': b'-- Up-to-date: /home/maddy/iris_test_tool/install/iris_interfaces/include/iris_interfaces/iris_interfaces/srv/detail/state_manager__type_support.c\n'}
[0.820654] (iris_interfaces) StdoutLine: {'line': b'-- Up-to-date: /home/maddy/iris_test_tool/install/iris_interfaces/include/iris_interfaces/iris_interfaces/srv/detail/process_manager__rosidl_typesupport_introspection_c.h\n'}
[0.820978] (iris_interfaces) StdoutLine: {'line': b'-- Up-to-date: /home/maddy/iris_test_tool/install/iris_interfaces/include/iris_interfaces/iris_interfaces/srv/detail/reset_wheel_encoders__rosidl_typesupport_introspection_c.h\n'}
[0.821140] (iris_interfaces) StdoutLine: {'line': b'-- Up-to-date: /home/maddy/iris_test_tool/install/iris_interfaces/include/iris_interfaces/iris_interfaces/srv/detail/update_motor_controller_parameters__type_support.c\n'}
[0.821244] (iris_interfaces) StdoutLine: {'line': b'-- Up-to-date: /home/maddy/iris_test_tool/install/iris_interfaces/include/iris_interfaces/iris_interfaces/srv/detail/wifi_discovery__rosidl_typesupport_introspection_c.h\n'}
[0.821363] (iris_interfaces) StdoutLine: {'line': b'-- Up-to-date: /home/maddy/iris_test_tool/install/iris_interfaces/include/iris_interfaces/iris_interfaces/srv/detail/restart_motor_controller__rosidl_typesupport_introspection_c.h\n'}
[0.821466] (iris_interfaces) StdoutLine: {'line': b'-- Up-to-date: /home/maddy/iris_test_tool/install/iris_interfaces/include/iris_interfaces/iris_interfaces/srv/detail/state_manager__rosidl_typesupport_introspection_c.h\n'}
[0.821567] (iris_interfaces) StdoutLine: {'line': b'-- Up-to-date: /home/maddy/iris_test_tool/install/iris_interfaces/include/iris_interfaces/iris_interfaces/srv/detail/a2_command__type_support.c\n'}
[0.821676] (iris_interfaces) StdoutLine: {'line': b'-- Up-to-date: /home/maddy/iris_test_tool/install/iris_interfaces/include/iris_interfaces/iris_interfaces/srv/detail/a2_command__rosidl_typesupport_introspection_c.h\n'}
[0.821782] (iris_interfaces) StdoutLine: {'line': b'-- Up-to-date: /home/maddy/iris_test_tool/install/iris_interfaces/include/iris_interfaces/iris_interfaces/srv/detail/reset_a2_faults__type_support.c\n'}
[0.821955] (iris_interfaces) StdoutLine: {'line': b'-- Up-to-date: /home/maddy/iris_test_tool/install/iris_interfaces/include/iris_interfaces/iris_interfaces/action\n'}
[0.822062] (iris_interfaces) StdoutLine: {'line': b'-- Up-to-date: /home/maddy/iris_test_tool/install/iris_interfaces/include/iris_interfaces/iris_interfaces/action/detail\n'}
[0.822164] (iris_interfaces) StdoutLine: {'line': b'-- Up-to-date: /home/maddy/iris_test_tool/install/iris_interfaces/include/iris_interfaces/iris_interfaces/action/detail/navigate_path_coverage__rosidl_typesupport_introspection_c.h\n'}
[0.822266] (iris_interfaces) StdoutLine: {'line': b'-- Up-to-date: /home/maddy/iris_test_tool/install/iris_interfaces/include/iris_interfaces/iris_interfaces/action/detail/navigate_path_coverage__type_support.c\n'}
[0.822368] (iris_interfaces) StdoutLine: {'line': b'-- Up-to-date: /home/maddy/iris_test_tool/install/iris_interfaces/include/iris_interfaces/iris_interfaces/action/detail/compute_path_coverage__rosidl_typesupport_introspection_c.h\n'}
[0.822469] (iris_interfaces) StdoutLine: {'line': b'-- Up-to-date: /home/maddy/iris_test_tool/install/iris_interfaces/include/iris_interfaces/iris_interfaces/action/detail/compute_path_coverage__type_support.c\n'}
[0.822572] (iris_interfaces) StdoutLine: {'line': b'-- Up-to-date: /home/maddy/iris_test_tool/install/iris_interfaces/include/iris_interfaces/iris_interfaces/action/detail/path_coverage_controller__type_support.c\n'}
[0.822683] (iris_interfaces) StdoutLine: {'line': b'-- Up-to-date: /home/maddy/iris_test_tool/install/iris_interfaces/include/iris_interfaces/iris_interfaces/action/detail/path_coverage_controller__rosidl_typesupport_introspection_c.h\n'}
[0.822859] (iris_interfaces) StdoutLine: {'line': b'-- Up-to-date: /home/maddy/iris_test_tool/install/iris_interfaces/include/iris_interfaces/iris_interfaces/msg\n'}
[0.822999] (iris_interfaces) StdoutLine: {'line': b'-- Up-to-date: /home/maddy/iris_test_tool/install/iris_interfaces/include/iris_interfaces/iris_interfaces/msg/detail\n'}
[0.823171] (iris_interfaces) StdoutLine: {'line': b'-- Up-to-date: /home/maddy/iris_test_tool/install/iris_interfaces/include/iris_interfaces/iris_interfaces/msg/detail/navigation_mode__type_support.c\n'}
[0.823290] (iris_interfaces) StdoutLine: {'line': b'-- Up-to-date: /home/maddy/iris_test_tool/install/iris_interfaces/include/iris_interfaces/iris_interfaces/msg/detail/a2_fault_status__rosidl_typesupport_introspection_c.h\n'}
[0.823472] (iris_interfaces) StdoutLine: {'line': b'-- Up-to-date: /home/maddy/iris_test_tool/install/iris_interfaces/include/iris_interfaces/iris_interfaces/msg/detail/vacuum_faults__rosidl_typesupport_introspection_c.h\n'}
[0.823580] (iris_interfaces) StdoutLine: {'line': b'-- Up-to-date: /home/maddy/iris_test_tool/install/iris_interfaces/include/iris_interfaces/iris_interfaces/msg/detail/follow_path_result__type_support.c\n'}
[0.823728] (iris_interfaces) StdoutLine: {'line': b'-- Up-to-date: /home/maddy/iris_test_tool/install/iris_interfaces/include/iris_interfaces/iris_interfaces/msg/detail/vacuum_status__type_support.c\n'}
[0.823896] (iris_interfaces) StdoutLine: {'line': b'-- Up-to-date: /home/maddy/iris_test_tool/install/iris_interfaces/include/iris_interfaces/iris_interfaces/msg/detail/ota_status__type_support.c\n'}
[0.824001] (iris_interfaces) StdoutLine: {'line': b'-- Up-to-date: /home/maddy/iris_test_tool/install/iris_interfaces/include/iris_interfaces/iris_interfaces/msg/detail/brush_status__rosidl_typesupport_introspection_c.h\n'}
[0.824162] (iris_interfaces) StdoutLine: {'line': b'-- Up-to-date: /home/maddy/iris_test_tool/install/iris_interfaces/include/iris_interfaces/iris_interfaces/msg/detail/sensor_status__type_support.c\n'}
[0.824317] (iris_interfaces) StdoutLine: {'line': b'-- Up-to-date: /home/maddy/iris_test_tool/install/iris_interfaces/include/iris_interfaces/iris_interfaces/msg/detail/water_tank_levels__rosidl_typesupport_introspection_c.h\n'}
[0.824465] (iris_interfaces) StdoutLine: {'line': b'-- Up-to-date: /home/maddy/iris_test_tool/install/iris_interfaces/include/iris_interfaces/iris_interfaces/msg/detail/brush_status__type_support.c\n'}
[0.824627] (iris_interfaces) StdoutLine: {'line': b'-- Up-to-date: /home/maddy/iris_test_tool/install/iris_interfaces/include/iris_interfaces/iris_interfaces/msg/detail/system_software_status__type_support.c\n'}
[0.824778] (iris_interfaces) StdoutLine: {'line': b'-- Up-to-date: /home/maddy/iris_test_tool/install/iris_interfaces/include/iris_interfaces/iris_interfaces/msg/detail/vacuum_status__rosidl_typesupport_introspection_c.h\n'}
[0.824887] (iris_interfaces) StdoutLine: {'line': b'-- Up-to-date: /home/maddy/iris_test_tool/install/iris_interfaces/include/iris_interfaces/iris_interfaces/msg/detail/actuator_status__rosidl_typesupport_introspection_c.h\n'}
[0.824989] (iris_interfaces) StdoutLine: {'line': b'-- Up-to-date: /home/maddy/iris_test_tool/install/iris_interfaces/include/iris_interfaces/iris_interfaces/msg/detail/a5_status__type_support.c\n'}
[0.825119] (iris_interfaces) StdoutLine: {'line': b'-- Up-to-date: /home/maddy/iris_test_tool/install/iris_interfaces/include/iris_interfaces/iris_interfaces/msg/detail/wheel_command_speed__rosidl_typesupport_introspection_c.h\n'}
[0.825224] (iris_interfaces) StdoutLine: {'line': b'-- Up-to-date: /home/maddy/iris_test_tool/install/iris_interfaces/include/iris_interfaces/iris_interfaces/msg/detail/actuator_status__type_support.c\n'}
[0.825326] (iris_interfaces) StdoutLine: {'line': b'-- Up-to-date: /home/maddy/iris_test_tool/install/iris_interfaces/include/iris_interfaces/iris_interfaces/msg/detail/wheel_encoders__type_support.c\n'}
[0.825427] (iris_interfaces) StdoutLine: {'line': b'-- Up-to-date: /home/maddy/iris_test_tool/install/iris_interfaces/include/iris_interfaces/iris_interfaces/msg/detail/mender_client_status__rosidl_typesupport_introspection_c.h\n'}
[0.825529] (iris_interfaces) StdoutLine: {'line': b'-- Up-to-date: /home/maddy/iris_test_tool/install/iris_interfaces/include/iris_interfaces/iris_interfaces/msg/detail/follow_path_result__rosidl_typesupport_introspection_c.h\n'}
[0.825630] (iris_interfaces) StdoutLine: {'line': b'-- Up-to-date: /home/maddy/iris_test_tool/install/iris_interfaces/include/iris_interfaces/iris_interfaces/msg/detail/headband_mode__rosidl_typesupport_introspection_c.h\n'}
[0.825731] (iris_interfaces) StdoutLine: {'line': b'-- Up-to-date: /home/maddy/iris_test_tool/install/iris_interfaces/include/iris_interfaces/iris_interfaces/msg/detail/wheel_encoders__rosidl_typesupport_introspection_c.h\n'}
[0.825897] (iris_interfaces) StdoutLine: {'line': b'-- Up-to-date: /home/maddy/iris_test_tool/install/iris_interfaces/include/iris_interfaces/iris_interfaces/msg/detail/vacuum_faults__type_support.c\n'}
[0.826010] (iris_interfaces) StdoutLine: {'line': b'-- Up-to-date: /home/maddy/iris_test_tool/install/iris_interfaces/include/iris_interfaces/iris_interfaces/msg/detail/motor_controller_status__type_support.c\n'}
[0.826115] (iris_interfaces) StdoutLine: {'line': b'-- Up-to-date: /home/maddy/iris_test_tool/install/iris_interfaces/include/iris_interfaces/iris_interfaces/msg/detail/wheel_command_speed__type_support.c\n'}
[0.826217] (iris_interfaces) StdoutLine: {'line': b'-- Up-to-date: /home/maddy/iris_test_tool/install/iris_interfaces/include/iris_interfaces/iris_interfaces/msg/detail/motor_status__rosidl_typesupport_introspection_c.h\n'}
[0.826319] (iris_interfaces) StdoutLine: {'line': b'-- Up-to-date: /home/maddy/iris_test_tool/install/iris_interfaces/include/iris_interfaces/iris_interfaces/msg/detail/brush_faults__rosidl_typesupport_introspection_c.h\n'}
[0.826421] (iris_interfaces) StdoutLine: {'line': b'-- Up-to-date: /home/maddy/iris_test_tool/install/iris_interfaces/include/iris_interfaces/iris_interfaces/msg/detail/motor_status__type_support.c\n'}
[0.826531] (iris_interfaces) StdoutLine: {'line': b'-- Up-to-date: /home/maddy/iris_test_tool/install/iris_interfaces/include/iris_interfaces/iris_interfaces/msg/detail/sensor_status__rosidl_typesupport_introspection_c.h\n'}
[0.826634] (iris_interfaces) StdoutLine: {'line': b'-- Up-to-date: /home/maddy/iris_test_tool/install/iris_interfaces/include/iris_interfaces/iris_interfaces/msg/detail/led_control__rosidl_typesupport_introspection_c.h\n'}
[0.826735] (iris_interfaces) StdoutLine: {'line': b'-- Up-to-date: /home/maddy/iris_test_tool/install/iris_interfaces/include/iris_interfaces/iris_interfaces/msg/detail/a2_fault_status__type_support.c\n'}
[0.827138] (iris_interfaces) StdoutLine: {'line': b'-- Up-to-date: /home/maddy/iris_test_tool/install/iris_interfaces/include/iris_interfaces/iris_interfaces/msg/detail/led_control__type_support.c\n'}
[0.827329] (iris_interfaces) StdoutLine: {'line': b'-- Up-to-date: /home/maddy/iris_test_tool/install/iris_interfaces/include/iris_interfaces/iris_interfaces/msg/detail/mender_client_status__type_support.c\n'}
[0.827518] (iris_interfaces) StdoutLine: {'line': b'-- Up-to-date: /home/maddy/iris_test_tool/install/iris_interfaces/include/iris_interfaces/iris_interfaces/msg/detail/water_tank_levels__type_support.c\n'}
[0.827702] (iris_interfaces) StdoutLine: {'line': b'-- Up-to-date: /home/maddy/iris_test_tool/install/iris_interfaces/include/iris_interfaces/iris_interfaces/msg/detail/brush_faults__type_support.c\n'}
[0.827883] (iris_interfaces) StdoutLine: {'line': b'-- Up-to-date: /home/maddy/iris_test_tool/install/iris_interfaces/include/iris_interfaces/iris_interfaces/msg/detail/ultrasonic_ranges__rosidl_typesupport_introspection_c.h\n'}
[0.828073] (iris_interfaces) StdoutLine: {'line': b'-- Up-to-date: /home/maddy/iris_test_tool/install/iris_interfaces/include/iris_interfaces/iris_interfaces/msg/detail/headband_mode__type_support.c\n'}
[0.828262] (iris_interfaces) StdoutLine: {'line': b'-- Up-to-date: /home/maddy/iris_test_tool/install/iris_interfaces/include/iris_interfaces/iris_interfaces/msg/detail/a2_command__type_support.c\n'}
[0.828527] (iris_interfaces) StdoutLine: {'line': b'-- Up-to-date: /home/maddy/iris_test_tool/install/iris_interfaces/include/iris_interfaces/iris_interfaces/msg/detail/navigation_mode__rosidl_typesupport_introspection_c.h\n'}
[0.828717] (iris_interfaces) StdoutLine: {'line': b'-- Up-to-date: /home/maddy/iris_test_tool/install/iris_interfaces/include/iris_interfaces/iris_interfaces/msg/detail/a2_functional_status__type_support.c\n'}
[0.828917] (iris_interfaces) StdoutLine: {'line': b'-- Up-to-date: /home/maddy/iris_test_tool/install/iris_interfaces/include/iris_interfaces/iris_interfaces/msg/detail/system_software_status__rosidl_typesupport_introspection_c.h\n'}
[0.829082] (iris_interfaces) StdoutLine: {'line': b'-- Up-to-date: /home/maddy/iris_test_tool/install/iris_interfaces/include/iris_interfaces/iris_interfaces/msg/detail/a2_functional_status__rosidl_typesupport_introspection_c.h\n'}
[0.829189] (iris_interfaces) StdoutLine: {'line': b'-- Up-to-date: /home/maddy/iris_test_tool/install/iris_interfaces/include/iris_interfaces/iris_interfaces/msg/detail/a2_command__rosidl_typesupport_introspection_c.h\n'}
[0.829292] (iris_interfaces) StdoutLine: {'line': b'-- Up-to-date: /home/maddy/iris_test_tool/install/iris_interfaces/include/iris_interfaces/iris_interfaces/msg/detail/ota_status__rosidl_typesupport_introspection_c.h\n'}
[0.829411] (iris_interfaces) StdoutLine: {'line': b'-- Up-to-date: /home/maddy/iris_test_tool/install/iris_interfaces/include/iris_interfaces/iris_interfaces/msg/detail/motor_controller_status__rosidl_typesupport_introspection_c.h\n'}
[0.829648] (iris_interfaces) StdoutLine: {'line': b'-- Up-to-date: /home/maddy/iris_test_tool/install/iris_interfaces/include/iris_interfaces/iris_interfaces/msg/detail/ultrasonic_ranges__type_support.c\n'}
[0.830003] (iris_interfaces) StdoutLine: {'line': b'-- Up-to-date: /home/maddy/iris_test_tool/install/iris_interfaces/include/iris_interfaces/iris_interfaces/msg/detail/a5_status__rosidl_typesupport_introspection_c.h\n'}
[0.830227] (iris_interfaces) StdoutLine: {'line': b'-- Up-to-date: /home/maddy/iris_test_tool/install/iris_interfaces/include/iris_interfaces/iris_interfaces/msg/rosidl_typesupport_introspection_c__visibility_control.h\n'}
[0.830416] (iris_interfaces) StdoutLine: {'line': b'-- Up-to-date: /home/maddy/iris_test_tool/install/iris_interfaces/lib/libiris_interfaces__rosidl_typesupport_introspection_c.so\n'}
[0.830592] (iris_interfaces) StdoutLine: {'line': b'-- Up-to-date: /home/maddy/iris_test_tool/install/iris_interfaces/lib/libiris_interfaces__rosidl_typesupport_c.so\n'}
[0.830770] (iris_interfaces) StdoutLine: {'line': b'-- Up-to-date: /home/maddy/iris_test_tool/install/iris_interfaces/include/iris_interfaces/iris_interfaces\n'}
[0.830956] (iris_interfaces) StdoutLine: {'line': b'-- Up-to-date: /home/maddy/iris_test_tool/install/iris_interfaces/include/iris_interfaces/iris_interfaces/srv\n'}
[0.831140] (iris_interfaces) StdoutLine: {'line': b'-- Up-to-date: /home/maddy/iris_test_tool/install/iris_interfaces/include/iris_interfaces/iris_interfaces/srv/reset_wheel_encoders.hpp\n'}
[0.831325] (iris_interfaces) StdoutLine: {'line': b'-- Up-to-date: /home/maddy/iris_test_tool/install/iris_interfaces/include/iris_interfaces/iris_interfaces/srv/update_motor_controller_parameters.hpp\n'}
[0.831515] (iris_interfaces) StdoutLine: {'line': b'-- Up-to-date: /home/maddy/iris_test_tool/install/iris_interfaces/include/iris_interfaces/iris_interfaces/srv/disconnect_wifi.hpp\n'}
[0.831701] (iris_interfaces) StdoutLine: {'line': b'-- Up-to-date: /home/maddy/iris_test_tool/install/iris_interfaces/include/iris_interfaces/iris_interfaces/srv/restart_motor_controller.hpp\n'}
[0.831887] (iris_interfaces) StdoutLine: {'line': b'-- Up-to-date: /home/maddy/iris_test_tool/install/iris_interfaces/include/iris_interfaces/iris_interfaces/srv/reset_a2_faults.hpp\n'}
[0.832072] (iris_interfaces) StdoutLine: {'line': b'-- Up-to-date: /home/maddy/iris_test_tool/install/iris_interfaces/include/iris_interfaces/iris_interfaces/srv/wifi_discovery.hpp\n'}
[0.832257] (iris_interfaces) StdoutLine: {'line': b'-- Up-to-date: /home/maddy/iris_test_tool/install/iris_interfaces/include/iris_interfaces/iris_interfaces/srv/get_wifi_status.hpp\n'}
[0.832480] (iris_interfaces) StdoutLine: {'line': b'-- Up-to-date: /home/maddy/iris_test_tool/install/iris_interfaces/include/iris_interfaces/iris_interfaces/srv/detail\n'}
[0.832665] (iris_interfaces) StdoutLine: {'line': b'-- Up-to-date: /home/maddy/iris_test_tool/install/iris_interfaces/include/iris_interfaces/iris_interfaces/srv/detail/disconnect_wifi__type_support.hpp\n'}
[0.832869] (iris_interfaces) StdoutLine: {'line': b'-- Up-to-date: /home/maddy/iris_test_tool/install/iris_interfaces/include/iris_interfaces/iris_interfaces/srv/detail/process_manager__struct.hpp\n'}
[0.833053] (iris_interfaces) StdoutLine: {'line': b'-- Up-to-date: /home/maddy/iris_test_tool/install/iris_interfaces/include/iris_interfaces/iris_interfaces/srv/detail/restart_motor_controller__struct.hpp\n'}
[0.833162] (iris_interfaces) StdoutLine: {'line': b'-- Up-to-date: /home/maddy/iris_test_tool/install/iris_interfaces/include/iris_interfaces/iris_interfaces/srv/detail/update_motor_controller_parameters__type_support.hpp\n'}
[0.833267] (iris_interfaces) StdoutLine: {'line': b'-- Up-to-date: /home/maddy/iris_test_tool/install/iris_interfaces/include/iris_interfaces/iris_interfaces/srv/detail/reset_wheel_encoders__builder.hpp\n'}
[0.833370] (iris_interfaces) StdoutLine: {'line': b'-- Up-to-date: /home/maddy/iris_test_tool/install/iris_interfaces/include/iris_interfaces/iris_interfaces/srv/detail/connect_wifi__builder.hpp\n'}
[0.833530] (iris_interfaces) StdoutLine: {'line': b'-- Up-to-date: /home/maddy/iris_test_tool/install/iris_interfaces/include/iris_interfaces/iris_interfaces/srv/detail/update_motor_controller_parameters__struct.hpp\n'}
[0.833722] (iris_interfaces) StdoutLine: {'line': b'-- Up-to-date: /home/maddy/iris_test_tool/install/iris_interfaces/include/iris_interfaces/iris_interfaces/srv/detail/process_manager__traits.hpp\n'}
[0.833954] (iris_interfaces) StdoutLine: {'line': b'-- Up-to-date: /home/maddy/iris_test_tool/install/iris_interfaces/include/iris_interfaces/iris_interfaces/srv/detail/restart_motor_controller__traits.hpp\n'}
[0.834116] (iris_interfaces) StdoutLine: {'line': b'-- Up-to-date: /home/maddy/iris_test_tool/install/iris_interfaces/include/iris_interfaces/iris_interfaces/srv/detail/update_motor_controller_parameters__traits.hpp\n'}
[0.834272] (iris_interfaces) StdoutLine: {'line': b'-- Up-to-date: /home/maddy/iris_test_tool/install/iris_interfaces/include/iris_interfaces/iris_interfaces/srv/detail/update_motor_controller_parameters__builder.hpp\n'}
[0.834438] (iris_interfaces) StdoutLine: {'line': b'-- Up-to-date: /home/maddy/iris_test_tool/install/iris_interfaces/include/iris_interfaces/iris_interfaces/srv/detail/reset_a2_faults__type_support.hpp\n'}
[0.834597] (iris_interfaces) StdoutLine: {'line': b'-- Up-to-date: /home/maddy/iris_test_tool/install/iris_interfaces/include/iris_interfaces/iris_interfaces/srv/detail/update_motor_controller_reference_source__builder.hpp\n'}
[0.834753] (iris_interfaces) StdoutLine: {'line': b'-- Up-to-date: /home/maddy/iris_test_tool/install/iris_interfaces/include/iris_interfaces/iris_interfaces/srv/detail/state_manager__struct.hpp\n'}
[0.834937] (iris_interfaces) StdoutLine: {'line': b'-- Up-to-date: /home/maddy/iris_test_tool/install/iris_interfaces/include/iris_interfaces/iris_interfaces/srv/detail/restart_motor_controller__builder.hpp\n'}
[0.835088] (iris_interfaces) StdoutLine: {'line': b'-- Up-to-date: /home/maddy/iris_test_tool/install/iris_interfaces/include/iris_interfaces/iris_interfaces/srv/detail/disconnect_wifi__struct.hpp\n'}
[0.835243] (iris_interfaces) StdoutLine: {'line': b'-- Up-to-date: /home/maddy/iris_test_tool/install/iris_interfaces/include/iris_interfaces/iris_interfaces/srv/detail/connect_wifi__type_support.hpp\n'}
[0.835396] (iris_interfaces) StdoutLine: {'line': b'-- Up-to-date: /home/maddy/iris_test_tool/install/iris_interfaces/include/iris_interfaces/iris_interfaces/srv/detail/update_motor_controller_reference_source__type_support.hpp\n'}
[0.835547] (iris_interfaces) StdoutLine: {'line': b'-- Up-to-date: /home/maddy/iris_test_tool/install/iris_interfaces/include/iris_interfaces/iris_interfaces/srv/detail/get_wifi_status__builder.hpp\n'}
[0.835697] (iris_interfaces) StdoutLine: {'line': b'-- Up-to-date: /home/maddy/iris_test_tool/install/iris_interfaces/include/iris_interfaces/iris_interfaces/srv/detail/state_manager__type_support.hpp\n'}
[0.835850] (iris_interfaces) StdoutLine: {'line': b'-- Up-to-date: /home/maddy/iris_test_tool/install/iris_interfaces/include/iris_interfaces/iris_interfaces/srv/detail/wifi_discovery__traits.hpp\n'}
[0.835999] (iris_interfaces) StdoutLine: {'line': b'-- Up-to-date: /home/maddy/iris_test_tool/install/iris_interfaces/include/iris_interfaces/iris_interfaces/srv/detail/reset_wheel_encoders__struct.hpp\n'}
[0.836154] (iris_interfaces) StdoutLine: {'line': b'-- Up-to-date: /home/maddy/iris_test_tool/install/iris_interfaces/include/iris_interfaces/iris_interfaces/srv/detail/get_wifi_status__struct.hpp\n'}
[0.836304] (iris_interfaces) StdoutLine: {'line': b'-- Up-to-date: /home/maddy/iris_test_tool/install/iris_interfaces/include/iris_interfaces/iris_interfaces/srv/detail/process_manager__type_support.hpp\n'}
[0.836457] (iris_interfaces) StdoutLine: {'line': b'-- Up-to-date: /home/maddy/iris_test_tool/install/iris_interfaces/include/iris_interfaces/iris_interfaces/srv/detail/a2_command__builder.hpp\n'}
[0.836612] (iris_interfaces) StdoutLine: {'line': b'-- Up-to-date: /home/maddy/iris_test_tool/install/iris_interfaces/include/iris_interfaces/iris_interfaces/srv/detail/wifi_discovery__builder.hpp\n'}
[0.836761] (iris_interfaces) StdoutLine: {'line': b'-- Up-to-date: /home/maddy/iris_test_tool/install/iris_interfaces/include/iris_interfaces/iris_interfaces/srv/detail/restart_motor_controller__type_support.hpp\n'}
[0.836915] (iris_interfaces) StdoutLine: {'line': b'-- Up-to-date: /home/maddy/iris_test_tool/install/iris_interfaces/include/iris_interfaces/iris_interfaces/srv/detail/disconnect_wifi__traits.hpp\n'}
[0.837080] (iris_interfaces) StdoutLine: {'line': b'-- Up-to-date: /home/maddy/iris_test_tool/install/iris_interfaces/include/iris_interfaces/iris_interfaces/srv/detail/disconnect_wifi__builder.hpp\n'}
[0.837236] (iris_interfaces) StdoutLine: {'line': b'-- Up-to-date: /home/maddy/iris_test_tool/install/iris_interfaces/include/iris_interfaces/iris_interfaces/srv/detail/connect_wifi__struct.hpp\n'}
[0.837385] (iris_interfaces) StdoutLine: {'line': b'-- Up-to-date: /home/maddy/iris_test_tool/install/iris_interfaces/include/iris_interfaces/iris_interfaces/srv/detail/get_wifi_status__traits.hpp\n'}
[0.837540] (iris_interfaces) StdoutLine: {'line': b'-- Up-to-date: /home/maddy/iris_test_tool/install/iris_interfaces/include/iris_interfaces/iris_interfaces/srv/detail/process_manager__builder.hpp\n'}
[0.837697] (iris_interfaces) StdoutLine: {'line': b'-- Up-to-date: /home/maddy/iris_test_tool/install/iris_interfaces/include/iris_interfaces/iris_interfaces/srv/detail/reset_a2_faults__struct.hpp\n'}
[0.837949] (iris_interfaces) StdoutLine: {'line': b'-- Up-to-date: /home/maddy/iris_test_tool/install/iris_interfaces/include/iris_interfaces/iris_interfaces/srv/detail/reset_wheel_encoders__traits.hpp\n'}
[0.838117] (iris_interfaces) StdoutLine: {'line': b'-- Up-to-date: /home/maddy/iris_test_tool/install/iris_interfaces/include/iris_interfaces/iris_interfaces/srv/detail/update_motor_controller_reference_source__traits.hpp\n'}
[0.838267] (iris_interfaces) StdoutLine: {'line': b'-- Up-to-date: /home/maddy/iris_test_tool/install/iris_interfaces/include/iris_interfaces/iris_interfaces/srv/detail/get_wifi_status__type_support.hpp\n'}
[0.838426] (iris_interfaces) StdoutLine: {'line': b'-- Up-to-date: /home/maddy/iris_test_tool/install/iris_interfaces/include/iris_interfaces/iris_interfaces/srv/detail/reset_wheel_encoders__type_support.hpp\n'}
[0.838583] (iris_interfaces) StdoutLine: {'line': b'-- Up-to-date: /home/maddy/iris_test_tool/install/iris_interfaces/include/iris_interfaces/iris_interfaces/srv/detail/a2_command__type_support.hpp\n'}
[0.838737] (iris_interfaces) StdoutLine: {'line': b'-- Up-to-date: /home/maddy/iris_test_tool/install/iris_interfaces/include/iris_interfaces/iris_interfaces/srv/detail/connect_wifi__traits.hpp\n'}
[0.838886] (iris_interfaces) StdoutLine: {'line': b'-- Up-to-date: /home/maddy/iris_test_tool/install/iris_interfaces/include/iris_interfaces/iris_interfaces/srv/detail/state_manager__traits.hpp\n'}
[0.839086] (iris_interfaces) StdoutLine: {'line': b'-- Up-to-date: /home/maddy/iris_test_tool/install/iris_interfaces/include/iris_interfaces/iris_interfaces/srv/detail/state_manager__builder.hpp\n'}
[0.839239] (iris_interfaces) StdoutLine: {'line': b'-- Up-to-date: /home/maddy/iris_test_tool/install/iris_interfaces/include/iris_interfaces/iris_interfaces/srv/detail/reset_a2_faults__builder.hpp\n'}
[0.839390] (iris_interfaces) StdoutLine: {'line': b'-- Up-to-date: /home/maddy/iris_test_tool/install/iris_interfaces/include/iris_interfaces/iris_interfaces/srv/detail/a2_command__traits.hpp\n'}
[0.839543] (iris_interfaces) StdoutLine: {'line': b'-- Up-to-date: /home/maddy/iris_test_tool/install/iris_interfaces/include/iris_interfaces/iris_interfaces/srv/detail/a2_command__struct.hpp\n'}
[0.839701] (iris_interfaces) StdoutLine: {'line': b'-- Up-to-date: /home/maddy/iris_test_tool/install/iris_interfaces/include/iris_interfaces/iris_interfaces/srv/detail/reset_a2_faults__traits.hpp\n'}
[0.839855] (iris_interfaces) StdoutLine: {'line': b'-- Up-to-date: /home/maddy/iris_test_tool/install/iris_interfaces/include/iris_interfaces/iris_interfaces/srv/detail/wifi_discovery__type_support.hpp\n'}
[0.840004] (iris_interfaces) StdoutLine: {'line': b'-- Up-to-date: /home/maddy/iris_test_tool/install/iris_interfaces/include/iris_interfaces/iris_interfaces/srv/detail/update_motor_controller_reference_source__struct.hpp\n'}
[0.840158] (iris_interfaces) StdoutLine: {'line': b'-- Up-to-date: /home/maddy/iris_test_tool/install/iris_interfaces/include/iris_interfaces/iris_interfaces/srv/detail/wifi_discovery__struct.hpp\n'}
[0.840316] (iris_interfaces) StdoutLine: {'line': b'-- Up-to-date: /home/maddy/iris_test_tool/install/iris_interfaces/include/iris_interfaces/iris_interfaces/srv/process_manager.hpp\n'}
[0.840471] (iris_interfaces) StdoutLine: {'line': b'-- Up-to-date: /home/maddy/iris_test_tool/install/iris_interfaces/include/iris_interfaces/iris_interfaces/srv/state_manager.hpp\n'}
[0.840620] (iris_interfaces) StdoutLine: {'line': b'-- Up-to-date: /home/maddy/iris_test_tool/install/iris_interfaces/include/iris_interfaces/iris_interfaces/srv/connect_wifi.hpp\n'}
[0.840774] (iris_interfaces) StdoutLine: {'line': b'-- Up-to-date: /home/maddy/iris_test_tool/install/iris_interfaces/include/iris_interfaces/iris_interfaces/srv/a2_command.hpp\n'}
[0.840925] (iris_interfaces) StdoutLine: {'line': b'-- Up-to-date: /home/maddy/iris_test_tool/install/iris_interfaces/include/iris_interfaces/iris_interfaces/srv/update_motor_controller_reference_source.hpp\n'}
[0.841073] (iris_interfaces) StdoutLine: {'line': b'-- Up-to-date: /home/maddy/iris_test_tool/install/iris_interfaces/include/iris_interfaces/iris_interfaces/action\n'}
[0.841225] (iris_interfaces) StdoutLine: {'line': b'-- Up-to-date: /home/maddy/iris_test_tool/install/iris_interfaces/include/iris_interfaces/iris_interfaces/action/path_coverage_controller.hpp\n'}
[0.841374] (iris_interfaces) StdoutLine: {'line': b'-- Up-to-date: /home/maddy/iris_test_tool/install/iris_interfaces/include/iris_interfaces/iris_interfaces/action/compute_path_coverage.hpp\n'}
[0.841525] (iris_interfaces) StdoutLine: {'line': b'-- Up-to-date: /home/maddy/iris_test_tool/install/iris_interfaces/include/iris_interfaces/iris_interfaces/action/navigate_path_coverage.hpp\n'}
[0.841675] (iris_interfaces) StdoutLine: {'line': b'-- Up-to-date: /home/maddy/iris_test_tool/install/iris_interfaces/include/iris_interfaces/iris_interfaces/action/detail\n'}
[0.841860] (iris_interfaces) StdoutLine: {'line': b'-- Up-to-date: /home/maddy/iris_test_tool/install/iris_interfaces/include/iris_interfaces/iris_interfaces/action/detail/path_coverage_controller__struct.hpp\n'}
[0.842035] (iris_interfaces) StdoutLine: {'line': b'-- Up-to-date: /home/maddy/iris_test_tool/install/iris_interfaces/include/iris_interfaces/iris_interfaces/action/detail/compute_path_coverage__type_support.hpp\n'}
[0.842193] (iris_interfaces) StdoutLine: {'line': b'-- Up-to-date: /home/maddy/iris_test_tool/install/iris_interfaces/include/iris_interfaces/iris_interfaces/action/detail/navigate_path_coverage__builder.hpp\n'}
[0.842362] (iris_interfaces) StdoutLine: {'line': b'-- Up-to-date: /home/maddy/iris_test_tool/install/iris_interfaces/include/iris_interfaces/iris_interfaces/action/detail/compute_path_coverage__traits.hpp\n'}
[0.842524] (iris_interfaces) StdoutLine: {'line': b'-- Up-to-date: /home/maddy/iris_test_tool/install/iris_interfaces/include/iris_interfaces/iris_interfaces/action/detail/path_coverage_controller__traits.hpp\n'}
[0.842682] (iris_interfaces) StdoutLine: {'line': b'-- Up-to-date: /home/maddy/iris_test_tool/install/iris_interfaces/include/iris_interfaces/iris_interfaces/action/detail/navigate_path_coverage__struct.hpp\n'}
[0.842833] (iris_interfaces) StdoutLine: {'line': b'-- Up-to-date: /home/maddy/iris_test_tool/install/iris_interfaces/include/iris_interfaces/iris_interfaces/action/detail/path_coverage_controller__type_support.hpp\n'}
[0.842985] (iris_interfaces) StdoutLine: {'line': b'-- Up-to-date: /home/maddy/iris_test_tool/install/iris_interfaces/include/iris_interfaces/iris_interfaces/action/detail/navigate_path_coverage__type_support.hpp\n'}
[0.843167] (iris_interfaces) StdoutLine: {'line': b'-- Up-to-date: /home/maddy/iris_test_tool/install/iris_interfaces/include/iris_interfaces/iris_interfaces/action/detail/navigate_path_coverage__traits.hpp\n'}
[0.843320] (iris_interfaces) StdoutLine: {'line': b'-- Up-to-date: /home/maddy/iris_test_tool/install/iris_interfaces/include/iris_interfaces/iris_interfaces/action/detail/compute_path_coverage__builder.hpp\n'}
[0.843484] (iris_interfaces) StdoutLine: {'line': b'-- Up-to-date: /home/maddy/iris_test_tool/install/iris_interfaces/include/iris_interfaces/iris_interfaces/action/detail/path_coverage_controller__builder.hpp\n'}
[0.843639] (iris_interfaces) StdoutLine: {'line': b'-- Up-to-date: /home/maddy/iris_test_tool/install/iris_interfaces/include/iris_interfaces/iris_interfaces/action/detail/compute_path_coverage__struct.hpp\n'}
[0.843791] (iris_interfaces) StdoutLine: {'line': b'-- Up-to-date: /home/maddy/iris_test_tool/install/iris_interfaces/include/iris_interfaces/iris_interfaces/msg\n'}
[0.843940] (iris_interfaces) StdoutLine: {'line': b'-- Up-to-date: /home/maddy/iris_test_tool/install/iris_interfaces/include/iris_interfaces/iris_interfaces/msg/motor_controller_status.hpp\n'}
[0.844094] (iris_interfaces) StdoutLine: {'line': b'-- Up-to-date: /home/maddy/iris_test_tool/install/iris_interfaces/include/iris_interfaces/iris_interfaces/msg/wheel_command_speed.hpp\n'}
[0.844252] (iris_interfaces) StdoutLine: {'line': b'-- Up-to-date: /home/maddy/iris_test_tool/install/iris_interfaces/include/iris_interfaces/iris_interfaces/msg/follow_path_result.hpp\n'}
[0.844407] (iris_interfaces) StdoutLine: {'line': b'-- Up-to-date: /home/maddy/iris_test_tool/install/iris_interfaces/include/iris_interfaces/iris_interfaces/msg/vacuum_status.hpp\n'}
[0.844569] (iris_interfaces) StdoutLine: {'line': b'-- Up-to-date: /home/maddy/iris_test_tool/install/iris_interfaces/include/iris_interfaces/iris_interfaces/msg/actuator_status.hpp\n'}
[0.844796] (iris_interfaces) StdoutLine: {'line': b'-- Up-to-date: /home/maddy/iris_test_tool/install/iris_interfaces/include/iris_interfaces/iris_interfaces/msg/ota_status.hpp\n'}
[0.844964] (iris_interfaces) StdoutLine: {'line': b'-- Up-to-date: /home/maddy/iris_test_tool/install/iris_interfaces/include/iris_interfaces/iris_interfaces/msg/brush_status.hpp\n'}
[0.845127] (iris_interfaces) StdoutLine: {'line': b'-- Up-to-date: /home/maddy/iris_test_tool/install/iris_interfaces/include/iris_interfaces/iris_interfaces/msg/vacuum_faults.hpp\n'}
[0.845287] (iris_interfaces) StdoutLine: {'line': b'-- Up-to-date: /home/maddy/iris_test_tool/install/iris_interfaces/include/iris_interfaces/iris_interfaces/msg/ultrasonic_ranges.hpp\n'}
[0.845454] (iris_interfaces) StdoutLine: {'line': b'-- Up-to-date: /home/maddy/iris_test_tool/install/iris_interfaces/include/iris_interfaces/iris_interfaces/msg/detail\n'}
[0.845620] (iris_interfaces) StdoutLine: {'line': b'-- Up-to-date: /home/maddy/iris_test_tool/install/iris_interfaces/include/iris_interfaces/iris_interfaces/msg/detail/mender_client_status__type_support.hpp\n'}
[0.845780] (iris_interfaces) StdoutLine: {'line': b'-- Up-to-date: /home/maddy/iris_test_tool/install/iris_interfaces/include/iris_interfaces/iris_interfaces/msg/detail/sensor_status__builder.hpp\n'}
[0.846135] (iris_interfaces) StdoutLine: {'line': b'-- Up-to-date: /home/maddy/iris_test_tool/install/iris_interfaces/include/iris_interfaces/iris_interfaces/msg/detail/a2_fault_status__struct.hpp\n'}
[0.846317] (iris_interfaces) StdoutLine: {'line': b'-- Up-to-date: /home/maddy/iris_test_tool/install/iris_interfaces/include/iris_interfaces/iris_interfaces/msg/detail/a5_status__builder.hpp\n'}
[0.846537] (iris_interfaces) StdoutLine: {'line': b'-- Up-to-date: /home/maddy/iris_test_tool/install/iris_interfaces/include/iris_interfaces/iris_interfaces/msg/detail/brush_faults__struct.hpp\n'}
[0.846674] (iris_interfaces) StdoutLine: {'line': b'-- Up-to-date: /home/maddy/iris_test_tool/install/iris_interfaces/include/iris_interfaces/iris_interfaces/msg/detail/navigation_mode__builder.hpp\n'}
[0.846891] (iris_interfaces) StdoutLine: {'line': b'-- Up-to-date: /home/maddy/iris_test_tool/install/iris_interfaces/include/iris_interfaces/iris_interfaces/msg/detail/a2_functional_status__traits.hpp\n'}
[0.847036] (iris_interfaces) StdoutLine: {'line': b'-- Up-to-date: /home/maddy/iris_test_tool/install/iris_interfaces/include/iris_interfaces/iris_interfaces/msg/detail/vacuum_status__struct.hpp\n'}
[0.847240] (iris_interfaces) StdoutLine: {'line': b'-- Up-to-date: /home/maddy/iris_test_tool/install/iris_interfaces/include/iris_interfaces/iris_interfaces/msg/detail/ultrasonic_ranges__struct.hpp\n'}
[0.847434] (iris_interfaces) StdoutLine: {'line': b'-- Up-to-date: /home/maddy/iris_test_tool/install/iris_interfaces/include/iris_interfaces/iris_interfaces/msg/detail/follow_path_result__builder.hpp\n'}
[0.847640] (iris_interfaces) StdoutLine: {'line': b'-- Up-to-date: /home/maddy/iris_test_tool/install/iris_interfaces/include/iris_interfaces/iris_interfaces/msg/detail/vacuum_status__traits.hpp\n'}
[0.847798] (iris_interfaces) StdoutLine: {'line': b'-- Up-to-date: /home/maddy/iris_test_tool/install/iris_interfaces/include/iris_interfaces/iris_interfaces/msg/detail/a2_functional_status__type_support.hpp\n'}
[0.848000] (iris_interfaces) StdoutLine: {'line': b'-- Up-to-date: /home/maddy/iris_test_tool/install/iris_interfaces/include/iris_interfaces/iris_interfaces/msg/detail/navigation_mode__struct.hpp\n'}
[0.848159] (iris_interfaces) StdoutLine: {'line': b'-- Up-to-date: /home/maddy/iris_test_tool/install/iris_interfaces/include/iris_interfaces/iris_interfaces/msg/detail/motor_controller_status__struct.hpp\n'}
[0.848350] (iris_interfaces) StdoutLine: {'line': b'-- Up-to-date: /home/maddy/iris_test_tool/install/iris_interfaces/include/iris_interfaces/iris_interfaces/msg/detail/ota_status__type_support.hpp\n'}
[0.848526] (iris_interfaces) StdoutLine: {'line': b'-- Up-to-date: /home/maddy/iris_test_tool/install/iris_interfaces/include/iris_interfaces/iris_interfaces/msg/detail/system_software_status__traits.hpp\n'}
[0.848632] (iris_interfaces) StdoutLine: {'line': b'-- Up-to-date: /home/maddy/iris_test_tool/install/iris_interfaces/include/iris_interfaces/iris_interfaces/msg/detail/ota_status__struct.hpp\n'}
[0.848735] (iris_interfaces) StdoutLine: {'line': b'-- Up-to-date: /home/maddy/iris_test_tool/install/iris_interfaces/include/iris_interfaces/iris_interfaces/msg/detail/ultrasonic_ranges__builder.hpp\n'}
[0.849006] (iris_interfaces) StdoutLine: {'line': b'-- Up-to-date: /home/maddy/iris_test_tool/install/iris_interfaces/include/iris_interfaces/iris_interfaces/msg/detail/headband_mode__builder.hpp\n'}
[0.849204] (iris_interfaces) StdoutLine: {'line': b'-- Up-to-date: /home/maddy/iris_test_tool/install/iris_interfaces/include/iris_interfaces/iris_interfaces/msg/detail/brush_status__struct.hpp\n'}
[0.849431] (iris_interfaces) StdoutLine: {'line': b'-- Up-to-date: /home/maddy/iris_test_tool/install/iris_interfaces/include/iris_interfaces/iris_interfaces/msg/detail/ultrasonic_ranges__type_support.hpp\n'}
[0.849624] (iris_interfaces) StdoutLine: {'line': b'-- Up-to-date: /home/maddy/iris_test_tool/install/iris_interfaces/include/iris_interfaces/iris_interfaces/msg/detail/system_software_status__type_support.hpp\n'}
[0.849736] (iris_interfaces) StdoutLine: {'line': b'-- Up-to-date: /home/maddy/iris_test_tool/install/iris_interfaces/include/iris_interfaces/iris_interfaces/msg/detail/follow_path_result__struct.hpp\n'}
[0.849930] (iris_interfaces) StdoutLine: {'line': b'-- Up-to-date: /home/maddy/iris_test_tool/install/iris_interfaces/include/iris_interfaces/iris_interfaces/msg/detail/wheel_command_speed__type_support.hpp\n'}
[0.850049] (iris_interfaces) StdoutLine: {'line': b'-- Up-to-date: /home/maddy/iris_test_tool/install/iris_interfaces/include/iris_interfaces/iris_interfaces/msg/detail/wheel_command_speed__struct.hpp\n'}
[0.850229] (iris_interfaces) StdoutLine: {'line': b'-- Up-to-date: /home/maddy/iris_test_tool/install/iris_interfaces/include/iris_interfaces/iris_interfaces/msg/detail/navigation_mode__traits.hpp\n'}
[0.850373] (iris_interfaces) StdoutLine: {'line': b'-- Up-to-date: /home/maddy/iris_test_tool/install/iris_interfaces/include/iris_interfaces/iris_interfaces/msg/detail/mender_client_status__builder.hpp\n'}
[0.850482] (iris_interfaces) StdoutLine: {'line': b'-- Up-to-date: /home/maddy/iris_test_tool/install/iris_interfaces/include/iris_interfaces/iris_interfaces/msg/detail/water_tank_levels__traits.hpp\n'}
[0.850597] (iris_interfaces) StdoutLine: {'line': b'-- Up-to-date: /home/maddy/iris_test_tool/install/iris_interfaces/include/iris_interfaces/iris_interfaces/msg/detail/actuator_status__builder.hpp\n'}
[0.850705] (iris_interfaces) StdoutLine: {'line': b'-- Up-to-date: /home/maddy/iris_test_tool/install/iris_interfaces/include/iris_interfaces/iris_interfaces/msg/detail/system_software_status__struct.hpp\n'}
[0.850905] (iris_interfaces) StdoutLine: {'line': b'-- Up-to-date: /home/maddy/iris_test_tool/install/iris_interfaces/include/iris_interfaces/iris_interfaces/msg/detail/wheel_command_speed__builder.hpp\n'}
[0.851019] (iris_interfaces) StdoutLine: {'line': b'-- Up-to-date: /home/maddy/iris_test_tool/install/iris_interfaces/include/iris_interfaces/iris_interfaces/msg/detail/led_control__traits.hpp\n'}
[0.851122] (iris_interfaces) StdoutLine: {'line': b'-- Up-to-date: /home/maddy/iris_test_tool/install/iris_interfaces/include/iris_interfaces/iris_interfaces/msg/detail/wheel_encoders__builder.hpp\n'}
[0.851225] (iris_interfaces) StdoutLine: {'line': b'-- Up-to-date: /home/maddy/iris_test_tool/install/iris_interfaces/include/iris_interfaces/iris_interfaces/msg/detail/mender_client_status__struct.hpp\n'}
[0.851452] (iris_interfaces) StdoutLine: {'line': b'-- Up-to-date: /home/maddy/iris_test_tool/install/iris_interfaces/include/iris_interfaces/iris_interfaces/msg/detail/sensor_status__struct.hpp\n'}
[0.851557] (iris_interfaces) StdoutLine: {'line': b'-- Up-to-date: /home/maddy/iris_test_tool/install/iris_interfaces/include/iris_interfaces/iris_interfaces/msg/detail/a2_fault_status__builder.hpp\n'}
[0.851660] (iris_interfaces) StdoutLine: {'line': b'-- Up-to-date: /home/maddy/iris_test_tool/install/iris_interfaces/include/iris_interfaces/iris_interfaces/msg/detail/vacuum_faults__struct.hpp\n'}
[0.851777] (iris_interfaces) StdoutLine: {'line': b'-- Up-to-date: /home/maddy/iris_test_tool/install/iris_interfaces/include/iris_interfaces/iris_interfaces/msg/detail/ultrasonic_ranges__traits.hpp\n'}
[0.851881] (iris_interfaces) StdoutLine: {'line': b'-- Up-to-date: /home/maddy/iris_test_tool/install/iris_interfaces/include/iris_interfaces/iris_interfaces/msg/detail/headband_mode__traits.hpp\n'}
[0.852016] (iris_interfaces) StdoutLine: {'line': b'-- Up-to-date: /home/maddy/iris_test_tool/install/iris_interfaces/include/iris_interfaces/iris_interfaces/msg/detail/brush_faults__builder.hpp\n'}
[0.852150] (iris_interfaces) StdoutLine: {'line': b'-- Up-to-date: /home/maddy/iris_test_tool/install/iris_interfaces/include/iris_interfaces/iris_interfaces/msg/detail/a5_status__type_support.hpp\n'}
[0.852255] (iris_interfaces) StdoutLine: {'line': b'-- Up-to-date: /home/maddy/iris_test_tool/install/iris_interfaces/include/iris_interfaces/iris_interfaces/msg/detail/vacuum_faults__traits.hpp\n'}
[0.852402] (iris_interfaces) StdoutLine: {'line': b'-- Up-to-date: /home/maddy/iris_test_tool/install/iris_interfaces/include/iris_interfaces/iris_interfaces/msg/detail/a2_command__builder.hpp\n'}
[0.852518] (iris_interfaces) StdoutLine: {'line': b'-- Up-to-date: /home/maddy/iris_test_tool/install/iris_interfaces/include/iris_interfaces/iris_interfaces/msg/detail/headband_mode__struct.hpp\n'}
[0.852622] (iris_interfaces) StdoutLine: {'line': b'-- Up-to-date: /home/maddy/iris_test_tool/install/iris_interfaces/include/iris_interfaces/iris_interfaces/msg/detail/water_tank_levels__struct.hpp\n'}
[0.852725] (iris_interfaces) StdoutLine: {'line': b'-- Up-to-date: /home/maddy/iris_test_tool/install/iris_interfaces/include/iris_interfaces/iris_interfaces/msg/detail/led_control__builder.hpp\n'}
[0.852827] (iris_interfaces) StdoutLine: {'line': b'-- Up-to-date: /home/maddy/iris_test_tool/install/iris_interfaces/include/iris_interfaces/iris_interfaces/msg/detail/follow_path_result__traits.hpp\n'}
[0.852928] (iris_interfaces) StdoutLine: {'line': b'-- Up-to-date: /home/maddy/iris_test_tool/install/iris_interfaces/include/iris_interfaces/iris_interfaces/msg/detail/motor_controller_status__traits.hpp\n'}
[0.853029] (iris_interfaces) StdoutLine: {'line': b'-- Up-to-date: /home/maddy/iris_test_tool/install/iris_interfaces/include/iris_interfaces/iris_interfaces/msg/detail/brush_status__type_support.hpp\n'}
[0.853140] (iris_interfaces) StdoutLine: {'line': b'-- Up-to-date: /home/maddy/iris_test_tool/install/iris_interfaces/include/iris_interfaces/iris_interfaces/msg/detail/actuator_status__struct.hpp\n'}
[0.853241] (iris_interfaces) StdoutLine: {'line': b'-- Up-to-date: /home/maddy/iris_test_tool/install/iris_interfaces/include/iris_interfaces/iris_interfaces/msg/detail/actuator_status__traits.hpp\n'}
[0.853343] (iris_interfaces) StdoutLine: {'line': b'-- Up-to-date: /home/maddy/iris_test_tool/install/iris_interfaces/include/iris_interfaces/iris_interfaces/msg/detail/brush_faults__type_support.hpp\n'}
[0.853444] (iris_interfaces) StdoutLine: {'line': b'-- Up-to-date: /home/maddy/iris_test_tool/install/iris_interfaces/include/iris_interfaces/iris_interfaces/msg/detail/a2_functional_status__builder.hpp\n'}
[0.853545] (iris_interfaces) StdoutLine: {'line': b'-- Up-to-date: /home/maddy/iris_test_tool/install/iris_interfaces/include/iris_interfaces/iris_interfaces/msg/detail/a5_status__traits.hpp\n'}
[0.853646] (iris_interfaces) StdoutLine: {'line': b'-- Up-to-date: /home/maddy/iris_test_tool/install/iris_interfaces/include/iris_interfaces/iris_interfaces/msg/detail/vacuum_faults__type_support.hpp\n'}
[0.853748] (iris_interfaces) StdoutLine: {'line': b'-- Up-to-date: /home/maddy/iris_test_tool/install/iris_interfaces/include/iris_interfaces/iris_interfaces/msg/detail/motor_controller_status__type_support.hpp\n'}
[0.853997] (iris_interfaces) StdoutLine: {'line': b'-- Up-to-date: /home/maddy/iris_test_tool/install/iris_interfaces/include/iris_interfaces/iris_interfaces/msg/detail/vacuum_status__builder.hpp\n'}
[0.854194] (iris_interfaces) StdoutLine: {'line': b'-- Up-to-date: /home/maddy/iris_test_tool/install/iris_interfaces/include/iris_interfaces/iris_interfaces/msg/detail/mender_client_status__traits.hpp\n'}
[0.854371] (iris_interfaces) StdoutLine: {'line': b'-- Up-to-date: /home/maddy/iris_test_tool/install/iris_interfaces/include/iris_interfaces/iris_interfaces/msg/detail/a2_fault_status__type_support.hpp\n'}
[0.854556] (iris_interfaces) StdoutLine: {'line': b'-- Up-to-date: /home/maddy/iris_test_tool/install/iris_interfaces/include/iris_interfaces/iris_interfaces/msg/detail/system_software_status__builder.hpp\n'}
[0.854737] (iris_interfaces) StdoutLine: {'line': b'-- Up-to-date: /home/maddy/iris_test_tool/install/iris_interfaces/include/iris_interfaces/iris_interfaces/msg/detail/wheel_encoders__struct.hpp\n'}
[0.854929] (iris_interfaces) StdoutLine: {'line': b'-- Up-to-date: /home/maddy/iris_test_tool/install/iris_interfaces/include/iris_interfaces/iris_interfaces/msg/detail/water_tank_levels__builder.hpp\n'}
[0.855115] (iris_interfaces) StdoutLine: {'line': b'-- Up-to-date: /home/maddy/iris_test_tool/install/iris_interfaces/include/iris_interfaces/iris_interfaces/msg/detail/motor_status__builder.hpp\n'}
[0.855299] (iris_interfaces) StdoutLine: {'line': b'-- Up-to-date: /home/maddy/iris_test_tool/install/iris_interfaces/include/iris_interfaces/iris_interfaces/msg/detail/sensor_status__traits.hpp\n'}
[0.855486] (iris_interfaces) StdoutLine: {'line': b'-- Up-to-date: /home/maddy/iris_test_tool/install/iris_interfaces/include/iris_interfaces/iris_interfaces/msg/detail/sensor_status__type_support.hpp\n'}
[0.855689] (iris_interfaces) StdoutLine: {'line': b'-- Up-to-date: /home/maddy/iris_test_tool/install/iris_interfaces/include/iris_interfaces/iris_interfaces/msg/detail/brush_status__traits.hpp\n'}
[0.855874] (iris_interfaces) StdoutLine: {'line': b'-- Up-to-date: /home/maddy/iris_test_tool/install/iris_interfaces/include/iris_interfaces/iris_interfaces/msg/detail/a2_fault_status__traits.hpp\n'}
[0.856059] (iris_interfaces) StdoutLine: {'line': b'-- Up-to-date: /home/maddy/iris_test_tool/install/iris_interfaces/include/iris_interfaces/iris_interfaces/msg/detail/wheel_encoders__type_support.hpp\n'}
[0.856243] (iris_interfaces) StdoutLine: {'line': b'-- Up-to-date: /home/maddy/iris_test_tool/install/iris_interfaces/include/iris_interfaces/iris_interfaces/msg/detail/brush_status__builder.hpp\n'}
[0.856429] (iris_interfaces) StdoutLine: {'line': b'-- Up-to-date: /home/maddy/iris_test_tool/install/iris_interfaces/include/iris_interfaces/iris_interfaces/msg/detail/vacuum_faults__builder.hpp\n'}
[0.856607] (iris_interfaces) StdoutLine: {'line': b'-- Up-to-date: /home/maddy/iris_test_tool/install/iris_interfaces/include/iris_interfaces/iris_interfaces/msg/detail/ota_status__traits.hpp\n'}
[0.856792] (iris_interfaces) StdoutLine: {'line': b'-- Up-to-date: /home/maddy/iris_test_tool/install/iris_interfaces/include/iris_interfaces/iris_interfaces/msg/detail/motor_status__traits.hpp\n'}
[0.857159] (iris_interfaces) StdoutLine: {'line': b'-- Up-to-date: /home/maddy/iris_test_tool/install/iris_interfaces/include/iris_interfaces/iris_interfaces/msg/detail/led_control__type_support.hpp\n'}
[0.857349] (iris_interfaces) StdoutLine: {'line': b'-- Up-to-date: /home/maddy/iris_test_tool/install/iris_interfaces/include/iris_interfaces/iris_interfaces/msg/detail/a2_command__type_support.hpp\n'}
[0.857536] (iris_interfaces) StdoutLine: {'line': b'-- Up-to-date: /home/maddy/iris_test_tool/install/iris_interfaces/include/iris_interfaces/iris_interfaces/msg/detail/a5_status__struct.hpp\n'}
[0.857716] (iris_interfaces) StdoutLine: {'line': b'-- Up-to-date: /home/maddy/iris_test_tool/install/iris_interfaces/include/iris_interfaces/iris_interfaces/msg/detail/led_control__struct.hpp\n'}
[0.857955] (iris_interfaces) StdoutLine: {'line': b'-- Up-to-date: /home/maddy/iris_test_tool/install/iris_interfaces/include/iris_interfaces/iris_interfaces/msg/detail/ota_status__builder.hpp\n'}
[0.858149] (iris_interfaces) StdoutLine: {'line': b'-- Up-to-date: /home/maddy/iris_test_tool/install/iris_interfaces/include/iris_interfaces/iris_interfaces/msg/detail/motor_status__struct.hpp\n'}
[0.858333] (iris_interfaces) StdoutLine: {'line': b'-- Up-to-date: /home/maddy/iris_test_tool/install/iris_interfaces/include/iris_interfaces/iris_interfaces/msg/detail/actuator_status__type_support.hpp\n'}
[0.858520] (iris_interfaces) StdoutLine: {'line': b'-- Up-to-date: /home/maddy/iris_test_tool/install/iris_interfaces/include/iris_interfaces/iris_interfaces/msg/detail/wheel_encoders__traits.hpp\n'}
[0.858708] (iris_interfaces) StdoutLine: {'line': b'-- Up-to-date: /home/maddy/iris_test_tool/install/iris_interfaces/include/iris_interfaces/iris_interfaces/msg/detail/a2_functional_status__struct.hpp\n'}
[0.858895] (iris_interfaces) StdoutLine: {'line': b'-- Up-to-date: /home/maddy/iris_test_tool/install/iris_interfaces/include/iris_interfaces/iris_interfaces/msg/detail/vacuum_status__type_support.hpp\n'}
[0.859081] (iris_interfaces) StdoutLine: {'line': b'-- Up-to-date: /home/maddy/iris_test_tool/install/iris_interfaces/include/iris_interfaces/iris_interfaces/msg/detail/a2_command__traits.hpp\n'}
[0.859264] (iris_interfaces) StdoutLine: {'line': b'-- Up-to-date: /home/maddy/iris_test_tool/install/iris_interfaces/include/iris_interfaces/iris_interfaces/msg/detail/motor_status__type_support.hpp\n'}
[0.859452] (iris_interfaces) StdoutLine: {'line': b'-- Up-to-date: /home/maddy/iris_test_tool/install/iris_interfaces/include/iris_interfaces/iris_interfaces/msg/detail/follow_path_result__type_support.hpp\n'}
[0.859644] (iris_interfaces) StdoutLine: {'line': b'-- Up-to-date: /home/maddy/iris_test_tool/install/iris_interfaces/include/iris_interfaces/iris_interfaces/msg/detail/wheel_command_speed__traits.hpp\n'}
[0.859837] (iris_interfaces) StdoutLine: {'line': b'-- Up-to-date: /home/maddy/iris_test_tool/install/iris_interfaces/include/iris_interfaces/iris_interfaces/msg/detail/water_tank_levels__type_support.hpp\n'}
[0.860024] (iris_interfaces) StdoutLine: {'line': b'-- Up-to-date: /home/maddy/iris_test_tool/install/iris_interfaces/include/iris_interfaces/iris_interfaces/msg/detail/motor_controller_status__builder.hpp\n'}
[0.860213] (iris_interfaces) StdoutLine: {'line': b'-- Up-to-date: /home/maddy/iris_test_tool/install/iris_interfaces/include/iris_interfaces/iris_interfaces/msg/detail/headband_mode__type_support.hpp\n'}
[0.860396] (iris_interfaces) StdoutLine: {'line': b'-- Up-to-date: /home/maddy/iris_test_tool/install/iris_interfaces/include/iris_interfaces/iris_interfaces/msg/detail/a2_command__struct.hpp\n'}
[0.860573] (iris_interfaces) StdoutLine: {'line': b'-- Up-to-date: /home/maddy/iris_test_tool/install/iris_interfaces/include/iris_interfaces/iris_interfaces/msg/detail/navigation_mode__type_support.hpp\n'}
[0.860759] (iris_interfaces) StdoutLine: {'line': b'-- Up-to-date: /home/maddy/iris_test_tool/install/iris_interfaces/include/iris_interfaces/iris_interfaces/msg/detail/brush_faults__traits.hpp\n'}
[0.860946] (iris_interfaces) StdoutLine: {'line': b'-- Up-to-date: /home/maddy/iris_test_tool/install/iris_interfaces/include/iris_interfaces/iris_interfaces/msg/system_software_status.hpp\n'}
[0.861153] (iris_interfaces) StdoutLine: {'line': b'-- Up-to-date: /home/maddy/iris_test_tool/install/iris_interfaces/include/iris_interfaces/iris_interfaces/msg/a5_status.hpp\n'}
[0.861333] (iris_interfaces) StdoutLine: {'line': b'-- Up-to-date: /home/maddy/iris_test_tool/install/iris_interfaces/include/iris_interfaces/iris_interfaces/msg/rosidl_generator_cpp__visibility_control.hpp\n'}
[0.861512] (iris_interfaces) StdoutLine: {'line': b'-- Up-to-date: /home/maddy/iris_test_tool/install/iris_interfaces/include/iris_interfaces/iris_interfaces/msg/brush_faults.hpp\n'}
[0.861728] (iris_interfaces) StdoutLine: {'line': b'-- Up-to-date: /home/maddy/iris_test_tool/install/iris_interfaces/include/iris_interfaces/iris_interfaces/msg/navigation_mode.hpp\n'}
[0.861952] (iris_interfaces) StdoutLine: {'line': b'-- Up-to-date: /home/maddy/iris_test_tool/install/iris_interfaces/include/iris_interfaces/iris_interfaces/msg/a2_command.hpp\n'}
[0.862172] (iris_interfaces) StdoutLine: {'line': b'-- Up-to-date: /home/maddy/iris_test_tool/install/iris_interfaces/include/iris_interfaces/iris_interfaces/msg/mender_client_status.hpp\n'}
[0.862357] (iris_interfaces) StdoutLine: {'line': b'-- Up-to-date: /home/maddy/iris_test_tool/install/iris_interfaces/include/iris_interfaces/iris_interfaces/msg/motor_status.hpp\n'}
[0.862537] (iris_interfaces) StdoutLine: {'line': b'-- Up-to-date: /home/maddy/iris_test_tool/install/iris_interfaces/include/iris_interfaces/iris_interfaces/msg/led_control.hpp\n'}
[0.862716] (iris_interfaces) StdoutLine: {'line': b'-- Up-to-date: /home/maddy/iris_test_tool/install/iris_interfaces/include/iris_interfaces/iris_interfaces/msg/water_tank_levels.hpp\n'}
[0.862899] (iris_interfaces) StdoutLine: {'line': b'-- Up-to-date: /home/maddy/iris_test_tool/install/iris_interfaces/include/iris_interfaces/iris_interfaces/msg/a2_fault_status.hpp\n'}
[0.863080] (iris_interfaces) StdoutLine: {'line': b'-- Up-to-date: /home/maddy/iris_test_tool/install/iris_interfaces/include/iris_interfaces/iris_interfaces/msg/wheel_encoders.hpp\n'}
[0.863261] (iris_interfaces) StdoutLine: {'line': b'-- Up-to-date: /home/maddy/iris_test_tool/install/iris_interfaces/include/iris_interfaces/iris_interfaces/msg/headband_mode.hpp\n'}
[0.863440] (iris_interfaces) StdoutLine: {'line': b'-- Up-to-date: /home/maddy/iris_test_tool/install/iris_interfaces/include/iris_interfaces/iris_interfaces/msg/a2_functional_status.hpp\n'}
[0.863620] (iris_interfaces) StdoutLine: {'line': b'-- Up-to-date: /home/maddy/iris_test_tool/install/iris_interfaces/include/iris_interfaces/iris_interfaces/msg/sensor_status.hpp\n'}
[0.863802] (iris_interfaces) StdoutLine: {'line': b'-- Up-to-date: /home/maddy/iris_test_tool/install/iris_interfaces/include/iris_interfaces/iris_interfaces\n'}
[0.863983] (iris_interfaces) StdoutLine: {'line': b'-- Up-to-date: /home/maddy/iris_test_tool/install/iris_interfaces/include/iris_interfaces/iris_interfaces/srv\n'}
[0.864168] (iris_interfaces) StdoutLine: {'line': b'-- Up-to-date: /home/maddy/iris_test_tool/install/iris_interfaces/include/iris_interfaces/iris_interfaces/srv/detail\n'}
[0.864346] (iris_interfaces) StdoutLine: {'line': b'-- Up-to-date: /home/maddy/iris_test_tool/install/iris_interfaces/include/iris_interfaces/iris_interfaces/srv/detail/dds_fastrtps\n'}
[0.864530] (iris_interfaces) StdoutLine: {'line': b'-- Up-to-date: /home/maddy/iris_test_tool/install/iris_interfaces/include/iris_interfaces/iris_interfaces/srv/detail/update_motor_controller_parameters__rosidl_typesupport_fastrtps_cpp.hpp\n'}
[0.864769] (iris_interfaces) StdoutLine: {'line': b'-- Up-to-date: /home/maddy/iris_test_tool/install/iris_interfaces/include/iris_interfaces/iris_interfaces/srv/detail/reset_a2_faults__rosidl_typesupport_fastrtps_cpp.hpp\n'}
[0.864941] (iris_interfaces) StdoutLine: {'line': b'-- Up-to-date: /home/maddy/iris_test_tool/install/iris_interfaces/include/iris_interfaces/iris_interfaces/srv/detail/state_manager__rosidl_typesupport_fastrtps_cpp.hpp\n'}
[0.865099] (iris_interfaces) StdoutLine: {'line': b'-- Up-to-date: /home/maddy/iris_test_tool/install/iris_interfaces/include/iris_interfaces/iris_interfaces/srv/detail/reset_wheel_encoders__rosidl_typesupport_fastrtps_cpp.hpp\n'}
[0.865254] (iris_interfaces) StdoutLine: {'line': b'-- Up-to-date: /home/maddy/iris_test_tool/install/iris_interfaces/include/iris_interfaces/iris_interfaces/srv/detail/connect_wifi__rosidl_typesupport_fastrtps_cpp.hpp\n'}
[0.865407] (iris_interfaces) StdoutLine: {'line': b'-- Up-to-date: /home/maddy/iris_test_tool/install/iris_interfaces/include/iris_interfaces/iris_interfaces/srv/detail/update_motor_controller_reference_source__rosidl_typesupport_fastrtps_cpp.hpp\n'}
[0.865559] (iris_interfaces) StdoutLine: {'line': b'-- Up-to-date: /home/maddy/iris_test_tool/install/iris_interfaces/include/iris_interfaces/iris_interfaces/srv/detail/get_wifi_status__rosidl_typesupport_fastrtps_cpp.hpp\n'}
[0.865713] (iris_interfaces) StdoutLine: {'line': b'-- Up-to-date: /home/maddy/iris_test_tool/install/iris_interfaces/include/iris_interfaces/iris_interfaces/srv/detail/process_manager__rosidl_typesupport_fastrtps_cpp.hpp\n'}
[0.865943] (iris_interfaces) StdoutLine: {'line': b'-- Up-to-date: /home/maddy/iris_test_tool/install/iris_interfaces/include/iris_interfaces/iris_interfaces/srv/detail/disconnect_wifi__rosidl_typesupport_fastrtps_cpp.hpp\n'}
[0.866112] (iris_interfaces) StdoutLine: {'line': b'-- Up-to-date: /home/maddy/iris_test_tool/install/iris_interfaces/include/iris_interfaces/iris_interfaces/srv/detail/a2_command__rosidl_typesupport_fastrtps_cpp.hpp\n'}
[0.866287] (iris_interfaces) StdoutLine: {'line': b'-- Up-to-date: /home/maddy/iris_test_tool/install/iris_interfaces/include/iris_interfaces/iris_interfaces/srv/detail/restart_motor_controller__rosidl_typesupport_fastrtps_cpp.hpp\n'}
[0.866463] (iris_interfaces) StdoutLine: {'line': b'-- Up-to-date: /home/maddy/iris_test_tool/install/iris_interfaces/include/iris_interfaces/iris_interfaces/srv/detail/wifi_discovery__rosidl_typesupport_fastrtps_cpp.hpp\n'}
[0.866631] (iris_interfaces) StdoutLine: {'line': b'-- Up-to-date: /home/maddy/iris_test_tool/install/iris_interfaces/include/iris_interfaces/iris_interfaces/action\n'}
[0.866787] (iris_interfaces) StdoutLine: {'line': b'-- Up-to-date: /home/maddy/iris_test_tool/install/iris_interfaces/include/iris_interfaces/iris_interfaces/action/detail\n'}
[0.866940] (iris_interfaces) StdoutLine: {'line': b'-- Up-to-date: /home/maddy/iris_test_tool/install/iris_interfaces/include/iris_interfaces/iris_interfaces/action/detail/compute_path_coverage__rosidl_typesupport_fastrtps_cpp.hpp\n'}
[0.867093] (iris_interfaces) StdoutLine: {'line': b'-- Up-to-date: /home/maddy/iris_test_tool/install/iris_interfaces/include/iris_interfaces/iris_interfaces/action/detail/dds_fastrtps\n'}
[0.867247] (iris_interfaces) StdoutLine: {'line': b'-- Up-to-date: /home/maddy/iris_test_tool/install/iris_interfaces/include/iris_interfaces/iris_interfaces/action/detail/navigate_path_coverage__rosidl_typesupport_fastrtps_cpp.hpp\n'}
[0.867399] (iris_interfaces) StdoutLine: {'line': b'-- Up-to-date: /home/maddy/iris_test_tool/install/iris_interfaces/include/iris_interfaces/iris_interfaces/action/detail/path_coverage_controller__rosidl_typesupport_fastrtps_cpp.hpp\n'}
[0.867560] (iris_interfaces) StdoutLine: {'line': b'-- Up-to-date: /home/maddy/iris_test_tool/install/iris_interfaces/include/iris_interfaces/iris_interfaces/msg\n'}
[0.867712] (iris_interfaces) StdoutLine: {'line': b'-- Up-to-date: /home/maddy/iris_test_tool/install/iris_interfaces/include/iris_interfaces/iris_interfaces/msg/rosidl_typesupport_fastrtps_cpp__visibility_control.h\n'}
[0.867866] (iris_interfaces) StdoutLine: {'line': b'-- Up-to-date: /home/maddy/iris_test_tool/install/iris_interfaces/include/iris_interfaces/iris_interfaces/msg/detail\n'}
[0.868020] (iris_interfaces) StdoutLine: {'line': b'-- Up-to-date: /home/maddy/iris_test_tool/install/iris_interfaces/include/iris_interfaces/iris_interfaces/msg/detail/follow_path_result__rosidl_typesupport_fastrtps_cpp.hpp\n'}
[0.868175] (iris_interfaces) StdoutLine: {'line': b'-- Up-to-date: /home/maddy/iris_test_tool/install/iris_interfaces/include/iris_interfaces/iris_interfaces/msg/detail/dds_fastrtps\n'}
[0.868329] (iris_interfaces) StdoutLine: {'line': b'-- Up-to-date: /home/maddy/iris_test_tool/install/iris_interfaces/include/iris_interfaces/iris_interfaces/msg/detail/system_software_status__rosidl_typesupport_fastrtps_cpp.hpp\n'}
[0.868482] (iris_interfaces) StdoutLine: {'line': b'-- Up-to-date: /home/maddy/iris_test_tool/install/iris_interfaces/include/iris_interfaces/iris_interfaces/msg/detail/navigation_mode__rosidl_typesupport_fastrtps_cpp.hpp\n'}
[0.868644] (iris_interfaces) StdoutLine: {'line': b'-- Up-to-date: /home/maddy/iris_test_tool/install/iris_interfaces/include/iris_interfaces/iris_interfaces/msg/detail/vacuum_faults__rosidl_typesupport_fastrtps_cpp.hpp\n'}
[0.868797] (iris_interfaces) StdoutLine: {'line': b'-- Up-to-date: /home/maddy/iris_test_tool/install/iris_interfaces/include/iris_interfaces/iris_interfaces/msg/detail/sensor_status__rosidl_typesupport_fastrtps_cpp.hpp\n'}
[0.868949] (iris_interfaces) StdoutLine: {'line': b'-- Up-to-date: /home/maddy/iris_test_tool/install/iris_interfaces/include/iris_interfaces/iris_interfaces/msg/detail/vacuum_status__rosidl_typesupport_fastrtps_cpp.hpp\n'}
[0.869101] (iris_interfaces) StdoutLine: {'line': b'-- Up-to-date: /home/maddy/iris_test_tool/install/iris_interfaces/include/iris_interfaces/iris_interfaces/msg/detail/a2_fault_status__rosidl_typesupport_fastrtps_cpp.hpp\n'}
[0.869251] (iris_interfaces) StdoutLine: {'line': b'-- Up-to-date: /home/maddy/iris_test_tool/install/iris_interfaces/include/iris_interfaces/iris_interfaces/msg/detail/motor_status__rosidl_typesupport_fastrtps_cpp.hpp\n'}
[0.869405] (iris_interfaces) StdoutLine: {'line': b'-- Up-to-date: /home/maddy/iris_test_tool/install/iris_interfaces/include/iris_interfaces/iris_interfaces/msg/detail/ultrasonic_ranges__rosidl_typesupport_fastrtps_cpp.hpp\n'}
[0.869559] (iris_interfaces) StdoutLine: {'line': b'-- Up-to-date: /home/maddy/iris_test_tool/install/iris_interfaces/include/iris_interfaces/iris_interfaces/msg/detail/mender_client_status__rosidl_typesupport_fastrtps_cpp.hpp\n'}
[0.869712] (iris_interfaces) StdoutLine: {'line': b'-- Up-to-date: /home/maddy/iris_test_tool/install/iris_interfaces/include/iris_interfaces/iris_interfaces/msg/detail/ota_status__rosidl_typesupport_fastrtps_cpp.hpp\n'}
[0.869908] (iris_interfaces) StdoutLine: {'line': b'-- Up-to-date: /home/maddy/iris_test_tool/install/iris_interfaces/include/iris_interfaces/iris_interfaces/msg/detail/brush_faults__rosidl_typesupport_fastrtps_cpp.hpp\n'}
[0.870068] (iris_interfaces) StdoutLine: {'line': b'-- Up-to-date: /home/maddy/iris_test_tool/install/iris_interfaces/include/iris_interfaces/iris_interfaces/msg/detail/headband_mode__rosidl_typesupport_fastrtps_cpp.hpp\n'}
[0.870224] (iris_interfaces) StdoutLine: {'line': b'-- Up-to-date: /home/maddy/iris_test_tool/install/iris_interfaces/include/iris_interfaces/iris_interfaces/msg/detail/wheel_encoders__rosidl_typesupport_fastrtps_cpp.hpp\n'}
[0.870390] (iris_interfaces) StdoutLine: {'line': b'-- Up-to-date: /home/maddy/iris_test_tool/install/iris_interfaces/include/iris_interfaces/iris_interfaces/msg/detail/motor_controller_status__rosidl_typesupport_fastrtps_cpp.hpp\n'}
[0.870558] (iris_interfaces) StdoutLine: {'line': b'-- Up-to-date: /home/maddy/iris_test_tool/install/iris_interfaces/include/iris_interfaces/iris_interfaces/msg/detail/actuator_status__rosidl_typesupport_fastrtps_cpp.hpp\n'}
[0.870740] (iris_interfaces) StdoutLine: {'line': b'-- Up-to-date: /home/maddy/iris_test_tool/install/iris_interfaces/include/iris_interfaces/iris_interfaces/msg/detail/brush_status__rosidl_typesupport_fastrtps_cpp.hpp\n'}
[0.870893] (iris_interfaces) StdoutLine: {'line': b'-- Up-to-date: /home/maddy/iris_test_tool/install/iris_interfaces/include/iris_interfaces/iris_interfaces/msg/detail/wheel_command_speed__rosidl_typesupport_fastrtps_cpp.hpp\n'}
[0.871045] (iris_interfaces) StdoutLine: {'line': b'-- Up-to-date: /home/maddy/iris_test_tool/install/iris_interfaces/include/iris_interfaces/iris_interfaces/msg/detail/a2_command__rosidl_typesupport_fastrtps_cpp.hpp\n'}
[0.871199] (iris_interfaces) StdoutLine: {'line': b'-- Up-to-date: /home/maddy/iris_test_tool/install/iris_interfaces/include/iris_interfaces/iris_interfaces/msg/detail/led_control__rosidl_typesupport_fastrtps_cpp.hpp\n'}
[0.871349] (iris_interfaces) StdoutLine: {'line': b'-- Up-to-date: /home/maddy/iris_test_tool/install/iris_interfaces/include/iris_interfaces/iris_interfaces/msg/detail/a5_status__rosidl_typesupport_fastrtps_cpp.hpp\n'}
[0.871500] (iris_interfaces) StdoutLine: {'line': b'-- Up-to-date: /home/maddy/iris_test_tool/install/iris_interfaces/include/iris_interfaces/iris_interfaces/msg/detail/water_tank_levels__rosidl_typesupport_fastrtps_cpp.hpp\n'}
[0.871655] (iris_interfaces) StdoutLine: {'line': b'-- Up-to-date: /home/maddy/iris_test_tool/install/iris_interfaces/include/iris_interfaces/iris_interfaces/msg/detail/a2_functional_status__rosidl_typesupport_fastrtps_cpp.hpp\n'}
[0.871806] (iris_interfaces) StdoutLine: {'line': b'-- Up-to-date: /home/maddy/iris_test_tool/install/iris_interfaces/lib/libiris_interfaces__rosidl_typesupport_fastrtps_cpp.so\n'}
[0.871960] (iris_interfaces) StdoutLine: {'line': b'-- Up-to-date: /home/maddy/iris_test_tool/install/iris_interfaces/include/iris_interfaces/iris_interfaces\n'}
[0.872113] (iris_interfaces) StdoutLine: {'line': b'-- Up-to-date: /home/maddy/iris_test_tool/install/iris_interfaces/include/iris_interfaces/iris_interfaces/srv\n'}
[0.872266] (iris_interfaces) StdoutLine: {'line': b'-- Up-to-date: /home/maddy/iris_test_tool/install/iris_interfaces/include/iris_interfaces/iris_interfaces/srv/detail\n'}
[0.872425] (iris_interfaces) StdoutLine: {'line': b'-- Up-to-date: /home/maddy/iris_test_tool/install/iris_interfaces/include/iris_interfaces/iris_interfaces/srv/detail/restart_motor_controller__type_support.cpp\n'}
[0.872582] (iris_interfaces) StdoutLine: {'line': b'-- Up-to-date: /home/maddy/iris_test_tool/install/iris_interfaces/include/iris_interfaces/iris_interfaces/srv/detail/update_motor_controller_reference_source__rosidl_typesupport_introspection_cpp.hpp\n'}
[0.872734] (iris_interfaces) StdoutLine: {'line': b'-- Up-to-date: /home/maddy/iris_test_tool/install/iris_interfaces/include/iris_interfaces/iris_interfaces/srv/detail/reset_wheel_encoders__type_support.cpp\n'}
[0.872887] (iris_interfaces) StdoutLine: {'line': b'-- Up-to-date: /home/maddy/iris_test_tool/install/iris_interfaces/include/iris_interfaces/iris_interfaces/srv/detail/update_motor_controller_reference_source__type_support.cpp\n'}
[0.873038] (iris_interfaces) StdoutLine: {'line': b'-- Up-to-date: /home/maddy/iris_test_tool/install/iris_interfaces/include/iris_interfaces/iris_interfaces/srv/detail/process_manager__rosidl_typesupport_introspection_cpp.hpp\n'}
[0.873189] (iris_interfaces) StdoutLine: {'line': b'-- Up-to-date: /home/maddy/iris_test_tool/install/iris_interfaces/include/iris_interfaces/iris_interfaces/srv/detail/update_motor_controller_parameters__type_support.cpp\n'}
[0.873342] (iris_interfaces) StdoutLine: {'line': b'-- Up-to-date: /home/maddy/iris_test_tool/install/iris_interfaces/include/iris_interfaces/iris_interfaces/srv/detail/reset_a2_faults__type_support.cpp\n'}
[0.873506] (iris_interfaces) StdoutLine: {'line': b'-- Up-to-date: /home/maddy/iris_test_tool/install/iris_interfaces/include/iris_interfaces/iris_interfaces/srv/detail/update_motor_controller_parameters__rosidl_typesupport_introspection_cpp.hpp\n'}
[0.873660] (iris_interfaces) StdoutLine: {'line': b'-- Up-to-date: /home/maddy/iris_test_tool/install/iris_interfaces/include/iris_interfaces/iris_interfaces/srv/detail/state_manager__rosidl_typesupport_introspection_cpp.hpp\n'}
[0.873834] (iris_interfaces) StdoutLine: {'line': b'-- Up-to-date: /home/maddy/iris_test_tool/install/iris_interfaces/include/iris_interfaces/iris_interfaces/srv/detail/wifi_discovery__type_support.cpp\n'}
[0.874013] (iris_interfaces) StdoutLine: {'line': b'-- Up-to-date: /home/maddy/iris_test_tool/install/iris_interfaces/include/iris_interfaces/iris_interfaces/srv/detail/process_manager__type_support.cpp\n'}
[0.874166] (iris_interfaces) StdoutLine: {'line': b'-- Up-to-date: /home/maddy/iris_test_tool/install/iris_interfaces/include/iris_interfaces/iris_interfaces/srv/detail/connect_wifi__type_support.cpp\n'}
[0.874315] (iris_interfaces) StdoutLine: {'line': b'-- Up-to-date: /home/maddy/iris_test_tool/install/iris_interfaces/include/iris_interfaces/iris_interfaces/srv/detail/state_manager__type_support.cpp\n'}
[0.874492] (iris_interfaces) StdoutLine: {'line': b'-- Up-to-date: /home/maddy/iris_test_tool/install/iris_interfaces/include/iris_interfaces/iris_interfaces/srv/detail/disconnect_wifi__rosidl_typesupport_introspection_cpp.hpp\n'}
[0.874653] (iris_interfaces) StdoutLine: {'line': b'-- Up-to-date: /home/maddy/iris_test_tool/install/iris_interfaces/include/iris_interfaces/iris_interfaces/srv/detail/wifi_discovery__rosidl_typesupport_introspection_cpp.hpp\n'}
[0.874852] (iris_interfaces) StdoutLine: {'line': b'-- Up-to-date: /home/maddy/iris_test_tool/install/iris_interfaces/include/iris_interfaces/iris_interfaces/srv/detail/connect_wifi__rosidl_typesupport_introspection_cpp.hpp\n'}
[0.875005] (iris_interfaces) StdoutLine: {'line': b'-- Up-to-date: /home/maddy/iris_test_tool/install/iris_interfaces/include/iris_interfaces/iris_interfaces/srv/detail/get_wifi_status__type_support.cpp\n'}
[0.875156] (iris_interfaces) StdoutLine: {'line': b'-- Up-to-date: /home/maddy/iris_test_tool/install/iris_interfaces/include/iris_interfaces/iris_interfaces/srv/detail/reset_wheel_encoders__rosidl_typesupport_introspection_cpp.hpp\n'}
[0.875310] (iris_interfaces) StdoutLine: {'line': b'-- Up-to-date: /home/maddy/iris_test_tool/install/iris_interfaces/include/iris_interfaces/iris_interfaces/srv/detail/get_wifi_status__rosidl_typesupport_introspection_cpp.hpp\n'}
[0.875460] (iris_interfaces) StdoutLine: {'line': b'-- Up-to-date: /home/maddy/iris_test_tool/install/iris_interfaces/include/iris_interfaces/iris_interfaces/srv/detail/a2_command__rosidl_typesupport_introspection_cpp.hpp\n'}
[0.875612] (iris_interfaces) StdoutLine: {'line': b'-- Up-to-date: /home/maddy/iris_test_tool/install/iris_interfaces/include/iris_interfaces/iris_interfaces/srv/detail/disconnect_wifi__type_support.cpp\n'}
[0.875765] (iris_interfaces) StdoutLine: {'line': b'-- Up-to-date: /home/maddy/iris_test_tool/install/iris_interfaces/include/iris_interfaces/iris_interfaces/srv/detail/reset_a2_faults__rosidl_typesupport_introspection_cpp.hpp\n'}
[0.875915] (iris_interfaces) StdoutLine: {'line': b'-- Up-to-date: /home/maddy/iris_test_tool/install/iris_interfaces/include/iris_interfaces/iris_interfaces/srv/detail/restart_motor_controller__rosidl_typesupport_introspection_cpp.hpp\n'}
[0.876070] (iris_interfaces) StdoutLine: {'line': b'-- Up-to-date: /home/maddy/iris_test_tool/install/iris_interfaces/include/iris_interfaces/iris_interfaces/srv/detail/a2_command__type_support.cpp\n'}
[0.876230] (iris_interfaces) StdoutLine: {'line': b'-- Up-to-date: /home/maddy/iris_test_tool/install/iris_interfaces/include/iris_interfaces/iris_interfaces/action\n'}
[0.876381] (iris_interfaces) StdoutLine: {'line': b'-- Up-to-date: /home/maddy/iris_test_tool/install/iris_interfaces/include/iris_interfaces/iris_interfaces/action/detail\n'}
[0.876538] (iris_interfaces) StdoutLine: {'line': b'-- Up-to-date: /home/maddy/iris_test_tool/install/iris_interfaces/include/iris_interfaces/iris_interfaces/action/detail/path_coverage_controller__type_support.cpp\n'}
[0.876705] (iris_interfaces) StdoutLine: {'line': b'-- Up-to-date: /home/maddy/iris_test_tool/install/iris_interfaces/include/iris_interfaces/iris_interfaces/action/detail/compute_path_coverage__type_support.cpp\n'}
[0.876861] (iris_interfaces) StdoutLine: {'line': b'-- Up-to-date: /home/maddy/iris_test_tool/install/iris_interfaces/include/iris_interfaces/iris_interfaces/action/detail/compute_path_coverage__rosidl_typesupport_introspection_cpp.hpp\n'}
[0.877016] (iris_interfaces) StdoutLine: {'line': b'-- Up-to-date: /home/maddy/iris_test_tool/install/iris_interfaces/include/iris_interfaces/iris_interfaces/action/detail/path_coverage_controller__rosidl_typesupport_introspection_cpp.hpp\n'}
[0.877170] (iris_interfaces) StdoutLine: {'line': b'-- Up-to-date: /home/maddy/iris_test_tool/install/iris_interfaces/include/iris_interfaces/iris_interfaces/action/detail/navigate_path_coverage__type_support.cpp\n'}
[0.877318] (iris_interfaces) StdoutLine: {'line': b'-- Up-to-date: /home/maddy/iris_test_tool/install/iris_interfaces/include/iris_interfaces/iris_interfaces/action/detail/navigate_path_coverage__rosidl_typesupport_introspection_cpp.hpp\n'}
[0.877472] (iris_interfaces) StdoutLine: {'line': b'-- Up-to-date: /home/maddy/iris_test_tool/install/iris_interfaces/include/iris_interfaces/iris_interfaces/msg\n'}
[0.877626] (iris_interfaces) StdoutLine: {'line': b'-- Up-to-date: /home/maddy/iris_test_tool/install/iris_interfaces/include/iris_interfaces/iris_interfaces/msg/detail\n'}
[0.877773] (iris_interfaces) StdoutLine: {'line': b'-- Up-to-date: /home/maddy/iris_test_tool/install/iris_interfaces/include/iris_interfaces/iris_interfaces/msg/detail/ultrasonic_ranges__rosidl_typesupport_introspection_cpp.hpp\n'}
[0.877968] (iris_interfaces) StdoutLine: {'line': b'-- Up-to-date: /home/maddy/iris_test_tool/install/iris_interfaces/include/iris_interfaces/iris_interfaces/msg/detail/motor_controller_status__rosidl_typesupport_introspection_cpp.hpp\n'}
[0.878119] (iris_interfaces) StdoutLine: {'line': b'-- Up-to-date: /home/maddy/iris_test_tool/install/iris_interfaces/include/iris_interfaces/iris_interfaces/msg/detail/actuator_status__type_support.cpp\n'}
[0.878274] (iris_interfaces) StdoutLine: {'line': b'-- Up-to-date: /home/maddy/iris_test_tool/install/iris_interfaces/include/iris_interfaces/iris_interfaces/msg/detail/navigation_mode__type_support.cpp\n'}
[0.878461] (iris_interfaces) StdoutLine: {'line': b'-- Up-to-date: /home/maddy/iris_test_tool/install/iris_interfaces/include/iris_interfaces/iris_interfaces/msg/detail/a2_fault_status__rosidl_typesupport_introspection_cpp.hpp\n'}
[0.878617] (iris_interfaces) StdoutLine: {'line': b'-- Up-to-date: /home/maddy/iris_test_tool/install/iris_interfaces/include/iris_interfaces/iris_interfaces/msg/detail/vacuum_faults__type_support.cpp\n'}
[0.878769] (iris_interfaces) StdoutLine: {'line': b'-- Up-to-date: /home/maddy/iris_test_tool/install/iris_interfaces/include/iris_interfaces/iris_interfaces/msg/detail/navigation_mode__rosidl_typesupport_introspection_cpp.hpp\n'}
[0.878944] (iris_interfaces) StdoutLine: {'line': b'-- Up-to-date: /home/maddy/iris_test_tool/install/iris_interfaces/include/iris_interfaces/iris_interfaces/msg/detail/headband_mode__type_support.cpp\n'}
[0.879101] (iris_interfaces) StdoutLine: {'line': b'-- Up-to-date: /home/maddy/iris_test_tool/install/iris_interfaces/include/iris_interfaces/iris_interfaces/msg/detail/wheel_command_speed__type_support.cpp\n'}
[0.879258] (iris_interfaces) StdoutLine: {'line': b'-- Up-to-date: /home/maddy/iris_test_tool/install/iris_interfaces/include/iris_interfaces/iris_interfaces/msg/detail/motor_status__rosidl_typesupport_introspection_cpp.hpp\n'}
[0.879410] (iris_interfaces) StdoutLine: {'line': b'-- Up-to-date: /home/maddy/iris_test_tool/install/iris_interfaces/include/iris_interfaces/iris_interfaces/msg/detail/sensor_status__type_support.cpp\n'}
[0.879568] (iris_interfaces) StdoutLine: {'line': b'-- Up-to-date: /home/maddy/iris_test_tool/install/iris_interfaces/include/iris_interfaces/iris_interfaces/msg/detail/motor_controller_status__type_support.cpp\n'}
[0.879720] (iris_interfaces) StdoutLine: {'line': b'-- Up-to-date: /home/maddy/iris_test_tool/install/iris_interfaces/include/iris_interfaces/iris_interfaces/msg/detail/vacuum_status__type_support.cpp\n'}
[0.879872] (iris_interfaces) StdoutLine: {'line': b'-- Up-to-date: /home/maddy/iris_test_tool/install/iris_interfaces/include/iris_interfaces/iris_interfaces/msg/detail/follow_path_result__type_support.cpp\n'}
[0.880037] (iris_interfaces) StdoutLine: {'line': b'-- Up-to-date: /home/maddy/iris_test_tool/install/iris_interfaces/include/iris_interfaces/iris_interfaces/msg/detail/headband_mode__rosidl_typesupport_introspection_cpp.hpp\n'}
[0.880185] (iris_interfaces) StdoutLine: {'line': b'-- Up-to-date: /home/maddy/iris_test_tool/install/iris_interfaces/include/iris_interfaces/iris_interfaces/msg/detail/wheel_encoders__rosidl_typesupport_introspection_cpp.hpp\n'}
[0.880375] (iris_interfaces) StdoutLine: {'line': b'-- Up-to-date: /home/maddy/iris_test_tool/install/iris_interfaces/include/iris_interfaces/iris_interfaces/msg/detail/water_tank_levels__rosidl_typesupport_introspection_cpp.hpp\n'}
[0.880662] (iris_interfaces) StdoutLine: {'line': b'-- Up-to-date: /home/maddy/iris_test_tool/install/iris_interfaces/include/iris_interfaces/iris_interfaces/msg/detail/motor_status__type_support.cpp\n'}
[0.880834] (iris_interfaces) StdoutLine: {'line': b'-- Up-to-date: /home/maddy/iris_test_tool/install/iris_interfaces/include/iris_interfaces/iris_interfaces/msg/detail/a5_status__rosidl_typesupport_introspection_cpp.hpp\n'}
[0.881001] (iris_interfaces) StdoutLine: {'line': b'-- Up-to-date: /home/maddy/iris_test_tool/install/iris_interfaces/include/iris_interfaces/iris_interfaces/msg/detail/wheel_command_speed__rosidl_typesupport_introspection_cpp.hpp\n'}
[0.881169] (iris_interfaces) StdoutLine: {'line': b'-- Up-to-date: /home/maddy/iris_test_tool/install/iris_interfaces/include/iris_interfaces/iris_interfaces/msg/detail/a2_fault_status__type_support.cpp\n'}
[0.881332] (iris_interfaces) StdoutLine: {'line': b'-- Up-to-date: /home/maddy/iris_test_tool/install/iris_interfaces/include/iris_interfaces/iris_interfaces/msg/detail/vacuum_status__rosidl_typesupport_introspection_cpp.hpp\n'}
[0.881500] (iris_interfaces) StdoutLine: {'line': b'-- Up-to-date: /home/maddy/iris_test_tool/install/iris_interfaces/include/iris_interfaces/iris_interfaces/msg/detail/ota_status__rosidl_typesupport_introspection_cpp.hpp\n'}
[0.881662] (iris_interfaces) StdoutLine: {'line': b'-- Up-to-date: /home/maddy/iris_test_tool/install/iris_interfaces/include/iris_interfaces/iris_interfaces/msg/detail/brush_faults__type_support.cpp\n'}
[0.881869] (iris_interfaces) StdoutLine: {'line': b'-- Up-to-date: /home/maddy/iris_test_tool/install/iris_interfaces/include/iris_interfaces/iris_interfaces/msg/detail/mender_client_status__type_support.cpp\n'}
[0.882060] (iris_interfaces) StdoutLine: {'line': b'-- Up-to-date: /home/maddy/iris_test_tool/install/iris_interfaces/include/iris_interfaces/iris_interfaces/msg/detail/ota_status__type_support.cpp\n'}
[0.882230] (iris_interfaces) StdoutLine: {'line': b'-- Up-to-date: /home/maddy/iris_test_tool/install/iris_interfaces/include/iris_interfaces/iris_interfaces/msg/detail/a5_status__type_support.cpp\n'}
[0.882407] (iris_interfaces) StdoutLine: {'line': b'-- Up-to-date: /home/maddy/iris_test_tool/install/iris_interfaces/include/iris_interfaces/iris_interfaces/msg/detail/a2_command__rosidl_typesupport_introspection_cpp.hpp\n'}
[0.882579] (iris_interfaces) StdoutLine: {'line': b'-- Up-to-date: /home/maddy/iris_test_tool/install/iris_interfaces/include/iris_interfaces/iris_interfaces/msg/detail/a2_functional_status__rosidl_typesupport_introspection_cpp.hpp\n'}
[0.882769] (iris_interfaces) StdoutLine: {'line': b'-- Up-to-date: /home/maddy/iris_test_tool/install/iris_interfaces/include/iris_interfaces/iris_interfaces/msg/detail/ultrasonic_ranges__type_support.cpp\n'}
[0.882962] (iris_interfaces) StdoutLine: {'line': b'-- Up-to-date: /home/maddy/iris_test_tool/install/iris_interfaces/include/iris_interfaces/iris_interfaces/msg/detail/wheel_encoders__type_support.cpp\n'}
[0.883146] (iris_interfaces) StdoutLine: {'line': b'-- Up-to-date: /home/maddy/iris_test_tool/install/iris_interfaces/include/iris_interfaces/iris_interfaces/msg/detail/sensor_status__rosidl_typesupport_introspection_cpp.hpp\n'}
[0.883307] (iris_interfaces) StdoutLine: {'line': b'-- Up-to-date: /home/maddy/iris_test_tool/install/iris_interfaces/include/iris_interfaces/iris_interfaces/msg/detail/vacuum_faults__rosidl_typesupport_introspection_cpp.hpp\n'}
[0.883460] (iris_interfaces) StdoutLine: {'line': b'-- Up-to-date: /home/maddy/iris_test_tool/install/iris_interfaces/include/iris_interfaces/iris_interfaces/msg/detail/led_control__type_support.cpp\n'}
[0.883612] (iris_interfaces) StdoutLine: {'line': b'-- Up-to-date: /home/maddy/iris_test_tool/install/iris_interfaces/include/iris_interfaces/iris_interfaces/msg/detail/a2_functional_status__type_support.cpp\n'}
[0.883768] (iris_interfaces) StdoutLine: {'line': b'-- Up-to-date: /home/maddy/iris_test_tool/install/iris_interfaces/include/iris_interfaces/iris_interfaces/msg/detail/brush_status__rosidl_typesupport_introspection_cpp.hpp\n'}
[0.883930] (iris_interfaces) StdoutLine: {'line': b'-- Up-to-date: /home/maddy/iris_test_tool/install/iris_interfaces/include/iris_interfaces/iris_interfaces/msg/detail/actuator_status__rosidl_typesupport_introspection_cpp.hpp\n'}
[0.884090] (iris_interfaces) StdoutLine: {'line': b'-- Up-to-date: /home/maddy/iris_test_tool/install/iris_interfaces/include/iris_interfaces/iris_interfaces/msg/detail/a2_command__type_support.cpp\n'}
[0.884307] (iris_interfaces) StdoutLine: {'line': b'-- Up-to-date: /home/maddy/iris_test_tool/install/iris_interfaces/include/iris_interfaces/iris_interfaces/msg/detail/brush_faults__rosidl_typesupport_introspection_cpp.hpp\n'}
[0.884662] (iris_interfaces) StdoutLine: {'line': b'-- Up-to-date: /home/maddy/iris_test_tool/install/iris_interfaces/include/iris_interfaces/iris_interfaces/msg/detail/follow_path_result__rosidl_typesupport_introspection_cpp.hpp\n'}
[0.885304] (iris_interfaces) StdoutLine: {'line': b'-- Up-to-date: /home/maddy/iris_test_tool/install/iris_interfaces/include/iris_interfaces/iris_interfaces/msg/detail/brush_status__type_support.cpp\n'}
[0.885458] (iris_interfaces) StdoutLine: {'line': b'-- Up-to-date: /home/maddy/iris_test_tool/install/iris_interfaces/include/iris_interfaces/iris_interfaces/msg/detail/system_software_status__type_support.cpp\n'}
[0.885684] (iris_interfaces) StdoutLine: {'line': b'-- Up-to-date: /home/maddy/iris_test_tool/install/iris_interfaces/include/iris_interfaces/iris_interfaces/msg/detail/system_software_status__rosidl_typesupport_introspection_cpp.hpp\n'}
[0.885900] (iris_interfaces) StdoutLine: {'line': b'-- Up-to-date: /home/maddy/iris_test_tool/install/iris_interfaces/include/iris_interfaces/iris_interfaces/msg/detail/mender_client_status__rosidl_typesupport_introspection_cpp.hpp\n'}
[0.886087] (iris_interfaces) StdoutLine: {'line': b'-- Up-to-date: /home/maddy/iris_test_tool/install/iris_interfaces/include/iris_interfaces/iris_interfaces/msg/detail/led_control__rosidl_typesupport_introspection_cpp.hpp\n'}
[0.886250] (iris_interfaces) StdoutLine: {'line': b'-- Up-to-date: /home/maddy/iris_test_tool/install/iris_interfaces/include/iris_interfaces/iris_interfaces/msg/detail/water_tank_levels__type_support.cpp\n'}
[0.886417] (iris_interfaces) StdoutLine: {'line': b'-- Up-to-date: /home/maddy/iris_test_tool/install/iris_interfaces/lib/libiris_interfaces__rosidl_typesupport_introspection_cpp.so\n'}
[0.886580] (iris_interfaces) StdoutLine: {'line': b'-- Up-to-date: /home/maddy/iris_test_tool/install/iris_interfaces/lib/libiris_interfaces__rosidl_typesupport_cpp.so\n'}
[0.886746] (iris_interfaces) StdoutLine: {'line': b'-- Up-to-date: /home/maddy/iris_test_tool/install/iris_interfaces/share/iris_interfaces/environment/pythonpath.sh\n'}
[0.886914] (iris_interfaces) StdoutLine: {'line': b'-- Up-to-date: /home/maddy/iris_test_tool/install/iris_interfaces/share/iris_interfaces/environment/pythonpath.dsv\n'}
[0.887069] (iris_interfaces) StdoutLine: {'line': b'-- Up-to-date: /home/maddy/iris_test_tool/install/iris_interfaces/local/lib/python3.10/dist-packages/iris_interfaces-0.5.13-py3.10.egg-info\n'}
[0.887220] (iris_interfaces) StdoutLine: {'line': b'-- Installing: /home/maddy/iris_test_tool/install/iris_interfaces/local/lib/python3.10/dist-packages/iris_interfaces-0.5.13-py3.10.egg-info/top_level.txt\n'}
[0.887376] (iris_interfaces) StdoutLine: {'line': b'-- Installing: /home/maddy/iris_test_tool/install/iris_interfaces/local/lib/python3.10/dist-packages/iris_interfaces-0.5.13-py3.10.egg-info/dependency_links.txt\n'}
[0.887526] (iris_interfaces) StdoutLine: {'line': b'-- Installing: /home/maddy/iris_test_tool/install/iris_interfaces/local/lib/python3.10/dist-packages/iris_interfaces-0.5.13-py3.10.egg-info/PKG-INFO\n'}
[0.887683] (iris_interfaces) StdoutLine: {'line': b'-- Installing: /home/maddy/iris_test_tool/install/iris_interfaces/local/lib/python3.10/dist-packages/iris_interfaces-0.5.13-py3.10.egg-info/SOURCES.txt\n'}
[0.887835] (iris_interfaces) StdoutLine: {'line': b'-- Up-to-date: /home/maddy/iris_test_tool/install/iris_interfaces/local/lib/python3.10/dist-packages/iris_interfaces\n'}
[0.888021] (iris_interfaces) StdoutLine: {'line': b'-- Up-to-date: /home/maddy/iris_test_tool/install/iris_interfaces/local/lib/python3.10/dist-packages/iris_interfaces/_iris_interfaces_s.ep.rosidl_typesupport_fastrtps_c.c\n'}
[0.888218] (iris_interfaces) StdoutLine: {'line': b'-- Up-to-date: /home/maddy/iris_test_tool/install/iris_interfaces/local/lib/python3.10/dist-packages/iris_interfaces/srv\n'}
[0.888371] (iris_interfaces) StdoutLine: {'line': b'-- Up-to-date: /home/maddy/iris_test_tool/install/iris_interfaces/local/lib/python3.10/dist-packages/iris_interfaces/srv/_get_wifi_status_s.c\n'}
[0.888526] (iris_interfaces) StdoutLine: {'line': b'-- Up-to-date: /home/maddy/iris_test_tool/install/iris_interfaces/local/lib/python3.10/dist-packages/iris_interfaces/srv/_update_motor_controller_parameters.py\n'}
[0.888663] (iris_interfaces) StdoutLine: {'line': b'-- Up-to-date: /home/maddy/iris_test_tool/install/iris_interfaces/local/lib/python3.10/dist-packages/iris_interfaces/srv/_connect_wifi_s.c\n'}
[0.888766] (iris_interfaces) StdoutLine: {'line': b'-- Up-to-date: /home/maddy/iris_test_tool/install/iris_interfaces/local/lib/python3.10/dist-packages/iris_interfaces/srv/_connect_wifi.py\n'}
[0.888867] (iris_interfaces) StdoutLine: {'line': b'-- Up-to-date: /home/maddy/iris_test_tool/install/iris_interfaces/local/lib/python3.10/dist-packages/iris_interfaces/srv/_update_motor_controller_reference_source_s.c\n'}
[0.888967] (iris_interfaces) StdoutLine: {'line': b'-- Up-to-date: /home/maddy/iris_test_tool/install/iris_interfaces/local/lib/python3.10/dist-packages/iris_interfaces/srv/_process_manager.py\n'}
[0.889077] (iris_interfaces) StdoutLine: {'line': b'-- Up-to-date: /home/maddy/iris_test_tool/install/iris_interfaces/local/lib/python3.10/dist-packages/iris_interfaces/srv/_restart_motor_controller.py\n'}
[0.889178] (iris_interfaces) StdoutLine: {'line': b'-- Up-to-date: /home/maddy/iris_test_tool/install/iris_interfaces/local/lib/python3.10/dist-packages/iris_interfaces/srv/_wifi_discovery.py\n'}
[0.889278] (iris_interfaces) StdoutLine: {'line': b'-- Up-to-date: /home/maddy/iris_test_tool/install/iris_interfaces/local/lib/python3.10/dist-packages/iris_interfaces/srv/_get_wifi_status.py\n'}
[0.889378] (iris_interfaces) StdoutLine: {'line': b'-- Up-to-date: /home/maddy/iris_test_tool/install/iris_interfaces/local/lib/python3.10/dist-packages/iris_interfaces/srv/_reset_a2_faults_s.c\n'}
[0.889478] (iris_interfaces) StdoutLine: {'line': b'-- Up-to-date: /home/maddy/iris_test_tool/install/iris_interfaces/local/lib/python3.10/dist-packages/iris_interfaces/srv/_wifi_discovery_s.c\n'}
[0.889578] (iris_interfaces) StdoutLine: {'line': b'-- Up-to-date: /home/maddy/iris_test_tool/install/iris_interfaces/local/lib/python3.10/dist-packages/iris_interfaces/srv/_disconnect_wifi.py\n'}
[0.889685] (iris_interfaces) StdoutLine: {'line': b'-- Up-to-date: /home/maddy/iris_test_tool/install/iris_interfaces/local/lib/python3.10/dist-packages/iris_interfaces/srv/_state_manager_s.c\n'}
[0.889814] (iris_interfaces) StdoutLine: {'line': b'-- Up-to-date: /home/maddy/iris_test_tool/install/iris_interfaces/local/lib/python3.10/dist-packages/iris_interfaces/srv/_update_motor_controller_parameters_s.c\n'}
[0.890035] (iris_interfaces) StdoutLine: {'line': b'-- Up-to-date: /home/maddy/iris_test_tool/install/iris_interfaces/local/lib/python3.10/dist-packages/iris_interfaces/srv/_process_manager_s.c\n'}
[0.890214] (iris_interfaces) StdoutLine: {'line': b'-- Up-to-date: /home/maddy/iris_test_tool/install/iris_interfaces/local/lib/python3.10/dist-packages/iris_interfaces/srv/_reset_a2_faults.py\n'}
[0.890391] (iris_interfaces) StdoutLine: {'line': b'-- Up-to-date: /home/maddy/iris_test_tool/install/iris_interfaces/local/lib/python3.10/dist-packages/iris_interfaces/srv/_a2_command_s.c\n'}
[0.890579] (iris_interfaces) StdoutLine: {'line': b'-- Up-to-date: /home/maddy/iris_test_tool/install/iris_interfaces/local/lib/python3.10/dist-packages/iris_interfaces/srv/_disconnect_wifi_s.c\n'}
[0.890773] (iris_interfaces) StdoutLine: {'line': b'-- Up-to-date: /home/maddy/iris_test_tool/install/iris_interfaces/local/lib/python3.10/dist-packages/iris_interfaces/srv/__init__.py\n'}
[0.890953] (iris_interfaces) StdoutLine: {'line': b'-- Up-to-date: /home/maddy/iris_test_tool/install/iris_interfaces/local/lib/python3.10/dist-packages/iris_interfaces/srv/_reset_wheel_encoders.py\n'}
[0.891128] (iris_interfaces) StdoutLine: {'line': b'-- Up-to-date: /home/maddy/iris_test_tool/install/iris_interfaces/local/lib/python3.10/dist-packages/iris_interfaces/srv/_a2_command.py\n'}
[0.891298] (iris_interfaces) StdoutLine: {'line': b'-- Up-to-date: /home/maddy/iris_test_tool/install/iris_interfaces/local/lib/python3.10/dist-packages/iris_interfaces/srv/_update_motor_controller_reference_source.py\n'}
[0.891467] (iris_interfaces) StdoutLine: {'line': b'-- Up-to-date: /home/maddy/iris_test_tool/install/iris_interfaces/local/lib/python3.10/dist-packages/iris_interfaces/srv/_state_manager.py\n'}
[0.891636] (iris_interfaces) StdoutLine: {'line': b'-- Up-to-date: /home/maddy/iris_test_tool/install/iris_interfaces/local/lib/python3.10/dist-packages/iris_interfaces/srv/_restart_motor_controller_s.c\n'}
[0.891802] (iris_interfaces) StdoutLine: {'line': b'-- Up-to-date: /home/maddy/iris_test_tool/install/iris_interfaces/local/lib/python3.10/dist-packages/iris_interfaces/srv/_reset_wheel_encoders_s.c\n'}
[0.891970] (iris_interfaces) StdoutLine: {'line': b'-- Up-to-date: /home/maddy/iris_test_tool/install/iris_interfaces/local/lib/python3.10/dist-packages/iris_interfaces/action\n'}
[0.892198] (iris_interfaces) StdoutLine: {'line': b'-- Up-to-date: /home/maddy/iris_test_tool/install/iris_interfaces/local/lib/python3.10/dist-packages/iris_interfaces/action/_compute_path_coverage_s.c\n'}
[0.892388] (iris_interfaces) StdoutLine: {'line': b'-- Up-to-date: /home/maddy/iris_test_tool/install/iris_interfaces/local/lib/python3.10/dist-packages/iris_interfaces/action/_navigate_path_coverage_s.c\n'}
[0.892571] (iris_interfaces) StdoutLine: {'line': b'-- Up-to-date: /home/maddy/iris_test_tool/install/iris_interfaces/local/lib/python3.10/dist-packages/iris_interfaces/action/_navigate_path_coverage.py\n'}
[0.892780] (iris_interfaces) StdoutLine: {'line': b'-- Up-to-date: /home/maddy/iris_test_tool/install/iris_interfaces/local/lib/python3.10/dist-packages/iris_interfaces/action/__init__.py\n'}
[0.892951] (iris_interfaces) StdoutLine: {'line': b'-- Up-to-date: /home/maddy/iris_test_tool/install/iris_interfaces/local/lib/python3.10/dist-packages/iris_interfaces/action/_compute_path_coverage.py\n'}
[0.893122] (iris_interfaces) StdoutLine: {'line': b'-- Up-to-date: /home/maddy/iris_test_tool/install/iris_interfaces/local/lib/python3.10/dist-packages/iris_interfaces/action/_path_coverage_controller_s.c\n'}
[0.893298] (iris_interfaces) StdoutLine: {'line': b'-- Up-to-date: /home/maddy/iris_test_tool/install/iris_interfaces/local/lib/python3.10/dist-packages/iris_interfaces/action/_path_coverage_controller.py\n'}
[0.893502] (iris_interfaces) StdoutLine: {'line': b'-- Up-to-date: /home/maddy/iris_test_tool/install/iris_interfaces/local/lib/python3.10/dist-packages/iris_interfaces/__init__.py\n'}
[0.893672] (iris_interfaces) StdoutLine: {'line': b'-- Up-to-date: /home/maddy/iris_test_tool/install/iris_interfaces/local/lib/python3.10/dist-packages/iris_interfaces/iris_interfaces_s__rosidl_typesupport_c.cpython-310-x86_64-linux-gnu.so\n'}
[0.893890] (iris_interfaces) StdoutLine: {'line': b'-- Up-to-date: /home/maddy/iris_test_tool/install/iris_interfaces/local/lib/python3.10/dist-packages/iris_interfaces/iris_interfaces_s__rosidl_typesupport_introspection_c.cpython-310-x86_64-linux-gnu.so\n'}
[0.894081] (iris_interfaces) StdoutLine: {'line': b'-- Up-to-date: /home/maddy/iris_test_tool/install/iris_interfaces/local/lib/python3.10/dist-packages/iris_interfaces/libiris_interfaces__rosidl_generator_py.so\n'}
[0.894253] (iris_interfaces) StdoutLine: {'line': b'-- Up-to-date: /home/maddy/iris_test_tool/install/iris_interfaces/local/lib/python3.10/dist-packages/iris_interfaces/msg\n'}
[0.894429] (iris_interfaces) StdoutLine: {'line': b'-- Up-to-date: /home/maddy/iris_test_tool/install/iris_interfaces/local/lib/python3.10/dist-packages/iris_interfaces/msg/_water_tank_levels_s.c\n'}
[0.894649] (iris_interfaces) StdoutLine: {'line': b'-- Up-to-date: /home/maddy/iris_test_tool/install/iris_interfaces/local/lib/python3.10/dist-packages/iris_interfaces/msg/_vacuum_status.py\n'}
[0.894820] (iris_interfaces) StdoutLine: {'line': b'-- Up-to-date: /home/maddy/iris_test_tool/install/iris_interfaces/local/lib/python3.10/dist-packages/iris_interfaces/msg/_a2_fault_status_s.c\n'}
[0.894986] (iris_interfaces) StdoutLine: {'line': b'-- Up-to-date: /home/maddy/iris_test_tool/install/iris_interfaces/local/lib/python3.10/dist-packages/iris_interfaces/msg/_wheel_command_speed.py\n'}
[0.895149] (iris_interfaces) StdoutLine: {'line': b'-- Up-to-date: /home/maddy/iris_test_tool/install/iris_interfaces/local/lib/python3.10/dist-packages/iris_interfaces/msg/_headband_mode.py\n'}
[0.895308] (iris_interfaces) StdoutLine: {'line': b'-- Up-to-date: /home/maddy/iris_test_tool/install/iris_interfaces/local/lib/python3.10/dist-packages/iris_interfaces/msg/_motor_status.py\n'}
[0.895474] (iris_interfaces) StdoutLine: {'line': b'-- Up-to-date: /home/maddy/iris_test_tool/install/iris_interfaces/local/lib/python3.10/dist-packages/iris_interfaces/msg/_a2_functional_status_s.c\n'}
[0.895637] (iris_interfaces) StdoutLine: {'line': b'-- Up-to-date: /home/maddy/iris_test_tool/install/iris_interfaces/local/lib/python3.10/dist-packages/iris_interfaces/msg/_system_software_status_s.c\n'}
[0.895804] (iris_interfaces) StdoutLine: {'line': b'-- Up-to-date: /home/maddy/iris_test_tool/install/iris_interfaces/local/lib/python3.10/dist-packages/iris_interfaces/msg/_mender_client_status_s.c\n'}
[0.896124] (iris_interfaces) StdoutLine: {'line': b'-- Up-to-date: /home/maddy/iris_test_tool/install/iris_interfaces/local/lib/python3.10/dist-packages/iris_interfaces/msg/_sensor_status.py\n'}
[0.896498] (iris_interfaces) StdoutLine: {'line': b'-- Up-to-date: /home/maddy/iris_test_tool/install/iris_interfaces/local/lib/python3.10/dist-packages/iris_interfaces/msg/_motor_controller_status.py\n'}
[0.896904] (iris_interfaces) StdoutLine: {'line': b'-- Up-to-date: /home/maddy/iris_test_tool/install/iris_interfaces/local/lib/python3.10/dist-packages/iris_interfaces/msg/_headband_mode_s.c\n'}
[0.897237] (iris_interfaces) StdoutLine: {'line': b'-- Up-to-date: /home/maddy/iris_test_tool/install/iris_interfaces/local/lib/python3.10/dist-packages/iris_interfaces/msg/_wheel_encoders.py\n'}
[0.897578] (iris_interfaces) StdoutLine: {'line': b'-- Up-to-date: /home/maddy/iris_test_tool/install/iris_interfaces/local/lib/python3.10/dist-packages/iris_interfaces/msg/_a5_status.py\n'}
[0.897997] (iris_interfaces) StdoutLine: {'line': b'-- Up-to-date: /home/maddy/iris_test_tool/install/iris_interfaces/local/lib/python3.10/dist-packages/iris_interfaces/msg/_ultrasonic_ranges_s.c\n'}
[0.898192] (iris_interfaces) StdoutLine: {'line': b'-- Up-to-date: /home/maddy/iris_test_tool/install/iris_interfaces/local/lib/python3.10/dist-packages/iris_interfaces/msg/_led_control_s.c\n'}
[0.898458] (iris_interfaces) StdoutLine: {'line': b'-- Up-to-date: /home/maddy/iris_test_tool/install/iris_interfaces/local/lib/python3.10/dist-packages/iris_interfaces/msg/_motor_controller_status_s.c\n'}
[0.899195] (iris_interfaces) StdoutLine: {'line': b'-- Up-to-date: /home/maddy/iris_test_tool/install/iris_interfaces/local/lib/python3.10/dist-packages/iris_interfaces/msg/_brush_status_s.c\n'}
[0.899709] (iris_interfaces) StdoutLine: {'line': b'-- Up-to-date: /home/maddy/iris_test_tool/install/iris_interfaces/local/lib/python3.10/dist-packages/iris_interfaces/msg/_ultrasonic_ranges.py\n'}
[0.899911] (iris_interfaces) StdoutLine: {'line': b'-- Up-to-date: /home/maddy/iris_test_tool/install/iris_interfaces/local/lib/python3.10/dist-packages/iris_interfaces/msg/_a2_command_s.c\n'}
[0.900431] (iris_interfaces) StdoutLine: {'line': b'-- Up-to-date: /home/maddy/iris_test_tool/install/iris_interfaces/local/lib/python3.10/dist-packages/iris_interfaces/msg/_ota_status.py\n'}
[0.900646] (iris_interfaces) StdoutLine: {'line': b'-- Up-to-date: /home/maddy/iris_test_tool/install/iris_interfaces/local/lib/python3.10/dist-packages/iris_interfaces/msg/_vacuum_faults.py\n'}
[0.900848] (iris_interfaces) StdoutLine: {'line': b'-- Up-to-date: /home/maddy/iris_test_tool/install/iris_interfaces/local/lib/python3.10/dist-packages/iris_interfaces/msg/_a2_functional_status.py\n'}
[0.901145] (iris_interfaces) StdoutLine: {'line': b'-- Up-to-date: /home/maddy/iris_test_tool/install/iris_interfaces/local/lib/python3.10/dist-packages/iris_interfaces/msg/_actuator_status.py\n'}
[0.901349] (iris_interfaces) StdoutLine: {'line': b'-- Up-to-date: /home/maddy/iris_test_tool/install/iris_interfaces/local/lib/python3.10/dist-packages/iris_interfaces/msg/_follow_path_result.py\n'}
[0.901552] (iris_interfaces) StdoutLine: {'line': b'-- Up-to-date: /home/maddy/iris_test_tool/install/iris_interfaces/local/lib/python3.10/dist-packages/iris_interfaces/msg/_motor_status_s.c\n'}
[0.901750] (iris_interfaces) StdoutLine: {'line': b'-- Up-to-date: /home/maddy/iris_test_tool/install/iris_interfaces/local/lib/python3.10/dist-packages/iris_interfaces/msg/_vacuum_faults_s.c\n'}
[0.902276] (iris_interfaces) StdoutLine: {'line': b'-- Up-to-date: /home/maddy/iris_test_tool/install/iris_interfaces/local/lib/python3.10/dist-packages/iris_interfaces/msg/_wheel_command_speed_s.c\n'}
[0.902503] (iris_interfaces) StdoutLine: {'line': b'-- Up-to-date: /home/maddy/iris_test_tool/install/iris_interfaces/local/lib/python3.10/dist-packages/iris_interfaces/msg/_brush_faults_s.c\n'}
[0.902849] (iris_interfaces) StdoutLine: {'line': b'-- Up-to-date: /home/maddy/iris_test_tool/install/iris_interfaces/local/lib/python3.10/dist-packages/iris_interfaces/msg/__init__.py\n'}
[0.903311] (iris_interfaces) StdoutLine: {'line': b'-- Up-to-date: /home/maddy/iris_test_tool/install/iris_interfaces/local/lib/python3.10/dist-packages/iris_interfaces/msg/_wheel_encoders_s.c\n'}
[0.903639] (iris_interfaces) StdoutLine: {'line': b'-- Up-to-date: /home/maddy/iris_test_tool/install/iris_interfaces/local/lib/python3.10/dist-packages/iris_interfaces/msg/_follow_path_result_s.c\n'}
[0.904035] (iris_interfaces) StdoutLine: {'line': b'-- Up-to-date: /home/maddy/iris_test_tool/install/iris_interfaces/local/lib/python3.10/dist-packages/iris_interfaces/msg/_sensor_status_s.c\n'}
[0.904308] (iris_interfaces) StdoutLine: {'line': b'-- Up-to-date: /home/maddy/iris_test_tool/install/iris_interfaces/local/lib/python3.10/dist-packages/iris_interfaces/msg/_a2_command.py\n'}
[0.904691] (-) TimerEvent: {}
[0.904969] (iris_interfaces) StdoutLine: {'line': b'-- Up-to-date: /home/maddy/iris_test_tool/install/iris_interfaces/local/lib/python3.10/dist-packages/iris_interfaces/msg/_navigation_mode_s.c\n'}
[0.905207] (iris_interfaces) StdoutLine: {'line': b'-- Up-to-date: /home/maddy/iris_test_tool/install/iris_interfaces/local/lib/python3.10/dist-packages/iris_interfaces/msg/_water_tank_levels.py\n'}
[0.905624] (iris_interfaces) StdoutLine: {'line': b'-- Up-to-date: /home/maddy/iris_test_tool/install/iris_interfaces/local/lib/python3.10/dist-packages/iris_interfaces/msg/_ota_status_s.c\n'}
[0.905916] (iris_interfaces) StdoutLine: {'line': b'-- Up-to-date: /home/maddy/iris_test_tool/install/iris_interfaces/local/lib/python3.10/dist-packages/iris_interfaces/msg/_vacuum_status_s.c\n'}
[0.906051] (iris_interfaces) StdoutLine: {'line': b'-- Up-to-date: /home/maddy/iris_test_tool/install/iris_interfaces/local/lib/python3.10/dist-packages/iris_interfaces/msg/_led_control.py\n'}
[0.906158] (iris_interfaces) StdoutLine: {'line': b'-- Up-to-date: /home/maddy/iris_test_tool/install/iris_interfaces/local/lib/python3.10/dist-packages/iris_interfaces/msg/_navigation_mode.py\n'}
[0.906263] (iris_interfaces) StdoutLine: {'line': b'-- Up-to-date: /home/maddy/iris_test_tool/install/iris_interfaces/local/lib/python3.10/dist-packages/iris_interfaces/msg/_mender_client_status.py\n'}
[0.906366] (iris_interfaces) StdoutLine: {'line': b'-- Up-to-date: /home/maddy/iris_test_tool/install/iris_interfaces/local/lib/python3.10/dist-packages/iris_interfaces/msg/_a2_fault_status.py\n'}
[0.906467] (iris_interfaces) StdoutLine: {'line': b'-- Up-to-date: /home/maddy/iris_test_tool/install/iris_interfaces/local/lib/python3.10/dist-packages/iris_interfaces/msg/_actuator_status_s.c\n'}
[0.906568] (iris_interfaces) StdoutLine: {'line': b'-- Up-to-date: /home/maddy/iris_test_tool/install/iris_interfaces/local/lib/python3.10/dist-packages/iris_interfaces/msg/_a5_status_s.c\n'}
[0.906669] (iris_interfaces) StdoutLine: {'line': b'-- Up-to-date: /home/maddy/iris_test_tool/install/iris_interfaces/local/lib/python3.10/dist-packages/iris_interfaces/msg/_brush_faults.py\n'}
[0.906769] (iris_interfaces) StdoutLine: {'line': b'-- Up-to-date: /home/maddy/iris_test_tool/install/iris_interfaces/local/lib/python3.10/dist-packages/iris_interfaces/msg/_brush_status.py\n'}
[0.906885] (iris_interfaces) StdoutLine: {'line': b'-- Up-to-date: /home/maddy/iris_test_tool/install/iris_interfaces/local/lib/python3.10/dist-packages/iris_interfaces/msg/_system_software_status.py\n'}
[0.906985] (iris_interfaces) StdoutLine: {'line': b'-- Up-to-date: /home/maddy/iris_test_tool/install/iris_interfaces/local/lib/python3.10/dist-packages/iris_interfaces/_iris_interfaces_s.ep.rosidl_typesupport_c.c\n'}
[0.907087] (iris_interfaces) StdoutLine: {'line': b'-- Up-to-date: /home/maddy/iris_test_tool/install/iris_interfaces/local/lib/python3.10/dist-packages/iris_interfaces/_iris_interfaces_s.ep.rosidl_typesupport_introspection_c.c\n'}
[0.907194] (iris_interfaces) StdoutLine: {'line': b'-- Up-to-date: /home/maddy/iris_test_tool/install/iris_interfaces/local/lib/python3.10/dist-packages/iris_interfaces/iris_interfaces_s__rosidl_typesupport_fastrtps_c.cpython-310-x86_64-linux-gnu.so\n'}
[0.907296] (iris_interfaces) StdoutLine: {'line': b"Listing '/home/maddy/iris_test_tool/install/iris_interfaces/local/lib/python3.10/dist-packages/iris_interfaces'...\n"}
[0.907395] (iris_interfaces) StdoutLine: {'line': b"Listing '/home/maddy/iris_test_tool/install/iris_interfaces/local/lib/python3.10/dist-packages/iris_interfaces/action'...\n"}
[0.907496] (iris_interfaces) StdoutLine: {'line': b"Listing '/home/maddy/iris_test_tool/install/iris_interfaces/local/lib/python3.10/dist-packages/iris_interfaces/msg'...\n"}
[0.907596] (iris_interfaces) StdoutLine: {'line': b"Listing '/home/maddy/iris_test_tool/install/iris_interfaces/local/lib/python3.10/dist-packages/iris_interfaces/srv'...\n"}
[0.907739] (iris_interfaces) StdoutLine: {'line': b'-- Up-to-date: /home/maddy/iris_test_tool/install/iris_interfaces/local/lib/python3.10/dist-packages/iris_interfaces/iris_interfaces_s__rosidl_typesupport_fastrtps_c.cpython-310-x86_64-linux-gnu.so\n'}
[0.907847] (iris_interfaces) StdoutLine: {'line': b'-- Up-to-date: /home/maddy/iris_test_tool/install/iris_interfaces/local/lib/python3.10/dist-packages/iris_interfaces/iris_interfaces_s__rosidl_typesupport_introspection_c.cpython-310-x86_64-linux-gnu.so\n'}
[0.907948] (iris_interfaces) StdoutLine: {'line': b'-- Up-to-date: /home/maddy/iris_test_tool/install/iris_interfaces/local/lib/python3.10/dist-packages/iris_interfaces/iris_interfaces_s__rosidl_typesupport_c.cpython-310-x86_64-linux-gnu.so\n'}
[0.908049] (iris_interfaces) StdoutLine: {'line': b'-- Up-to-date: /home/maddy/iris_test_tool/install/iris_interfaces/lib/libiris_interfaces__rosidl_generator_py.so\n'}
[0.908186] (iris_interfaces) StdoutLine: {'line': b'-- Up-to-date: /home/maddy/iris_test_tool/install/iris_interfaces/share/iris_interfaces/msg/WheelCommandSpeed.idl\n'}
[0.908292] (iris_interfaces) StdoutLine: {'line': b'-- Up-to-date: /home/maddy/iris_test_tool/install/iris_interfaces/share/iris_interfaces/msg/WheelEncoders.idl\n'}
[0.908428] (iris_interfaces) StdoutLine: {'line': b'-- Up-to-date: /home/maddy/iris_test_tool/install/iris_interfaces/share/iris_interfaces/msg/SensorStatus.idl\n'}
[0.908532] (iris_interfaces) StdoutLine: {'line': b'-- Up-to-date: /home/maddy/iris_test_tool/install/iris_interfaces/share/iris_interfaces/msg/MotorStatus.idl\n'}
[0.908642] (iris_interfaces) StdoutLine: {'line': b'-- Up-to-date: /home/maddy/iris_test_tool/install/iris_interfaces/share/iris_interfaces/msg/MotorControllerStatus.idl\n'}
[0.908890] (iris_interfaces) StdoutLine: {'line': b'-- Up-to-date: /home/maddy/iris_test_tool/install/iris_interfaces/share/iris_interfaces/msg/UltrasonicRanges.idl\n'}
[0.909342] (iris_interfaces) StdoutLine: {'line': b'-- Up-to-date: /home/maddy/iris_test_tool/install/iris_interfaces/share/iris_interfaces/msg/WaterTankLevels.idl\n'}
[0.909541] (iris_interfaces) StdoutLine: {'line': b'-- Up-to-date: /home/maddy/iris_test_tool/install/iris_interfaces/share/iris_interfaces/msg/HeadbandMode.idl\n'}
[0.909843] (iris_interfaces) StdoutLine: {'line': b'-- Up-to-date: /home/maddy/iris_test_tool/install/iris_interfaces/share/iris_interfaces/msg/NavigationMode.idl\n'}
[0.910158] (iris_interfaces) StdoutLine: {'line': b'-- Up-to-date: /home/maddy/iris_test_tool/install/iris_interfaces/share/iris_interfaces/msg/FollowPathResult.idl\n'}
[0.910907] (iris_interfaces) StdoutLine: {'line': b'-- Up-to-date: /home/maddy/iris_test_tool/install/iris_interfaces/share/iris_interfaces/msg/OTAStatus.idl\n'}
[0.911299] (iris_interfaces) StdoutLine: {'line': b'-- Up-to-date: /home/maddy/iris_test_tool/install/iris_interfaces/share/iris_interfaces/msg/SystemSoftwareStatus.idl\n'}
[0.911821] (iris_interfaces) StdoutLine: {'line': b'-- Up-to-date: /home/maddy/iris_test_tool/install/iris_interfaces/share/iris_interfaces/msg/MenderClientStatus.idl\n'}
[0.911937] (iris_interfaces) StdoutLine: {'line': b'-- Up-to-date: /home/maddy/iris_test_tool/install/iris_interfaces/share/iris_interfaces/msg/A5Status.idl\n'}
[0.912148] (iris_interfaces) StdoutLine: {'line': b'-- Up-to-date: /home/maddy/iris_test_tool/install/iris_interfaces/share/iris_interfaces/msg/LedControl.idl\n'}
[0.912468] (iris_interfaces) StdoutLine: {'line': b'-- Up-to-date: /home/maddy/iris_test_tool/install/iris_interfaces/share/iris_interfaces/msg/A2FunctionalStatus.idl\n'}
[0.912718] (iris_interfaces) StdoutLine: {'line': b'-- Up-to-date: /home/maddy/iris_test_tool/install/iris_interfaces/share/iris_interfaces/msg/A2Command.idl\n'}
[0.912963] (iris_interfaces) StdoutLine: {'line': b'-- Up-to-date: /home/maddy/iris_test_tool/install/iris_interfaces/share/iris_interfaces/msg/VacuumStatus.idl\n'}
[0.913209] (iris_interfaces) StdoutLine: {'line': b'-- Up-to-date: /home/maddy/iris_test_tool/install/iris_interfaces/share/iris_interfaces/msg/VacuumFaults.idl\n'}
[0.913454] (iris_interfaces) StdoutLine: {'line': b'-- Up-to-date: /home/maddy/iris_test_tool/install/iris_interfaces/share/iris_interfaces/msg/BrushStatus.idl\n'}
[0.913849] (iris_interfaces) StdoutLine: {'line': b'-- Up-to-date: /home/maddy/iris_test_tool/install/iris_interfaces/share/iris_interfaces/msg/BrushFaults.idl\n'}
[0.914208] (iris_interfaces) StdoutLine: {'line': b'-- Up-to-date: /home/maddy/iris_test_tool/install/iris_interfaces/share/iris_interfaces/msg/A2FaultStatus.idl\n'}
[0.914577] (iris_interfaces) StdoutLine: {'line': b'-- Up-to-date: /home/maddy/iris_test_tool/install/iris_interfaces/share/iris_interfaces/msg/ActuatorStatus.idl\n'}
[0.914884] (iris_interfaces) StdoutLine: {'line': b'-- Up-to-date: /home/maddy/iris_test_tool/install/iris_interfaces/share/iris_interfaces/srv/UpdateMotorControllerParameters.idl\n'}
[0.915287] (iris_interfaces) StdoutLine: {'line': b'-- Up-to-date: /home/maddy/iris_test_tool/install/iris_interfaces/share/iris_interfaces/srv/RestartMotorController.idl\n'}
[0.915720] (iris_interfaces) StdoutLine: {'line': b'-- Up-to-date: /home/maddy/iris_test_tool/install/iris_interfaces/share/iris_interfaces/srv/GetWifiStatus.idl\n'}
[0.915881] (iris_interfaces) StdoutLine: {'line': b'-- Up-to-date: /home/maddy/iris_test_tool/install/iris_interfaces/share/iris_interfaces/srv/WifiDiscovery.idl\n'}
[0.916079] (iris_interfaces) StdoutLine: {'line': b'-- Up-to-date: /home/maddy/iris_test_tool/install/iris_interfaces/share/iris_interfaces/srv/ConnectWifi.idl\n'}
[0.916274] (iris_interfaces) StdoutLine: {'line': b'-- Up-to-date: /home/maddy/iris_test_tool/install/iris_interfaces/share/iris_interfaces/srv/DisconnectWifi.idl\n'}
[0.916572] (iris_interfaces) StdoutLine: {'line': b'-- Up-to-date: /home/maddy/iris_test_tool/install/iris_interfaces/share/iris_interfaces/srv/ProcessManager.idl\n'}
[0.916865] (iris_interfaces) StdoutLine: {'line': b'-- Up-to-date: /home/maddy/iris_test_tool/install/iris_interfaces/share/iris_interfaces/srv/StateManager.idl\n'}
[0.917161] (iris_interfaces) StdoutLine: {'line': b'-- Up-to-date: /home/maddy/iris_test_tool/install/iris_interfaces/share/iris_interfaces/srv/ResetWheelEncoders.idl\n'}
[0.917454] (iris_interfaces) StdoutLine: {'line': b'-- Up-to-date: /home/maddy/iris_test_tool/install/iris_interfaces/share/iris_interfaces/srv/UpdateMotorControllerReferenceSource.idl\n'}
[0.917751] (iris_interfaces) StdoutLine: {'line': b'-- Up-to-date: /home/maddy/iris_test_tool/install/iris_interfaces/share/iris_interfaces/srv/A2Command.idl\n'}
[0.918087] (iris_interfaces) StdoutLine: {'line': b'-- Up-to-date: /home/maddy/iris_test_tool/install/iris_interfaces/share/iris_interfaces/srv/ResetA2Faults.idl\n'}
[0.918383] (iris_interfaces) StdoutLine: {'line': b'-- Up-to-date: /home/maddy/iris_test_tool/install/iris_interfaces/share/iris_interfaces/action/ComputePathCoverage.idl\n'}
[0.918679] (iris_interfaces) StdoutLine: {'line': b'-- Up-to-date: /home/maddy/iris_test_tool/install/iris_interfaces/share/iris_interfaces/action/NavigatePathCoverage.idl\n'}
[0.918970] (iris_interfaces) StdoutLine: {'line': b'-- Up-to-date: /home/maddy/iris_test_tool/install/iris_interfaces/share/iris_interfaces/action/PathCoverageController.idl\n'}
[0.919267] (iris_interfaces) StdoutLine: {'line': b'-- Up-to-date: /home/maddy/iris_test_tool/install/iris_interfaces/share/iris_interfaces/msg/WheelCommandSpeed.msg\n'}
[0.919720] (iris_interfaces) StdoutLine: {'line': b'-- Up-to-date: /home/maddy/iris_test_tool/install/iris_interfaces/share/iris_interfaces/msg/WheelEncoders.msg\n'}
[0.919961] (iris_interfaces) StdoutLine: {'line': b'-- Up-to-date: /home/maddy/iris_test_tool/install/iris_interfaces/share/iris_interfaces/msg/SensorStatus.msg\n'}
[0.920223] (iris_interfaces) StdoutLine: {'line': b'-- Up-to-date: /home/maddy/iris_test_tool/install/iris_interfaces/share/iris_interfaces/msg/MotorStatus.msg\n'}
[0.920521] (iris_interfaces) StdoutLine: {'line': b'-- Up-to-date: /home/maddy/iris_test_tool/install/iris_interfaces/share/iris_interfaces/msg/MotorControllerStatus.msg\n'}
[0.920815] (iris_interfaces) StdoutLine: {'line': b'-- Up-to-date: /home/maddy/iris_test_tool/install/iris_interfaces/share/iris_interfaces/msg/UltrasonicRanges.msg\n'}
[0.921106] (iris_interfaces) StdoutLine: {'line': b'-- Up-to-date: /home/maddy/iris_test_tool/install/iris_interfaces/share/iris_interfaces/msg/WaterTankLevels.msg\n'}
[0.921492] (iris_interfaces) StdoutLine: {'line': b'-- Up-to-date: /home/maddy/iris_test_tool/install/iris_interfaces/share/iris_interfaces/msg/HeadbandMode.msg\n'}
[0.921804] (iris_interfaces) StdoutLine: {'line': b'-- Up-to-date: /home/maddy/iris_test_tool/install/iris_interfaces/share/iris_interfaces/msg/NavigationMode.msg\n'}
[0.922095] (iris_interfaces) StdoutLine: {'line': b'-- Up-to-date: /home/maddy/iris_test_tool/install/iris_interfaces/share/iris_interfaces/msg/FollowPathResult.msg\n'}
[0.922388] (iris_interfaces) StdoutLine: {'line': b'-- Up-to-date: /home/maddy/iris_test_tool/install/iris_interfaces/share/iris_interfaces/msg/OTAStatus.msg\n'}
[0.922678] (iris_interfaces) StdoutLine: {'line': b'-- Up-to-date: /home/maddy/iris_test_tool/install/iris_interfaces/share/iris_interfaces/msg/SystemSoftwareStatus.msg\n'}
[0.922972] (iris_interfaces) StdoutLine: {'line': b'-- Up-to-date: /home/maddy/iris_test_tool/install/iris_interfaces/share/iris_interfaces/msg/MenderClientStatus.msg\n'}
[0.923264] (iris_interfaces) StdoutLine: {'line': b'-- Up-to-date: /home/maddy/iris_test_tool/install/iris_interfaces/share/iris_interfaces/msg/A5Status.msg\n'}
[0.923556] (iris_interfaces) StdoutLine: {'line': b'-- Up-to-date: /home/maddy/iris_test_tool/install/iris_interfaces/share/iris_interfaces/msg/LedControl.msg\n'}
[0.923847] (iris_interfaces) StdoutLine: {'line': b'-- Up-to-date: /home/maddy/iris_test_tool/install/iris_interfaces/share/iris_interfaces/msg/A2FunctionalStatus.msg\n'}
[0.924138] (iris_interfaces) StdoutLine: {'line': b'-- Up-to-date: /home/maddy/iris_test_tool/install/iris_interfaces/share/iris_interfaces/msg/A2Command.msg\n'}
[0.924644] (iris_interfaces) StdoutLine: {'line': b'-- Up-to-date: /home/maddy/iris_test_tool/install/iris_interfaces/share/iris_interfaces/msg/VacuumStatus.msg\n'}
[0.924936] (iris_interfaces) StdoutLine: {'line': b'-- Up-to-date: /home/maddy/iris_test_tool/install/iris_interfaces/share/iris_interfaces/msg/VacuumFaults.msg\n'}
[0.925197] (iris_interfaces) StdoutLine: {'line': b'-- Up-to-date: /home/maddy/iris_test_tool/install/iris_interfaces/share/iris_interfaces/msg/BrushStatus.msg\n'}
[0.925487] (iris_interfaces) StdoutLine: {'line': b'-- Up-to-date: /home/maddy/iris_test_tool/install/iris_interfaces/share/iris_interfaces/msg/BrushFaults.msg\n'}
[0.925805] (iris_interfaces) StdoutLine: {'line': b'-- Up-to-date: /home/maddy/iris_test_tool/install/iris_interfaces/share/iris_interfaces/msg/A2FaultStatus.msg\n'}
[0.926226] (iris_interfaces) StdoutLine: {'line': b'-- Up-to-date: /home/maddy/iris_test_tool/install/iris_interfaces/share/iris_interfaces/msg/ActuatorStatus.msg\n'}
[0.926510] (iris_interfaces) StdoutLine: {'line': b'-- Up-to-date: /home/maddy/iris_test_tool/install/iris_interfaces/share/iris_interfaces/srv/UpdateMotorControllerParameters.srv\n'}
[0.926742] (iris_interfaces) StdoutLine: {'line': b'-- Up-to-date: /home/maddy/iris_test_tool/install/iris_interfaces/share/iris_interfaces/srv/UpdateMotorControllerParameters_Request.msg\n'}
[0.927037] (iris_interfaces) StdoutLine: {'line': b'-- Up-to-date: /home/maddy/iris_test_tool/install/iris_interfaces/share/iris_interfaces/srv/UpdateMotorControllerParameters_Response.msg\n'}
[0.927332] (iris_interfaces) StdoutLine: {'line': b'-- Up-to-date: /home/maddy/iris_test_tool/install/iris_interfaces/share/iris_interfaces/srv/RestartMotorController.srv\n'}
[0.927628] (iris_interfaces) StdoutLine: {'line': b'-- Up-to-date: /home/maddy/iris_test_tool/install/iris_interfaces/share/iris_interfaces/srv/RestartMotorController_Request.msg\n'}
[0.927921] (iris_interfaces) StdoutLine: {'line': b'-- Up-to-date: /home/maddy/iris_test_tool/install/iris_interfaces/share/iris_interfaces/srv/RestartMotorController_Response.msg\n'}
[0.928214] (iris_interfaces) StdoutLine: {'line': b'-- Up-to-date: /home/maddy/iris_test_tool/install/iris_interfaces/share/iris_interfaces/srv/GetWifiStatus.srv\n'}
[0.928506] (iris_interfaces) StdoutLine: {'line': b'-- Up-to-date: /home/maddy/iris_test_tool/install/iris_interfaces/share/iris_interfaces/srv/GetWifiStatus_Request.msg\n'}
[0.928906] (iris_interfaces) StdoutLine: {'line': b'-- Up-to-date: /home/maddy/iris_test_tool/install/iris_interfaces/share/iris_interfaces/srv/GetWifiStatus_Response.msg\n'}
[0.929201] (iris_interfaces) StdoutLine: {'line': b'-- Up-to-date: /home/maddy/iris_test_tool/install/iris_interfaces/share/iris_interfaces/srv/WifiDiscovery.srv\n'}
[0.929491] (iris_interfaces) StdoutLine: {'line': b'-- Up-to-date: /home/maddy/iris_test_tool/install/iris_interfaces/share/iris_interfaces/srv/WifiDiscovery_Request.msg\n'}
[0.929782] (iris_interfaces) StdoutLine: {'line': b'-- Up-to-date: /home/maddy/iris_test_tool/install/iris_interfaces/share/iris_interfaces/srv/WifiDiscovery_Response.msg\n'}
[0.930113] (iris_interfaces) StdoutLine: {'line': b'-- Up-to-date: /home/maddy/iris_test_tool/install/iris_interfaces/share/iris_interfaces/srv/ConnectWifi.srv\n'}
[0.930490] (iris_interfaces) StdoutLine: {'line': b'-- Up-to-date: /home/maddy/iris_test_tool/install/iris_interfaces/share/iris_interfaces/srv/ConnectWifi_Request.msg\n'}
[0.930829] (iris_interfaces) StdoutLine: {'line': b'-- Up-to-date: /home/maddy/iris_test_tool/install/iris_interfaces/share/iris_interfaces/srv/ConnectWifi_Response.msg\n'}
[0.931094] (iris_interfaces) StdoutLine: {'line': b'-- Up-to-date: /home/maddy/iris_test_tool/install/iris_interfaces/share/iris_interfaces/srv/DisconnectWifi.srv\n'}
[0.931442] (iris_interfaces) StdoutLine: {'line': b'-- Up-to-date: /home/maddy/iris_test_tool/install/iris_interfaces/share/iris_interfaces/srv/DisconnectWifi_Request.msg\n'}
[0.931924] (iris_interfaces) StdoutLine: {'line': b'-- Up-to-date: /home/maddy/iris_test_tool/install/iris_interfaces/share/iris_interfaces/srv/DisconnectWifi_Response.msg\n'}
[0.932085] (iris_interfaces) StdoutLine: {'line': b'-- Up-to-date: /home/maddy/iris_test_tool/install/iris_interfaces/share/iris_interfaces/srv/ProcessManager.srv\n'}
[0.932194] (iris_interfaces) StdoutLine: {'line': b'-- Up-to-date: /home/maddy/iris_test_tool/install/iris_interfaces/share/iris_interfaces/srv/ProcessManager_Request.msg\n'}
[0.932335] (iris_interfaces) StdoutLine: {'line': b'-- Up-to-date: /home/maddy/iris_test_tool/install/iris_interfaces/share/iris_interfaces/srv/ProcessManager_Response.msg\n'}
[0.932505] (iris_interfaces) StdoutLine: {'line': b'-- Up-to-date: /home/maddy/iris_test_tool/install/iris_interfaces/share/iris_interfaces/srv/StateManager.srv\n'}
[0.933686] (iris_interfaces) StdoutLine: {'line': b'-- Up-to-date: /home/maddy/iris_test_tool/install/iris_interfaces/share/iris_interfaces/srv/StateManager_Request.msg\n'}
[0.934122] (iris_interfaces) StdoutLine: {'line': b'-- Up-to-date: /home/maddy/iris_test_tool/install/iris_interfaces/share/iris_interfaces/srv/StateManager_Response.msg\n'}
[0.934439] (iris_interfaces) StdoutLine: {'line': b'-- Up-to-date: /home/maddy/iris_test_tool/install/iris_interfaces/share/iris_interfaces/srv/ResetWheelEncoders.srv\n'}
[0.934708] (iris_interfaces) StdoutLine: {'line': b'-- Up-to-date: /home/maddy/iris_test_tool/install/iris_interfaces/share/iris_interfaces/srv/ResetWheelEncoders_Request.msg\n'}
[0.935114] (iris_interfaces) StdoutLine: {'line': b'-- Up-to-date: /home/maddy/iris_test_tool/install/iris_interfaces/share/iris_interfaces/srv/ResetWheelEncoders_Response.msg\n'}
[0.935275] (iris_interfaces) StdoutLine: {'line': b'-- Up-to-date: /home/maddy/iris_test_tool/install/iris_interfaces/share/iris_interfaces/srv/UpdateMotorControllerReferenceSource.srv\n'}
[0.935392] (iris_interfaces) StdoutLine: {'line': b'-- Up-to-date: /home/maddy/iris_test_tool/install/iris_interfaces/share/iris_interfaces/srv/UpdateMotorControllerReferenceSource_Request.msg\n'}
[0.935594] (iris_interfaces) StdoutLine: {'line': b'-- Up-to-date: /home/maddy/iris_test_tool/install/iris_interfaces/share/iris_interfaces/srv/UpdateMotorControllerReferenceSource_Response.msg\n'}
[0.935892] (iris_interfaces) StdoutLine: {'line': b'-- Up-to-date: /home/maddy/iris_test_tool/install/iris_interfaces/share/iris_interfaces/srv/A2Command.srv\n'}
[0.936176] (iris_interfaces) StdoutLine: {'line': b'-- Up-to-date: /home/maddy/iris_test_tool/install/iris_interfaces/share/iris_interfaces/srv/A2Command_Request.msg\n'}
[0.936436] (iris_interfaces) StdoutLine: {'line': b'-- Up-to-date: /home/maddy/iris_test_tool/install/iris_interfaces/share/iris_interfaces/srv/A2Command_Response.msg\n'}
[0.936706] (iris_interfaces) StdoutLine: {'line': b'-- Up-to-date: /home/maddy/iris_test_tool/install/iris_interfaces/share/iris_interfaces/srv/ResetA2Faults.srv\n'}
[0.937034] (iris_interfaces) StdoutLine: {'line': b'-- Up-to-date: /home/maddy/iris_test_tool/install/iris_interfaces/share/iris_interfaces/srv/ResetA2Faults_Request.msg\n'}
[0.937305] (iris_interfaces) StdoutLine: {'line': b'-- Up-to-date: /home/maddy/iris_test_tool/install/iris_interfaces/share/iris_interfaces/srv/ResetA2Faults_Response.msg\n'}
[0.937586] (iris_interfaces) StdoutLine: {'line': b'-- Up-to-date: /home/maddy/iris_test_tool/install/iris_interfaces/share/iris_interfaces/action/ComputePathCoverage.action\n'}
[0.937996] (iris_interfaces) StdoutLine: {'line': b'-- Up-to-date: /home/maddy/iris_test_tool/install/iris_interfaces/share/iris_interfaces/action/NavigatePathCoverage.action\n'}
[0.938225] (iris_interfaces) StdoutLine: {'line': b'-- Up-to-date: /home/maddy/iris_test_tool/install/iris_interfaces/share/iris_interfaces/action/PathCoverageController.action\n'}
[0.938331] (iris_interfaces) StdoutLine: {'line': b'-- Up-to-date: /home/maddy/iris_test_tool/install/iris_interfaces/share/ament_index/resource_index/package_run_dependencies/iris_interfaces\n'}
[0.938434] (iris_interfaces) StdoutLine: {'line': b'-- Up-to-date: /home/maddy/iris_test_tool/install/iris_interfaces/share/ament_index/resource_index/parent_prefix_path/iris_interfaces\n'}
[0.938535] (iris_interfaces) StdoutLine: {'line': b'-- Up-to-date: /home/maddy/iris_test_tool/install/iris_interfaces/share/iris_interfaces/environment/ament_prefix_path.sh\n'}
[0.938636] (iris_interfaces) StdoutLine: {'line': b'-- Up-to-date: /home/maddy/iris_test_tool/install/iris_interfaces/share/iris_interfaces/environment/ament_prefix_path.dsv\n'}
[0.938736] (iris_interfaces) StdoutLine: {'line': b'-- Up-to-date: /home/maddy/iris_test_tool/install/iris_interfaces/share/iris_interfaces/environment/path.sh\n'}
[0.938837] (iris_interfaces) StdoutLine: {'line': b'-- Up-to-date: /home/maddy/iris_test_tool/install/iris_interfaces/share/iris_interfaces/environment/path.dsv\n'}
[0.938937] (iris_interfaces) StdoutLine: {'line': b'-- Up-to-date: /home/maddy/iris_test_tool/install/iris_interfaces/share/iris_interfaces/local_setup.bash\n'}
[0.939038] (iris_interfaces) StdoutLine: {'line': b'-- Up-to-date: /home/maddy/iris_test_tool/install/iris_interfaces/share/iris_interfaces/local_setup.sh\n'}
[0.939138] (iris_interfaces) StdoutLine: {'line': b'-- Up-to-date: /home/maddy/iris_test_tool/install/iris_interfaces/share/iris_interfaces/local_setup.zsh\n'}
[0.939243] (iris_interfaces) StdoutLine: {'line': b'-- Up-to-date: /home/maddy/iris_test_tool/install/iris_interfaces/share/iris_interfaces/local_setup.dsv\n'}
[0.939342] (iris_interfaces) StdoutLine: {'line': b'-- Installing: /home/maddy/iris_test_tool/install/iris_interfaces/share/iris_interfaces/package.dsv\n'}
[0.939443] (iris_interfaces) StdoutLine: {'line': b'-- Up-to-date: /home/maddy/iris_test_tool/install/iris_interfaces/share/ament_index/resource_index/packages/iris_interfaces\n'}
[0.939543] (iris_interfaces) StdoutLine: {'line': b'-- Up-to-date: /home/maddy/iris_test_tool/install/iris_interfaces/share/iris_interfaces/cmake/export_iris_interfaces__rosidl_generator_cExport.cmake\n'}
[0.939644] (iris_interfaces) StdoutLine: {'line': b'-- Up-to-date: /home/maddy/iris_test_tool/install/iris_interfaces/share/iris_interfaces/cmake/export_iris_interfaces__rosidl_generator_cExport-noconfig.cmake\n'}
[0.939745] (iris_interfaces) StdoutLine: {'line': b'-- Up-to-date: /home/maddy/iris_test_tool/install/iris_interfaces/share/iris_interfaces/cmake/export_iris_interfaces__rosidl_typesupport_fastrtps_cExport.cmake\n'}
[0.939853] (iris_interfaces) StdoutLine: {'line': b'-- Up-to-date: /home/maddy/iris_test_tool/install/iris_interfaces/share/iris_interfaces/cmake/export_iris_interfaces__rosidl_typesupport_fastrtps_cExport-noconfig.cmake\n'}
[0.939954] (iris_interfaces) StdoutLine: {'line': b'-- Up-to-date: /home/maddy/iris_test_tool/install/iris_interfaces/share/iris_interfaces/cmake/iris_interfaces__rosidl_typesupport_introspection_cExport.cmake\n'}
[0.940054] (iris_interfaces) StdoutLine: {'line': b'-- Up-to-date: /home/maddy/iris_test_tool/install/iris_interfaces/share/iris_interfaces/cmake/iris_interfaces__rosidl_typesupport_introspection_cExport-noconfig.cmake\n'}
[0.940160] (iris_interfaces) StdoutLine: {'line': b'-- Up-to-date: /home/maddy/iris_test_tool/install/iris_interfaces/share/iris_interfaces/cmake/iris_interfaces__rosidl_typesupport_cExport.cmake\n'}
[0.940261] (iris_interfaces) StdoutLine: {'line': b'-- Up-to-date: /home/maddy/iris_test_tool/install/iris_interfaces/share/iris_interfaces/cmake/iris_interfaces__rosidl_typesupport_cExport-noconfig.cmake\n'}
[0.940362] (iris_interfaces) StdoutLine: {'line': b'-- Up-to-date: /home/maddy/iris_test_tool/install/iris_interfaces/share/iris_interfaces/cmake/export_iris_interfaces__rosidl_generator_cppExport.cmake\n'}
[0.940462] (iris_interfaces) StdoutLine: {'line': b'-- Up-to-date: /home/maddy/iris_test_tool/install/iris_interfaces/share/iris_interfaces/cmake/export_iris_interfaces__rosidl_typesupport_fastrtps_cppExport.cmake\n'}
[0.940619] (iris_interfaces) StdoutLine: {'line': b'-- Up-to-date: /home/maddy/iris_test_tool/install/iris_interfaces/share/iris_interfaces/cmake/export_iris_interfaces__rosidl_typesupport_fastrtps_cppExport-noconfig.cmake\n'}
[0.940772] (iris_interfaces) StdoutLine: {'line': b'-- Up-to-date: /home/maddy/iris_test_tool/install/iris_interfaces/share/iris_interfaces/cmake/iris_interfaces__rosidl_typesupport_introspection_cppExport.cmake\n'}
[0.940874] (iris_interfaces) StdoutLine: {'line': b'-- Up-to-date: /home/maddy/iris_test_tool/install/iris_interfaces/share/iris_interfaces/cmake/iris_interfaces__rosidl_typesupport_introspection_cppExport-noconfig.cmake\n'}
[0.940979] (iris_interfaces) StdoutLine: {'line': b'-- Up-to-date: /home/maddy/iris_test_tool/install/iris_interfaces/share/iris_interfaces/cmake/iris_interfaces__rosidl_typesupport_cppExport.cmake\n'}
[0.941079] (iris_interfaces) StdoutLine: {'line': b'-- Up-to-date: /home/maddy/iris_test_tool/install/iris_interfaces/share/iris_interfaces/cmake/iris_interfaces__rosidl_typesupport_cppExport-noconfig.cmake\n'}
[0.941179] (iris_interfaces) StdoutLine: {'line': b'-- Up-to-date: /home/maddy/iris_test_tool/install/iris_interfaces/share/iris_interfaces/cmake/export_iris_interfaces__rosidl_generator_pyExport.cmake\n'}
[0.941278] (iris_interfaces) StdoutLine: {'line': b'-- Up-to-date: /home/maddy/iris_test_tool/install/iris_interfaces/share/iris_interfaces/cmake/export_iris_interfaces__rosidl_generator_pyExport-noconfig.cmake\n'}
[0.941378] (iris_interfaces) StdoutLine: {'line': b'-- Up-to-date: /home/maddy/iris_test_tool/install/iris_interfaces/share/iris_interfaces/cmake/rosidl_cmake-extras.cmake\n'}
[0.941478] (iris_interfaces) StdoutLine: {'line': b'-- Up-to-date: /home/maddy/iris_test_tool/install/iris_interfaces/share/iris_interfaces/cmake/ament_cmake_export_dependencies-extras.cmake\n'}
[0.941606] (iris_interfaces) StdoutLine: {'line': b'-- Up-to-date: /home/maddy/iris_test_tool/install/iris_interfaces/share/iris_interfaces/cmake/ament_cmake_export_include_directories-extras.cmake\n'}
[0.941709] (iris_interfaces) StdoutLine: {'line': b'-- Up-to-date: /home/maddy/iris_test_tool/install/iris_interfaces/share/iris_interfaces/cmake/ament_cmake_export_libraries-extras.cmake\n'}
[0.941849] (iris_interfaces) StdoutLine: {'line': b'-- Up-to-date: /home/maddy/iris_test_tool/install/iris_interfaces/share/iris_interfaces/cmake/ament_cmake_export_targets-extras.cmake\n'}
[0.941989] (iris_interfaces) StdoutLine: {'line': b'-- Up-to-date: /home/maddy/iris_test_tool/install/iris_interfaces/share/iris_interfaces/cmake/rosidl_cmake_export_typesupport_targets-extras.cmake\n'}
[0.942099] (iris_interfaces) StdoutLine: {'line': b'-- Up-to-date: /home/maddy/iris_test_tool/install/iris_interfaces/share/iris_interfaces/cmake/rosidl_cmake_export_typesupport_libraries-extras.cmake\n'}
[0.942200] (iris_interfaces) StdoutLine: {'line': b'-- Up-to-date: /home/maddy/iris_test_tool/install/iris_interfaces/share/iris_interfaces/cmake/iris_interfacesConfig.cmake\n'}
[0.942300] (iris_interfaces) StdoutLine: {'line': b'-- Up-to-date: /home/maddy/iris_test_tool/install/iris_interfaces/share/iris_interfaces/cmake/iris_interfacesConfig-version.cmake\n'}
[0.942694] (iris_interfaces) StdoutLine: {'line': b'-- Up-to-date: /home/maddy/iris_test_tool/install/iris_interfaces/share/iris_interfaces/package.xml\n'}
[0.945116] (iris_interfaces) CommandEnded: {'returncode': 0}
[0.990350] (iris_interfaces) JobEnded: {'identifier': 'iris_interfaces', 'rc': 0}
[0.992646] (test_tool) JobStarted: {'identifier': 'test_tool'}
[1.004867] (-) TimerEvent: {}
[1.105268] (-) TimerEvent: {}
[1.156647] (test_tool) JobProgress: {'identifier': 'test_tool', 'progress': 'cmake'}
[1.158435] (test_tool) JobProgress: {'identifier': 'test_tool', 'progress': 'build'}
[1.158987] (test_tool) Command: {'cmd': ['/usr/bin/cmake', '--build', '/home/maddy/iris_test_tool/build/test_tool', '--', '-j8', '-l8'], 'cwd': '/home/maddy/iris_test_tool/build/test_tool', 'env': OrderedDict([('TMUX', '/tmp/tmux-1000/default,3618,0'), ('USER', 'maddy'), ('LD_LIBRARY_PATH', '/home/maddy/iris_test_tool/install/iris_interfaces/lib:/usr/lib/x86_64-linux-gnu/gazebo-11/plugins:/opt/ros/humble/opt/rviz_ogre_vendor/lib:/opt/ros/humble/lib/x86_64-linux-gnu:/opt/ros/humble/lib'), ('SHLVL', '2'), ('HOME', '/home/maddy'), ('LESS', '-R'), ('OLDPWD', '/home/maddy/iris_test_tool'), ('TERM_PROGRAM_VERSION', '3.2a'), ('LSCOLORS', 'Gxfxcxdxbxegedabagacad'), ('PAGER', 'less'), ('ROS_PYTHON_VERSION', '3'), ('DBUS_SESSION_BUS_ADDRESS', 'unix:path=/run/user/1000/bus'), ('P9K_TTY', 'old'), ('WSL_DISTRO_NAME', 'Ubuntu-22.04'), ('COLCON_PREFIX_PATH', '/home/maddy/iris_test_tool/install'), ('ROS_DISTRO', 'humble'), ('WAYLAND_DISPLAY', 'wayland-0'), ('LOGNAME', 'maddy'), ('NAME', 'RMCCORPDE-DT024'), ('PULSE_SERVER', 'unix:/mnt/wslg/PulseServer'), ('WSL_INTEROP', '/run/WSL/351_interop'), ('_', '/usr/bin/colcon'), ('_P9K_SSH_TTY', '/dev/pts/2'), ('ROS_VERSION', '2'), ('TERM', 'screen-256color'), ('ROS_LOCALHOST_ONLY', '0'), ('PATH', '/opt/ros/humble/bin:/usr/local/sbin:/usr/local/bin:/usr/sbin:/usr/bin:/sbin:/bin:/usr/games:/usr/local/games:/usr/lib/wsl/lib:/mnt/c/Program Files/Common Files/Oracle/Java/javapath:/mnt/c/Program Files/Eclipse Adoptium/jdk-17.0.15.6-hotspot/bin:/mnt/c/Program Files (x86)/Common Files/Oracle/Java/java8path:/mnt/c/Program Files (x86)/Common Files/Oracle/Java/javapath:/mnt/c/Windows/system32:/mnt/c/Windows:/mnt/c/Windows/System32/Wbem:/mnt/c/Windows/System32/WindowsPowerShell/v1.0/:/mnt/c/Windows/System32/OpenSSH/:/mnt/c/Program Files/dotnet/:/mnt/c/Program Files/Git/cmd:/mnt/c/Program Files (x86)/Microsoft SQL Server/160/Tools/Binn/:/mnt/c/Program Files/Microsoft SQL Server/160/Tools/Binn/:/mnt/c/Program Files/Microsoft SQL Server/Client SDK/ODBC/170/Tools/Binn/:/mnt/c/Program Files/Microsoft SQL Server/160/DTS/Binn/:/mnt/c/Program Files (x86)/Windows Kits/10/Windows Performance Toolkit/:/mnt/c/Program Files/PostgreSQL/17/bin:/mnt/c/sonar-scanner-7.1.0.4889-windows-x64/bin:/mnt/c/msys64/mingw64/bin:/mnt/c/Program Files/CMake/bin:/mnt/c/Users/RMCPDEDT024/AppData/Local/Programs/Python/Python313/Scripts/:/mnt/c/Users/RMCPDEDT024/AppData/Local/Programs/Python/Python313/:/mnt/c/Users/RMCPDEDT024/AppData/Local/Programs/Python/Launcher/:/mnt/c/Users/RMCPDEDT024/AppData/Local/Microsoft/WindowsApps:/mnt/c/Users/RMCPDEDT024/AppData/Local/Programs/Microsoft VS Code/bin:/mnt/c/Users/RMCPDEDT024/AppData/Local/Python/bin'), ('XDG_RUNTIME_DIR', '/run/user/1000'), ('DISPLAY', ':0'), ('LANG', 'en_US.UTF-8'), ('LS_COLORS', 'rs=0:di=01;34:ln=01;36:mh=00:pi=40;33:so=01;35:do=01;35:bd=40;33;01:cd=40;33;01:or=40;31;01:mi=00:su=37;41:sg=30;43:ca=30;41:tw=30;42:ow=34;42:st=37;44:ex=01;32:*.tar=01;31:*.tgz=01;31:*.arc=01;31:*.arj=01;31:*.taz=01;31:*.lha=01;31:*.lz4=01;31:*.lzh=01;31:*.lzma=01;31:*.tlz=01;31:*.txz=01;31:*.tzo=01;31:*.t7z=01;31:*.zip=01;31:*.z=01;31:*.dz=01;31:*.gz=01;31:*.lrz=01;31:*.lz=01;31:*.lzo=01;31:*.xz=01;31:*.zst=01;31:*.tzst=01;31:*.bz2=01;31:*.bz=01;31:*.tbz=01;31:*.tbz2=01;31:*.tz=01;31:*.deb=01;31:*.rpm=01;31:*.jar=01;31:*.war=01;31:*.ear=01;31:*.sar=01;31:*.rar=01;31:*.alz=01;31:*.ace=01;31:*.zoo=01;31:*.cpio=01;31:*.7z=01;31:*.rz=01;31:*.cab=01;31:*.wim=01;31:*.swm=01;31:*.dwm=01;31:*.esd=01;31:*.jpg=01;35:*.jpeg=01;35:*.mjpg=01;35:*.mjpeg=01;35:*.gif=01;35:*.bmp=01;35:*.pbm=01;35:*.pgm=01;35:*.ppm=01;35:*.tga=01;35:*.xbm=01;35:*.xpm=01;35:*.tif=01;35:*.tiff=01;35:*.png=01;35:*.svg=01;35:*.svgz=01;35:*.mng=01;35:*.pcx=01;35:*.mov=01;35:*.mpg=01;35:*.mpeg=01;35:*.m2v=01;35:*.mkv=01;35:*.webm=01;35:*.webp=01;35:*.ogm=01;35:*.mp4=01;35:*.m4v=01;35:*.mp4v=01;35:*.vob=01;35:*.qt=01;35:*.nuv=01;35:*.wmv=01;35:*.asf=01;35:*.rm=01;35:*.rmvb=01;35:*.flc=01;35:*.avi=01;35:*.fli=01;35:*.flv=01;35:*.gl=01;35:*.dl=01;35:*.xcf=01;35:*.xwd=01;35:*.yuv=01;35:*.cgm=01;35:*.emf=01;35:*.ogv=01;35:*.ogx=01;35:*.aac=00;36:*.au=00;36:*.flac=00;36:*.m4a=00;36:*.mid=00;36:*.midi=00;36:*.mka=00;36:*.mp3=00;36:*.mpc=00;36:*.ogg=00;36:*.ra=00;36:*.wav=00;36:*.oga=00;36:*.opus=00;36:*.spx=00;36:*.xspf=00;36:'), ('TERM_PROGRAM', 'tmux'), ('AMENT_PREFIX_PATH', '/home/maddy/iris_test_tool/install/test_tool:/home/maddy/iris_test_tool/install/iris_interfaces:/opt/ros/humble'), ('SHELL', '/usr/bin/zsh'), ('P9K_SSH', '0'), ('PWD', '/home/maddy/iris_test_tool/build/test_tool'), ('_P9K_TTY', '/dev/pts/2'), ('PYTHONPATH', '/home/maddy/iris_test_tool/install/test_tool_dummy/lib/python3.10/site-packages:/home/maddy/iris_test_tool/install/iris_interfaces/local/lib/python3.10/dist-packages:/opt/ros/humble/lib/python3.10/site-packages:/opt/ros/humble/local/lib/python3.10/dist-packages'), ('COLCON', '1'), ('HOSTTYPE', 'x86_64'), ('TMUX_PANE', '%0'), ('WSL2_GUI_APPS_ENABLED', '1'), ('CMAKE_PREFIX_PATH', '/home/maddy/iris_test_tool/install/iris_interfaces:/home/maddy/iris_test_tool/install/test_tool:/opt/ros/humble'), ('WSLENV', '')]), 'shell': False}
[1.174785] (test_tool_dummy) Command: {'cmd': ['/usr/bin/python3', '-W', 'ignore:setup.py install is deprecated', '-W', 'ignore:easy_install command is deprecated', 'setup.py', 'egg_info', '--egg-base', '../../build/test_tool_dummy', 'build', '--build-base', '/home/maddy/iris_test_tool/build/test_tool_dummy/build', 'install', '--record', '/home/maddy/iris_test_tool/build/test_tool_dummy/install.log', '--install-scripts', '$base/lib/test_tool_dummy', '--single-version-externally-managed'], 'cwd': '/home/maddy/iris_test_tool/src/test_tool_dummy', 'env': {'TMUX': '/tmp/tmux-1000/default,3618,0', 'USER': 'maddy', 'LD_LIBRARY_PATH': '/home/maddy/iris_test_tool/install/iris_interfaces/lib:/usr/lib/x86_64-linux-gnu/gazebo-11/plugins:/opt/ros/humble/opt/rviz_ogre_vendor/lib:/opt/ros/humble/lib/x86_64-linux-gnu:/opt/ros/humble/lib', 'SHLVL': '2', 'HOME': '/home/maddy', 'LESS': '-R', 'OLDPWD': '/home/maddy/iris_test_tool', 'TERM_PROGRAM_VERSION': '3.2a', 'LSCOLORS': 'Gxfxcxdxbxegedabagacad', 'PAGER': 'less', 'ROS_PYTHON_VERSION': '3', 'DBUS_SESSION_BUS_ADDRESS': 'unix:path=/run/user/1000/bus', 'P9K_TTY': 'old', 'WSL_DISTRO_NAME': 'Ubuntu-22.04', 'COLCON_PREFIX_PATH': '/home/maddy/iris_test_tool/install', 'ROS_DISTRO': 'humble', 'WAYLAND_DISPLAY': 'wayland-0', 'LOGNAME': 'maddy', 'NAME': 'RMCCORPDE-DT024', 'PULSE_SERVER': 'unix:/mnt/wslg/PulseServer', 'WSL_INTEROP': '/run/WSL/351_interop', '_': '/usr/bin/colcon', '_P9K_SSH_TTY': '/dev/pts/2', 'ROS_VERSION': '2', 'TERM': 'screen-256color', 'ROS_LOCALHOST_ONLY': '0', 'PATH': '/opt/ros/humble/bin:/usr/local/sbin:/usr/local/bin:/usr/sbin:/usr/bin:/sbin:/bin:/usr/games:/usr/local/games:/usr/lib/wsl/lib:/mnt/c/Program Files/Common Files/Oracle/Java/javapath:/mnt/c/Program Files/Eclipse Adoptium/jdk-17.0.15.6-hotspot/bin:/mnt/c/Program Files (x86)/Common Files/Oracle/Java/java8path:/mnt/c/Program Files (x86)/Common Files/Oracle/Java/javapath:/mnt/c/Windows/system32:/mnt/c/Windows:/mnt/c/Windows/System32/Wbem:/mnt/c/Windows/System32/WindowsPowerShell/v1.0/:/mnt/c/Windows/System32/OpenSSH/:/mnt/c/Program Files/dotnet/:/mnt/c/Program Files/Git/cmd:/mnt/c/Program Files (x86)/Microsoft SQL Server/160/Tools/Binn/:/mnt/c/Program Files/Microsoft SQL Server/160/Tools/Binn/:/mnt/c/Program Files/Microsoft SQL Server/Client SDK/ODBC/170/Tools/Binn/:/mnt/c/Program Files/Microsoft SQL Server/160/DTS/Binn/:/mnt/c/Program Files (x86)/Windows Kits/10/Windows Performance Toolkit/:/mnt/c/Program Files/PostgreSQL/17/bin:/mnt/c/sonar-scanner-7.1.0.4889-windows-x64/bin:/mnt/c/msys64/mingw64/bin:/mnt/c/Program Files/CMake/bin:/mnt/c/Users/RMCPDEDT024/AppData/Local/Programs/Python/Python313/Scripts/:/mnt/c/Users/RMCPDEDT024/AppData/Local/Programs/Python/Python313/:/mnt/c/Users/RMCPDEDT024/AppData/Local/Programs/Python/Launcher/:/mnt/c/Users/RMCPDEDT024/AppData/Local/Microsoft/WindowsApps:/mnt/c/Users/RMCPDEDT024/AppData/Local/Programs/Microsoft VS Code/bin:/mnt/c/Users/RMCPDEDT024/AppData/Local/Python/bin', 'XDG_RUNTIME_DIR': '/run/user/1000', 'DISPLAY': ':0', 'LANG': 'en_US.UTF-8', 'LS_COLORS': 'rs=0:di=01;34:ln=01;36:mh=00:pi=40;33:so=01;35:do=01;35:bd=40;33;01:cd=40;33;01:or=40;31;01:mi=00:su=37;41:sg=30;43:ca=30;41:tw=30;42:ow=34;42:st=37;44:ex=01;32:*.tar=01;31:*.tgz=01;31:*.arc=01;31:*.arj=01;31:*.taz=01;31:*.lha=01;31:*.lz4=01;31:*.lzh=01;31:*.lzma=01;31:*.tlz=01;31:*.txz=01;31:*.tzo=01;31:*.t7z=01;31:*.zip=01;31:*.z=01;31:*.dz=01;31:*.gz=01;31:*.lrz=01;31:*.lz=01;31:*.lzo=01;31:*.xz=01;31:*.zst=01;31:*.tzst=01;31:*.bz2=01;31:*.bz=01;31:*.tbz=01;31:*.tbz2=01;31:*.tz=01;31:*.deb=01;31:*.rpm=01;31:*.jar=01;31:*.war=01;31:*.ear=01;31:*.sar=01;31:*.rar=01;31:*.alz=01;31:*.ace=01;31:*.zoo=01;31:*.cpio=01;31:*.7z=01;31:*.rz=01;31:*.cab=01;31:*.wim=01;31:*.swm=01;31:*.dwm=01;31:*.esd=01;31:*.jpg=01;35:*.jpeg=01;35:*.mjpg=01;35:*.mjpeg=01;35:*.gif=01;35:*.bmp=01;35:*.pbm=01;35:*.pgm=01;35:*.ppm=01;35:*.tga=01;35:*.xbm=01;35:*.xpm=01;35:*.tif=01;35:*.tiff=01;35:*.png=01;35:*.svg=01;35:*.svgz=01;35:*.mng=01;35:*.pcx=01;35:*.mov=01;35:*.mpg=01;35:*.mpeg=01;35:*.m2v=01;35:*.mkv=01;35:*.webm=01;35:*.webp=01;35:*.ogm=01;35:*.mp4=01;35:*.m4v=01;35:*.mp4v=01;35:*.vob=01;35:*.qt=01;35:*.nuv=01;35:*.wmv=01;35:*.asf=01;35:*.rm=01;35:*.rmvb=01;35:*.flc=01;35:*.avi=01;35:*.fli=01;35:*.flv=01;35:*.gl=01;35:*.dl=01;35:*.xcf=01;35:*.xwd=01;35:*.yuv=01;35:*.cgm=01;35:*.emf=01;35:*.ogv=01;35:*.ogx=01;35:*.aac=00;36:*.au=00;36:*.flac=00;36:*.m4a=00;36:*.mid=00;36:*.midi=00;36:*.mka=00;36:*.mp3=00;36:*.mpc=00;36:*.ogg=00;36:*.ra=00;36:*.wav=00;36:*.oga=00;36:*.opus=00;36:*.spx=00;36:*.xspf=00;36:', 'TERM_PROGRAM': 'tmux', 'AMENT_PREFIX_PATH': '/home/maddy/iris_test_tool/install/test_tool:/home/maddy/iris_test_tool/install/iris_interfaces:/opt/ros/humble', 'SHELL': '/usr/bin/zsh', 'P9K_SSH': '0', 'PWD': '/home/maddy/iris_test_tool/build/test_tool_dummy', '_P9K_TTY': '/dev/pts/2', 'PYTHONPATH': '/home/maddy/iris_test_tool/build/test_tool_dummy/prefix_override:/usr/lib/python3/dist-packages/colcon_core/task/python/colcon_distutils_commands:/home/maddy/iris_test_tool/install/test_tool_dummy/lib/python3.10/site-packages:/home/maddy/iris_test_tool/install/test_tool_dummy/lib/python3.10/site-packages:/home/maddy/iris_test_tool/install/iris_interfaces/local/lib/python3.10/dist-packages:/opt/ros/humble/lib/python3.10/site-packages:/opt/ros/humble/local/lib/python3.10/dist-packages', 'COLCON': '1', 'HOSTTYPE': 'x86_64', 'TMUX_PANE': '%0', 'WSL2_GUI_APPS_ENABLED': '1', 'CMAKE_PREFIX_PATH': '/home/maddy/iris_test_tool/install/test_tool:/home/maddy/iris_test_tool/install/iris_interfaces', 'WSLENV': ''}, 'shell': False}
[1.205405] (-) TimerEvent: {}
[1.264438] (test_tool) StdoutLine: {'line': b'[ 20%] \x1b[34m\x1b[1mAutomatic MOC and UIC for target dummy_test_1\x1b[0m\n'}
[1.264780] (test_tool) StdoutLine: {'line': b'[ 20%] \x1b[34m\x1b[1mAutomatic MOC and UIC for target test_tool_node\x1b[0m\n'}
[1.264945] (test_tool) StdoutLine: {'line': b'[ 20%] \x1b[34m\x1b[1mAutomatic MOC and UIC for target dummy_test\x1b[0m\n'}
[1.304958] (test_tool) StdoutLine: {'line': b'[ 20%] Built target dummy_test_autogen\n'}
[1.305249] (test_tool) StdoutLine: {'line': b'[ 20%] Built target dummy_test_1_autogen\n'}
[1.305402] (-) TimerEvent: {}
[1.357752] (test_tool) StdoutLine: {'line': b'[ 40%] Built target dummy_test\n'}
[1.370020] (test_tool) StdoutLine: {'line': b'[ 60%] Built target dummy_test_1\n'}
[1.405547] (-) TimerEvent: {}
[1.505906] (-) TimerEvent: {}
[1.606352] (-) TimerEvent: {}
[1.641724] (test_tool_dummy) StderrLine: {'line': b"/usr/lib/python3/dist-packages/setuptools/dist.py:723: UserWarning: Usage of dash-separated 'script-dir' will not be supported in future versions. Please use the underscore name 'script_dir' instead\n"}
[1.642052] (test_tool_dummy) StderrLine: {'line': b'  warnings.warn(\n'}
[1.653888] (test_tool_dummy) StdoutLine: {'line': b'running egg_info\n'}
[1.654875] (test_tool_dummy) StdoutLine: {'line': b'writing ../../build/test_tool_dummy/test_tool_dummy.egg-info/PKG-INFO\n'}
[1.655237] (test_tool_dummy) StdoutLine: {'line': b'writing dependency_links to ../../build/test_tool_dummy/test_tool_dummy.egg-info/dependency_links.txt\n'}
[1.655545] (test_tool_dummy) StdoutLine: {'line': b'writing entry points to ../../build/test_tool_dummy/test_tool_dummy.egg-info/entry_points.txt\n'}
[1.655891] (test_tool_dummy) StdoutLine: {'line': b'writing requirements to ../../build/test_tool_dummy/test_tool_dummy.egg-info/requires.txt\n'}
[1.656076] (test_tool_dummy) StdoutLine: {'line': b'writing top-level names to ../../build/test_tool_dummy/test_tool_dummy.egg-info/top_level.txt\n'}
[1.658031] (test_tool_dummy) StdoutLine: {'line': b"reading manifest file '../../build/test_tool_dummy/test_tool_dummy.egg-info/SOURCES.txt'\n"}
[1.659190] (test_tool_dummy) StdoutLine: {'line': b"writing manifest file '../../build/test_tool_dummy/test_tool_dummy.egg-info/SOURCES.txt'\n"}
[1.659577] (test_tool_dummy) StdoutLine: {'line': b'running build\n'}
[1.659758] (test_tool_dummy) StdoutLine: {'line': b'running build_py\n'}
[1.660028] (test_tool_dummy) StdoutLine: {'line': b'running install\n'}
[1.660373] (test_tool_dummy) StdoutLine: {'line': b'running install_lib\n'}
[1.661914] (test_tool_dummy) StdoutLine: {'line': b'running install_egg_info\n'}
[1.664271] (test_tool_dummy) StdoutLine: {'line': b"removing '/home/maddy/iris_test_tool/install/test_tool_dummy/lib/python3.10/site-packages/test_tool_dummy-0.0.0-py3.10.egg-info' (and everything under it)\n"}
[1.664901] (test_tool_dummy) StdoutLine: {'line': b'Copying ../../build/test_tool_dummy/test_tool_dummy.egg-info to /home/maddy/iris_test_tool/install/test_tool_dummy/lib/python3.10/site-packages/test_tool_dummy-0.0.0-py3.10.egg-info\n'}
[1.666573] (test_tool_dummy) StdoutLine: {'line': b'running install_scripts\n'}
[1.694504] (test_tool_dummy) StdoutLine: {'line': b'Installing a2_dummy script to /home/maddy/iris_test_tool/install/test_tool_dummy/lib/test_tool_dummy\n'}
[1.695269] (test_tool_dummy) StdoutLine: {'line': b"writing list of installed files to '/home/maddy/iris_test_tool/build/test_tool_dummy/install.log'\n"}
[1.706533] (-) TimerEvent: {}
[1.753482] (test_tool_dummy) CommandEnded: {'returncode': 0}
[1.763056] (test_tool_dummy) JobEnded: {'identifier': 'test_tool_dummy', 'rc': 0}
[1.806697] (-) TimerEvent: {}
[1.907192] (-) TimerEvent: {}
[1.964974] (test_tool) StdoutLine: {'line': b'[ 60%] Built target test_tool_node_autogen\n'}
[2.007351] (-) TimerEvent: {}
[2.020673] (test_tool) StdoutLine: {'line': b'[ 66%] \x1b[32mBuilding CXX object CMakeFiles/test_tool_node.dir/test_tool_node_autogen/mocs_compilation.cpp.o\x1b[0m\n'}
[2.024948] (test_tool) StdoutLine: {'line': b'[ 73%] \x1b[32mBuilding CXX object CMakeFiles/test_tool_node.dir/src/iris_tool/mainwindow.cpp.o\x1b[0m\n'}
[2.026409] (test_tool) StdoutLine: {'line': b'[ 80%] \x1b[32mBuilding CXX object CMakeFiles/test_tool_node.dir/src/iris_tool/A2/a2_service.cpp.o\x1b[0m\n'}
[2.107527] (-) TimerEvent: {}
[2.208064] (-) TimerEvent: {}
[2.308595] (-) TimerEvent: {}
[2.409198] (-) TimerEvent: {}
[2.509745] (-) TimerEvent: {}
[2.610299] (-) TimerEvent: {}
[2.710845] (-) TimerEvent: {}
[2.811364] (-) TimerEvent: {}
[2.911839] (-) TimerEvent: {}
[3.012344] (-) TimerEvent: {}
[3.112993] (-) TimerEvent: {}
[3.213502] (-) TimerEvent: {}
[3.314114] (-) TimerEvent: {}
[3.414596] (-) TimerEvent: {}
[3.515133] (-) TimerEvent: {}
[3.615697] (-) TimerEvent: {}
[3.716249] (-) TimerEvent: {}
[3.816774] (-) TimerEvent: {}
[3.917380] (-) TimerEvent: {}
[4.017920] (-) TimerEvent: {}
[4.118471] (-) TimerEvent: {}
[4.218995] (-) TimerEvent: {}
[4.319548] (-) TimerEvent: {}
[4.420101] (-) TimerEvent: {}
[4.520653] (-) TimerEvent: {}
[4.621243] (-) TimerEvent: {}
[4.721754] (-) TimerEvent: {}
[4.822217] (-) TimerEvent: {}
[4.922805] (-) TimerEvent: {}
[5.023335] (-) TimerEvent: {}
[5.123839] (-) TimerEvent: {}
[5.224339] (-) TimerEvent: {}
[5.324883] (-) TimerEvent: {}
[5.425415] (-) TimerEvent: {}
[5.525923] (-) TimerEvent: {}
[5.626494] (-) TimerEvent: {}
[5.727016] (-) TimerEvent: {}
[5.827486] (-) TimerEvent: {}
[5.928040] (-) TimerEvent: {}
[6.028611] (-) TimerEvent: {}
[6.129103] (-) TimerEvent: {}
[6.229659] (-) TimerEvent: {}
[6.330242] (-) TimerEvent: {}
[6.433916] (-) TimerEvent: {}
[6.534440] (-) TimerEvent: {}
[6.635035] (-) TimerEvent: {}
[6.735499] (-) TimerEvent: {}
[6.836009] (-) TimerEvent: {}
[6.936589] (-) TimerEvent: {}
[7.037150] (-) TimerEvent: {}
[7.137860] (-) TimerEvent: {}
[7.238313] (-) TimerEvent: {}
[7.338844] (-) TimerEvent: {}
[7.439402] (-) TimerEvent: {}
[7.539965] (-) TimerEvent: {}
[7.640454] (-) TimerEvent: {}
[7.741030] (-) TimerEvent: {}
[7.841670] (-) TimerEvent: {}
[7.942247] (-) TimerEvent: {}
[8.042735] (-) TimerEvent: {}
[8.143363] (-) TimerEvent: {}
[8.244057] (-) TimerEvent: {}
[8.344736] (-) TimerEvent: {}
[8.445351] (-) TimerEvent: {}
[8.545977] (-) TimerEvent: {}
[8.646721] (-) TimerEvent: {}
[8.747477] (-) TimerEvent: {}
[8.848028] (-) TimerEvent: {}
[8.948520] (-) TimerEvent: {}
[9.049017] (-) TimerEvent: {}
[9.149505] (-) TimerEvent: {}
[9.250043] (-) TimerEvent: {}
[9.350594] (-) TimerEvent: {}
[9.451196] (-) TimerEvent: {}
[9.551879] (-) TimerEvent: {}
[9.652431] (-) TimerEvent: {}
[9.753074] (-) TimerEvent: {}
[9.853590] (-) TimerEvent: {}
[9.954089] (-) TimerEvent: {}
[10.054620] (-) TimerEvent: {}
[10.155263] (-) TimerEvent: {}
[10.255833] (-) TimerEvent: {}
[10.356286] (-) TimerEvent: {}
[10.456782] (-) TimerEvent: {}
[10.557262] (-) TimerEvent: {}
[10.657715] (-) TimerEvent: {}
[10.758465] (-) TimerEvent: {}
[10.859065] (-) TimerEvent: {}
[10.959631] (-) TimerEvent: {}
[11.060201] (-) TimerEvent: {}
[11.160832] (-) TimerEvent: {}
[11.261315] (-) TimerEvent: {}
[11.361908] (-) TimerEvent: {}
[11.462455] (-) TimerEvent: {}
[11.562997] (-) TimerEvent: {}
[11.663438] (-) TimerEvent: {}
[11.763891] (-) TimerEvent: {}
[11.864420] (-) TimerEvent: {}
[11.964882] (-) TimerEvent: {}
[12.065877] (-) TimerEvent: {}
[12.167387] (-) TimerEvent: {}
[12.268328] (-) TimerEvent: {}
[12.287273] (test_tool) StderrLine: {'line': b'\x1b[01m\x1b[K/home/maddy/iris_test_tool/src/test_tool/src/iris_tool/A2/a2_service.cpp:\x1b[m\x1b[K In member function \xe2\x80\x98\x1b[01m\x1b[Kvoid A2_service::a2_faults_display(iris_interfaces::msg::A2FaultStatus_<std::allocator<void> >::SharedPtr)\x1b[m\x1b[K\xe2\x80\x99:\n'}
[12.288482] (test_tool) StderrLine: {'line': b'\x1b[01m\x1b[K/home/maddy/iris_test_tool/src/test_tool/src/iris_tool/A2/a2_service.cpp:247:9:\x1b[m\x1b[K \x1b[01;31m\x1b[Kerror: \x1b[m\x1b[K\xe2\x80\x98\x1b[01m\x1b[KbrushMotorFaultsLayout\x1b[m\x1b[K\xe2\x80\x99 was not declared in this scope; did you mean \xe2\x80\x98\x1b[01m\x1b[KBrushMotor_faults_Group\x1b[m\x1b[K\xe2\x80\x99?\n'}
[12.288754] (test_tool) StderrLine: {'line': b'  247 |         \x1b[01;31m\x1b[KbrushMotorFaultsLayout\x1b[m\x1b[K->addWidget(faults_Label);\n'}
[12.288979] (test_tool) StderrLine: {'line': b'      |         \x1b[01;31m\x1b[K^~~~~~~~~~~~~~~~~~~~~~\x1b[m\x1b[K\n'}
[12.289219] (test_tool) StderrLine: {'line': b'      |         \x1b[32m\x1b[KBrushMotor_faults_Group\x1b[m\x1b[K\n'}
[12.317975] (test_tool) StderrLine: {'line': b'\x1b[01m\x1b[K/home/maddy/iris_test_tool/src/test_tool/src/iris_tool/A2/a2_service.cpp:251:9:\x1b[m\x1b[K \x1b[01;31m\x1b[Kerror: \x1b[m\x1b[K\xe2\x80\x98\x1b[01m\x1b[KbrushMotorFaultsLayout\x1b[m\x1b[K\xe2\x80\x99 was not declared in this scope; did you mean \xe2\x80\x98\x1b[01m\x1b[KBrushMotor_faults_Group\x1b[m\x1b[K\xe2\x80\x99?\n'}
[12.318404] (test_tool) StderrLine: {'line': b'  251 |         \x1b[01;31m\x1b[KbrushMotorFaultsLayout\x1b[m\x1b[K->addWidget(faults_Label);\n'}
[12.318603] (test_tool) StderrLine: {'line': b'      |         \x1b[01;31m\x1b[K^~~~~~~~~~~~~~~~~~~~~~\x1b[m\x1b[K\n'}
[12.318805] (test_tool) StderrLine: {'line': b'      |         \x1b[32m\x1b[KBrushMotor_faults_Group\x1b[m\x1b[K\n'}
[12.346667] (test_tool) StderrLine: {'line': b'\x1b[01m\x1b[K/home/maddy/iris_test_tool/src/test_tool/src/iris_tool/A2/a2_service.cpp:255:9:\x1b[m\x1b[K \x1b[01;31m\x1b[Kerror: \x1b[m\x1b[K\xe2\x80\x98\x1b[01m\x1b[KbrushMotorFaultsLayout\x1b[m\x1b[K\xe2\x80\x99 was not declared in this scope; did you mean \xe2\x80\x98\x1b[01m\x1b[KBrushMotor_faults_Group\x1b[m\x1b[K\xe2\x80\x99?\n'}
[12.347213] (test_tool) StderrLine: {'line': b'  255 |         \x1b[01;31m\x1b[KbrushMotorFaultsLayout\x1b[m\x1b[K->addWidget(faults_Label);\n'}
[12.347507] (test_tool) StderrLine: {'line': b'      |         \x1b[01;31m\x1b[K^~~~~~~~~~~~~~~~~~~~~~\x1b[m\x1b[K\n'}
[12.347760] (test_tool) StderrLine: {'line': b'      |         \x1b[32m\x1b[KBrushMotor_faults_Group\x1b[m\x1b[K\n'}
[12.368600] (-) TimerEvent: {}
[12.376284] (test_tool) StderrLine: {'line': b'\x1b[01m\x1b[K/home/maddy/iris_test_tool/src/test_tool/src/iris_tool/A2/a2_service.cpp:259:9:\x1b[m\x1b[K \x1b[01;31m\x1b[Kerror: \x1b[m\x1b[K\xe2\x80\x98\x1b[01m\x1b[KbrushMotorFaultsLayout\x1b[m\x1b[K\xe2\x80\x99 was not declared in this scope; did you mean \xe2\x80\x98\x1b[01m\x1b[KBrushMotor_faults_Group\x1b[m\x1b[K\xe2\x80\x99?\n'}
[12.376639] (test_tool) StderrLine: {'line': b'  259 |         \x1b[01;31m\x1b[KbrushMotorFaultsLayout\x1b[m\x1b[K->addWidget(faults_Label);\n'}
[12.376827] (test_tool) StderrLine: {'line': b'      |         \x1b[01;31m\x1b[K^~~~~~~~~~~~~~~~~~~~~~\x1b[m\x1b[K\n'}
[12.376986] (test_tool) StderrLine: {'line': b'      |         \x1b[32m\x1b[KBrushMotor_faults_Group\x1b[m\x1b[K\n'}
[12.405539] (test_tool) StderrLine: {'line': b'\x1b[01m\x1b[K/home/maddy/iris_test_tool/src/test_tool/src/iris_tool/A2/a2_service.cpp:263:9:\x1b[m\x1b[K \x1b[01;31m\x1b[Kerror: \x1b[m\x1b[K\xe2\x80\x98\x1b[01m\x1b[KvaccumMotorFaultsLayout\x1b[m\x1b[K\xe2\x80\x99 was not declared in this scope; did you mean \xe2\x80\x98\x1b[01m\x1b[KVaccumMotor_faults_Group\x1b[m\x1b[K\xe2\x80\x99?\n'}
[12.406097] (test_tool) StderrLine: {'line': b'  263 |         \x1b[01;31m\x1b[KvaccumMotorFaultsLayout\x1b[m\x1b[K->addWidget(faults_Label);\n'}
[12.406361] (test_tool) StderrLine: {'line': b'      |         \x1b[01;31m\x1b[K^~~~~~~~~~~~~~~~~~~~~~~\x1b[m\x1b[K\n'}
[12.406604] (test_tool) StderrLine: {'line': b'      |         \x1b[32m\x1b[KVaccumMotor_faults_Group\x1b[m\x1b[K\n'}
[12.431713] (test_tool) StderrLine: {'line': b'\x1b[01m\x1b[K/home/maddy/iris_test_tool/src/test_tool/src/iris_tool/A2/a2_service.cpp:267:9:\x1b[m\x1b[K \x1b[01;31m\x1b[Kerror: \x1b[m\x1b[K\xe2\x80\x98\x1b[01m\x1b[KvaccumMotorFaultsLayout\x1b[m\x1b[K\xe2\x80\x99 was not declared in this scope; did you mean \xe2\x80\x98\x1b[01m\x1b[KVaccumMotor_faults_Group\x1b[m\x1b[K\xe2\x80\x99?\n'}
[12.432165] (test_tool) StderrLine: {'line': b'  267 |         \x1b[01;31m\x1b[KvaccumMotorFaultsLayout\x1b[m\x1b[K->addWidget(faults_Label);\n'}
[12.432427] (test_tool) StderrLine: {'line': b'      |         \x1b[01;31m\x1b[K^~~~~~~~~~~~~~~~~~~~~~~\x1b[m\x1b[K\n'}
[12.432734] (test_tool) StderrLine: {'line': b'      |         \x1b[32m\x1b[KVaccumMotor_faults_Group\x1b[m\x1b[K\n'}
[12.457438] (test_tool) StderrLine: {'line': b'\x1b[01m\x1b[K/home/maddy/iris_test_tool/src/test_tool/src/iris_tool/A2/a2_service.cpp:271:9:\x1b[m\x1b[K \x1b[01;31m\x1b[Kerror: \x1b[m\x1b[K\xe2\x80\x98\x1b[01m\x1b[KvaccumMotorFaultsLayout\x1b[m\x1b[K\xe2\x80\x99 was not declared in this scope; did you mean \xe2\x80\x98\x1b[01m\x1b[KVaccumMotor_faults_Group\x1b[m\x1b[K\xe2\x80\x99?\n'}
[12.457939] (test_tool) StderrLine: {'line': b'  271 |         \x1b[01;31m\x1b[KvaccumMotorFaultsLayout\x1b[m\x1b[K->addWidget(faults_Label);\n'}
[12.458206] (test_tool) StderrLine: {'line': b'      |         \x1b[01;31m\x1b[K^~~~~~~~~~~~~~~~~~~~~~~\x1b[m\x1b[K\n'}
[12.458424] (test_tool) StderrLine: {'line': b'      |         \x1b[32m\x1b[KVaccumMotor_faults_Group\x1b[m\x1b[K\n'}
[12.468743] (-) TimerEvent: {}
[12.480301] (test_tool) StderrLine: {'line': b'\x1b[01m\x1b[K/home/maddy/iris_test_tool/src/test_tool/src/iris_tool/A2/a2_service.cpp:275:9:\x1b[m\x1b[K \x1b[01;31m\x1b[Kerror: \x1b[m\x1b[K\xe2\x80\x98\x1b[01m\x1b[KvaccumMotorFaultsLayout\x1b[m\x1b[K\xe2\x80\x99 was not declared in this scope; did you mean \xe2\x80\x98\x1b[01m\x1b[KVaccumMotor_faults_Group\x1b[m\x1b[K\xe2\x80\x99?\n'}
[12.480625] (test_tool) StderrLine: {'line': b'  275 |         \x1b[01;31m\x1b[KvaccumMotorFaultsLayout\x1b[m\x1b[K->addWidget(faults_Label);\n'}
[12.480771] (test_tool) StderrLine: {'line': b'      |         \x1b[01;31m\x1b[K^~~~~~~~~~~~~~~~~~~~~~~\x1b[m\x1b[K\n'}
[12.480896] (test_tool) StderrLine: {'line': b'      |         \x1b[32m\x1b[KVaccumMotor_faults_Group\x1b[m\x1b[K\n'}
[12.496038] (test_tool) StderrLine: {'line': b'\x1b[01m\x1b[K/home/maddy/iris_test_tool/src/test_tool/src/iris_tool/A2/a2_service.cpp:279:9:\x1b[m\x1b[K \x1b[01;31m\x1b[Kerror: \x1b[m\x1b[K\xe2\x80\x98\x1b[01m\x1b[KvaccumMotorFaultsLayout\x1b[m\x1b[K\xe2\x80\x99 was not declared in this scope; did you mean \xe2\x80\x98\x1b[01m\x1b[KVaccumMotor_faults_Group\x1b[m\x1b[K\xe2\x80\x99?\n'}
[12.496331] (test_tool) StderrLine: {'line': b'  279 |         \x1b[01;31m\x1b[KvaccumMotorFaultsLayout\x1b[m\x1b[K->addWidget(faults_Label);\n'}
[12.496487] (test_tool) StderrLine: {'line': b'      |         \x1b[01;31m\x1b[K^~~~~~~~~~~~~~~~~~~~~~~\x1b[m\x1b[K\n'}
[12.496610] (test_tool) StderrLine: {'line': b'      |         \x1b[32m\x1b[KVaccumMotor_faults_Group\x1b[m\x1b[K\n'}
[12.513859] (test_tool) StderrLine: {'line': b'\x1b[01m\x1b[K/home/maddy/iris_test_tool/src/test_tool/src/iris_tool/A2/a2_service.cpp:283:9:\x1b[m\x1b[K \x1b[01;31m\x1b[Kerror: \x1b[m\x1b[K\xe2\x80\x98\x1b[01m\x1b[KvaccumMotorFaultsLayout\x1b[m\x1b[K\xe2\x80\x99 was not declared in this scope; did you mean \xe2\x80\x98\x1b[01m\x1b[KVaccumMotor_faults_Group\x1b[m\x1b[K\xe2\x80\x99?\n'}
[12.514177] (test_tool) StderrLine: {'line': b'  283 |         \x1b[01;31m\x1b[KvaccumMotorFaultsLayout\x1b[m\x1b[K->addWidget(faults_Label);\n'}
[12.514351] (test_tool) StderrLine: {'line': b'      |         \x1b[01;31m\x1b[K^~~~~~~~~~~~~~~~~~~~~~~\x1b[m\x1b[K\n'}
[12.514475] (test_tool) StderrLine: {'line': b'      |         \x1b[32m\x1b[KVaccumMotor_faults_Group\x1b[m\x1b[K\n'}
[12.529261] (test_tool) StderrLine: {'line': b'\x1b[01m\x1b[K/home/maddy/iris_test_tool/src/test_tool/src/iris_tool/A2/a2_service.cpp:287:9:\x1b[m\x1b[K \x1b[01;31m\x1b[Kerror: \x1b[m\x1b[K\xe2\x80\x98\x1b[01m\x1b[KvaccumMotorFaultsLayout\x1b[m\x1b[K\xe2\x80\x99 was not declared in this scope; did you mean \xe2\x80\x98\x1b[01m\x1b[KVaccumMotor_faults_Group\x1b[m\x1b[K\xe2\x80\x99?\n'}
[12.529676] (test_tool) StderrLine: {'line': b'  287 |         \x1b[01;31m\x1b[KvaccumMotorFaultsLayout\x1b[m\x1b[K->addWidget(faults_Label);\n'}
[12.529955] (test_tool) StderrLine: {'line': b'      |         \x1b[01;31m\x1b[K^~~~~~~~~~~~~~~~~~~~~~~\x1b[m\x1b[K\n'}
[12.530178] (test_tool) StderrLine: {'line': b'      |         \x1b[32m\x1b[KVaccumMotor_faults_Group\x1b[m\x1b[K\n'}
[12.568892] (-) TimerEvent: {}
[12.669364] (-) TimerEvent: {}
[12.769913] (-) TimerEvent: {}
[12.870443] (-) TimerEvent: {}
[12.970923] (-) TimerEvent: {}
[13.071377] (-) TimerEvent: {}
[13.171926] (-) TimerEvent: {}
[13.272455] (-) TimerEvent: {}
[13.372962] (-) TimerEvent: {}
[13.473414] (-) TimerEvent: {}
[13.573932] (-) TimerEvent: {}
[13.674464] (-) TimerEvent: {}
[13.774974] (-) TimerEvent: {}
[13.875423] (-) TimerEvent: {}
[13.975976] (-) TimerEvent: {}
[14.076560] (-) TimerEvent: {}
[14.177080] (-) TimerEvent: {}
[14.277585] (-) TimerEvent: {}
[14.378133] (-) TimerEvent: {}
[14.478585] (-) TimerEvent: {}
[14.579072] (-) TimerEvent: {}
[14.679580] (-) TimerEvent: {}
[14.780133] (-) TimerEvent: {}
[14.880656] (-) TimerEvent: {}
[14.981133] (-) TimerEvent: {}
[15.081603] (-) TimerEvent: {}
[15.182104] (-) TimerEvent: {}
[15.282576] (-) TimerEvent: {}
[15.383009] (-) TimerEvent: {}
[15.483457] (-) TimerEvent: {}
[15.583955] (-) TimerEvent: {}
[15.684488] (-) TimerEvent: {}
[15.785085] (-) TimerEvent: {}
[15.885628] (-) TimerEvent: {}
[15.986181] (-) TimerEvent: {}
[16.088967] (-) TimerEvent: {}
[16.189454] (-) TimerEvent: {}
[16.290014] (-) TimerEvent: {}
[16.390584] (-) TimerEvent: {}
[16.491070] (-) TimerEvent: {}
[16.591649] (-) TimerEvent: {}
[16.692215] (-) TimerEvent: {}
[16.792786] (-) TimerEvent: {}
[16.893345] (-) TimerEvent: {}
[16.993869] (-) TimerEvent: {}
[17.094348] (-) TimerEvent: {}
[17.194986] (-) TimerEvent: {}
[17.295672] (-) TimerEvent: {}
[17.396249] (-) TimerEvent: {}
[17.496746] (-) TimerEvent: {}
[17.597289] (-) TimerEvent: {}
[17.697892] (-) TimerEvent: {}
[17.798398] (-) TimerEvent: {}
[17.898926] (-) TimerEvent: {}
[17.999430] (-) TimerEvent: {}
[18.099910] (-) TimerEvent: {}
[18.200394] (-) TimerEvent: {}
[18.300885] (-) TimerEvent: {}
[18.401414] (-) TimerEvent: {}
[18.502082] (-) TimerEvent: {}
[18.602598] (-) TimerEvent: {}
[18.703140] (-) TimerEvent: {}
[18.803614] (-) TimerEvent: {}
[18.904102] (-) TimerEvent: {}
[19.004596] (-) TimerEvent: {}
[19.105064] (-) TimerEvent: {}
[19.205538] (-) TimerEvent: {}
[19.306132] (-) TimerEvent: {}
[19.406594] (-) TimerEvent: {}
[19.507123] (-) TimerEvent: {}
[19.607725] (-) TimerEvent: {}
[19.708324] (-) TimerEvent: {}
[19.808834] (-) TimerEvent: {}
[19.909347] (-) TimerEvent: {}
[20.009924] (-) TimerEvent: {}
[20.110388] (-) TimerEvent: {}
[20.210859] (-) TimerEvent: {}
[20.311334] (-) TimerEvent: {}
[20.411794] (-) TimerEvent: {}
[20.512267] (-) TimerEvent: {}
[20.527109] (test_tool) StderrLine: {'line': b'gmake[2]: *** [CMakeFiles/test_tool_node.dir/build.make:132: CMakeFiles/test_tool_node.dir/src/iris_tool/A2/a2_service.cpp.o] Error 1\n'}
[20.527736] (test_tool) StderrLine: {'line': b'gmake[1]: *** [CMakeFiles/Makefile2:144: CMakeFiles/test_tool_node.dir/all] Error 2\n'}
[20.528294] (test_tool) StderrLine: {'line': b'gmake: *** [Makefile:146: all] Error 2\n'}
[20.533154] (test_tool) CommandEnded: {'returncode': 2}
[20.546827] (test_tool) JobEnded: {'identifier': 'test_tool', 'rc': 2}
[20.551451] (-) EventReactorShutdown: {}
